TERM,SUBJECT,CATALOG_NUMBER,SECTION_NUMBER,FACULTY_NAME,A,A-,B,B-,B+,C,C-,C+,D,D-,D+,F,W,Total,AVG GPA
Fall 2025,AAMS,2300,02,"Nguyen,An",4,4,1,4,4,1,,,1,,2,3,3,27,2.346
Fall 2025,AAMS,2300,01,"Nguyen,An",5,4,,1,4,,4,1,1,,,1,1,22,2.758
Fall 2025,AAMS,4300,01,"Nguyen,An",2,3,1,,,1,,,,,,,,7,3.430
Fall 2025,AAS,2320,04,"Muhammad Murphy,Wilma Denae",9,26,1,,4,1,1,,1,,,1,1,45,3.387
Fall 2025,AAS,2320,6,"Muhammad Murphy,Wilma Denae",16,18,2,3,2,,,1,,,,,1,43,3.560
Fall 2025,AAS,2320,07,"Green,Tara T",7,3,3,1,4,1,,3,,,2,,11,35,2.161
Fall 2025,AAS,2320,01,"Wright,Kelechi Chinyere",21,4,1,,6,,,,,,,,1,33,3.687
Fall 2025,AAS,2320,5,"Wiggins,Gretchen Flowers",7,5,3,2,2,2,,4,,,,,8,33,2.445
Fall 2025,AAS,2320,02,"Shakir,Ameenah",13,7,2,,5,1,,1,,,,3,,32,3.271
Fall 2025,AAS,2320,03,"Muhammad Murphy,Wilma Denae",3,10,5,2,6,,1,,,,,,2,29,3.127
Fall 2025,AAS,2320,8,"Horne,Gerald",1,5,4,,1,2,1,4,,,,,1,19,2.772
Fall 2025,AAS,3348,1,"Putman,Eronn A",30,2,1,1,,1,,,,,,,1,36,3.750
Fall 2025,AAS,3375,1,"Shakir,Ameenah",11,5,2,1,2,1,,,,,,2,,24,3.320
Fall 2025,AAS,3325,1,"Wright,Kelechi Chinyere",11,,1,,1,,,,,,,,2,15,3.355
Fall 2025,AAS,4330,1,"Johnson,Alexander Emmitt Maurice",5,1,1,,,,,,,,,2,3,12,2.223
Fall 2025,AAS,3339,1,"Langa,Neema Michael",5,,1,,1,,,,,,,,,7,3.761
Fall 2025,AAS,3366,1,"Muhammad Murphy,Wilma Denae",5,,,,,,,,,,,,,5,4.000
Fall 2025,ACCT,2301,09,"Serrato,Darlene Marie  Bohac",14,,42,,22,37,,35,43,,27,26,31,277,1.768
Fall 2025,ACCT,2301,10,"Parthasarathy,Kiran M",25,,31,,33,41,,30,37,,31,14,35,277,1.924
Fall 2025,ACCT,2301,04,"Serrato,Darlene Marie  Bohac",11,,45,,23,35,,25,48,,32,19,25,263,1.804
Fall 2025,ACCT,2301,11,"Serrato,Darlene Marie  Bohac",21,,25,,19,50,,27,51,,25,14,27,259,1.812
Fall 2025,ACCT,2301,02,"Zhu,Limin",4,,11,,6,6,,12,12,,10,5,9,75,1.790
Fall 2025,ACCT,2301,01,"Sykes,Mary Reeves",6,,11,,5,10,,9,9,,9,3,4,66,2.054
Fall 2025,ACCT,2301,14,"Sykes,Mary Reeves",9,,13,,6,10,,8,3,,5,4,8,66,2.171
Fall 2025,ACCT,2301,15,"Sykes,Mary Reeves",6,,8,,3,14,,5,12,,10,2,6,66,1.863
Fall 2025,ACCT,2301,06,"Lobo,Gerald",2,,6,,7,10,,7,7,,9,11,5,64,1.634
Fall 2025,ACCT,2301,08,"Sykes,Mary Reeves",6,,6,,1,1,,4,2,,3,2,1,26,2.409
Fall 2025,ACCT,2301,03,"Newman,Michael Ray",18,1,4,,2,,,,,,,,,25,3.773
Fall 2025,ACCT,2301,05,"Newman,Michael Ray",21,1,1,,2,,,,,,,,,25,3.893
Fall 2025,ACCT,2301,07,"Newman,Michael Ray",11,2,10,,1,,,,,,,,,24,3.528
Fall 2025,ACCT,2302,01,"Weber,Catherine K",59,,74,,14,34,,13,9,,3,4,14,224,2.750
Fall 2025,ACCT,2302,06,"Weber,Catherine K",32,,51,,14,30,,12,9,,4,5,13,170,2.529
Fall 2025,ACCT,2302,07,"Weber,Catherine K",13,,23,,6,14,,6,4,,1,,6,73,2.579
Fall 2025,ACCT,2302,09,"Weber,Catherine K",19,,17,,9,15,,2,1,,2,,1,66,2.959
Fall 2025,ACCT,2302,08,"Seltz,Joe D",11,,13,,1,8,,1,2,,1,1,2,40,2.700
Fall 2025,ACCT,2302,03,"Serrato,Darlene Marie  Bohac",8,,10,,3,4,,2,3,,,1,4,35,2.504
Fall 2025,ACCT,2302,10,"Deng,Tianyi",7,,12,,,11,,,3,,,,2,35,2.543
Fall 2025,ACCT,2302,05,"Seltz,Joe D",10,,5,,1,4,,2,1,,1,,2,26,2.820
Fall 2025,ACCT,3366,05,"Parthasarathy,Kiran M",32,,23,,5,13,,9,8,,6,16,50,162,1.707
Fall 2025,ACCT,3366,02,"Harris,Kathleen L",27,2,6,,2,12,,5,2,,1,2,11,70,2.557
Fall 2025,ACCT,3366,01,"Harris,Kathleen L",16,1,10,,2,12,,3,6,,2,6,10,68,2.117
Fall 2025,ACCT,3366,03,"Harris,Kathleen L",21,1,4,,4,6,,5,3,,2,6,13,65,2.189
Fall 2025,ACCT,3366,04,"Parthasarathy,Kiran M",10,2,7,,3,9,,5,5,,1,4,12,58,1.971
Fall 2025,ACCT,3367,05,"Pearson,Hunter",12,5,5,,1,3,,15,,,,3,21,65,1.933
Fall 2025,ACCT,3367,04,"Pearson,Hunter",11,4,11,,4,3,,15,,,,2,14,64,2.280
Fall 2025,ACCT,3367,06,"Pearson,Hunter",5,3,7,,1,8,,9,4,,,2,21,60,1.605
Fall 2025,ACCT,3367,07,"Ramaswamy,Vinita",9,,8,2,5,6,,3,2,,,,2,37,2.783
Fall 2025,ACCT,3367,01,"Gamble,George O",1,,3,,,3,,3,6,,,2,14,32,1.000
Fall 2025,ACCT,3367,02,"Gamble,George O",,,2,,,5,,5,2,,,2,4,20,1.483
Fall 2025,ACCT,3377,02,"Lin,Haijin",13,12,14,3,10,6,4,3,3,,1,,5,74,2.829
Fall 2025,ACCT,3377,05,"Lin,Haijin",11,6,10,7,9,5,4,2,5,2,3,,9,73,2.416
Fall 2025,ACCT,3377,01,"Lin,Haijin",7,4,10,8,3,15,2,2,3,,2,2,14,72,2.051
Fall 2025,ACCT,3377,03,"Serrato,Darlene Marie  Bohac",15,6,7,4,5,2,,1,1,,,1,6,48,2.868
Fall 2025,ACCT,3368,03,"Muslu,Volkan",18,5,8,11,1,12,2,6,5,,,,4,72,2.686
Fall 2025,ACCT,3368,04,"Muslu,Volkan",9,3,7,10,4,13,5,6,1,,,1,5,64,2.459
Fall 2025,ACCT,3368,01,"Muslu,Volkan",9,3,4,7,4,14,3,7,1,,,3,5,60,2.356
Fall 2025,ACCT,3368,02,"Sun,Xue",6,3,9,2,4,4,1,7,,,,,2,38,2.807
Fall 2025,ACCT,3371,02,"Seijas,Nuria S",20,10,13,6,5,3,,1,1,,,,2,61,3.241
Fall 2025,ACCT,3371,01,"Seijas,Nuria S",22,9,11,2,9,4,,1,1,,,,1,60,3.345
Fall 2025,ACCT,3371,03,"Seijas,Nuria S",11,3,8,3,5,6,,3,2,,,,,41,3.040
Fall 2025,ACCT,3371,05,"Seijas,Nuria S",15,4,6,1,5,1,,4,2,,,,,38,3.298
Fall 2025,ACCT,3371,04,"George,Jessie",2,6,5,4,7,3,,1,,,,1,2,31,2.817
Fall 2025,ACCT,4331,03,"Ruseva,Marina Yordanova",5,2,5,2,7,4,1,11,1,2,5,1,3,49,2.353
Fall 2025,ACCT,4331,04,"Ruseva,Marina Yordanova",6,1,13,,8,5,,10,1,1,3,,1,49,2.699
Fall 2025,ACCT,4331,05,"Zhu,Limin",10,,10,,7,16,,,2,,,1,3,49,2.598
Fall 2025,ACCT,4331,02,"Zhu,Limin",11,,5,,13,16,,,1,,,1,,47,2.879
Fall 2025,ACCT,4331,01,"Fernandez,Ramon",5,,12,,11,2,,2,,,,1,1,34,2.979
Fall 2025,ACCT,4335,01,"Seltz,Joe D",12,,10,,4,10,,5,,,,,2,43,2.860
Fall 2025,ACCT,4335,03,"Kuruvilla,Mohan",13,2,4,3,3,2,1,6,,,,3,6,43,2.535
Fall 2025,ACCT,4335,05,"Seltz,Joe D",12,,8,,3,10,,3,,,,,2,38,2.868
Fall 2025,ACCT,4335,02,"Kuruvilla,Mohan",7,3,7,2,2,3,,1,3,,,2,6,36,2.315
Fall 2025,ACCT,4335,04,"Seltz,Joe D",6,,4,,5,7,,4,,,,1,,27,2.814
Fall 2025,ACCT,6331,02,"Zhu,Limin",23,,2,3,6,2,,2,2,,,,1,41,3.333
Fall 2025,ACCT,6331,04,"Lu,Tong",17,6,,,4,,,,,,,1,,28,3.691
Fall 2025,ACCT,6331,01,"Lu,Tong",13,4,,,3,,,,,,,,,20,3.834
Fall 2025,ACCT,7330,01,"Larson,Chad R",6,3,6,3,2,2,1,,1,,,,7,31,2.398
Fall 2025,ACCT,7330,02,"Larson,Chad R",9,7,4,1,1,2,1,,,,,,6,31,2.754
Fall 2025,ACCT,7360,02,"King,Sheldon",6,9,1,,7,,,,,,,,,23,3.623
Fall 2025,ACCT,7360,01,"King,Sheldon",3,6,1,1,4,,,,,,,1,,16,3.313
Fall 2025,ACCT,7370,02,"Zhao,Yuping",12,5,2,,7,,,,,,,,,26,3.679
Fall 2025,ACCT,7370,01,"Zhao,Yuping",7,1,1,,2,,,,,,,,,11,3.757
Fall 2025,ACCT,7340,02,"Crawford,Steven",9,4,,,4,,,,,,,,1,18,3.556
Fall 2025,ACCT,7340,01,"Crawford,Steven",5,3,2,,7,,,,,,,,,17,3.548
Fall 2025,ACCT,7390,01,"Aziz,A S M Tanvir",2,,13,,,3,,,,,,,,18,2.944
Fall 2025,ACCT,7390,02,"Aziz,A S M Tanvir",,,11,,,2,,,,,,,,13,2.846
Fall 2025,ACCT,7375,01,"Ruseva,Marina Yordanova",13,3,1,3,6,3,,1,,,,,,30,3.411
Fall 2025,ACCT,4375,01,"Neely,Gregory Wayne",19,,3,,3,,,1,,,,,,26,3.743
Fall 2025,ACCT,7379,02,"Evetts,Nancy Zalmanek",22,1,,,2,,,,,,,1,,26,3.782
Fall 2025,ACCT,7337,02,"Wright,Denney L",3,6,4,1,4,,,,,,,,,18,3.445
Fall 2025,ACCT,7337,03,"Wright,Denney L",,3,1,,3,,,,,,,,,7,3.429
Fall 2025,ACCT,7384,01,"Neely,Gregory Wayne",17,,1,,1,,,,,,,,,19,3.912
Fall 2025,ACCT,7384,02,"Neely,Gregory Wayne",5,,,,1,,,,,,,,,6,3.888
Fall 2025,ACCT,7320,02,"George,Jessie",2,5,3,1,2,,,1,,,,,,14,3.358
Fall 2025,ACCT,7320,01,"George,Jessie",2,2,1,2,2,,,,,,,,,9,3.371
Fall 2025,ACCT,5337,01,"Serrato,Darlene Marie  Bohac",6,2,2,1,3,,1,1,,,,1,4,21,2.571
Fall 2025,ACCT,5337,02,"Lin,Haijin",1,,,,,,,,,,,,,1,4.000
Fall 2025,ACCT,4330,01,"Larson,Chad R",2,,6,2,3,1,1,2,,,,,3,20,2.483
Fall 2025,ACCT,4330,02,"Larson,Chad R",,,,,1,,,,,,,,,1,3.330
Fall 2025,ACCT,5301,01,"Kuruvilla,Mohan",8,2,1,,,,,1,,,,4,1,17,2.628
Fall 2025,ACCT,5331,01,"Fernandez,Ramon",5,,2,,5,1,,2,,,,,1,16,3.082
Fall 2025,ACCT,5331,03,"Ruseva,Marina Yordanova",,,,,1,,,,,,,,,1,3.330
Fall 2025,ACCT,5367,04,"Ramaswamy,Vinita",5,,3,2,2,2,,,,,,2,,16,2.813
Fall 2025,ACCT,5367,03,"Pearson,Hunter",1,,,,,,,,,,,,,1,4.000
Fall 2025,ACCT,5335,01,"Kuruvilla,Mohan",2,2,2,2,2,1,1,,,,,1,2,15,2.467
Fall 2025,ACCT,7378,03,"Solanki,Samir",6,2,1,1,2,1,,,,,,,,13,3.513
Fall 2025,ACCT,5371,01,"George,Jessie",2,2,2,2,2,,,,,,,1,1,12,2.778
Fall 2025,ACCT,7367,04,"Pinto,Anand",5,,1,,,,,,,,,,,6,3.833
Fall 2025,ACCT,7367,03,"Pinto,Anand",5,,,,,,,,,,,,,5,4.000
Fall 2025,ACCT,5330,01,"Larson,Chad R",1,,2,,1,,,,,,,1,,5,2.666
Fall 2025,ACCT,5330,02,"Larson,Chad R",2,,,1,,2,,,,,,,,5,2.934
Fall 2025,ACCT,7374,02,"Seijas,Nuria S",5,,,,,,,,,,,,,5,4.000
Fall 2025,ACCT,7374,01,"Seijas,Nuria S",4,,,,,,,,,,,,,4,4.000
Fall 2025,ACCT,4379,02,"Neely,Gregory Wayne",3,,3,,1,,,,,,,,,7,3.476
Fall 2025,ACCT,4379,01,"Neely,Gregory Wayne",,,,,,1,,,,,,,,1,2.000
Fall 2025,ACCT,5368,01,"Sun,Xue",,1,3,,,2,,1,1,,,,,8,2.500
Fall 2025,ACCT,5372,03,"George,Jessie",2,2,1,,1,,1,,,,,,,7,3.334
Fall 2025,ACCT,5372,01,"George,Jessie",,,,,1,,,,,,,,,1,3.330
Fall 2025,ACCT,4380,02,"Aziz,A S M Tanvir",,,3,,,2,,,,,,,,5,2.600
Fall 2025,ACCT,4380,01,"Aziz,A S M Tanvir",,,1,,,1,,,,,,,,2,2.500
Fall 2025,ACCT,5376,01,"Zhao,Yuping",,1,3,,2,,,,,,,,,6,3.222
Fall 2025,ACCT,4332,01,"Ruseva,Marina Yordanova",3,,,1,1,,,,,,,,,5,3.600
Fall 2025,ACCT,5332,01,"Ruseva,Marina Yordanova",1,,1,1,,2,,,,,,,,5,2.734
Fall 2025,ACCT,8331,01,"Larson,Chad R",2,,,,1,,,,,,,,,3,3.777
Fall 2025,ACCT,8333,01,"Lobo,Gerald",,3,,,,,,,,,,,,3,3.670
Fall 2025,ACCT,4198,01,"Newman,Michael Ray",2,,,,,,,,,,,,,2,4.000
Fall 2025,ACCT,5377,03,"Solanki,Samir",,1,1,,,,,,,,,,,2,3.335
Fall 2025,ACCT,8397,01,"Chen,Xi",1,1,,,,,,,,,,,,2,3.835
Fall 2025,ACCT,8398,02,"Zhao,Yuping",1,,,,,,,,,,,,,1,4.000
Fall 2025,ACCT,8398,03,"Wang,Yu",1,,,,,,,,,,,,,1,4.000
Fall 2025,ACCT,5374,01,"Seijas,Nuria S",,,,,,,,,,,1,,,1,1.330
Fall 2025,ACCT,5378,01,"Aziz,A S M Tanvir",,,1,,,,,,,,,,,1,3.000
Fall 2025,AFSC,1201,01,"Dingle,Jarious",22,7,1,,1,,,,,,,1,2,34,3.530
Fall 2025,AFSC,1201,02,"Dingle,Jarious",9,1,1,,,,,,,,,,,11,3.879
Fall 2025,AFSC,2201,01,"Koontz,Savanah",22,,,,,,,,,,,,1,23,3.826
Fall 2025,AFSC,2201,02,"Koontz,Savanah",7,,,,,,,,,,,,,7,4.000
Fall 2025,AFSC,3301,03,"Bolarinwa,Feyisade",12,4,1,,3,,,,,,,,,20,3.784
Fall 2025,AFSC,4301,03,"McDonough,Megan",6,,,,,,,,,,,,,6,4.000
Fall 2025,ANTH,2351,01,"Hannaford,Dinah Rebecca",75,10,15,4,8,2,1,5,1,,,2,2,125,3.499
Fall 2025,ANTH,2301,1,"McElvaney,Katherine Anne",20,10,13,5,16,11,4,8,5,,6,3,8,109,2.593
Fall 2025,ANTH,2304,1,"Majumder,Sarasij",50,15,9,2,7,2,,1,,1,2,1,,90,3.560
Fall 2025,ANTH,2346,1,"McNeal,Keith E.",9,5,30,6,6,9,2,6,,3,1,4,2,83,2.639
Fall 2025,ANTH,2302,1,"Chase,Arlen F",44,4,8,2,10,5,,2,,,,2,4,81,3.308
Fall 2025,ANTH,3306,1,"Hannaford,Dinah Rebecca",21,5,,1,3,,,,2,1,,1,1,35,3.362
Fall 2025,ANTH,4330,1,"Routon,Erin Danielle",23,3,,,2,,,1,1,,,2,,32,3.531
Fall 2025,ANTH,4372,1,"Chase,Arlen F",19,6,1,,,,,3,,,,,3,32,3.375
Fall 2025,ANTH,3350,1,"Ghazali,Marwa",29,1,,,,,,,,,,,1,31,3.860
Fall 2025,ANTH,3324,1,"Routon,Erin Danielle",20,6,,,,2,,,,,,,1,29,3.656
Fall 2025,ANTH,4331,1,"Ghazali,Marwa",21,1,,,,,,,,,,1,1,24,3.653
Fall 2025,ANTH,3382,1,"Majumder,Sarasij",8,6,2,1,1,,,,,,,,,18,3.668
Fall 2025,ANTH,4360,1,"McNeal,Keith E.",7,6,1,1,,,,2,,,,1,,18,3.353
Fall 2025,ANTH,4338,1,"Ramirez,Marie Theresa",12,1,,1,1,,,,,,,,,15,3.845
Fall 2025,ANTH,4310,1,"Sen,Debarati",5,,,2,2,,,,,,,,,9,3.556
Fall 2025,ANTH,6310,1,"Quinn,Rachel Afi",5,,,,,,,,,,,,1,6,3.333
Fall 2025,ANTH,6310,2,"Chase,Arlen F",3,,,,,,,,,,,,,3,4.000
Fall 2025,ANTH,6300,01,"Sen,Debarati",7,,,,,,,,,,,,,7,4.000
Fall 2025,ANTH,4394,1,"Ramirez,Marie Theresa",,2,,1,2,,,,,,,,,5,3.334
Fall 2025,ANTH,6320,1,"McNeal,Keith E.",5,,,,,,,,,,,,,5,4.000
Fall 2025,ANTH,6395,1,"Hannaford,Dinah Rebecca",2,,,,,,,,,,,,,2,4.000
Fall 2025,ANTH,6395,2,"Routon,Erin Danielle",,,,,,,,,,,,,1,1,0.000
Fall 2025,ANTH,6395,3,"Majumder,Sarasij",1,,,,,,,,,,,,,1,4.000
Fall 2025,ANTH,6395,4,"Ghazali,Marwa",1,,,,,,,,,,,,,1,4.000
Fall 2025,ANTH,6399,05,"Chase,Arlen F",2,,,,,,,,,,,,,2,4.000
Fall 2025,ANTH,6399,04,"Routon,Erin Danielle",1,,,,,,,,,,,,,1,4.000
Fall 2025,ANTH,7399,03,"Chase,Arlen F",2,,,,,,,,,,,,,2,4.000
Fall 2025,ANTH,3399,1,"McNeal,Keith E.",1,,,,,,,,,,,,,1,4.000
Fall 2025,ANTH,4398,1,"Chase,Arlen F",1,,,,,,,,,,,,,1,4.000
Fall 2025,ANTH,6322,1,"Ghazali,Marwa",1,,,,,,,,,,,,,1,4.000
Fall 2025,ANTH,6330,1,"Routon,Erin Danielle",1,,,,,,,,,,,,,1,4.000
Fall 2025,ANTH,6372,1,"Chase,Arlen F",1,,,,,,,,,,,,,1,4.000
Fall 2025,ARAB,1501,3,"Hefter,Thomas H",9,3,,1,2,,2,1,,,,,6,24,2.584
Fall 2025,ARAB,1501,1,"Hefter,Thomas H",1,,1,,2,,,1,,,1,,1,7,2.474
Fall 2025,ARAB,2311,01,"Hefter,Thomas H",5,3,1,,,,1,2,,,,,2,14,2.881
Fall 2025,ARAF,3301,4,,1,,,,,,,,,,,,,1,4.000
Fall 2025,ARAF,3301,5,,1,,,,,,,,,,,,,1,4.000
Fall 2025,ARCH,3397,1,"Lander,Lawrence Farnham",130,3,,,4,,,,,,,2,3,142,3.833
Fall 2025,ARCH,3397,5,"Kudless,Andrew Justin",13,5,5,3,6,2,,5,,,1,,2,42,3.103
Fall 2025,ARCH,3397,2,"Kudless,Andrew Justin",22,7,1,3,2,,,,,,,3,2,40,3.284
Fall 2025,ARCH,3397,3,"Kudless,Andrew Justin",20,5,2,2,4,2,1,2,,,,,,38,3.509
Fall 2025,ARCH,3397,4,"Kudless,Andrew Justin",14,5,3,4,4,2,1,,,,,3,1,37,3.055
Fall 2025,ARCH,3397,6,"Kudless,Andrew Justin",10,6,,6,4,,2,3,,,,6,,37,2.748
Fall 2025,ARCH,3397,8,"Bell,Larry S",4,,1,,,,,,,,,,,5,3.800
Fall 2025,ARCH,1500,19,"Handanovic,Dijana",4,6,1,1,4,4,,4,,,,,7,31,2.398
Fall 2025,ARCH,1500,01,"Wells,Adam C",2,5,5,1,2,1,2,2,,,,,,20,3.034
Fall 2025,ARCH,1500,03,"Murray,Cara",4,1,4,4,5,,1,,1,,,,,20,3.084
Fall 2025,ARCH,1500,11,"Lutz,Shawn M",3,1,2,4,6,,3,1,,,,,,20,2.984
Fall 2025,ARCH,1500,15,"Lee,Seo Hee",2,2,4,2,1,1,,2,1,,,,4,19,2.298
Fall 2025,ARCH,1500,17,"Gonzales,Michael A",9,5,,1,3,1,,,,,,,,19,3.632
Fall 2025,ARCH,1500,21,"Woodfill,Celeste Ponce",1,2,2,4,2,1,3,1,,,,1,2,19,2.317
Fall 2025,ARCH,1500,23,"Plauche',Roya",4,4,1,,6,2,,1,1,,,,,19,3.210
Fall 2025,ARCH,1500,13,"Olwi,Asmaa",3,2,3,2,3,2,1,1,,,,,1,18,2.871
Fall 2025,ARCH,2350,01,"Ramaswamy,Deepa",52,23,22,17,15,8,3,11,5,3,6,6,7,178,2.895
Fall 2025,ARCH,3500,1,"Lara Gonzalez,Alejandro",4,2,5,1,1,,,2,,,,,1,16,3.063
Fall 2025,ARCH,3500,3,"Guerra,Bernardo",4,3,3,1,3,,2,,,,,,,16,3.251
Fall 2025,ARCH,3500,33,"Schuster,Kristin",3,1,3,3,2,,1,,,,,,3,16,2.563
Fall 2025,ARCH,3500,35,"Truitt,William C",9,1,2,3,1,,,,,,,,,16,3.563
Fall 2025,ARCH,3500,37,"Self,Ronnie L",2,4,7,1,2,,,,,,,,,16,3.313
Fall 2025,ARCH,3500,41,"Davis,Curtis M",6,,1,4,,,,1,1,1,1,,1,16,2.688
Fall 2025,ARCH,3500,43,"Jacobs,Daniel",3,3,2,1,3,,1,2,,1,,,,16,3.042
Fall 2025,ARCH,3500,19,"Story,Jon Kevin",1,4,2,3,3,,,2,,,,,,15,3.156
Fall 2025,ARCH,3327,01,"Smith,Joshua S",66,33,5,1,11,3,,,,,,2,5,126,3.535
Fall 2025,ARCH,2327,03,"Beneytez-Duran,Rafael",22,32,10,13,8,,3,3,5,,,,6,102,3.076
Fall 2025,ARCH,2500,01,"Gonzales,Michael A",9,5,,,,,,,,,,,1,15,3.623
Fall 2025,ARCH,2500,05,"Murray,Cara",5,2,2,1,2,,,3,,,,,,15,3.311
Fall 2025,ARCH,2500,11,"Wienert,Ross George",6,1,3,,4,,,1,,,,,,15,3.488
Fall 2025,ARCH,2500,17,"Okimoto,Mai",2,2,2,,2,,1,1,2,,1,,2,15,2.355
Fall 2025,ARCH,2500,35,"Perez Villarreal,Felipe",,4,3,1,3,,,3,,,,,1,15,2.889
Fall 2025,ARCH,2500,21,"Lutz,Shawn M",1,4,,1,4,,1,,,,,,3,14,2.596
Fall 2025,ARCH,2500,03,"Lee,Seo Hee",1,1,1,,1,,1,1,1,,,,2,9,2.111
Fall 2025,ARCH,4327,01,"Taylor,Rives",59,11,,,3,,,,,,,1,,74,3.870
Fall 2025,ARCH,4510,03,"Turner,Cass",4,6,,,3,3,,,,,,,,16,3.376
Fall 2025,ARCH,4510,05,"Story,Jon Kevin",2,8,2,,4,,,,,,,,,16,3.543
Fall 2025,ARCH,4510,09,"Hager,Jesse",8,5,,,1,2,,,,,,,,16,3.605
Fall 2025,ARCH,4510,01,"Wienert,Ross George",6,,3,,2,1,,1,,,,,,13,3.384
Fall 2025,ARCH,4510,21,"Roldan Caballero,Jose Manuel",5,2,,,2,2,2,,,,,,,13,3.180
Fall 2025,ARCH,5500,05,"Olwi,Asmaa",7,4,,,2,,1,1,,,,,,15,3.556
Fall 2025,ARCH,5500,23,"Kyropoulou,Amygdalia",8,3,,,,1,,,,,,,,12,3.751
Fall 2025,ARCH,5500,03,"Longoria,Rafael R",5,2,1,,1,,,,,,,,,9,3.741
Fall 2025,ARCH,5500,09,"Soto,Carlos E",9,,,,,,,,,,,,,9,4.000
Fall 2025,ARCH,5500,11,"Race,Bruce Alan",2,,1,5,,,,1,,,,,,9,2.964
Fall 2025,ARCH,5500,07,"Dupont,William",4,4,,,,,,,,,,,,8,3.835
Fall 2025,ARCH,5500,21,"Munenzon Titelboim,Dalia",3,1,,,4,,,,,,,,,8,3.624
Fall 2025,ARCH,3312,03,"Kudless,Andrew Justin",8,14,1,1,5,,,1,1,,,,4,35,3.115
Fall 2025,ARCH,3312,05,"Tobar Martinez,Joaquin",14,1,,,,,,,,,,,,15,3.978
Fall 2025,ARCH,3312,04,"Battaglia,Christopher Andrew",4,2,,,1,,,,,,,,,7,3.810
Fall 2025,ARCH,3112,8,"Noldt,Peter",7,7,,,,1,,,,,,,1,16,3.481
Fall 2025,ARCH,3112,04,"Noldt,Peter",8,6,,,1,,,,,,,,,15,3.823
Fall 2025,ARCH,3112,1,"Noldt,Peter",4,8,1,,1,,,,,,,,1,15,3.446
Fall 2025,ARCH,3311,01,"Kacmar,Donna",12,2,1,,,,,,,1,,,,16,3.688
Fall 2025,ARCH,3311,3,"Bassi Cendra,Giovanna Maria",1,7,,3,3,,,,,,,1,1,16,2.981
Fall 2025,ARCH,3311,4,"Diehl,Tom",2,3,2,2,3,,1,,,,,,1,14,3.001
Fall 2025,ARCH,5508,3,"Brune,Geoffrey",4,5,3,,2,,,1,,,,,,15,3.489
Fall 2025,ARCH,5508,5,"Kacmar,Donna",9,3,,,3,,,,,,,,,15,3.800
Fall 2025,ARCH,5508,1,"Diehl,Tom",2,5,4,1,2,,,,,,,,,14,3.406
Fall 2025,ARCH,6393,05,"Froehlich,Dietmar",4,7,,,,,,,,,,,,11,3.790
Fall 2025,ARCH,6393,03,"Borden,Gail",5,5,,,,,,,,,,,,10,3.835
Fall 2025,ARCH,6393,04,"Longoria,Rafael R",6,1,,,2,,,,,,,,,9,3.814
Fall 2025,ARCH,6393,07,"Zweig,Peter J",6,,,,,,,,,,,,,6,4.000
Fall 2025,ARCH,3394,1,"Race,Bruce Alan",3,2,18,2,5,,1,2,,,,,2,35,2.905
Fall 2025,ARCH,7600,15,"Munenzon Titelboim,Dalia",5,3,,,,,,,,,,,,8,3.876
Fall 2025,ARCH,7600,01,"Kyropoulou,Amygdalia",,,1,1,4,,,1,,,,,,7,3.046
Fall 2025,ARCH,7600,17,"Dupont,William",1,5,,,1,,,,,,,,,7,3.669
Fall 2025,ARCH,7600,19,"Soto,Carlos E",7,,,,,,,,,,,,,7,4.000
Fall 2025,ARCH,7600,7,"Race,Bruce Alan",,1,2,2,,,,,,,,,,5,3.002
Fall 2025,ARCH,7600,13,"Longoria,Rafael R",1,,,,,,,,,,,,,1,4.000
Fall 2025,ARCH,6361,01,"Hager,Jesse",7,2,2,3,3,,1,,,,,,,18,3.389
Fall 2025,ARCH,6361,03,"Rivers,Paul Joseph",3,2,3,3,2,2,,,,,,,,15,3.134
Fall 2025,ARCH,   6A50,01,"Thaddeus,David J",4,5,7,9,1,3,2,1,,,,,,32,2.949
Fall 2025,ARCH,6359,01,"Lo,Ruth W",11,2,8,,4,1,4,,,,,1,1,32,3.042
Fall 2025,ARCH,6603,07,"Johnson,Matthew W",5,5,2,,,,,,,,,,1,13,3.412
Fall 2025,ARCH,6603,5,"Mantz,Ophelia",2,4,4,1,,,,,,,,,,11,3.395
Fall 2025,ARCH,6603,11,"Woodfill,Celeste Ponce",3,1,,,4,,,,,,,,,8,3.624
Fall 2025,ARCH,   6A48,01,"Kyropoulou,Amygdalia",5,6,2,4,7,1,,4,,,,,1,30,3.111
Fall 2025,ARCH,3380,02,"Froehlich,Dietmar",10,13,,,4,,,,,,,,,27,3.742
Fall 2025,ARCH,4312,1,"Roldan Caballero,Jose Manuel",1,6,1,1,5,,,,,,,,,14,3.453
Fall 2025,ARCH,4312,2,"Roldan Caballero,Jose Manuel",2,1,3,,2,,,1,,,,,,9,3.296
Fall 2025,ARCH,4321,1,"Story,Jon Kevin",1,4,3,6,4,5,,,,,,,,23,2.914
Fall 2025,ARCH,4367,01,"Taylor,Rives",9,7,2,,3,,,,,,,,,21,3.699
Fall 2025,ARCH,6303,1,"Olwi,Asmaa",8,4,2,4,3,,,,,,,,,21,3.493
Fall 2025,ARCH,3354,01,"Turner,Drexel",6,4,3,6,1,,,,,,,,,20,3.352
Fall 2025,ARCH,3198,02,"Phan,Trang Anh Thuc",17,,,,,,,,,,,,,17,4.000
Fall 2025,ARCH,3198,1,"Phan,Trang Anh Thuc",1,,,,,1,,,,,,,,2,3.000
Fall 2025,ARCH,4355,01,"Fox,Stephen",14,,2,,1,,,,,,,,,17,3.843
Fall 2025,ARCH,4324,1,"Colaco,Joseph P",,2,2,3,1,3,2,2,,,,,,15,2.579
Fall 2025,ARCH,4351,01,"Turner,Drexel",8,2,4,1,,,,,,,,,,15,3.601
Fall 2025,ARCH,6301,1,"Clovis,Sam",10,1,,1,1,,,,,,,,2,15,3.311
Fall 2025,ARCH,6320,1,"Mantz,Ophelia",2,4,2,,6,,,,,,,,1,15,3.244
Fall 2025,ARCH,6340,01,"Ramaswamy,Deepa",6,1,2,1,,,,3,,,,,2,15,2.889
Fall 2025,ARCH,6600,05,"Clovis,Sam",5,4,2,,1,,1,,,,,,2,15,3.045
Fall 2025,ARCH,6312,3,"Tobar Martinez,Joaquin",6,,,,,,,,,,,,,6,4.000
Fall 2025,ARCH,6312,1,"Kudless,Andrew Justin",1,2,1,,,,,,,,,,,4,3.585
Fall 2025,ARCH,6312,2,"Battaglia,Christopher Andrew",3,1,,,,,,,,,,,,4,3.918
Fall 2025,ARCH,3393,01,"Johnson,Matthew W",11,,,,,,,,,,,,,11,4.000
Fall 2025,ARCH,4376,01,"Rogers,Susan",7,2,,,1,,1,,,,,,,11,3.667
Fall 2025,ARCH,6397,2,"Rogers,Susan",,4,,,1,,,,,,,,,5,3.602
Fall 2025,ARCH,6397,1,"Story,Jon Kevin",,1,2,,,,,,,,,,,3,3.223
Fall 2025,ARCH,6397,3,"Mohle,Travis N",,,1,,,,,,,,,,,1,3.000
Fall 2025,ARCH,6397,4,"Bell,Larry S",1,,,,,,,,,,,,,1,4.000
Fall 2025,ARCH,3343,1,"Longoria,Rafael R",5,2,,1,1,,,,,,,,,9,3.704
Fall 2025,ARCH,6367,1,"Taylor,Rives",7,2,,,,,,,,,,,,9,3.927
Fall 2025,ARCH,6112,2,"Noldt,Peter",3,1,,,1,,,,,,,,,5,3.800
Fall 2025,ARCH,6112,6,"Noldt,Peter",1,2,,,,,,,,,,,,3,3.780
Fall 2025,ARCH,6324,1,"Colaco,Joseph P",1,1,1,,2,,,,,,,,,5,3.466
Fall 2025,ARCH,6380,02,"Froehlich,Dietmar",4,,,,,,,,,,,,,4,4.000
Fall 2025,ARCH,7312,1,"Roldan Caballero,Jose Manuel",,1,,,1,,,,,,,,,2,3.500
Fall 2025,ARCH,7312,2,"Roldan Caballero,Jose Manuel",,1,,,1,,,,,,,,,2,3.500
Fall 2025,ARCH,6351,01,"Turner,Drexel",2,,,,,,,,,,,,1,3,2.667
Fall 2025,ARCH,3398,1,"Phan,Trang Anh Thuc",1,,,,,,,,,,,,,1,4.000
Fall 2025,ARCH,3398,2,"Phan,Trang Anh Thuc",1,,,,,,,,,,,,,1,4.000
Fall 2025,ARCH,6355,01,"Fox,Stephen",1,1,,,,,,,,,,,,2,3.835
Fall 2025,ARCH,6311,1,"Kacmar,Donna",,1,,,,,,,,,,,,1,3.670
Fall 2025,ARCH,6343,1,"Longoria,Rafael R",,,,,1,,,,,,,,,1,3.330
Fall 2025,ARCH,6354,01,"Turner,Drexel",1,,,,,,,,,,,,,1,4.000
Fall 2025,ARED,2310,02,"Chung,Sheng Kuan",14,1,1,,1,,1,,,,,1,1,20,3.384
Fall 2025,ARED,2310,03,"Sheykhlar,Saeideh",10,3,,1,3,1,,,1,,,,1,20,3.334
Fall 2025,ARED,2310,01,"Chung,Sheng Kuan",8,3,,,1,,,1,2,,,2,2,19,2.667
Fall 2025,ARED,2310,04,"Sheykhlar,Saeideh",9,5,2,,,,,,,,1,1,1,19,3.246
Fall 2025,ARED,3305,02,"Boyaki wilson,Amanda Rose",14,2,,1,1,,,2,,2,,,,22,3.425
Fall 2025,ARED,4365,01,"Chung,Sheng Kuan",17,2,,,1,,,,,,,,,20,3.934
Fall 2025,ARED,6365,01,"Chung,Sheng Kuan",4,,,,,,,,,,,,,4,4.000
Fall 2025,ARLD,3300,01,"Greenlief,Jennifer Marie",10,,,3,1,,,3,,,,,,17,3.431
Fall 2025,ARLD,6335,01,"Dallas,Marci R",11,3,1,,,,,1,,,,,,16,3.771
Fall 2025,ARLD,6320,01,"Townsend,Justine M",10,3,,1,,,,,,,,1,,15,3.579
Fall 2025,ARLD,6380,01,"Biard,Marial",5,6,,1,,,,,,,1,,,13,3.540
Fall 2025,ARLD,6395,02,"Luks Jacobs,Joel",13,,,,,,,,,,,,,13,4.000
Fall 2025,ARLD,6310,01,"Hays,Carolyn Jane",5,2,2,1,1,,1,,,,,,,12,3.418
Fall 2025,ARLD,6370,01,"Veneman,Katherine A",9,,,,,,,,,,,,,9,4.000
Fall 2025,ARLD,6360,01,"Richards,Nicole D",5,,,,,,,,,,,,1,6,3.333
Fall 2025,ARLD,6691,01,"Fernando,Fleurette S",2,,,,,,,,,,,,1,3,2.667
Fall 2025,ARLD,4397,01,"Luks Jacobs,Joel",2,,,,,,,,,,,,,2,4.000
Fall 2025,ARLD,6391,01,"Fernando,Fleurette S",1,,,,,,,,,,,,,1,4.000
Fall 2025,ARLD,6398,01,"Fernando,Fleurette S",1,,,,,,,,,,,,,1,4.000
Fall 2025,ARTH,3312,01,"Koontz,Rex A",51,14,3,5,12,2,1,5,3,2,,1,1,100,3.394
Fall 2025,ARTH,3334,01,"Orto,Luisa",3,13,6,2,14,1,,,1,,,,1,41,3.236
Fall 2025,ARTH,3334,02,"Orto,Luisa",9,16,3,1,9,,,1,1,,,,1,41,3.407
Fall 2025,ARTH,4394,03,"Rodriguez,Leticia Rios",3,2,,,4,,2,,,1,,,,12,3.056
Fall 2025,ARTH,4394,02,"Nevitt Jr,Hugh R",10,,,,,,,,,,,,1,11,3.636
Fall 2025,ARTH,4394,04,"Koontz,Rex A",8,,,,2,,,,,,,,,10,3.866
Fall 2025,ARTH,4394,01,"Tejada,Roberto Jose",3,,,,,,,,,,,,,3,4.000
Fall 2025,ARTH,3332,01,"Orto,Luisa",5,5,3,5,4,1,,2,,,,,,25,3.227
Fall 2025,ARTH,2389,01,"Murphy,Lacy Annette",10,1,4,3,2,1,,,,,,1,2,24,3.014
Fall 2025,ARTH,6394,01,"Tejada,Roberto Jose",8,,,,,,,,,,,,,8,4.000
Fall 2025,ARTH,6394,04,"Koontz,Rex A",6,1,,,,,,,,,,,,7,3.953
Fall 2025,ARTH,6394,02,"Nevitt Jr,Hugh R",3,,,,,,,,,,,,,3,4.000
Fall 2025,ARTH,6394,03,"Rodriguez,Leticia Rios",1,1,1,,,,,,,,,,,3,3.557
Fall 2025,ARTH,6394,05,"Murphy,Lacy Annette",,1,,,,,,,,,,,,1,3.670
Fall 2025,ARTH,3380,01,"Nevitt Jr,Hugh R",18,,,,,,,,,,,,1,19,3.789
Fall 2025,ARTH,3394,01,"Murphy,Lacy Annette",1,2,2,2,1,2,,,1,,,1,1,13,2.385
Fall 2025,ARTH,4320,01,"Volpe,Lisa Marie",7,2,,,2,,,,,,,,,11,3.818
Fall 2025,ARTH,6335,01,"Zalman,Sandra",5,2,,,,,,,,,,,,7,3.906
Fall 2025,ARTH,6320,01,"Volpe,Lisa Marie",4,,,,2,,,,,,,,,6,3.777
Fall 2025,ARTH,7380,01,"Harren,Natilee O",4,1,,,1,,,,,,,,,6,3.833
Fall 2025,ARTH,6332,01,"Orto,Luisa",2,1,2,,,,,,,,,,,5,3.534
Fall 2025,ARTH,6399,01,"Tejada,Roberto Jose",2,,,,,,,,,,,,,2,4.000
Fall 2025,ARTH,6399,02,"Zalman,Sandra",1,,,,,,,,,,,,,1,4.000
Fall 2025,ARTH,6399,04,"Harren,Natilee O",1,,,,,,,,,,,,,1,4.000
Fall 2025,ARTH,3335,01,"Zalman,Sandra",1,1,,,1,,,,,,,,,3,3.667
Fall 2025,ARTH,6334,02,"Orto,Luisa",2,,,,,,,,,,,,,2,4.000
Fall 2025,ARTH,6334,01,"Orto,Luisa",1,,,,,,,,,,,,,1,4.000
Fall 2025,ARTH,7393,01,"Harren,Natilee O",2,,,,,,,,,,,,,2,4.000
Fall 2025,ARTH,4398,1,"Tejada,Roberto Jose",,1,,,,,,,,,,,,1,3.670
Fall 2025,ARTH,6322,01,"Nevitt Jr,Hugh R",1,,,,,,,,,,,,,1,4.000
Fall 2025,ARTH,7398,1,"Zalman,Sandra",1,,,,,,,,,,,,,1,4.000
Fall 2025,ARTS,1304,01,"Zalman,Sandra",17,18,27,14,12,3,5,8,3,,3,7,2,119,2.793
Fall 2025,ARTS,1304,02,"Olmos,Jessica Taylor",19,23,5,1,22,2,2,1,2,,1,1,,79,3.346
Fall 2025,ARTS,1303,01,"Rodriguez,Leticia Rios",4,8,6,17,7,10,10,12,8,11,3,9,14,119,1.816
Fall 2025,ARTS,1316,04,"Bakhshi,Zohreh",10,1,3,2,1,,,,,,,1,1,19,3.228
Fall 2025,ARTS,1316,03,"Santee,Esther Robbins",9,5,,,3,,,,,,,,1,18,3.574
Fall 2025,ARTS,1316,05,"Lee,Erica Reed",8,1,2,2,,1,,3,,,,,1,18,3.111
Fall 2025,ARTS,1316,06,"Walker,Cooper West",13,1,4,,,,,,,,,,,18,3.759
Fall 2025,ARTS,1316,02,"Hernandez-Vargas,Saul",6,3,1,2,1,,,2,,,,1,1,17,3.020
Fall 2025,ARTS,1316,01,"Herndon,Ashley Anika",5,3,,4,3,,,,,,,1,,16,3.230
Fall 2025,ARTS,2316,01,"Mellor,Jade Elizabeth",9,5,1,1,,1,,,,,,,1,18,3.446
Fall 2025,ARTS,2316,02,"Evin,Tyler Jeffrey",15,2,1,,,,,,,,,,,18,3.908
Fall 2025,ARTS,2316,03,"Herndon,Ashley Anika",4,2,2,2,4,,1,1,,1,,1,,18,2.926
Fall 2025,ARTS,2316,04,"Hatter,Makenna Kathryn",14,,,,1,,,1,,1,,,1,18,3.463
Fall 2025,ARTS,3300,03,"Meza,Edgar",14,3,1,,,,,,,,,,,18,3.889
Fall 2025,ARTS,3300,04,"Forse,John",15,3,,,,,,,,,,,,18,3.945
Fall 2025,ARTS,3300,01,"Siddiq,Sajeela",8,5,,,3,,,,,,,,1,17,3.549
Fall 2025,ARTS,3300,02,"Luo,Maisie Yixuan Guoguo",13,2,1,,,,,,,,,,,16,3.896
Fall 2025,ARTS,1311,03,"Flores,Rachel Kam",3,4,3,3,2,2,,1,,,1,3,2,24,2.417
Fall 2025,ARTS,1311,02,"Williams,Celeste",10,5,1,,4,,,,,,,,3,23,3.247
Fall 2025,ARTS,1311,01,"Williams,Celeste",6,6,2,,6,,1,,,,,,,21,3.508
Fall 2025,ARTS,3330,03,"Mousner,James David",5,5,3,2,8,,,,,,,,1,24,3.305
Fall 2025,ARTS,3330,02,"Lopez,Jonathan Christopher",2,5,4,3,3,,1,1,,,,1,2,22,2.743
Fall 2025,ARTS,3330,01,"Jamaluddin,Mohd Ikhram",5,2,1,3,1,,,1,,,,4,3,20,2.201
Fall 2025,ARTS,2356,01,"Marion,Jennifer L",10,2,1,1,2,,,,,,,,,16,3.729
Fall 2025,ARTS,2356,02,"King,Rachel",8,2,,2,,,,1,,1,,,2,16,2.980
Fall 2025,ARTS,2356,03,"Boncy,Jean Sebastien",13,,2,1,,,,,,,,,,16,3.792
Fall 2025,ARTS,2356,04,"Boncy,Jean Sebastien",9,5,1,,,,,,,,,,,15,3.823
Fall 2025,ARTS,2326,01,"Dunahoe,Noelle",12,,,,,,,,,,,,,12,4.000
Fall 2025,ARTS,2326,02,"Dunahoe,Noelle",11,1,,,,,,,,,,,,12,3.973
Fall 2025,ARTS,2326,03,"Campbell,Hannah C",12,,,,,,,,,,,,,12,4.000
Fall 2025,ARTS,2326,04,"Reed,Macon",4,3,2,,,1,,2,,,,,,12,3.306
Fall 2025,ARTS,2326,05,"VanMeter,Charles Edward",12,,,,,,,,,,,,,12,4.000
Fall 2025,ARTS,3384,01,"Meza,Abinadi",25,,15,,,3,,,1,,,,,44,3.455
Fall 2025,ARTS,3384,02,"Cone,Marcus Andrew",15,,,,,,,,,,,,,15,4.000
Fall 2025,ARTS,3304,03,"Siddiq,Sajeela",14,3,,,,,,,,,,,1,18,3.723
Fall 2025,ARTS,3304,02,"Luo,Maisie Yixuan Guoguo",13,2,,,1,,,,,,,,,16,3.917
Fall 2025,ARTS,3304,01,"Suber,Anthony",12,,,,,,,,,,,1,,13,3.692
Fall 2025,ARTS,3334,01,"Gabbiani,Sibylle",,11,1,4,4,,2,1,,,,1,,24,3.043
Fall 2025,ARTS,3334,02,"Gamble,Travis Hunter",8,6,,5,,,,2,1,,,,,22,3.320
Fall 2025,ARTS,2311,02,"Williams,Celeste",8,6,4,,3,,,,2,,,,1,24,3.250
Fall 2025,ARTS,2311,03,"Coakley,Fiona",5,,5,2,2,2,1,,1,,2,,1,21,2.682
Fall 2025,ARTS,2333,02,"Alderson,Saran",15,,,,,,,,,,,,,15,4.000
Fall 2025,ARTS,2333,03,"Hernandez-Vargas,Saul",11,1,1,1,1,,,,,,,,,15,3.778
Fall 2025,ARTS,2333,01,"Hernandez-Vargas,Saul",11,2,,,1,,,,,,,,,14,3.905
Fall 2025,ARTS,4392,01,"Meza,Abinadi",28,,5,,,3,,,,,,,1,37,3.595
Fall 2025,ARTS,4392,02,"Anderson-Staley,Keliy",1,2,2,,,,,,,,,,,5,3.468
Fall 2025,ARTS,3313,02,"Masterson,Patrick D",14,,,,,,,,,,,1,,15,3.733
Fall 2025,ARTS,3313,01,"Masterson,Patrick D",13,,,,,,,,,,,,,13,4.000
Fall 2025,ARTS,3313,03,"Bender,Hannah Marie",8,2,2,,,,,,,,1,,,13,3.590
Fall 2025,ARTS,3301,01,"Forse,John",19,,,,,,,,,,,,,19,4.000
Fall 2025,ARTS,3301,02,"Souvorova,Daria",11,,2,,1,3,,,,,,,,17,3.490
Fall 2025,ARTS,3374,01,"Cuyubamba Kong,Stephanie",5,2,2,3,1,1,,,,,,,,14,3.334
Fall 2025,ARTS,3374,03,"Thomas,Britt",9,4,1,,,,,,,,,,,14,3.834
Fall 2025,ARTS,3374,04,"Thomas,Britt",2,2,2,,1,1,,,,,,,,8,3.334
Fall 2025,ARTS,1372,01,"Gaona,Veronica",12,,,,,,,,,,,2,3,17,2.824
Fall 2025,ARTS,1372,02,"Marion,Jennifer L",10,,2,,1,1,2,,,,1,,,17,3.294
Fall 2025,ARTS,2346,01,"Oloshove,Angel",10,,3,,1,,1,,,,,,1,16,3.375
Fall 2025,ARTS,2346,02,"Oloshove,Angel",14,1,1,,,,,,,,,,,16,3.917
Fall 2025,ARTS,4397,01,"Willis,William H",13,1,1,,,1,,,,,,,1,17,3.569
Fall 2025,ARTS,4397,02,"Suber,Anthony",12,,,,,,,,,,,,,12,4.000
Fall 2025,ARTS,3335,01,"Beckett,Cheryl A",7,10,1,1,5,,,,,,,,,24,3.626
Fall 2025,ARTS,3336,01,"Unikel,Joshua",18,2,,1,3,,,,,,,,,24,3.833
Fall 2025,ARTS,3337,01,"Iqbal,Sara Sharif",12,9,3,,,,,,,,,,,24,3.751
Fall 2025,ARTS,3370,02,"Casagranda,Madison Anne",11,,3,,,1,,,,,,1,,16,3.438
Fall 2025,ARTS,3370,01,"Casagranda,Madison Anne",6,1,,,,,,,1,,,,,8,3.584
Fall 2025,ARTS,4330,01,"Unikel,Joshua",13,4,1,2,4,,,,,,,,,24,3.681
Fall 2025,ARTS,4331,01,"Beckett,Cheryl A",16,2,2,,4,,,,,,,,,24,3.778
Fall 2025,ARTS,4332,01,"Gabbiani,Sibylle",8,8,1,,6,1,,,,,,,,24,3.598
Fall 2025,ARTS,1383,01,"Reed,John G",6,6,2,,3,1,,,,,,,4,22,2.910
Fall 2025,ARTS,3331,01,"Rose,Sierra",12,6,1,1,,,,1,,,,,,21,3.715
Fall 2025,ARTS,2348,01,"Coulter,Crystal L",12,1,1,,1,,,,,,1,2,,18,3.296
Fall 2025,ARTS,2366,01,"Forse,John",15,3,,,,,,,,,,,,18,3.945
Fall 2025,ARTS,3350,01,"Mayer,Anna W",11,1,1,,2,,,1,,,,,,16,3.729
Fall 2025,ARTS,4380,01,"Barrera,Debra",13,2,,,1,,,,,,,,,16,3.917
Fall 2025,ARTS,6380,01,"Mayer,Anna W",16,,,,,,,,,,,,,16,4.000
Fall 2025,ARTS,3371,01,"Lee,Min Woo",7,4,1,,2,,,,,,,,1,15,3.489
Fall 2025,ARTS,6381,01,"Williams,Matthew Joseph",11,3,,,,,,,,,,1,,15,3.667
Fall 2025,ARTS,3309,01,"Parazette,Aaron",11,1,1,,1,,,,,,,,,14,3.857
Fall 2025,ARTS,3310,01,"Suber,Anthony",11,1,1,,1,,,,,,,,,14,3.857
Fall 2025,ARTS,3311,01,"Parazette,Aaron",11,1,1,,1,,,,,,,,,14,3.857
Fall 2025,ARTS,3316,01,"Alderson,Saran",13,,,,,,,,,,,,1,14,3.714
Fall 2025,ARTS,3361,01,"Giampietro,Francis A",11,1,2,,,,,,,,,,,14,3.834
Fall 2025,ARTS,4370,01,"Lee,Min Woo",12,2,,,,,,,,,,,,14,3.953
Fall 2025,ARTS,4371,01,"Chen,Shang-Yee Mark",6,8,,,,,,,,,,,,14,3.811
Fall 2025,ARTS,4372,01,"Boncy,Jean Sebastien",14,,,,,,,,,,,,,14,4.000
Fall 2025,ARTS,3314,01,"Masterson,Patrick D",13,,,,,,,,,,,,,13,4.000
Fall 2025,ARTS,3372,02,"Gaona,Veronica",12,,,,,,,,,,,,,12,4.000
Fall 2025,ARTS,3383,01,"Clarke,Chelsea",5,6,,,1,,,,,,,,,12,3.779
Fall 2025,ARTS,3397,01,"Dupre,Roslyn M",9,2,,,1,,,,,,,,,12,3.889
Fall 2025,ARTS,4300,01,"Frankfort,Dana M",12,,,,,,,,,,,,,12,4.000
Fall 2025,ARTS,4301,01,"Luo,Maisie Yixuan Guoguo",12,,,,,,,,,,,,,12,4.000
Fall 2025,ARTS,4302,01,"Frankfort,Dana M",12,,,,,,,,,,,,,12,4.000
Fall 2025,ARTS,6300,01,"Frankfort,Dana M",11,,,,1,,,,,,,,,12,3.944
Fall 2025,ARTS,3360,01,"Reed,Macon",2,3,1,1,2,,,2,,,,,,11,3.273
Fall 2025,ARTS,4303,01,"Frankfort,Dana M",10,,1,,,,,,,,,,,11,3.909
Fall 2025,ARTS,4304,01,"Luo,Maisie Yixuan Guoguo",10,,1,,,,,,,,,,,11,3.909
Fall 2025,ARTS,4305,01,"Frankfort,Dana M",10,,1,,,,,,,,,,,11,3.909
Fall 2025,ARTS,6305,01,"Marnie,Adam",10,,,,,,,,,,,,,10,4.000
Fall 2025,ARTS,6360,01,"Mayer,Anna W",9,,,,,,,,,,,,,9,4.000
Fall 2025,ARTS,6397,04,"Clarke,Chelsea",4,,,,,,,,,,,,,4,4.000
Fall 2025,ARTS,6397,02,"Willis,William H",2,,,,,,,,,,,,,2,4.000
Fall 2025,ARTS,6397,05,"Casagranda,Madison Anne",1,,,,,,,,,,,,,1,4.000
Fall 2025,ARTS,6397,06,"Casagranda,Madison Anne",1,,,,,,,,,,,,,1,4.000
Fall 2025,ARTS,3396,01,"Giampietro,Francis A",6,1,,,,,,,,,,,,7,3.953
Fall 2025,ARTS,6330,01,"Bootwala,Jennifer Elizabeth",5,1,1,,,,,,,,,,,7,3.810
Fall 2025,ARTS,6370,01,"Anderson-Staley,Keliy",3,1,2,,,,,,,,,1,,7,3.096
Fall 2025,ARTS,6385,01,"Reed,John G",7,,,,,,,,,,,,,7,4.000
Fall 2025,ARTS,6394,01,"Anderson-Staley,Keliy",6,1,,,,,,,,,,,,7,3.953
Fall 2025,ARTS,4398,01,"Parazette,Aaron",5,,,,,,,,,,,,,5,4.000
Fall 2025,ARTS,4398,02,"Girardot,Michelle",1,,,,,,,,,,,,,1,4.000
Fall 2025,ARTS,3365,01,"Conrad,Jillian",2,1,1,1,,,,,,,,,,5,3.468
Fall 2025,ARTS,3366,01,"Reed,Macon",2,1,1,1,,,,,,,,,,5,3.468
Fall 2025,ARTS,3367,01,"Conrad,Jillian",2,3,,,,,,,,,,,,5,3.802
Fall 2025,ARTS,4360,01,"Conrad,Jillian",3,1,,,1,,,,,,,,,5,3.800
Fall 2025,ARTS,4361,01,"Reed,Macon",3,1,,,1,,,,,,,,,5,3.800
Fall 2025,ARTS,4362,01,"Conrad,Jillian",3,1,,,1,,,,,,,,,5,3.800
Fall 2025,ARTS,6361,01,"Giampietro,Francis A",5,,,,,,,,,,,,,5,4.000
Fall 2025,ARTS,4382,01,"Lowe,Rick",3,,,1,,,,,,,,,,4,3.668
Fall 2025,ARTS,6398,01,"Hernandez-Vargas,Saul",3,,,,,,,,,,,,,3,4.000
Fall 2025,ARTS,6398,2,"Anderson-Staley,Keliy",1,,,,,,,,,,,,,1,4.000
Fall 2025,ARTS,4363,01,"Conrad,Jillian",1,1,,,1,,,,,,,,,3,3.667
Fall 2025,ARTS,4364,01,"Reed,Macon",1,1,,,1,,,,,,,,,3,3.667
Fall 2025,ARTS,4365,01,"Conrad,Jillian",1,1,,,1,,,,,,,,,3,3.667
Fall 2025,ARTS,6362,01,"Giampietro,Francis A",3,,,,,,,,,,,,,3,4.000
Fall 2025,ARTS,6371,01,"Gaona,Veronica",2,,1,,,,,,,,,,,3,3.667
Fall 2025,ARTS,6384,01,"Meza,Abinadi",2,,,,,,,,,,,,,2,4.000
Fall 2025,ARTS,6396,01,"Suber,Anthony",2,,,,,,,,,,,,,2,4.000
Fall 2025,ARTS,7310,01,"Masterson,Patrick D",1,,,,,,,,,,,,,1,4.000
Fall 2025,ARTS,7310,02,"Masterson,Patrick D",1,,,,,,,,,,,,,1,4.000
Fall 2025,ARTS,7398,01,"Mayer,Anna W",1,,,,,,,,,,,,,1,4.000
Fall 2025,ARTS,7398,02,"Parazette,Aaron",1,,,,,,,,,,,,,1,4.000
Fall 2025,ARTS,6301,02,"Souvorova,Daria",1,,,,,,,,,,,,,1,4.000
Fall 2025,ARTS,6310,02,"Masterson,Patrick D",1,,,,,,,,,,,,,1,4.000
Fall 2025,ATP,6112,01,"Elliott,Ashlyne Paige",20,,,,,,,,,,,,,20,4.000
Fall 2025,ATP,6113,01,"Harrison,Layci",20,,,,,,,,,,,,,20,4.000
Fall 2025,ATP,6192,01,"Harrison,Layci",19,,1,,,,,,,,,,,20,3.950
Fall 2025,ATP,6311,01,"Knoblauch,Mark Alan",12,,8,,,,,,,,,,,20,3.600
Fall 2025,ATP,6312,01,"Elliott,Ashlyne Paige",19,,1,,,,,,,,,,,20,3.950
Fall 2025,ATP,6313,01,"Harrison,Layci",8,,12,,,,,,,,,,,20,3.400
Fall 2025,ATP,7112,01,"Elliott,Ashlyne Paige",14,,,,,,,,,,,,,14,4.000
Fall 2025,ATP,7295,01,"Elliott,Ashlyne Paige",14,,,,,,,,,,,,,14,4.000
Fall 2025,ATP,7311,01,"Knoblauch,Mark Alan",14,,,,,,,,,,,,,14,4.000
Fall 2025,ATP,7312,01,"Elliott,Ashlyne Paige",13,,1,,,,,,,,,,,14,3.929
Fall 2025,BCHS,3304,01,"Amaral Antunes,Dinler",119,,10,6,27,3,5,2,1,,,,3,176,3.591
Fall 2025,BCHS,3304,03,"Liu,Yu",40,13,22,15,17,27,3,17,3,,,,16,173,2.728
Fall 2025,BCHS,3304,02,"Scott,Sean-Patrick",16,17,26,11,21,16,5,15,2,,4,2,16,151,2.558
Fall 2025,BCHS,3304,04,"Scott,Sean-Patrick",12,13,14,14,18,16,7,19,3,,3,4,12,135,2.444
Fall 2025,BCHS,3201,03,"Pattison,Donna",6,,6,4,1,7,,,,,,,,24,2.917
Fall 2025,BCHS,3201,04,"Pattison,Donna",6,3,3,4,1,5,1,1,,,,,,24,3.001
Fall 2025,BCHS,3201,05,"Pattison,Donna",6,5,6,1,5,1,,,,,,,,24,3.403
Fall 2025,BCHS,3201,06,"Pattison,Donna",3,5,7,2,1,3,,2,1,,,,,24,2.987
Fall 2025,BCHS,3201,08,"Pattison,Donna",2,2,9,1,3,3,1,2,,,,,1,24,2.805
Fall 2025,BCHS,3201,01,"Pattison,Donna",8,1,7,2,1,2,,1,,,,,1,23,3.116
Fall 2025,BCHS,3201,02,"Pattison,Donna",2,3,5,4,5,3,,1,,,,,,23,3.029
Fall 2025,BCHS,3201,07,"Pattison,Donna",1,,11,2,3,3,,2,,,,,1,23,2.739
Fall 2025,BCHS,3201,10,"Pattison,Donna",3,2,7,4,,5,,,,,1,1,,23,2.711
Fall 2025,BCHS,3201,09,"Pattison,Donna",7,1,4,2,,1,,1,,,,,1,17,3.138
Fall 2025,BCHS,3305,01,"Yi,Ping",31,10,1,8,5,2,1,4,,,,,,62,3.495
Fall 2025,BCHS,4307,01,"Widger,William R",10,4,3,5,5,5,5,7,2,,,2,6,54,2.414
Fall 2025,BCHS,4361,01,"Bawa-Khalfe,Tasneem",13,17,8,,7,1,,1,1,,,,,48,3.480
Fall 2025,BCHS,4313,02,"Rea,Michael A",9,,10,,,2,,,1,,,,2,24,2.958
Fall 2025,BCHS,4313,01,"Rea,Michael A",1,,2,,,5,,,,,,,1,9,2.222
Fall 2025,BCHS,4306,01,"Gunaratne,Preethi H",9,2,2,1,4,1,1,3,1,,,,3,27,2.851
Fall 2025,BCHS,6297,02,"Vicens,Quentin",9,2,,2,2,,,,,,,,,15,3.689
Fall 2025,BCHS,6297,01,"Yeo,Hye-Jeong",2,2,1,1,1,,,2,,,,,,9,3.222
Fall 2025,BCHS,4304,01,"White,Kristopher Ian",4,3,4,2,4,2,2,2,,,,,,23,3.029
Fall 2025,BCHS,4397,01,"Fujita,Masaya",8,5,1,1,4,,,3,,,,,,22,3.470
Fall 2025,BCHS,4355,01,"Schwartz,Robert J",8,1,,,2,,,,,,,,,11,3.848
Fall 2025,BCHS,3396,04,"Davis,Tiffany J",7,,,,,,,,,,,,,7,4.000
Fall 2025,BCHS,3396,05,"Yi,Ping",1,,,,,,,,,,,,,1,4.000
Fall 2025,BCHS,6230,01,"Widger,William R",4,,1,,,,,,,,,,,5,3.800
Fall 2025,BCHS,6238,01,"Schwartz,Robert J",4,,,,,,,,,,,,,4,4.000
Fall 2025,BCHS,3399,3,"Sen,Mehmet",3,,,,,,,,,,,,,3,4.000
Fall 2025,BCHS,4396,02,"Gunaratne,Preethi H",1,,,,,,,,,,,,,1,4.000
Fall 2025,BCHS,4396,4,"Daane,Jacob",1,,,,,,,,,,,,,1,4.000
Fall 2025,BCHS,6231,01,"Widger,William R",1,,,,,,,,,,,,,1,4.000
Fall 2025,BCHS,6397,01,"Fujita,Masaya",1,,,,,,,,,,,,,1,4.000
Fall 2025,BCHS,8199,01,"Willson,Richard",1,,,,,,,,,,,,,1,4.000
Fall 2025,BCHS,8399,07,"Lekven,Arne",1,,,,,,,,,,,,,1,4.000
Fall 2025,BCIS,1305,05,"Felvegi,Emese",282,17,18,11,7,5,3,5,2,1,,9,10,370,3.585
Fall 2025,BCIS,1305,02,"Felvegi,Emese",218,15,3,2,11,5,,7,,2,2,5,5,275,3.667
Fall 2025,BCIS,1305,03,"Felvegi,Emese",215,13,7,5,6,3,2,4,,7,1,6,4,273,3.614
Fall 2025,BCIS,1305,04,"Felvegi,Emese",220,9,3,4,8,7,4,7,1,2,2,2,4,273,3.668
Fall 2025,BCIS,1305,01,"Felvegi,Emese",24,,,,1,1,,,,,,,,26,3.897
Fall 2025,BIOE,6301,1,"Gifford,Howard",22,2,1,,1,,,,,,,,,26,3.910
Fall 2025,BIOE,6301,2,"Gifford,Howard",13,4,1,,,,,,,,,,,18,3.871
Fall 2025,BIOE,6301,3,"Gifford,Howard",3,,,,,,,,,,,,,3,4.000
Fall 2025,BIOE,2100,02,"Akay,Yasemin M",28,14,,2,,,,,,,,,1,45,3.749
Fall 2025,BIOE,4115,01,"Abidian,Mohammad Reza",20,2,,,,,,,,,,,,22,3.970
Fall 2025,BIOE,4115,02,"Abidian,Mohammad Reza",16,,,1,1,1,,,,,,,,19,3.789
Fall 2025,BIOE,4115,03,"Abidian,Mohammad Reza",3,1,,,,,,,,,,,,4,3.918
Fall 2025,BIOE,4315,01,"An,Ran",37,4,,,4,,,,,,,,,45,3.911
Fall 2025,BIOE,4335,01,"Du,Yuncheng",37,2,,,,,,,,,,,,39,3.983
Fall 2025,BIOE,6350,01,"Wu,Tianfu",14,4,,,,,,,,,,,,18,3.927
Fall 2025,BIOE,6350,3,"Wu,Tianfu",5,2,,,1,,,,,,,,1,9,3.408
Fall 2025,BIOE,6350,02,"Wu,Tianfu",,1,,,1,,,,,,,,,2,3.500
Fall 2025,BIOE,2331,01,"Shevkoplyas,Sergey",19,4,,1,2,,,,1,,,,,27,3.741
Fall 2025,BIOE,2201,01,"Li,Zhengwei",3,5,4,4,7,,,,,,,,,23,3.319
Fall 2025,BIOE,4303,01,"Abidian,Mohammad Reza",16,5,1,,1,,,,,,,,,23,3.856
Fall 2025,BIOE,6303,3,"Abidian,Mohammad Reza",7,1,,,2,,,,,,,,,10,3.833
Fall 2025,BIOE,6303,01,"Abidian,Mohammad Reza",3,3,,,,,,,,,,,,6,3.835
Fall 2025,BIOE,6303,02,"Abidian,Mohammad Reza",4,1,1,,,,,,,,,,,6,3.778
Fall 2025,BIOE,6397,7,"Aglyamov,Salavat",7,,,,,,,,,,,,,7,4.000
Fall 2025,BIOE,6397,9,"Wang,Lu",5,,,,,,,,,,,,,5,4.000
Fall 2025,BIOE,6397,1,"Sajja,Aaryani",2,1,,,,,,,,,,,,3,3.890
Fall 2025,BIOE,6397,11,"Wang,Lu",2,,,,,,,,,,,,,2,4.000
Fall 2025,BIOE,6397,8,"Aglyamov,Salavat",2,,,,,,,,,,,,,2,4.000
Fall 2025,BIOE,6397,10,"Wang,Lu",1,,,,,,,,,,,,,1,4.000
Fall 2025,BIOE,6397,2,"Sajja,Aaryani",1,,,,,,,,,,,,,1,4.000
Fall 2025,BIOE,6397,3,"Sajja,Aaryani",1,,,,,,,,,,,,,1,4.000
Fall 2025,BIOE,6315,4,"Akay,Metin",8,5,,,,,,,,,,,,13,3.873
Fall 2025,BIOE,6315,2,"Akay,Metin",2,3,,,,,,,,,,,,5,3.802
Fall 2025,BIOE,6315,3,"Akay,Metin",,1,1,,,,,,,,,,,2,3.335
Fall 2025,BIOE,6300,1,"Nordin,Andrew David",8,,4,,,,,,,,,,,12,3.667
Fall 2025,BIOE,6300,3,"Nordin,Andrew David",3,,1,,,,,,,,,,2,6,2.500
Fall 2025,BIOE,6300,2,"Nordin,Andrew David",1,,,,,,,,,,,,,1,4.000
Fall 2025,BIOE,3351,2,"Mohan,Chandra",10,,,,,,,,,,,,,10,4.000
Fall 2025,BIOE,3351,01,"Mohan,Chandra",7,,,,,,,,,,,,,7,4.000
Fall 2025,BIOE,6345,3,"Akay,Metin",4,8,,,,,,,,,,,1,13,3.489
Fall 2025,BIOE,6345,1,"Akay,Metin",2,,,,,,,,,,,,,2,4.000
Fall 2025,BIOE,6345,2,"Akay,Metin",2,,,,,,,,,,,,,2,4.000
Fall 2025,BIOE,6351,2,"Mohan,Chandra",9,,,,,,,,,,,,,9,4.000
Fall 2025,BIOE,6351,1,"Mohan,Chandra",7,,,,1,,,,,,,,,8,3.916
Fall 2025,BIOE,4397,1,"Sajja,Aaryani",5,1,,,,,,,,,,,,6,3.945
Fall 2025,BIOE,4397,4,"Aglyamov,Salavat",4,,,,,,,,,,,,1,5,3.200
Fall 2025,BIOE,4397,5,"Wang,Lu",4,,,,,,,,,,,,,4,4.000
Fall 2025,BIOE,3340,01,"Akay,Yasemin M",7,7,,,,,,,,,,,,14,3.835
Fall 2025,BIOE,4302,1,"Yousefi,Ali",11,1,2,,,,,,,,,,,14,3.834
Fall 2025,BIOE,3140,02,"Akay,Yasemin M",7,4,,1,1,,,,,,,,,13,3.745
Fall 2025,BIOE,3341,01,"Kazemi,Tina",8,2,3,,,,,,,,,,,13,3.718
Fall 2025,BIOE,6308,4,"Akay,Yasemin M",5,3,,,,,,,,,,,,8,3.876
Fall 2025,BIOE,6308,3,"Akay,Yasemin M",2,,,,,,,,,,,,,2,4.000
Fall 2025,BIOE,6308,2,"Akay,Yasemin M",1,,,,,,,,,,,,,1,4.000
Fall 2025,BIOE,4308,1,"Akay,Yasemin M",5,5,,,,,,,,,,,,10,3.835
Fall 2025,BIOE,4347,01,"Al-Ubaidi,Muayyad",5,2,1,,1,1,,,,,,,,10,3.567
Fall 2025,BIOE,8699,05,"Abidian,Mohammad Reza",2,,,,,,,,,,,,,2,4.000
Fall 2025,BIOE,8699,06,"Naash,Muna",2,,,,,,,,,,,,,2,4.000
Fall 2025,BIOE,8699,10,"Larin,Kirill",2,,,,,,,,,,,,,2,4.000
Fall 2025,BIOE,8699,01,"Akay,Metin",1,,,,,,,,,,,,,1,4.000
Fall 2025,BIOE,8699,02,"Mohan,Chandra",1,,,,,,,,,,,,,1,4.000
Fall 2025,BIOE,8699,15,"Shevkoplyas,Sergey",1,,,,,,,,,,,,,1,4.000
Fall 2025,BIOE,8699,22,"Du,Yuncheng",1,,,,,,,,,,,,,1,4.000
Fall 2025,BIOE,4313,1,"Francis,Joseph Thachil",3,2,1,1,,,,,,,,,1,8,3.126
Fall 2025,BIOE,4307,01,"Larin,Kirill",1,1,2,1,,,1,,,,,,1,7,2.573
Fall 2025,BIOE,5318,1,"Akay,Metin",6,1,,,,,,,,,,,,7,3.953
Fall 2025,BIOE,6306,1,"Francis,Joseph Thachil",3,1,,,1,,,,,,,,,5,3.800
Fall 2025,BIOE,6306,3,"Francis,Joseph Thachil",,,,,2,,,,,,,,,2,3.330
Fall 2025,BIOE,6347,01,"Larin,Kirill",5,,,,,,,,,,,1,,6,3.333
Fall 2025,BIOE,8399,01,"Akay,Metin",1,,,,,,,,,,,,,1,4.000
Fall 2025,BIOE,8399,04,"Abidian,Mohammad Reza",1,,,,,,,,,,,,,1,4.000
Fall 2025,BIOE,8399,06,"Al-Ubaidi,Muayyad",1,,,,,,,,,,,,,1,4.000
Fall 2025,BIOE,8399,10,"Larin,Kirill",1,,,,,,,,,,,,,1,4.000
Fall 2025,BIOE,8399,25,"Du,Yuncheng",1,,,,,,,,,,,,,1,4.000
Fall 2025,BIOE,5315,1,"Akay,Metin",1,2,,,,,,,,,,,,3,3.780
Fall 2025,BIOE,6320,1,"Horton,Renita Elillian",1,,,,,1,,,,,,,,2,3.000
Fall 2025,BIOE,3399,2,"Kumar,Vivek",,,,,,,,,,,,,1,1,0.000
Fall 2025,BIOE,6307,01,"Al-Ubaidi,Muayyad",,,,,1,,,,,,,,,1,3.330
Fall 2025,BIOE,6399,06,"Akay,Metin",1,,,,,,,,,,,,,1,4.000
Fall 2025,BIOE,7399,10,"Li,Zhengwei",1,,,,,,,,,,,,,1,4.000
Fall 2025,BIOL,1306,03,"Cheek,Ann Oliver",70,3,45,4,20,46,2,22,18,,10,19,25,284,2.399
Fall 2025,BIOL,1306,04,"Dimarco,Romina",61,19,52,24,33,23,13,21,5,4,6,9,14,284,2.732
Fall 2025,BIOL,1306,02,"Cheek,Ann Oliver",68,5,45,1,29,43,3,13,20,1,13,19,22,282,2.425
Fall 2025,BIOL,1306,05,"Medrano,Ana I",49,24,39,21,24,22,10,20,7,5,10,12,37,280,2.386
Fall 2025,BIOL,1306,01,"Dimarco,Romina",62,31,34,31,29,26,9,17,7,2,6,11,14,279,2.746
Fall 2025,BIOL,1306,50,"Cheek,Ann Oliver",13,,7,2,3,3,,3,,,1,1,1,34,3.019
Fall 2025,BIOL,1306,52,"Hanke,Marc H",4,4,3,4,2,4,2,4,1,,2,1,2,33,2.465
Fall 2025,BIOL,1306,53,"Sharp,Rita Evelyn",8,3,2,5,4,3,1,3,,,,1,1,31,2.914
Fall 2025,BIOL,1306,51,"Hanke,Marc H",6,5,4,2,2,1,3,1,1,,,1,4,30,2.556
Fall 2025,BIOL,1306,54,"Sharp,Rita Evelyn",7,4,3,1,5,,1,1,1,,1,,4,28,2.762
Fall 2025,BIOL,1106,01,"Medrano,Ana I",11,4,3,,,1,,1,1,,,1,2,24,3.042
Fall 2025,BIOL,1106,03,"Medrano,Ana I",22,,1,,,1,,,,,,,,24,3.875
Fall 2025,BIOL,1106,04,"Medrano,Ana I",14,5,2,,1,,,,,,,2,,24,3.487
Fall 2025,BIOL,1106,05,"Medrano,Ana I",21,1,1,,1,,,,,,,,,24,3.917
Fall 2025,BIOL,1106,07,"Medrano,Ana I",9,7,1,,1,1,1,1,,,,1,2,24,3.084
Fall 2025,BIOL,1106,08,"Medrano,Ana I",20,,2,1,,,,,,1,,,,24,3.723
Fall 2025,BIOL,1106,10,"Medrano,Ana I",17,1,,1,3,1,,,,,,,1,24,3.597
Fall 2025,BIOL,1106,13,"Medrano,Ana I",19,1,2,,2,,,,,,,,,24,3.847
Fall 2025,BIOL,1106,14,"Medrano,Ana I",13,6,2,,3,,,,,,,,,24,3.750
Fall 2025,BIOL,1106,15,"Medrano,Ana I",12,4,4,2,1,,,,,,,,1,24,3.473
Fall 2025,BIOL,1106,17,"Medrano,Ana I",10,2,5,,2,1,,1,,,,,3,24,3.055
Fall 2025,BIOL,1106,18,"Medrano,Ana I",14,2,2,1,3,1,,,,,,,1,24,3.500
Fall 2025,BIOL,1106,19,"Medrano,Ana I",14,2,6,,1,,,,,,,,1,24,3.528
Fall 2025,BIOL,1106,20,"Medrano,Ana I",11,4,4,1,3,,,,,,,1,,24,3.473
Fall 2025,BIOL,1106,21,"Medrano,Ana I",14,5,2,1,,,,,,,1,,1,24,3.515
Fall 2025,BIOL,1106,22,"Medrano,Ana I",14,2,3,3,2,,,,,,,,,24,3.625
Fall 2025,BIOL,1106,23,"Medrano,Ana I",13,,4,,3,2,1,,,,,1,,24,3.319
Fall 2025,BIOL,1106,25,"Medrano,Ana I",15,2,1,,3,1,,1,,,,,1,24,3.528
Fall 2025,BIOL,1106,26,"Medrano,Ana I",16,3,3,,1,,,1,,,,,,24,3.736
Fall 2025,BIOL,1106,27,"Medrano,Ana I",19,3,2,,,,,,,,,,,24,3.875
Fall 2025,BIOL,1106,28,"Medrano,Ana I",16,3,3,,,,,1,,,,,1,24,3.598
Fall 2025,BIOL,1106,29,"Medrano,Ana I",17,3,3,,,,,,,,,,1,24,3.667
Fall 2025,BIOL,1106,30,"Medrano,Ana I",17,1,3,,2,1,,,,,,,,24,3.722
Fall 2025,BIOL,1106,31,"Medrano,Ana I",18,,2,1,,1,,,,,,,2,24,3.445
Fall 2025,BIOL,1106,32,"Medrano,Ana I",17,,1,1,4,,,,,,,,1,24,3.625
Fall 2025,BIOL,1106,33,"Medrano,Ana I",15,4,1,1,1,,,,,,,,2,24,3.487
Fall 2025,BIOL,1106,35,"Medrano,Ana I",15,1,1,3,1,1,,1,,,,,1,24,3.431
Fall 2025,BIOL,1106,36,"Medrano,Ana I",19,1,,,1,,,,1,,,1,1,24,3.500
Fall 2025,BIOL,1106,37,"Medrano,Ana I",14,3,,,2,,,,1,,2,,2,24,3.222
Fall 2025,BIOL,1106,38,"Medrano,Ana I",21,1,1,,,,,,,,,,1,24,3.778
Fall 2025,BIOL,1106,39,"Medrano,Ana I",18,3,,1,,,,,,,,,2,24,3.570
Fall 2025,BIOL,1106,40,"Medrano,Ana I",15,1,2,,2,1,,,,,,,3,24,3.264
Fall 2025,BIOL,1106,41,"Medrano,Ana I",15,3,1,,2,,,,1,,1,,1,24,3.458
Fall 2025,BIOL,1106,44,"Medrano,Ana I",17,2,3,,,2,,,,,,,,24,3.681
Fall 2025,BIOL,1106,45,"Medrano,Ana I",14,2,5,1,1,1,,,,,,,,24,3.598
Fall 2025,BIOL,1106,46,"Medrano,Ana I",8,2,5,3,3,1,,,,,,,2,24,3.098
Fall 2025,BIOL,1106,47,"Medrano,Ana I",16,4,1,1,1,,,,,,,,1,24,3.653
Fall 2025,BIOL,1106,48,"Medrano,Ana I",14,2,3,,1,,,1,1,,,,2,24,3.292
Fall 2025,BIOL,1106,02,"Medrano,Ana I",8,10,2,,1,,,,,,,2,,23,3.393
Fall 2025,BIOL,1106,06,"Medrano,Ana I",21,,1,1,,,,,,,,,,23,3.899
Fall 2025,BIOL,1106,09,"Medrano,Ana I",9,7,2,,2,2,,,,,,,1,23,3.407
Fall 2025,BIOL,1106,11,"Medrano,Ana I",6,5,4,,6,,1,,,,,1,,23,3.304
Fall 2025,BIOL,1106,12,"Medrano,Ana I",13,,2,1,2,1,1,,1,,,1,1,23,3.130
Fall 2025,BIOL,1106,24,"Medrano,Ana I",14,2,1,,2,,1,,1,1,,,1,23,3.319
Fall 2025,BIOL,1106,34,"Medrano,Ana I",19,1,,1,,,1,,,1,,,,23,3.682
Fall 2025,BIOL,1106,42,"Medrano,Ana I",14,,3,,1,3,,,,,,1,1,23,3.232
Fall 2025,BIOL,1106,43,"Medrano,Ana I",12,3,2,,3,1,1,1,,,,,,23,3.522
Fall 2025,BIOL,1106,16,"Medrano,Ana I",15,2,1,,1,2,,,,,,,1,22,3.530
Fall 2025,BIOL,2301,01,"Wayne,Chad M",33,23,43,44,16,29,28,34,53,,,28,86,417,1.806
Fall 2025,BIOL,2301,02,"Gill,Tejendra",38,25,103,22,31,44,35,37,11,,21,21,27,415,2.377
Fall 2025,BIOL,3301,01,"Daane,Jacob",76,39,19,14,24,12,5,5,,,3,2,3,202,3.314
Fall 2025,BIOL,3301,04,"Meisel,Richard P",43,17,13,22,13,9,14,15,6,6,5,8,22,193,2.427
Fall 2025,BIOL,3301,03,"Meisel,Richard P",24,16,18,26,19,15,17,12,2,9,5,7,15,185,2.392
Fall 2025,BIOL,3301,02,"Daane,Jacob",60,30,22,12,21,10,2,9,2,,2,3,2,175,3.240
Fall 2025,BIOL,2101,01,"Gill,Tejendra",1,,8,2,1,3,1,1,2,,2,1,2,24,2.139
Fall 2025,BIOL,2101,05,"Gill,Tejendra",2,,6,1,2,4,,,1,,,4,4,24,1.847
Fall 2025,BIOL,2101,06,"Gill,Tejendra",4,3,5,1,2,4,,,1,,,2,2,24,2.514
Fall 2025,BIOL,2101,07,"Gill,Tejendra",8,1,6,1,2,4,1,,,1,,,,24,3.056
Fall 2025,BIOL,2101,08,"Gill,Tejendra",5,1,5,1,1,3,1,2,,2,1,1,1,24,2.486
Fall 2025,BIOL,2101,10,"Gill,Tejendra",5,2,6,1,,3,1,,2,,1,1,2,24,2.459
Fall 2025,BIOL,2101,11,"Gill,Tejendra",4,2,10,2,1,2,,,1,,,1,1,24,2.792
Fall 2025,BIOL,2101,16,"Gill,Tejendra",5,,4,2,,4,,,2,,2,1,4,24,2.083
Fall 2025,BIOL,2101,18,"Gill,Tejendra",1,2,9,3,2,2,,2,3,,,,,24,2.695
Fall 2025,BIOL,2101,21,"Gill,Tejendra",2,3,5,,1,2,,,5,,1,2,3,24,1.986
Fall 2025,BIOL,2101,22,"Gill,Tejendra",3,3,4,,4,2,1,,,,,1,6,24,2.250
Fall 2025,BIOL,2101,23,"Gill,Tejendra",3,3,6,2,2,2,1,,3,,,2,,24,2.570
Fall 2025,BIOL,2101,25,"Gill,Tejendra",6,1,5,3,,4,1,,1,,,1,2,24,2.556
Fall 2025,BIOL,2101,02,"Gill,Tejendra",6,1,6,1,,1,3,,3,,,1,1,23,2.537
Fall 2025,BIOL,2101,03,"Gill,Tejendra",2,1,7,2,3,2,1,1,2,,,1,1,23,2.522
Fall 2025,BIOL,2101,04,"Gill,Tejendra",2,,12,1,2,3,,,1,,,1,1,23,2.623
Fall 2025,BIOL,2101,09,"Gill,Tejendra",2,2,9,2,3,1,1,1,1,1,,,,23,2.841
Fall 2025,BIOL,2101,13,"Gill,Tejendra",5,3,6,,3,2,1,1,1,,,,1,23,2.957
Fall 2025,BIOL,2101,17,"Gill,Tejendra",5,,5,3,,4,1,,,,1,3,1,23,2.348
Fall 2025,BIOL,2101,19,"Gill,Tejendra",,1,4,1,2,4,,1,2,1,,5,2,23,1.652
Fall 2025,BIOL,2101,20,"Gill,Tejendra",,1,7,3,1,3,,,4,,,1,3,23,2.000
Fall 2025,BIOL,2101,24,"Gill,Tejendra",4,,9,2,1,2,,1,,,1,1,2,23,2.580
Fall 2025,BIOL,2101,26,"Gill,Tejendra",2,2,6,5,1,1,1,1,1,,1,2,,23,2.537
Fall 2025,BIOL,2101,28,"Gill,Tejendra",1,2,4,2,1,2,2,1,3,,,4,1,23,1.943
Fall 2025,BIOL,2101,12,"Gill,Tejendra",7,1,6,,3,1,,,,1,,1,2,22,2.833
Fall 2025,BIOL,2101,14,"Gill,Tejendra",7,2,7,,,2,3,1,,,,,,22,3.076
Fall 2025,BIOL,2101,15,"Gill,Tejendra",2,2,4,3,2,3,2,,2,,,1,1,22,2.425
Fall 2025,BIOL,2101,27,"Gill,Tejendra",5,1,6,,3,2,1,,,,,1,3,22,2.606
Fall 2025,BIOL,1308,02,"Gifford,Jenifer",47,24,45,26,23,31,17,21,10,4,8,19,18,293,2.456
Fall 2025,BIOL,1308,01,"Gifford,Jenifer",11,8,19,15,7,9,5,9,4,1,2,7,7,104,2.388
Fall 2025,BIOL,2321,01,"Knapp,Richard D",85,24,48,35,31,34,19,39,23,,21,4,32,395,2.558
Fall 2025,BIOL,2320,01,"Knapp,Richard D",66,26,44,29,25,29,16,21,36,,14,16,19,341,2.464
Fall 2025,BIOL,2302,02,"Ziburkus,Jokubas",13,13,36,13,16,16,27,23,6,,,,24,187,2.312
Fall 2025,BIOL,2302,01,"Ogletree-Hughes,Monique L",28,7,16,13,9,15,9,8,5,4,6,3,12,135,2.442
Fall 2025,BIOL,3311,01,"Kramer,Marianne Catherine",65,30,25,7,17,3,4,4,2,,1,4,1,163,3.348
Fall 2025,BIOL,3311,02,"Kramer,Marianne Catherine",43,18,17,9,19,4,2,2,1,,2,3,2,122,3.246
Fall 2025,BIOL,4315,01,"Ziburkus,Jokubas",35,18,11,6,13,8,5,7,,,1,,21,125,2.723
Fall 2025,BIOL,4315,02,"Ziburkus,Jokubas",32,10,8,4,19,5,6,8,,,,,9,101,2.983
Fall 2025,BIOL,3306,01,"Azevedo,Ricardo",26,14,35,7,12,16,2,9,,,1,1,7,130,2.897
Fall 2025,BIOL,3306,02,"Azevedo,Ricardo",13,7,28,6,9,11,2,5,,,,,4,85,2.878
Fall 2025,BIOL,4374,01,"Rea,Michael A",28,,29,,,39,,,24,1,,3,7,131,2.303
Fall 2025,BIOL,4374,02,"Rea,Michael A",16,,23,,,19,,,3,1,,1,2,65,2.687
Fall 2025,BIOL,2120,01,"Knapp,Richard D",6,3,3,2,2,2,,4,,,,1,1,24,2.889
Fall 2025,BIOL,2120,02,"Knapp,Richard D",8,3,2,2,4,3,,2,,,,,,24,3.264
Fall 2025,BIOL,2120,03,"Knapp,Richard D",5,3,4,1,1,3,2,,3,,1,1,,24,2.612
Fall 2025,BIOL,2120,05,"Knapp,Richard D",6,3,1,1,,3,1,5,1,,,,3,24,2.542
Fall 2025,BIOL,2120,06,"Knapp,Richard D",8,5,2,3,1,,1,2,2,,,,,24,3.168
Fall 2025,BIOL,2120,07,"Knapp,Richard D",8,2,5,4,3,1,1,,,,,,,24,3.278
Fall 2025,BIOL,2120,08,"Knapp,Richard D",8,1,3,2,1,3,2,1,1,,1,,1,24,2.806
Fall 2025,BIOL,2120,04,"Knapp,Richard D",10,2,3,1,4,2,,,,,,1,,23,3.319
Fall 2025,BIOL,2121,02,"Knapp,Richard D",11,3,1,1,5,2,1,,,,,,,24,3.458
Fall 2025,BIOL,2121,03,"Knapp,Richard D",7,,3,2,7,1,,4,,,,,,24,3.207
Fall 2025,BIOL,2121,04,"Knapp,Richard D",6,1,4,3,1,3,,1,4,,1,,,24,2.695
Fall 2025,BIOL,2121,05,"Knapp,Richard D",10,1,5,1,1,1,,5,,,,,,24,3.263
Fall 2025,BIOL,2121,01,"Knapp,Richard D",9,5,2,2,3,1,,,,,,,1,23,3.377
Fall 2025,BIOL,2121,06,"Knapp,Richard D",8,5,3,,5,2,,,,,,,,23,3.478
Fall 2025,BIOL,2121,07,"Knapp,Richard D",13,1,2,,3,1,,3,,,,,,23,3.507
Fall 2025,BIOL,2121,08,"Knapp,Richard D",3,3,7,3,3,,2,,,,1,,1,23,2.899
Fall 2025,BIOL,3324,01,"Wayne,Chad M",18,12,16,21,14,23,11,42,1,,,3,25,186,2.312
Fall 2025,BIOL,4103,02,"Wayne,Chad M",71,,4,4,4,4,,5,,,,,1,93,3.652
Fall 2025,BIOL,4103,01,"Wayne,Chad M",58,,8,1,8,1,,1,,,,,,77,3.762
Fall 2025,BIOL,3341,01,"Feng,Qin",61,35,22,16,23,3,,4,1,,1,,1,167,3.446
Fall 2025,BIOL,4354,01,"Gill,Tejendra",8,9,42,18,21,6,1,,,,1,1,5,112,2.893
Fall 2025,BIOL,2315,01,"Zufall,Rebecca A",47,8,24,2,,12,,,,,,1,2,96,3.320
Fall 2025,BIOL,1125,01,"Ogletree-Hughes,Monique L",23,7,4,2,1,1,1,1,1,,1,3,3,48,3.056
Fall 2025,BIOL,1125,02,"Ogletree-Hughes,Monique L",17,5,1,,4,1,,,2,,,1,,31,3.441
Fall 2025,BIOL,3340,01,"Pennings,Steven C",8,1,5,4,2,13,4,2,2,,,3,12,56,1.917
Fall 2025,BIOL,3304,01,"Cole,Blaine J",11,7,5,11,,9,1,,3,,,2,6,55,2.486
Fall 2025,BIOL,4320,01,"Chung,Sanghyuk",7,6,6,10,4,6,3,10,,,,,3,55,2.697
Fall 2025,BIOL,4384,1,"Lekven,Arne",31,1,8,,1,4,,,,,,2,1,48,3.396
Fall 2025,BIOL,3345,01,"Kramer,Marianne Catherine",12,6,9,4,12,1,1,,1,,,1,,47,3.241
Fall 2025,BIOL,4272,02,"Gifford,Jenifer",16,3,1,1,2,1,,,,,,,,24,3.723
Fall 2025,BIOL,4272,01,"Gifford,Jenifer",20,1,1,,1,,,,,,,,,23,3.913
Fall 2025,BIOL,6120,01,"Sater,Amy",34,1,,,,,,,,,,,,35,3.991
Fall 2025,BIOL,4342,50,"Hanke,Marc H",11,5,2,4,4,3,1,2,,,1,,,33,3.212
Fall 2025,BIOL,2397,01,"Nunez,Martin A",23,,1,1,,,,,,,,,,25,3.907
Fall 2025,BIOL,3350,01,"Sharp,Rita Evelyn",19,2,2,,2,,,,,,,,,25,3.840
Fall 2025,BIOL,6410,01,"Kelleher Meisel,Erin S",19,4,,1,,,,,,,,,,24,3.890
Fall 2025,BIOL,6350,01,"Lin,Chin-Yo",19,,,,,,,,,,,,,19,4.000
Fall 2025,BIOL,6351,01,"Ogletree-Hughes,Monique L",8,2,2,2,5,,,,,,,,,19,3.544
Fall 2025,BIOL,6356,01,"Gallagher,Colleen Mary",16,,,,,,,,,,,,,16,4.000
Fall 2025,BIOL,4366,01,"Graur,Dan",6,2,,,,1,,,1,,,2,1,13,2.642
Fall 2025,BIOL,4340,01,"Ekeoba,Jacqueline Njideka",3,1,1,1,,,,1,,,,,,7,3.381
Fall 2025,BIOL,4340,03,"Ekeoba,Jacqueline Njideka",4,,,,,,,,,,,,,4,4.000
Fall 2025,BIOL,6204,01,"Crawford,Kerri M",10,,,,,,,,,,,,,10,4.000
Fall 2025,BIOL,6315,02,"Ziburkus,Jokubas",4,3,2,1,,,,,,,,,,10,3.568
Fall 2025,BIOL,6230,01,"Dryer,Stuart E",9,,,,,,,,,,,,,9,4.000
Fall 2025,BIOL,6335,01,"Xu,Wangchao",6,2,,,,,,,,,,,,8,3.918
Fall 2025,BIOL,3396,02,"Frankino,William A",5,,,,,,,,,,,,,5,4.000
Fall 2025,BIOL,3396,05,"Frankino,William A",2,,,,,,,,,,,,,2,4.000
Fall 2025,BIOL,6384,01,"Lekven,Arne",6,1,,,,,,,,,,,,7,3.953
Fall 2025,BIOL,6231,01,"Khurana,Seema",1,2,,3,,,,,,,,,,6,3.225
Fall 2025,BIOL,6374,01,"Rea,Michael A",2,,2,,,1,,,,,,,,5,3.200
Fall 2025,BIOL,6374,02,"Rea,Michael A",1,,,,,,,,,,,,,1,4.000
Fall 2025,BIOL,4396,04,"Meisel,Richard P",1,,,,,,,,,,,,,1,4.000
Fall 2025,BIOL,4396,4,"Daane,Jacob",1,,,,,,,,,,,,,1,4.000
Fall 2025,BIOL,4396,5,"Gill,Tejendra",1,,,,,,,,,,,,,1,4.000
Fall 2025,BIOL,4396,6,"Chung,Sanghyuk",1,,,,,,,,,,,,,1,4.000
Fall 2025,BIOL,4396,7,"Lekven,Arne",1,,,,,,,,,,,,,1,4.000
Fall 2025,BIOL,4398,01,"Crawford,Kerri M",1,,,,,,,,,,,,,1,4.000
Fall 2025,BIOL,4398,02,"Peng,Weiyi",1,,,,,,,,,,,,,1,4.000
Fall 2025,BIOL,4398,03,"Frankino,William A",1,,,,,,,,,,,,,1,4.000
Fall 2025,BIOL,4398,04,"Nunez,Martin A",1,,,,,,,,,,,,,1,4.000
Fall 2025,BIOL,4398,5,"Chung,Sanghyuk",,1,,,,,,,,,,,,1,3.670
Fall 2025,BIOL,6354,01,"Gill,Tejendra",,,1,,2,,,,,,,,,3,3.220
Fall 2025,BIOL,3399,06,"Liu,Yu",1,,,,,,,,,,,,,1,4.000
Fall 2025,BIOL,3399,07,"Albecker,Molly A",1,,,,,,,,,,,,,1,4.000
Fall 2025,BIOL,8399,09,"Lin,Chin-Yo",1,,,,,,,,,,,,,1,4.000
Fall 2025,BIOL,8399,10,"Graur,Dan",1,,,,,,,,,,,,,1,4.000
Fall 2025,BIOL,6320,01,"Chung,Sanghyuk",,,,,1,,,,,,,,,1,3.330
Fall 2025,BIOL,8999,03,"Mohan,Chandra",1,,,,,,,,,,,,,1,4.000
Fall 2025,BTEC,1322,01,"Ibrahim,Eman Refaat",33,10,8,4,6,1,2,3,,,,2,1,70,3.367
Fall 2025,BTEC,1322,30,"Ibrahim,Eman Refaat",11,3,,1,3,,,,1,,,,,19,3.614
Fall 2025,BTEC,3301,30,"Flavier,Albert B",9,3,4,6,8,12,5,3,1,,2,2,3,58,2.494
Fall 2025,BTEC,3317,30,"Flavier,Albert B",5,5,11,7,5,5,4,3,2,,,,3,50,2.647
Fall 2025,BTEC,3200,30,"Ibrahim,Eman Refaat",18,1,,3,1,,,1,,,,,,24,3.723
Fall 2025,BTEC,3200,31,"Ibrahim,Eman Refaat",17,2,,2,1,,,1,,,,1,,24,3.598
Fall 2025,BTEC,2322,20,"Chitrala,Kumaraswamy Naidu",29,5,2,,3,2,,1,,,,,,42,3.730
Fall 2025,BTEC,3321,30,"Aghoghovbia-Pugh,Alero",7,3,6,2,6,6,3,2,,,,3,1,39,2.667
Fall 2025,BTEC,3302,30,"Lin,Yuheng",10,4,5,2,,3,1,10,,,1,,,36,2.981
Fall 2025,BTEC,4249,30,"Khan,Abdul Latif",20,4,,1,3,,,,,,,,,28,3.834
Fall 2025,BTEC,4350,30,"Khan,Abdul Latif",20,4,1,,1,,,,,,,,,26,3.885
Fall 2025,BTEC,4320,30,"Flavier,Albert B",1,4,5,4,3,1,2,2,,,,,1,23,2.798
Fall 2025,BTEC,4319,30,"Flavier,Albert B",2,1,3,3,2,2,,3,,,,,1,17,2.725
Fall 2025,BTEC,4300,31,"Balan,Venkatesh",3,3,2,3,1,,1,,1,,,,,14,3.073
Fall 2025,BTEC,6304,30,"Chitrala,Kumaraswamy Naidu",6,2,,,,,,,,,,,,8,3.918
Fall 2025,BTEC,6304,40,"Chitrala,Kumaraswamy Naidu",5,,,,,,,,,,,,1,6,3.333
Fall 2025,BTEC,4101,30,"Lin,Yuheng",3,4,,,5,,,,,,,,,12,3.611
Fall 2025,BTEC,4301,30,"Lin,Yuheng",2,5,1,,4,,,,,,,,,12,3.556
Fall 2025,BTEC,4100,30,"Balan,Venkatesh",8,2,,,1,,,,,,,,,11,3.879
Fall 2025,BTEC,6305,40,"Lin,Yuheng",3,,,,2,1,,,,,,,,6,3.443
Fall 2025,BTEC,6305,30,"Lin,Yuheng",1,,1,,1,,,,,,,,,3,3.443
Fall 2025,BTEC,6105,40,"Lin,Yuheng",1,2,,,,,,,,,,,,3,3.780
Fall 2025,BTEC,6105,30,"Lin,Yuheng",,2,,,,,,,,,,,,2,3.670
Fall 2025,BTEC,6100,30,"Khan,Abdul Latif",2,,,,,,,,,,,,,2,4.000
Fall 2025,BTEC,6100,40,"Khan,Abdul Latif",2,,,,,,,,,,,,,2,4.000
Fall 2025,BTEC,6101,40,"Ibrahim,Eman Refaat",3,,,,,,,,,,,,,3,4.000
Fall 2025,BTEC,6101,30,"Ibrahim,Eman Refaat",1,,,,,,,,,,,,,1,4.000
Fall 2025,BTEC,6302,30,"Flavier,Albert B",2,,,,1,1,,,,,,,,4,3.333
Fall 2025,BTEC,6399,31,"Khan,Abdul Latif",3,,,,,,,,,,,,,3,4.000
Fall 2025,BTEC,6399,33,"Lin,Yuheng",1,,,,,,,,,,,,,1,4.000
Fall 2025,BUAF,4301,26,,1,,1,,,,,,,,,,,2,3.500
Fall 2025,BUAF,4301,27,,2,,,,,,,,,,,,,2,4.000
Fall 2025,BUAF,4301,4,,,,1,,,,,,,,,,,1,3.000
Fall 2025,BUAF,4301,43,,1,,,,,,,,,,,,,1,4.000
Fall 2025,BUAF,4301,61,,,1,,,,,,,,,,,,1,3.670
Fall 2025,BUAF,4301,62,,,1,,,,,,,,,,,,1,3.670
Fall 2025,BURE,4301,4,,1,,,,,,,,,,,,,1,4.000
Fall 2025,BURE,4301,5,,1,,,,,,,,,,,,,1,4.000
Fall 2025,BURE,4301,9,,1,,,,,,,,,,,,,1,4.000
Fall 2025,BURE,3301,3,,1,,,,,,,,,,,,,1,4.000
Fall 2025,BUSI,1301,03,"Thompson,Joseph Lee",258,4,2,3,3,2,2,,2,1,1,2,1,281,3.851
Fall 2025,BUSI,1301,04,"Carvalho,Diogo",109,68,9,11,34,3,2,3,1,3,1,5,1,250,3.503
Fall 2025,BUSI,1301,08,"Johnson,Whitney Nicole",222,,3,3,1,2,,4,,,,8,7,250,3.687
Fall 2025,BUSI,1301,06,"Carvalho,Diogo",112,64,13,15,26,1,2,3,1,2,1,8,1,249,3.472
Fall 2025,BUSI,1301,07,"Farah,Elena",155,34,13,13,6,9,3,3,6,,,2,5,249,3.512
Fall 2025,BUSI,1301,05,"Carvalho,Diogo",86,54,18,21,34,4,3,6,2,4,4,9,,245,3.275
Fall 2025,BUSI,1301,02,"Thompson,Joseph Lee",26,,,,,,,,,,,,,26,4.000
Fall 2025,BUSI,1301,01,"Thompson,Joseph Lee",25,,,,,,,,,,,,,25,4.000
Fall 2025,BUSI,3302,04,"Hopkins,Troy D",375,,36,,,6,,,2,,,1,3,423,3.835
Fall 2025,BUSI,3302,02,"Hopkins,Troy D",377,,36,,,2,,,4,,,2,1,422,3.848
Fall 2025,BUSI,3302,01,"Hopkins,Troy D",167,,18,,,5,,,1,,,,1,192,3.818
Fall 2025,BUSI,4350,02,"Currie,Daniel David",178,64,4,9,11,1,,5,2,,,1,,275,3.764
Fall 2025,BUSI,4350,04,"Currie,Daniel David",163,63,12,7,21,2,,3,2,,,,2,275,3.712
Fall 2025,BUSI,4350,06,"Williams,John M",112,61,22,8,30,,2,6,,,1,2,4,248,3.539
Fall 2025,BUSI,4350,10,"Williams,John M",54,21,21,3,12,2,2,8,2,,2,1,2,130,3.344
Fall 2025,BUSI,4350,08,"Williams,John M",28,13,3,1,2,1,,1,,,,,,49,3.722
Fall 2025,BUSI,4350,12,"Williams,John M",12,4,,1,4,1,1,,,,1,2,2,28,2.988
Fall 2025,BUSI,4350,01,"Krylova,Ksenia O",10,7,,,1,,,,,,,,,18,3.834
Fall 2025,BUSI,2305,01,"Patterson,Staci A",22,20,22,14,14,29,19,10,13,22,16,8,62,271,1.747
Fall 2025,BUSI,2305,02,"Patterson,Staci A",20,19,14,15,7,24,10,12,19,15,20,15,61,251,1.607
Fall 2025,BUSI,2305,04,"Wiley,Briceon C",8,9,5,8,2,17,14,11,5,10,3,5,23,120,1.723
Fall 2025,BUSI,2305,05,"Patterson,Staci A",7,11,4,3,4,1,2,4,1,,2,2,5,46,2.609
Fall 2025,BUSI,2305,03,"Wiley,Briceon C",15,2,3,1,3,1,,,,,,,1,26,3.500
Fall 2025,BUSI,3300,03,"Harvey,Danny",47,4,,,,,,,,,,3,1,55,3.685
Fall 2025,BUSI,3300,01,"Munchbach,Jim",35,6,3,3,1,1,,,,1,,1,3,54,3.426
Fall 2025,BUSI,3300,04,"Benoit,Chelsea",32,4,,2,9,1,,1,,,1,,,50,3.673
Fall 2025,BUSI,3300,02,"Fellers,Vanessa",37,,3,,,2,,,2,,,1,3,48,3.396
Fall 2025,BUSI,3300,05,"Leal,Tyler",5,,,,,,,,,,,,,5,4.000
Fall 2025,BUSI,4305,03,"Simms,John Edward",6,7,2,1,3,,1,,,,,,,20,3.501
Fall 2025,BUSI,4397,02,"Newman,Michael Ray",12,2,1,,1,,,,,,,,,16,3.854
Fall 2025,BUSI,4397,01,"Newman,Michael Ray",,,,,1,,,,,,,,,1,3.330
Fall 2025,BUSI,4336,01,"Bailey-Rihawi,Esther Elizabeth",8,3,2,,1,,,,,,,,1,15,3.489
Fall 2025,BUSI,4335,01,"Khumawala,Saleha B",8,1,1,,,1,,,,,,,,11,3.697
Fall 2025,BZAN,6310,01,"Hou,Jinghui",58,14,3,,7,1,1,,,,,1,,85,3.757
Fall 2025,BZAN,6310,08,"Wiley,Briceon C",5,3,1,1,6,1,,1,,,,1,,19,3.210
Fall 2025,BZAN,6310,02,"Hou,Jinghui",3,2,3,,,1,,,,,,,,9,3.371
Fall 2025,BZAN,6310,6,"Johnson,Norman A",3,,,,1,1,,,,,,,,5,3.466
Fall 2025,BZAN,6310,5,"Johnson,Norman A",1,,2,,,,,,,,,,,3,3.333
Fall 2025,BZAN,6351,02,"Wang,Cheng",31,1,,,1,,,,,,,,,33,3.970
Fall 2025,BZAN,6351,03,"Singh,Raksha B",8,1,,,,,,,,,,,,9,3.963
Fall 2025,BZAN,6354,01,"Grimes,George M",17,,8,,,,,,,,,1,,26,3.538
Fall 2025,BZAN,6354,02,"Grimes,George M",11,,4,,,,,,,,,,,15,3.733
Fall 2025,BZAN,6350,01,"Wang,Cheng",18,,,,1,,,,,,,,,19,3.965
Fall 2025,BZAN,6350,02,"Singh,Raksha B",9,,,,,,,,,,,,,9,4.000
Fall 2025,BZAN,6357,01,"Ma,Xiao",9,9,2,4,1,,,,,,,2,,27,3.298
Fall 2025,BZAN,6361,02,"Aron,Ravi",16,,,,,,,,,,,,,16,4.000
Fall 2025,BZAN,6361,01,"Ma,Xiao",6,,,,,,,,,,,,,6,4.000
Fall 2025,BZAN,6360,01,"Aron,Ravi",8,3,,,,,,,,,,,,11,3.910
Fall 2025,BZAN,6360,02,"Aron,Ravi",5,2,,,1,,,,,,,1,,9,3.408
Fall 2025,BZAN,6356,01,"Grimes,George M",18,,,,,,,,,,,,,18,4.000
Fall 2025,BZAN,6353,01,"Aron,Ravi",2,3,6,1,3,,,,,,,,,15,3.311
Fall 2025,BZAN,7320,01,"Murray,Michael J",9,1,,,,,,,,,,,1,11,3.606
Fall 2025,BZAN,7320,02,"Murray,Michael J",,1,,,1,,,,,,,,,2,3.500
Fall 2025,CAAF,1301,1,,1,,,,,,,,,,,,,1,4.000
Fall 2025,CAAF,1301,4,,1,,,,,,,,,,,,,1,4.000
Fall 2025,CAAF,3301,4,,1,,,,,,,,,,,,,1,4.000
Fall 2025,CEA,3337,01,"Bopardikar,Ajit Shyamsunder",2,3,1,4,1,1,,3,1,,,,1,17,2.706
Fall 2025,CEA,3338,01,"Ramachandran,Deepa",7,1,1,,4,,,2,,,,,,15,3.510
Fall 2025,CEA,3201,01,"Meh Chu,Chu",11,,,,1,,,,,,,,,12,3.944
Fall 2025,CEA,4321,01,"Bopardikar,Ajit Shyamsunder",2,2,,2,6,,,,,,,,,12,3.388
Fall 2025,CEA,4422,01,"Bopardikar,Ajit Shyamsunder",1,2,3,1,1,,,,1,,,,,9,3.038
Fall 2025,CEA,4424,01,"Bopardikar,Ajit Shyamsunder",1,4,1,,2,,1,,,,,,,9,3.334
Fall 2025,CEA,4335,01,"Ramachandran,Deepa",6,1,,,,,,,,,,,,7,3.953
Fall 2025,CEA,4339,01,"Meh Chu,Chu",7,,,,,,,,,,,,,7,4.000
Fall 2025,CHEE,2331,01,"Nikolaou,Michael",8,5,10,4,8,8,4,11,,,,7,4,69,2.406
Fall 2025,CHEE,2331,02,"Nikolaou,Michael",3,,1,,3,,,1,,,,1,,9,3.036
Fall 2025,CHEE,6397,02,"Powell,Joseph Broun",24,,,,,,,,,,,,,24,4.000
Fall 2025,CHEE,6397,01,"Harold,Michael P",4,,9,3,1,,,,,,,,,17,3.196
Fall 2025,CHEE,6397,07,"Ratnakar,Ram Ratan",3,3,1,1,1,1,,,,,,,,10,3.401
Fall 2025,CHEE,6397,03,"Powell,Joseph Broun",7,,1,,,,,,,,,,,8,3.875
Fall 2025,CHEE,6397,05,"Robertson,Megan L",3,1,1,,1,,,,,,,,2,8,2.750
Fall 2025,CHEE,6397,04,"Orman,Mehmet",4,1,,,,,,,,,,,,5,3.934
Fall 2025,CHEE,6397,08,"Kaspar,Michael",1,,,,1,1,,,,,,,,3,3.110
Fall 2025,CHEE,6397,06,"Henderson,Jerrod A",1,,,,1,,,,,,,,,2,3.665
Fall 2025,CHEE,4367,01,"Balakotaiah,Vemuri",3,8,17,18,14,5,,10,,,,,1,76,2.899
Fall 2025,CHEE,4321,01,"Abdelrahman,Omar Abdelrahman Ali",12,12,15,13,12,2,2,6,,,,,1,75,3.107
Fall 2025,CHEE,3334,01,"Zerze,Hasan",6,8,12,16,11,,1,7,1,,,,3,65,2.888
Fall 2025,CHEE,3363,01,"Orman,Mehmet",6,9,13,2,10,6,,5,5,,,1,6,63,2.592
Fall 2025,CHEE,3333,01,"Robertson,Megan L",7,5,7,2,4,5,1,14,2,,,5,7,59,2.242
Fall 2025,CHEE,3300,01,"Donnelly,Vincent M",5,3,7,7,4,2,9,1,,,,,9,47,2.242
Fall 2025,CHEE,8399,09,"Karim,Alamgir",12,,,,,,,,,,,,,12,4.000
Fall 2025,CHEE,8399,18,"Vekilov,Peter",5,,,1,,,,,,,,,,6,3.778
Fall 2025,CHEE,8399,20,"Zerze,Gul",5,,,,,,,,,,,,,5,4.000
Fall 2025,CHEE,8399,01,"Balakotaiah,Vemuri",4,,,,,,,,,,,,,4,4.000
Fall 2025,CHEE,8399,17,"Varadarajan,Navin",4,,,,,,,,,,,,,4,4.000
Fall 2025,CHEE,8399,23,"Abdelrahman,Omar Abdelrahman Ali",4,,,,,,,,,,,,,4,4.000
Fall 2025,CHEE,8399,13,"Orman,Mehmet",3,,,,,,,,,,,,,3,4.000
Fall 2025,CHEE,8399,14,"Palmer,Jeremy",2,,,,,,,,,,,,,2,4.000
Fall 2025,CHEE,8399,16,"Robertson,Megan L",2,,,,,,,,,,,,,2,4.000
Fall 2025,CHEE,8399,02,"Bollini,Praveen P",1,,,,,,,,,,,,,1,4.000
Fall 2025,CHEE,8399,08,"Harold,Michael P",1,,,,,,,,,,,,,1,4.000
Fall 2025,CHEE,8399,11,"Mountziaris,Triantafillos John",1,,,,,,,,,,,,,1,4.000
Fall 2025,CHEE,8399,12,"Nikolaou,Michael",1,,,,,,,,,,,,,1,4.000
Fall 2025,CHEE,8399,21,"Henderson,Jerrod A",1,,,,,,,,,,,,,1,4.000
Fall 2025,CHEE,4361,01,"Cirino,Patrick C",22,10,6,,3,,1,,,,,,,42,3.675
Fall 2025,CHEE,6333,01,"Conrad,Jacinta C",4,5,2,,6,,,5,,,,,4,26,2.768
Fall 2025,CHEE,6333,02,"Conrad,Jacinta C",2,4,1,,3,,,,,,,,,10,3.567
Fall 2025,CHEE,6331,01,"Mountziaris,Triantafillos John",11,5,2,3,4,,,,,,,,,25,3.587
Fall 2025,CHEE,6331,02,"Mountziaris,Triantafillos John",5,1,2,,1,,,,,,,,,9,3.667
Fall 2025,CHEE,6335,01,"Vekilov,Peter",10,3,6,8,4,,,,,,,,,31,3.345
Fall 2025,CHEE,3367,01,"Kaspar,Michael",2,3,12,5,5,1,,1,,,,,,29,3.081
Fall 2025,CHEE,2332,01,"Palmer,Jeremy",9,4,2,1,5,,1,3,2,,,,1,28,3.095
Fall 2025,CHEE,3321,01,"Malamataris,Nikolaos",16,3,1,,,1,1,1,,,,,1,24,3.500
Fall 2025,CHEE,3321,03,"Malamataris,Nikolaos",1,,,,,,,,,,1,,1,3,1.777
Fall 2025,CHEE,3321,02,"Malamataris,Nikolaos",1,,,,,,,,,,,,,1,4.000
Fall 2025,CHEE,3466,01,"Willson,Richard",5,4,6,4,3,2,,2,,,,,,26,3.154
Fall 2025,CHEE,3462,01,"Zerze,Hasan",7,8,1,3,3,,,1,1,,,,,24,3.404
Fall 2025,CHEE,6385,01,"Zerze,Gul",18,1,,,,,,,,,,,,19,3.983
Fall 2025,CHEE,3369,01,"Henderson,Jerrod A",5,4,3,1,2,,,1,1,,,,,17,3.314
Fall 2025,CHEE,5397,01,"Harold,Michael P",3,,1,1,3,3,,2,,,,,,13,2.948
Fall 2025,CHEE,4398,02,"Grabow,Lars C",8,,,,,,,,,,,,,8,4.000
Fall 2025,CHEE,4398,01,"Zerze,Hasan",2,,,,,,,,,,,,,2,4.000
Fall 2025,CHEE,4398,03,"Robertson,Megan L",1,,,,,,,,,,,,,1,4.000
Fall 2025,CHEE,8699,02,"Karim,Alamgir",1,,,,,,,,,,,,,1,4.000
Fall 2025,CHEE,8699,03,"Willson,Richard",1,,,,,,,,,,,,,1,4.000
Fall 2025,CHEE,3399,01,"Robertson,Megan L",1,,,,,,,,,,,,,1,4.000
Fall 2025,CHEE,5323,1,"Horton,Renita Elillian",1,,,,,,,,,,,,,1,4.000
Fall 2025,CHEE,6399,02,"Vekilov,Peter",1,,,,,,,,,,,,,1,4.000
Fall 2025,CHEM,1311,1,"Larsen,Russell Gene",63,38,40,30,41,56,59,53,27,12,18,48,56,541,2.072
Fall 2025,CHEM,1311,4,"Guloy,Arnold M",41,28,28,33,28,27,40,32,8,16,17,34,62,394,1.951
Fall 2025,CHEM,1311,3,"Xu,Shoujun",47,30,17,23,35,26,25,26,7,1,6,27,34,304,2.293
Fall 2025,CHEM,1311,5,"Carrasquillo M,Edwin",29,24,22,21,30,18,24,40,4,3,8,33,43,299,2.047
Fall 2025,CHEM,1311,2,"Carrasquillo M,Edwin",27,13,14,22,27,17,17,16,6,4,6,16,16,201,2.302
Fall 2025,CHEM,1311,6,"Wang,Yuhong",6,1,6,3,6,4,13,2,1,3,,7,7,59,1.882
Fall 2025,CHEM,1111,01,"Zaitsev,Vladimir G",,3,4,3,8,,2,,,,,,1,21,2.905
Fall 2025,CHEM,1111,25,"Zaitsev,Vladimir G",1,6,4,,6,2,,1,,,,,1,21,3.063
Fall 2025,CHEM,1111,80,"Zaitsev,Vladimir G",2,4,5,,6,1,,,,,,,3,21,2.841
Fall 2025,CHEM,1111,02,"Zaitsev,Vladimir G",1,1,7,2,4,,,1,,1,,,3,20,2.517
Fall 2025,CHEM,1111,11,"Zaitsev,Vladimir G",1,2,8,1,4,1,,2,,,,,1,20,2.900
Fall 2025,CHEM,1111,15,"Zaitsev,Vladimir G",1,4,4,4,4,,,1,,,,,2,20,2.851
Fall 2025,CHEM,1111,21,"Zaitsev,Vladimir G",1,1,9,3,4,1,,,,,,,1,20,2.900
Fall 2025,CHEM,1111,22,"Zaitsev,Vladimir G",5,1,10,1,1,1,,,,,,1,,20,3.084
Fall 2025,CHEM,1111,23,"Zaitsev,Vladimir G",1,1,3,2,9,1,,2,,,,,1,20,2.932
Fall 2025,CHEM,1111,29,"Zaitsev,Vladimir G",2,2,7,1,5,1,,1,,,,,1,20,3.000
Fall 2025,CHEM,1111,31,"Zaitsev,Vladimir G",1,5,4,,7,,,1,,,,1,1,20,3.000
Fall 2025,CHEM,1111,32,"Zaitsev,Vladimir G",1,3,8,2,5,,,,,,,1,,20,3.050
Fall 2025,CHEM,1111,33,"Zaitsev,Vladimir G",3,4,7,2,2,,,2,,,,,,20,3.217
Fall 2025,CHEM,1111,43,"Zaitsev,Vladimir G",,1,6,1,10,,,,,,,,2,20,2.882
Fall 2025,CHEM,1111,46,"Zaitsev,Vladimir G",,2,10,1,2,,,1,,,,2,2,20,2.450
Fall 2025,CHEM,1111,49,"Zaitsev,Vladimir G",,4,6,,6,,,2,,,,,2,20,2.866
Fall 2025,CHEM,1111,62,"Zaitsev,Vladimir G",1,3,7,2,5,,,,,,,,2,20,2.900
Fall 2025,CHEM,1111,63,"Zaitsev,Vladimir G",3,3,4,5,3,,,2,,,,,,20,3.151
Fall 2025,CHEM,1111,64,"Zaitsev,Vladimir G",2,2,6,2,5,1,,1,,,,,1,20,2.983
Fall 2025,CHEM,1111,69,"Zaitsev,Vladimir G",,2,9,2,5,,,1,,,,1,,20,2.933
Fall 2025,CHEM,1111,73,"Zaitsev,Vladimir G",3,1,3,3,5,2,,2,,,,,1,20,2.900
Fall 2025,CHEM,1111,75,"Zaitsev,Vladimir G",,7,5,1,5,,1,,,,,,1,20,3.084
Fall 2025,CHEM,1111,78,"Zaitsev,Vladimir G",1,4,8,1,3,,,3,,,,,,20,3.117
Fall 2025,CHEM,1111,79,"Zaitsev,Vladimir G",1,6,2,2,5,,,1,,,2,,1,20,2.950
Fall 2025,CHEM,1111,82,"Zaitsev,Vladimir G",,3,6,3,7,,,1,,,,,,20,3.133
Fall 2025,CHEM,1111,89,"Zaitsev,Vladimir G",2,2,6,2,1,,1,1,,,,1,4,20,2.301
Fall 2025,CHEM,1111,05,"Zaitsev,Vladimir G",1,4,5,2,5,,,1,,,,,1,19,3.053
Fall 2025,CHEM,1111,09,"Zaitsev,Vladimir G",2,4,10,,1,,,1,,,,,1,19,3.071
Fall 2025,CHEM,1111,12,"Zaitsev,Vladimir G",,2,7,3,5,,,1,,,,,1,19,2.912
Fall 2025,CHEM,1111,14,"Zaitsev,Vladimir G",3,3,5,3,2,1,,,,,,,2,19,2.878
Fall 2025,CHEM,1111,17,"Zaitsev,Vladimir G",,6,6,,6,,,,,,,,1,19,3.158
Fall 2025,CHEM,1111,19,"Zaitsev,Vladimir G",1,4,11,,2,,,,,,,,1,19,3.071
Fall 2025,CHEM,1111,35,"Zaitsev,Vladimir G",,3,10,,4,,,1,,,,,1,19,2.982
Fall 2025,CHEM,1111,37,"Zaitsev,Vladimir G",1,3,2,2,5,,,,,,,2,4,19,2.263
Fall 2025,CHEM,1111,41,"Zaitsev,Vladimir G",2,5,5,4,2,,1,,,,,,,19,3.177
Fall 2025,CHEM,1111,44,"Zaitsev,Vladimir G",,2,8,4,3,2,,,,,,,,19,2.948
Fall 2025,CHEM,1111,52,"Zaitsev,Vladimir G",,5,5,2,6,,,,,,,,1,19,3.088
Fall 2025,CHEM,1111,61,"Zaitsev,Vladimir G",,3,5,4,4,,,,,,,,3,19,2.632
Fall 2025,CHEM,1111,71,"Zaitsev,Vladimir G",,1,7,,8,,,1,,,,,2,19,2.823
Fall 2025,CHEM,1111,74,"Zaitsev,Vladimir G",2,3,5,1,4,2,1,,,,,,1,19,2.930
Fall 2025,CHEM,1111,77,"Zaitsev,Vladimir G",1,5,4,5,3,,,1,,,,,,19,3.159
Fall 2025,CHEM,1111,81,"Zaitsev,Vladimir G",2,2,4,1,3,1,1,,,,,2,3,19,2.298
Fall 2025,CHEM,1111,83,"Zaitsev,Vladimir G",,3,5,1,10,,,,,,,,,19,3.262
Fall 2025,CHEM,1111,85,"Zaitsev,Vladimir G",,3,4,1,5,1,1,1,,,,1,2,19,2.544
Fall 2025,CHEM,1111,86,"Zaitsev,Vladimir G",2,3,8,,3,,,,,,1,1,1,19,2.859
Fall 2025,CHEM,1111,03,"Zaitsev,Vladimir G",,1,7,1,8,,,1,,,,,,18,3.128
Fall 2025,CHEM,1111,04,"Zaitsev,Vladimir G",,2,6,3,5,,,2,,,,,,18,3.037
Fall 2025,CHEM,1111,08,"Zaitsev,Vladimir G",2,3,4,1,3,2,,2,,,,1,,18,2.907
Fall 2025,CHEM,1111,26,"Zaitsev,Vladimir G",,3,8,3,1,1,,,,,,,2,18,2.686
Fall 2025,CHEM,1111,28,"Zaitsev,Vladimir G",1,2,6,,7,,,1,,,,1,,18,3.054
Fall 2025,CHEM,1111,34,"Zaitsev,Vladimir G",2,1,11,1,2,1,,,,,,,,18,3.111
Fall 2025,CHEM,1111,40,"Zaitsev,Vladimir G",2,,4,5,2,,,3,1,,,1,,18,2.667
Fall 2025,CHEM,1111,42,"Zaitsev,Vladimir G",2,1,9,,2,1,1,1,,,,,1,18,2.852
Fall 2025,CHEM,1111,55,"Zaitsev,Vladimir G",,4,6,2,5,,,,,,,,1,18,3.037
Fall 2025,CHEM,1111,65,"Zaitsev,Vladimir G",1,3,6,,6,,,2,,,,,,18,3.203
Fall 2025,CHEM,1111,67,"Zaitsev,Vladimir G",,4,5,,,1,1,1,,,,3,3,18,1.982
Fall 2025,CHEM,1111,70,"Zaitsev,Vladimir G",,3,5,2,5,1,,1,,,,1,,18,2.907
Fall 2025,CHEM,1111,87,"Zaitsev,Vladimir G",3,1,3,,4,1,,1,,,,2,3,18,2.351
Fall 2025,CHEM,1111,13,"Zaitsev,Vladimir G",1,1,3,4,4,1,1,1,,,,1,,17,2.745
Fall 2025,CHEM,1111,16,"Zaitsev,Vladimir G",,,7,3,5,,,1,,,,,1,17,2.823
Fall 2025,CHEM,1111,20,"Zaitsev,Vladimir G",,5,5,1,3,,,2,,,,,1,17,2.981
Fall 2025,CHEM,1111,76,"Zaitsev,Vladimir G",1,3,4,3,3,1,,,,,,1,1,17,2.765
Fall 2025,CHEM,1111,88,"Zaitsev,Vladimir G",3,2,1,2,4,2,,1,,,1,1,,17,2.862
Fall 2025,CHEM,1111,07,"Zaitsev,Vladimir G",3,3,7,1,1,,1,,,,,,,16,3.230
Fall 2025,CHEM,1111,84,"Zaitsev,Vladimir G",3,3,3,,2,,,1,,,,1,3,16,2.563
Fall 2025,CHEM,1111,10,"Zaitsev,Vladimir G",1,1,4,,2,,1,2,,,,2,2,15,2.177
Fall 2025,CHEM,2323,1,"Young,Crystal Ann",90,2,54,6,5,29,2,10,25,,,12,68,303,2.217
Fall 2025,CHEM,2323,2,"Young,Crystal Ann",55,4,49,1,9,41,7,6,31,1,,20,76,300,1.846
Fall 2025,CHEM,2323,3,"Miljanic,Ognjen S",48,5,78,5,10,49,4,6,18,2,4,27,43,299,2.121
Fall 2025,CHEM,2323,4,"Do,Loi H",9,,2,3,5,10,,,,,,,4,33,2.626
Fall 2025,CHEM,1312,4,"Chen,Tai-Yen",43,28,21,29,32,27,40,44,15,18,1,61,65,424,1.824
Fall 2025,CHEM,1312,1,"Larsen,Russell Gene",31,30,11,20,21,28,32,29,5,9,8,32,42,298,1.977
Fall 2025,CHEM,1312,3,"Czernuszewicz,Roman S",4,2,5,4,4,6,2,5,3,1,5,6,11,58,1.718
Fall 2025,CHEM,2123,03,"Young,Crystal Ann",3,2,7,2,,3,2,2,2,,,,1,24,2.570
Fall 2025,CHEM,2123,06,"Young,Crystal Ann",3,,3,2,1,4,2,5,1,,2,,1,24,2.347
Fall 2025,CHEM,2123,07,"Young,Crystal Ann",,5,1,3,4,1,1,5,,,1,,3,24,2.472
Fall 2025,CHEM,2123,10,"Young,Crystal Ann",,1,2,5,1,3,5,4,,,2,,1,24,2.195
Fall 2025,CHEM,2123,12,"Young,Crystal Ann",1,1,4,6,,5,2,,2,,2,,1,24,2.237
Fall 2025,CHEM,2123,14,"Young,Crystal Ann",,2,3,2,2,4,3,3,,,1,,4,24,2.070
Fall 2025,CHEM,2123,16,"Young,Crystal Ann",2,3,1,4,,1,4,4,1,2,,,2,24,2.210
Fall 2025,CHEM,2123,17,"Young,Crystal Ann",,1,4,6,4,3,1,4,,,,,1,24,2.583
Fall 2025,CHEM,2123,18,"Young,Crystal Ann",2,1,4,2,2,4,2,1,,,3,,3,24,2.222
Fall 2025,CHEM,2123,21,"Young,Crystal Ann",1,1,13,2,3,,1,2,,1,,,,24,2.875
Fall 2025,CHEM,2123,24,"Young,Crystal Ann",,2,8,2,1,6,2,2,,1,,,,24,2.528
Fall 2025,CHEM,2123,26,"Young,Crystal Ann",1,2,3,2,1,4,4,2,,2,2,,1,24,2.181
Fall 2025,CHEM,2123,28,"Young,Crystal Ann",,1,3,5,1,2,1,5,1,,3,,2,24,2.153
Fall 2025,CHEM,2123,01,"Young,Crystal Ann",,2,2,1,2,3,6,4,,1,1,,1,23,2.174
Fall 2025,CHEM,2123,08,"Young,Crystal Ann",,2,3,3,2,4,4,2,1,,1,,1,23,2.290
Fall 2025,CHEM,2123,09,"Young,Crystal Ann",1,1,1,3,2,3,5,1,1,,2,,3,23,1.986
Fall 2025,CHEM,2123,11,"Young,Crystal Ann",,2,5,2,2,3,3,2,1,,,1,2,23,2.218
Fall 2025,CHEM,2123,13,"Young,Crystal Ann",,1,6,2,1,3,3,2,,,3,,2,23,2.174
Fall 2025,CHEM,2123,19,"Young,Crystal Ann",,4,1,2,4,2,3,2,2,1,,,2,23,2.290
Fall 2025,CHEM,2123,20,"Young,Crystal Ann",2,1,3,2,3,4,2,,2,,2,,2,23,2.261
Fall 2025,CHEM,2123,02,"Young,Crystal Ann",1,1,2,5,1,3,2,2,1,,2,,2,22,2.182
Fall 2025,CHEM,2123,04,"Young,Crystal Ann",1,1,2,3,2,6,,3,1,,1,,2,22,2.257
Fall 2025,CHEM,2123,05,"Young,Crystal Ann",,2,2,6,,4,3,2,1,1,1,,,22,2.274
Fall 2025,CHEM,2123,15,"Young,Crystal Ann",,,5,6,,4,3,2,,1,1,,,22,2.304
Fall 2025,CHEM,2123,22,"Young,Crystal Ann",2,1,10,3,1,1,2,2,,,,,,22,2.864
Fall 2025,CHEM,2123,25,"Young,Crystal Ann",,2,3,4,1,3,2,,2,,,,4,21,1.985
Fall 2025,CHEM,2123,23,"Young,Crystal Ann",,1,5,4,1,4,1,1,,,,,3,20,2.234
Fall 2025,CHEM,2123,27,"Young,Crystal Ann",,1,3,2,1,5,2,1,,1,1,,2,19,2.053
Fall 2025,CHEM,2123,30,"Young,Crystal Ann",,1,2,3,2,1,2,2,1,,2,,2,18,2.111
Fall 2025,CHEM,1112,21,"Zaitsev,Vladimir G",3,2,7,,6,1,,1,,,,,1,21,3.079
Fall 2025,CHEM,1112,01,"Zaitsev,Vladimir G",1,3,4,4,6,,1,1,,,,,,20,3.084
Fall 2025,CHEM,1112,03,"Zaitsev,Vladimir G",2,5,6,3,4,,,,,,,,,20,3.284
Fall 2025,CHEM,1112,08,"Zaitsev,Vladimir G",1,4,4,3,4,,,2,,,,,2,20,2.834
Fall 2025,CHEM,1112,11,"Zaitsev,Vladimir G",,,6,2,7,,,,,,,1,4,20,2.333
Fall 2025,CHEM,1112,12,"Zaitsev,Vladimir G",1,4,4,2,7,,,1,,,,,1,20,3.083
Fall 2025,CHEM,1112,15,"Zaitsev,Vladimir G",1,2,11,1,2,,,2,,,,,1,20,2.917
Fall 2025,CHEM,1112,18,"Zaitsev,Vladimir G",1,1,7,1,5,,,2,,,,,3,20,2.633
Fall 2025,CHEM,1112,27,"Zaitsev,Vladimir G",2,2,5,1,4,3,1,1,,,,1,,20,2.817
Fall 2025,CHEM,1112,04,"Zaitsev,Vladimir G",1,3,7,2,4,1,1,,,,,,,19,3.071
Fall 2025,CHEM,1112,05,"Zaitsev,Vladimir G",1,4,5,1,6,,,,2,,,,,19,3.070
Fall 2025,CHEM,1112,06,"Zaitsev,Vladimir G",1,5,2,5,4,,,1,,,,,1,19,3.018
Fall 2025,CHEM,1112,07,"Zaitsev,Vladimir G",,3,5,1,10,,,,,,,,,19,3.262
Fall 2025,CHEM,1112,09,"Zaitsev,Vladimir G",3,2,3,6,,1,,2,,,,1,1,19,2.685
Fall 2025,CHEM,1112,14,"Zaitsev,Vladimir G",,5,4,1,4,2,,2,,,,1,,19,2.895
Fall 2025,CHEM,1112,17,"Zaitsev,Vladimir G",1,2,4,2,6,1,,1,,,,,2,19,2.789
Fall 2025,CHEM,1112,20,"Zaitsev,Vladimir G",1,4,11,,2,,,,,,,,1,19,3.071
Fall 2025,CHEM,1112,25,"Zaitsev,Vladimir G",,3,6,,7,,,1,,,,1,1,19,2.876
Fall 2025,CHEM,1112,26,"Zaitsev,Vladimir G",2,6,2,3,3,,,3,,,,,,19,3.211
Fall 2025,CHEM,1112,28,"Zaitsev,Vladimir G",1,2,7,2,2,,1,,,,,2,2,19,2.422
Fall 2025,CHEM,1112,02,"Zaitsev,Vladimir G",2,1,8,4,2,,,1,,,,,,18,3.074
Fall 2025,CHEM,1112,13,"Zaitsev,Vladimir G",3,2,6,4,3,,,,,,,,,18,3.223
Fall 2025,CHEM,1112,10,"Zaitsev,Vladimir G",,3,7,1,5,1,,,,,,,,17,3.137
Fall 2025,CHEM,1112,19,"Zaitsev,Vladimir G",2,6,1,,4,2,,2,,,,,,17,3.235
Fall 2025,CHEM,1112,22,"Zaitsev,Vladimir G",2,2,5,,3,2,1,,,,,,1,16,2.875
Fall 2025,CHEM,1305,1,"Czernuszewicz,Roman S",12,22,24,24,38,35,17,26,2,7,6,32,44,289,1.955
Fall 2025,CHEM,1305,1,"St Hill,Lydia Ruth",,3,8,2,5,4,4,8,5,3,10,7,25,84,1.317
Fall 2025,CHEM,2325,2,"Cai,Chengzhi",40,8,37,2,,41,8,,10,,,10,93,249,1.651
Fall 2025,CHEM,2325,1,"Comito,Robert Joseph",2,3,2,2,1,3,3,3,3,1,,9,20,52,1.064
Fall 2025,CHEM,2125,02,"Young,Crystal Ann",2,1,1,2,3,1,3,4,1,1,3,,2,24,2.166
Fall 2025,CHEM,2125,04,"Young,Crystal Ann",4,1,3,3,1,6,2,1,1,,,1,1,24,2.445
Fall 2025,CHEM,2125,08,"Young,Crystal Ann",4,2,2,2,1,,3,4,1,1,3,,1,24,2.417
Fall 2025,CHEM,2125,03,"Young,Crystal Ann",2,1,4,4,1,1,3,2,1,,2,,1,22,2.410
Fall 2025,CHEM,2125,05,"Young,Crystal Ann",,2,2,7,3,1,2,4,,,,,,21,2.699
Fall 2025,CHEM,2125,06,"Young,Crystal Ann",1,,2,3,3,7,,1,,1,,,1,19,2.368
Fall 2025,CHEM,2125,07,"Young,Crystal Ann",2,1,,2,3,3,2,2,,1,1,,1,18,2.389
Fall 2025,CHEM,3333,1,"Zastrow,Melissa L",10,12,11,18,12,6,3,4,1,,5,2,3,87,2.748
Fall 2025,CHEM,4373,1,"Lubchenko,Vassiliy",7,5,13,5,12,8,2,6,,,,,1,59,2.915
Fall 2025,CHEM,1105,01,"Zaitsev,Vladimir G",2,2,6,2,2,,,1,,,,,3,18,2.648
Fall 2025,CHEM,1105,04,"Zaitsev,Vladimir G",,4,4,1,2,1,,,,,,2,1,15,2.534
Fall 2025,CHEM,1105,03,"Zaitsev,Vladimir G",,5,2,2,2,,,,,,,,2,13,2.796
Fall 2025,CHEM,1105,02,"Zaitsev,Vladimir G",1,,3,1,4,,,1,,,,,2,12,2.610
Fall 2025,CHEM,3336,1,"Do,Loi H",7,2,10,6,1,5,,2,1,,,2,3,39,2.573
Fall 2025,CHEM,1321,1,"Halasyamani,P Shiv",5,1,3,3,5,3,2,3,1,,2,1,4,33,2.343
Fall 2025,CHEM,4372,1,"Yang,Ding-Shyue",3,1,3,6,4,1,5,2,1,,2,1,2,31,2.345
Fall 2025,CHEM,3133,01,"Zaitsev,Vladimir G",2,4,5,1,1,1,,,,,1,,,15,3.134
Fall 2025,CHEM,3133,02,"Zaitsev,Vladimir G",2,1,1,2,4,2,,,1,,1,1,,15,2.644
Fall 2025,CHEM,4272,1,"Czader,Arkadiusz",2,4,3,2,3,1,,,,,,,1,16,3.063
Fall 2025,CHEM,4272,2,"Czader,Arkadiusz",3,2,3,1,1,,1,,,,,1,1,13,2.770
Fall 2025,CHEM,6313,1,"Cho,Yeongsu",8,5,5,3,5,,,,,,,,,26,3.462
Fall 2025,CHEM,4229,1,"Czader,Arkadiusz",1,3,3,5,10,1,,1,,,,,1,25,3.000
Fall 2025,CHEM,4369,1,"Chiang,Naihao",4,3,5,4,4,1,,1,,,,,3,25,2.814
Fall 2025,CHEM,3369,1,"Czader,Arkadiusz",2,2,4,,3,,1,8,,,2,,2,24,2.513
Fall 2025,CHEM,3119,1,"Czader,Arkadiusz",1,3,6,,1,,1,,,,,,,12,3.168
Fall 2025,CHEM,3119,2,"Czader,Arkadiusz",1,2,1,,2,,,2,,,,,2,10,2.566
Fall 2025,CHEM,4365,1,"Teets,Thomas",3,1,4,4,4,1,,3,,,,,,20,3.033
Fall 2025,CHEM,6377,1,"Bocarsly,Joshua David",6,5,5,,4,,,,,,,,,20,3.534
Fall 2025,CHEM,4115,03,"Zaitsev,Vladimir G",2,4,4,4,5,,,,,,,,,19,3.264
Fall 2025,CHEM,6312,1,"Wu,Judy",8,5,,,5,,,,,,,,1,19,3.526
Fall 2025,CHEM,6351,1,"Carrow,Bradley",2,,4,5,7,1,,,,,,,,19,3.087
Fall 2025,CHEM,6374,1,"Latendresse,Trevor",7,1,5,,4,,,,,,,,,17,3.529
Fall 2025,CHEM,6311,1,"Mills,Leo Reginald",2,4,2,2,5,,,1,,,,,,16,3.313
Fall 2025,CHEM,6314,1,"Baldelli,Steve",,5,,,10,,,,,,,,,15,3.443
Fall 2025,CHEM,6352,1,"May,Jeremy A",2,1,6,2,2,,,2,,,,,,15,3.089
Fall 2025,CHEM,6333,1,"Baldelli,Steve",1,4,,,5,,,,,,,,,10,3.533
Fall 2025,CHEM,4364,1,"Wu,Judy",3,2,2,,,,,,,,,,,7,3.620
Fall 2025,CHEM,8999,13,"Lee,T Randall",5,,,,,,,,,,,,,5,4.000
Fall 2025,CHEM,8999,36,"Wu,Judy",1,,,,,,,,,,,,,1,4.000
Fall 2025,CHEM,8399,23,"May,Jeremy A",2,,,,,,,,,,,,,2,4.000
Fall 2025,CHEM,8399,10,"Brgoch,Jakoah",1,,,,,,,,,,,,,1,4.000
Fall 2025,CHEM,8399,11,"Baldelli,Steve",1,,,,,,,,,,,,,1,4.000
Fall 2025,CHEM,8399,24,"Bao,Jiming",,1,,,,,,,,,,,,1,3.670
Fall 2025,CHEM,4340,1,"Ekeoba,Jacqueline Njideka",,,,1,,,,,,,,,,1,2.670
Fall 2025,CHEM,4340,3,"Ekeoba,Jacqueline Njideka",1,,,,,,,,,,,,,1,4.000
Fall 2025,CHEM,2131,1,"Lee,T Randall",,,,,,,,,,,,,1,1,0.000
Fall 2025,CHEM,2132,1,"Lee,T Randall",,,,,,,,,,,,,1,1,0.000
Fall 2025,CHEM,3396,1,"Teets,Thomas",1,,,,,,,,,,,,,1,4.000
Fall 2025,CHEM,6399,21,"Chen,Tai-Yen",,1,,,,,,,,,,,,1,3.670
Fall 2025,CHEM,7399,22,"Chen,Tai-Yen",,1,,,,,,,,,,,,1,3.670
Fall 2025,CHIN,1501,03,"Zhang,Jing",9,1,3,1,3,2,2,2,,,,1,1,25,2.933
Fall 2025,CHIN,1501,01,"Zhang,Jing",5,4,1,2,2,2,,2,1,,1,,1,21,2.889
Fall 2025,CHIN,1501,07,"Wang,Wei",4,3,1,1,1,1,,1,,,1,2,2,17,2.451
Fall 2025,CHIN,3360,01,"Wang,Wei",4,4,9,6,7,6,1,4,2,1,5,1,,50,2.586
Fall 2025,CHIN,3350,01,"McArthur,Charles M",18,3,4,1,9,4,,2,,,,,,41,3.422
Fall 2025,CHIN,3301,01,"Zhang,Jing",7,1,3,1,2,2,1,,,,,,1,18,3.093
Fall 2025,CHIN,2311,01,"Zhang,Jing",7,2,2,,4,,,,1,,,,,16,3.479
Fall 2025,CHIN,4301,1,"Wen,Xiaohong Sharon",8,1,,,,1,1,,,,,,1,12,3.278
Fall 2025,CHIN,6397,1,"Zhang,Jing",,,,1,,,,,,,,,,1,2.670
Fall 2025,CIS,1348,1,"Albayrak,Levent",64,6,4,,7,2,1,2,,2,,7,9,104,3.125
Fall 2025,CIS,1348,30,"Albayrak,Levent",65,3,1,1,1,2,3,,1,,,,1,78,3.718
Fall 2025,CIS,1348,32,"Albayrak,Levent",62,2,1,1,1,,1,1,,,,3,2,74,3.626
Fall 2025,CIS,1348,31,"Albayrak,Levent",46,1,1,1,,2,,1,,,,,2,54,3.698
Fall 2025,CIS,2334,20,"Ratner,Edward",32,14,13,5,10,4,,1,2,1,,7,8,97,2.866
Fall 2025,CIS,2334,21,"Ratner,Edward",35,16,5,3,7,3,,2,,,,3,6,80,3.196
Fall 2025,CIS,2347,30,"Peddoju,Suresh Kumar",18,8,7,8,8,4,3,4,1,,,3,,64,3.026
Fall 2025,CIS,2347,31,"Peddoju,Suresh Kumar",18,9,8,4,5,5,1,8,1,,1,1,1,62,3.048
Fall 2025,CIS,2347,20,"Peddoju,Suresh Kumar",4,8,9,5,10,4,3,3,,,1,1,1,49,2.864
Fall 2025,CIS,3339,30,"Wu,Xuqing",99,27,12,,16,2,,1,1,,,,,158,3.745
Fall 2025,CIS,3320,20,"Ratner,Edward",19,15,19,6,10,3,,2,1,,,7,1,83,3.000
Fall 2025,CIS,3320,30,"Ratner,Edward",17,14,4,5,8,6,,3,,,,4,3,64,2.974
Fall 2025,CIS,3330,20,"Detillier,Bret James",6,4,18,7,7,14,6,11,,,,1,1,75,2.644
Fall 2025,CIS,3330,30,"Detillier,Bret James",1,3,8,3,7,10,8,15,1,,,2,2,60,2.327
Fall 2025,CIS,2336,30,"Wu,Xuqing",66,5,,,,1,,,,,,,1,73,3.895
Fall 2025,CIS,2336,31,"Huang,Yueqin",57,,1,,,,,1,,,,2,,61,3.825
Fall 2025,CIS,3343,31,"Detillier,Bret James",2,4,10,4,2,6,14,11,4,,,2,5,64,2.110
Fall 2025,CIS,3343,30,"Detillier,Bret James",2,4,8,6,1,6,12,11,3,1,3,1,2,60,2.189
Fall 2025,CIS,2337,30,"Lee,Kyu In",55,18,12,6,13,2,1,1,,,,,1,109,3.572
Fall 2025,CIS,1376,30,"Rodwell,Elizabeth Ann",23,22,7,10,17,4,1,6,,,2,3,5,100,3.034
Fall 2025,CIS,4365,31,"Hu,Renjie",26,15,9,,8,,,,2,,,,,60,3.578
Fall 2025,CIS,4365,30,"Hu,Renjie",17,11,4,,5,1,,,,,,,,38,3.658
Fall 2025,CIS,6323,30,"Zhang,Yunpeng",63,2,,,1,,,,,,,,,66,3.980
Fall 2025,CIS,6323,40,"Zhang,Yunpeng",21,,,,1,,,,,,,,,22,3.970
Fall 2025,CIS,4375,32,"Martinez,Jose C",12,1,19,,,10,,,,,,1,,43,2.992
Fall 2025,CIS,4375,31,"Martinez,Jose C",12,,11,,,7,1,,,,,,,31,3.118
Fall 2025,CIS,4355,30,"Peddoju,Suresh Kumar",22,5,3,2,4,3,1,,,,,1,,41,3.456
Fall 2025,CIS,4355,31,"Peddoju,Suresh Kumar",18,4,4,1,1,,2,1,,,,,,31,3.560
Fall 2025,CIS,2368,30,"Dobretsberger,Otto",29,1,4,,1,,,,,1,,1,2,39,3.479
Fall 2025,CIS,2368,31,"Dobretsberger,Otto",19,2,7,,1,,,,,,,2,1,32,3.365
Fall 2025,CIS,6362,20,"Burke,Ross",44,6,1,,3,,,,,,,,,54,3.908
Fall 2025,CIS,6362,40,"Burke,Ross",9,3,,1,2,,,,,,,,,15,3.756
Fall 2025,CIS,6324,30,"Conklin,William A",8,10,7,6,4,,,7,,,,,,42,3.223
Fall 2025,CIS,6324,40,"Conklin,William A",3,4,2,4,1,,,2,,,,,,16,3.209
Fall 2025,CIS,6321,30,"Lee,Kyu In",23,,1,,,,,,,,,1,,25,3.800
Fall 2025,CIS,6321,40,"Lee,Kyu In",22,1,,,,,,,,,,,,23,3.986
Fall 2025,CIS,6325,20,"Banerjee,Tania",31,,1,,,,,,,,,1,,33,3.848
Fall 2025,CIS,6325,40,"Banerjee,Tania",11,,3,,,,,,,,,1,,15,3.533
Fall 2025,CIS,3337,30,"Nsoh,Jovita T",35,3,1,,,,,,1,,,,,40,3.875
Fall 2025,CIS,4374,30,"Dobretsberger,Otto",10,7,10,2,1,4,,3,,,,2,1,40,2.984
Fall 2025,CIS,3367,30,"Martinez,Jose C",15,2,9,2,,3,1,,,,,,,32,3.355
Fall 2025,CIS,6371,30,"Luo,Changqing",16,1,,,,,,,,,,,,17,3.981
Fall 2025,CIS,6371,40,"Luo,Changqing",7,1,,,,,,,,,,,,8,3.959
Fall 2025,CIS,4338,20,"Miertschin,Susan L",8,3,5,1,3,,1,,,,,1,,22,3.288
Fall 2025,CIS,6358,30,"Nsoh,Jovita T",8,,,,,,,,,,,,,8,4.000
Fall 2025,CIS,6396,30,"Conklin,William A",3,,,,,,,,,,,,,3,4.000
Fall 2025,CIS,6367,1,"Conklin,William A",1,,,,,,,,,,,,,1,4.000
Fall 2025,CIS,6367,40,"Conklin,William A",1,,,,,,,,,,,,,1,4.000
Fall 2025,CIS,6399,30,"Zhang,Yunpeng",,2,,,,,,,,,,,,2,3.670
Fall 2025,CIS,6398,30,"Lee,Kyu In",1,,,,,,,,,,,,,1,4.000
Fall 2025,CIVE,4333,03,"Rixey,William G",11,8,1,4,7,3,1,1,,,,,,36,3.343
Fall 2025,CIVE,4333,01,"Wang,Meng",21,5,6,,1,,,1,,,,,,34,3.706
Fall 2025,CIVE,4332,03,"Li,Hongyi",35,18,5,3,5,1,1,,,,,,,68,3.668
Fall 2025,CIVE,2332,01,"Phatak,Tejasree Mohan",7,2,6,4,2,1,16,4,,2,,5,15,64,1.720
Fall 2025,CIVE,3331,03,"Louie,Stacey M",9,13,4,5,7,4,1,5,1,,1,,4,54,2.889
Fall 2025,CIVE,3380,01,"Xie,Surui",3,4,8,6,4,3,4,9,,1,,,2,44,2.599
Fall 2025,CIVE,3380,03,"Chang,Chi Chung",7,1,,,2,,,,,,,,,10,3.833
Fall 2025,CIVE,3339,01,"Phatak,Tejasree Mohan",5,3,5,2,7,2,3,3,,,,,1,31,2.925
Fall 2025,CIVE,3339,05,"Zamiran,Siavash",5,,6,,,2,,,1,,,,1,15,2.867
Fall 2025,CIVE,3337,03,"Zhang,Ruda",4,10,3,8,1,3,1,5,1,,,,2,38,2.808
Fall 2025,CIVE,3337,04,"Hossain,Sk Amjad",3,,2,,,1,,,,,,,,6,3.333
Fall 2025,CIVE,3397,01,"Glennie,Craig Len",7,1,5,7,5,,4,6,1,,1,2,4,43,2.442
Fall 2025,CIVE,4311,01,"Herman,Reagan",13,10,3,3,8,,1,,,,,,,38,3.527
Fall 2025,CIVE,4364,01,"Herman,Reagan",12,3,2,3,2,3,5,2,3,,,,2,37,2.748
Fall 2025,CIVE,3332,01,"Krakowiak,Konrad",6,4,,,4,,,,,,,,,14,3.714
Fall 2025,CIVE,3332,05,"Zamiran,Siavash",10,,1,,,1,,,,,,,,12,3.750
Fall 2025,CIVE,3434,01,"Wang,Keh-Han",3,2,6,4,5,2,1,1,,,,,2,26,2.795
Fall 2025,CIVE,4312,03,"Mo,Larry Yi-Lung",20,5,1,,,,,,,,,,,26,3.898
Fall 2025,CIVE,6358,01,"Hoskere,Vedhus",8,6,3,4,1,1,,,,,,,,23,3.436
Fall 2025,CIVE,7397,05,"Momen,Mostafa",3,6,,,1,,,,,,,,,10,3.735
Fall 2025,CIVE,7397,01,"Ferdowsi,Behrooz",6,,,,,,,,,,,,,6,4.000
Fall 2025,CIVE,7397,09,"Rifai,Hanadi S",5,,,,,,,,,,,,,5,4.000
Fall 2025,CIVE,7397,06,"Momen,Mostafa",,,1,,,,,,,,,,,1,3.000
Fall 2025,CIVE,7336,01,"Nakshatrala,Kalyana",4,11,1,,4,,,,,,,,1,21,3.461
Fall 2025,CIVE,4337,01,"Phatak,Tejasree Mohan",2,1,4,7,3,1,2,,,,,,,20,2.885
Fall 2025,CIVE,6355,01,"Mo,Larry Yi-Lung",13,,,,1,,,,,,,,1,15,3.689
Fall 2025,CIVE,6355,02,"Mo,Larry Yi-Lung",2,,1,,,,,,,,,,1,4,2.750
Fall 2025,CIVE,6337,01,"Krakowiak,Konrad",4,,6,,,,,,,,,1,,11,3.091
Fall 2025,CIVE,6337,02,"Krakowiak,Konrad",1,,2,,,2,,,1,,,1,,7,2.143
Fall 2025,CIVE,5362,02,"Shaffer,Devin",2,,9,,1,2,1,,,,,,,15,2.933
Fall 2025,CIVE,6335,01,"Belarbi,Abdeldjelil",4,,,,3,,1,,,,,,,8,3.458
Fall 2025,CIVE,6335,02,"Belarbi,Abdeldjelil",1,1,,,1,1,,,,,,,2,6,2.167
Fall 2025,CIVE,6370,01,"Momen,Mostafa",5,5,,,2,,,,,,,,,12,3.751
Fall 2025,CIVE,6370,02,"Momen,Mostafa",,1,,,1,,,,,,,,,2,3.500
Fall 2025,CIVE,6393,01,"Lee,Hyongki",2,6,1,1,2,,,,,,,,,12,3.529
Fall 2025,CIVE,7342,01,"Deng,Fanghui",6,4,,,1,,,,,,,,,11,3.819
Fall 2025,CIVE,7342,03,"Deng,Fanghui",1,,,,,,,,,,,,,1,4.000
Fall 2025,CIVE,6363,01,"Li,Hongyi",6,,,,1,,,,,,,,,7,3.904
Fall 2025,CIVE,6363,02,"Li,Hongyi",3,,,,,,,,,,,,,3,4.000
Fall 2025,CIVE,6378,01,"Louie,Stacey M",2,,,,2,,1,,,,,,,5,3.266
Fall 2025,CIVE,6378,02,"Louie,Stacey M",1,1,,,,,,,,,1,,2,5,1.800
Fall 2025,CIVE,6377,01,"Rahimi,Mohammad",3,1,1,,,,,,,,,,,5,3.734
Fall 2025,CIVE,6377,03,"Rahimi,Mohammad",,,,,1,,,1,,,,,2,4,1.415
Fall 2025,CIVE,6362,01,"Shaffer,Devin",2,,3,,,,,,,,,,,5,3.400
Fall 2025,CIVE,6362,02,"Shaffer,Devin",,,2,,,,,,,,,,,2,3.000
Fall 2025,CIVE,6384,01,"Lee,Hyongki",2,,,,3,,,,,,,,,5,3.598
Fall 2025,CIVE,6384,02,"Lee,Hyongki",,,,1,,,,,,,,,1,2,1.335
Fall 2025,CIVE,8399,07,"Li,Hongyi",4,,,,,,,,,,,,,4,4.000
Fall 2025,CIVE,8399,02,"Glennie,Craig Len",1,,,,,,,,,,,,,1,4.000
Fall 2025,CIVE,8399,05,"Lee,Hyongki",1,,,,,,,,,,,,,1,4.000
Fall 2025,CIVE,8399,09,"Rodrigues,Debora Frigi",1,,,,,,,,,,,,,1,4.000
Fall 2025,CIVE,6381,01,"Milillo,Pietro",5,,,,,,,,,,,,,5,4.000
Fall 2025,CIVE,7350,01,"Belarbi,Abdeldjelil",3,1,,,,,,,,,,,,4,3.918
Fall 2025,CIVE,7350,02,"Belarbi,Abdeldjelil",1,,,,,,,,,,,,,1,4.000
Fall 2025,CIVE,5397,02,"Deng,Fanghui",,1,1,,1,,,,,,,,,3,3.333
Fall 2025,CIVE,7399,04,"Milillo,Pietro",,1,,,,,,,,,,,,1,3.670
Fall 2025,CIVE,7399,06,"Rifai,Hanadi S",1,,,,,,,,,,,,,1,4.000
Fall 2025,CIVE,7399,07,"Wang,Keh-Han",1,,,,,,,,,,,,,1,4.000
Fall 2025,CIVE,8999,08,"Hoskere,Vedhus",2,,,,,,,,,,,,,2,4.000
Fall 2025,CIVE,8999,05,"Momen,Mostafa",1,,,,,,,,,,,,,1,4.000
Fall 2025,CIVE,8699,05,"Lee,Hyongki",1,,,,,,,,,,,,,1,4.000
Fall 2025,CIVE,8699,08,"Krakowiak,Konrad",1,,,,,,,,,,,,,1,4.000
Fall 2025,CLAS,3381,1,"Armstrong,Richard H",18,11,5,3,9,1,,,,,,,3,50,3.347
Fall 2025,CLAS,3350,1,"Armstrong,Richard H",22,1,2,3,4,,,,,,,1,,33,3.606
Fall 2025,CLAS,3399,1,"Behr,Francesca D",1,,,,,,,,,,,,,1,4.000
Fall 2025,CNE,3310,03,"Safa,Mahdi",15,,9,,,1,,,,,,,,25,3.560
Fall 2025,CNE,3311,03,"Lyon,Eva Yaneth",3,2,2,3,3,2,1,,,,,,,16,3.063
Fall 2025,CNE,4326,01,"Safa,Mahdi",3,,3,,,,,,,,,,,6,3.500
Fall 2025,CNE,4323,02,"Chang,Chi Chung",5,,,,,,,,,,,,,5,4.000
Fall 2025,CNE,4312,01,"Safa,Mahdi",3,,,,,,,,,,,,,3,4.000
Fall 2025,CNST,1361,01,"Beadle,Dwight D",171,,36,,,9,,,1,,,7,1,225,3.604
Fall 2025,CNST,1330,1,"Clark,Peter J",18,27,48,12,41,20,5,13,3,,,7,4,198,2.855
Fall 2025,CNST,1330,60,"Ray,Kyle A",3,2,1,2,3,,1,2,,,2,1,,17,2.745
Fall 2025,CNST,2351,01,"Sheppard,Travis",36,,22,,,12,,,4,,,,5,79,3.013
Fall 2025,CNST,2351,02,"Sheppard,Travis",28,,17,,,4,,,4,,,,2,55,3.182
Fall 2025,CNST,3301,1,"Al-Nahhas,Amer Faisal",33,,70,,,21,,,6,,,1,1,132,2.955
Fall 2025,CNST,1301,01,"Zaheri,Mohammad J",24,38,16,3,42,1,,2,,1,,1,1,129,3.400
Fall 2025,CNST,2341,01,"Murphy,Kevin Michael",49,35,6,8,18,2,1,1,,,,2,2,124,3.482
Fall 2025,CNST,3331,1,"Molina,Mariel",34,,24,,,,,,2,,,,,60,3.500
Fall 2025,CNST,3331,2,"Molina,Mariel",23,,26,,,8,,,1,,,,,58,3.224
Fall 2025,CNST,3351,1,"Siddiqui,Muhammad Ali",9,16,9,2,18,1,,4,,,,,1,60,3.305
Fall 2025,CNST,3351,2,"Siddiqui,Muhammad Ali",9,14,4,5,9,4,,3,,,,2,1,51,3.092
Fall 2025,CNST,3265,2,"Lupher,Jacob John",32,11,7,3,4,,,1,,,,1,,59,3.611
Fall 2025,CNST,3265,1,"Lupher,Jacob John",15,10,6,9,5,2,1,3,,,,,,51,3.295
Fall 2025,CNST,3155,01,"Meyer,Joseph Ray",87,5,1,5,4,2,,3,,,,,,107,3.804
Fall 2025,CNST,3355,1,"Hossain,Sk Amjad",49,,40,,,7,,,4,,,1,3,104,3.212
Fall 2025,CNST,4302,2,"Ducran,Denis George",22,4,20,7,7,17,,8,4,,,1,,90,2.904
Fall 2025,CNST,4302,60,"Escobar,C Mauricio",8,1,1,,3,,,1,,,,,,14,3.642
Fall 2025,CNST,4220,20,"Beadle,Dwight D",50,1,43,,,5,,,,,,,,99,3.461
Fall 2025,CNST,2321,01,"Gonzalez,Marcos G",48,19,1,6,9,,2,1,,,,1,1,88,3.595
Fall 2025,CNST,2360,1,"Sheppard,Travis",51,,6,,,3,,,,,,,1,61,3.738
Fall 2025,CNST,2360,60,"Escobar,C Mauricio",,10,3,4,8,,,1,,,,1,,27,3.161
Fall 2025,CNST,3205,1,"Hart,Lee J",55,,2,,,2,,,,,,,,59,3.898
Fall 2025,CNST,3205,2,"Hart,Lee J",26,,,,,1,,,,,,,,27,3.926
Fall 2025,CNST,6308,2,"Gao,Lu",39,,1,,,,,,,,,,,40,3.975
Fall 2025,CNST,6308,1,"Gao,Lu",31,,1,4,,1,,,,,,,,37,3.775
Fall 2025,CNST,6308,40,"Gao,Lu",2,,,,,,,,,,,,,2,4.000
Fall 2025,CNST,6310,2,"Ducran,Denis George",48,,,,,1,,,,,,,,49,3.959
Fall 2025,CNST,6310,1,"Ducran,Denis George",24,1,1,,,,,,,,,,,26,3.949
Fall 2025,CNST,6310,40,"Ducran,Denis George",3,,,,,,,,,,,,,3,4.000
Fall 2025,CNST,4345,1,"Chang,Chi Chung",24,13,19,5,16,,,,,,,,,77,3.472
Fall 2025,CNST,3372,1,"Meyer,Joseph Ray",56,10,1,1,5,1,,,,,,,,74,3.852
Fall 2025,CNST,4341,1,"Bouhou,Nour-El Imane",17,21,5,3,21,,,3,,,,,,70,3.500
Fall 2025,CNST,3185,1,"Gonzalez,Marcos G",44,6,1,3,3,,,,,,,,,57,3.842
Fall 2025,CNST,3185,60,"Beadle,Dwight D",12,,,,,,,,,,,,,12,4.000
Fall 2025,CNST,4331,01,"Khan,Taimoor",24,13,,,,,,,,,,2,,39,3.685
Fall 2025,CNST,4331,2,"Menendez,Daniel",,7,4,6,4,,,5,,,,,,26,3.026
Fall 2025,CNST,6350,1,"Gao,Lu",38,,,4,,1,,,,,,,,43,3.830
Fall 2025,CNST,6350,40,"Gao,Lu",5,,,,,,,,,,,,,5,4.000
Fall 2025,CNST,6350,20,"Gao,Lu",3,,1,,,,,,,,,,,4,3.750
Fall 2025,CNST,4315,1,"Chang,Chi Chung",13,10,9,5,12,,,,,,,,,49,3.449
Fall 2025,CNST,6340,02,"Kim,Kinam",35,,,1,,,,,,,,1,,37,3.856
Fall 2025,CNST,6340,01,"Kim,Kinam",4,1,,,1,,,,,,,,,6,3.833
Fall 2025,CNST,6340,40,"Kim,Kinam",1,,,,1,,,,,,,,,2,3.665
Fall 2025,CNST,3365,1,"Glumac,Carmel",14,,7,,12,3,1,3,1,,,,2,43,3.084
Fall 2025,CNST,1325,1,"Ponnusamy,Ravi Chandran",16,,8,,,1,,,,,,,,25,3.600
Fall 2025,CNST,3210,1,"Zayas,Frederick A",5,3,,4,9,,,1,,,,,,22,3.363
Fall 2025,CNST,2325,1,"Zayas,Frederick A",1,1,4,4,1,,,8,,,,,2,21,2.491
Fall 2025,CNST,6375,1,"Din,Zia Ud",14,3,,,4,,,,,,,,,21,3.825
Fall 2025,CNST,6307,1,"Senouci,Ahmed",3,6,5,1,4,,,,,,,,1,20,3.251
Fall 2025,CNST,4397,1,"Kim,Kinam",5,1,,4,1,1,,2,,,,2,,16,2.771
Fall 2025,CNST,6335,40,"Beadle,Dwight D",7,,,,,,,,,,,,,7,4.000
Fall 2025,CNST,6335,60,"Beadle,Dwight D",6,,,,,,,,,,,1,,7,3.429
Fall 2025,CNST,6335,1,"Beadle,Dwight D",1,,,,,,,,,,,,,1,4.000
Fall 2025,CNST,4385,1,"Velez,Ismael Damien",10,1,,1,1,,,,,,,,,13,3.821
Fall 2025,CNST,6380,2,"Din,Zia Ud",8,,,,1,,,,,,,,,9,3.926
Fall 2025,CNST,6380,1,"Din,Zia Ud",4,,,,,,,,,,,,,4,4.000
Fall 2025,CNST,6399,1,"Gao,Lu",2,,,,,,,,,,,,,2,4.000
Fall 2025,COMD,2338,3,"Townsend,Alayna",28,,3,,2,1,,,,,,,1,35,3.705
Fall 2025,COMD,2338,02,"Bunta,Ferenc",6,2,4,2,5,,1,1,,,4,1,4,30,2.488
Fall 2025,COMD,2338,4,"Schaff,Carrie Allyson",9,4,,4,4,1,4,2,,,,2,,30,2.934
Fall 2025,COMD,1333,01,"Ross,Byron L",7,2,1,3,7,,3,4,,,,,3,30,2.800
Fall 2025,COMD,1333,02,"Ross,Byron L",11,2,4,2,3,1,2,2,,,,,3,30,2.956
Fall 2025,COMD,1333,04,"Ross,Byron L",4,2,2,8,1,1,2,7,,,,,3,30,2.523
Fall 2025,COMD,2376,01,"Daniels,Stephanie K",13,2,6,2,5,2,1,4,2,,,1,6,44,2.644
Fall 2025,COMD,2376,02,"Daniels,Stephanie K",4,2,4,4,4,2,2,2,1,1,2,3,3,34,2.226
Fall 2025,COMD,2339,1,"Mills,Monique T",16,8,6,1,3,1,,,,,,,,35,3.601
Fall 2025,COMD,2339,2,"Mills,Monique T",23,4,1,,5,1,,,,,,,1,35,3.667
Fall 2025,COMD,4382,2,"Andrews,Chereece N",2,33,5,4,15,,,1,,,,,,60,3.451
Fall 2025,COMD,3381,02,"Andrews,Chereece N",8,22,5,2,17,3,,1,,,,,,58,3.414
Fall 2025,COMD,4489,01,"Ivey,Michelle L",16,8,2,1,1,,,,,,,,,28,3.763
Fall 2025,COMD,4489,03,"Ermgodts,Katherine Natalie",14,12,,,1,,,,,,,,,27,3.829
Fall 2025,COMD,4333,01,"Blake,Margaret T",9,7,6,6,7,6,1,7,1,1,1,,,52,2.923
Fall 2025,COMD,3383,1,"Ivey,Michelle L",17,4,8,,9,,2,3,,,,,,43,3.418
Fall 2025,COMD,7391,10,"Watkins,Raven",,3,,,1,,,,,,,,,4,3.585
Fall 2025,COMD,7391,01,"Ermgodts,Katherine Natalie",1,1,,,,,,,,,,,,2,3.835
Fall 2025,COMD,7391,02,"Schaff,Carrie Allyson",,2,,,,,,,,,,,,2,3.670
Fall 2025,COMD,7391,03,"Walker,Dionne A",1,1,,,,,,,,,,,,2,3.835
Fall 2025,COMD,7391,04,"Cizek,Laura S",,1,1,,,,,,,,,,,2,3.335
Fall 2025,COMD,7391,05,"Ross,Byron L",,,1,,1,,,,,,,,,2,3.165
Fall 2025,COMD,7391,06,"BeCoats,Brandi Lailoni",,1,,,1,,,,,,,,,2,3.500
Fall 2025,COMD,7391,07,"Watkins,Raven",,1,,,1,,,,,,,,,2,3.500
Fall 2025,COMD,7391,08,"Devore,Danielle R",,2,,,,,,,,,,,,2,3.670
Fall 2025,COMD,7391,11,"Townsend,Alayna",,1,,,1,,,,,,,,,2,3.500
Fall 2025,COMD,7391,15,"Watkins,Raven",1,,,,1,,,,,,,,,2,3.665
Fall 2025,COMD,7391,16,"Fitch,Jennifer",,1,,,1,,,,,,,,,2,3.500
Fall 2025,COMD,7391,17,"Ermgodts,Katherine Natalie",,2,,,,,,,,,,,,2,3.670
Fall 2025,COMD,7391,18,"Chapman,Amanda",1,1,,,,,,,,,,,,2,3.835
Fall 2025,COMD,7391,19,"Lebrun,Nathalie",,2,,,,,,,,,,,,2,3.670
Fall 2025,COMD,7391,20,"Jacobson,Shannon",1,,,,1,,,,,,,,,2,3.665
Fall 2025,COMD,7391,21,"Trevino,Alexandra Hanson",,1,,,1,,,,,,,,,2,3.500
Fall 2025,COMD,7391,22,"Andrews,Chereece N",1,1,,,,,,,,,,,,2,3.835
Fall 2025,COMD,7391,25,"Watkins,Raven",,1,1,,,,,,,,,,,2,3.335
Fall 2025,COMD,7391,09,"Andrews,Chereece N",,,,,,,,,,,,,1,1,0.000
Fall 2025,COMD,7391,13,"Schaff,Carrie Allyson",,1,,,,,,,,,,,,1,3.670
Fall 2025,COMD,7391,23,"Kazhuro,Katsiaryna",,1,,,,,,,,,,,,1,3.670
Fall 2025,COMD,3371,2,"Schaff,Carrie Allyson",24,5,1,1,5,,4,1,,,,,,41,3.553
Fall 2025,COMD,6334,01,"Dial,Heather Raye",14,14,1,,6,1,,,,,,,,36,3.677
Fall 2025,COMD,6261,01,"Thompson,Austin",30,4,,,1,,,,,,,,,35,3.943
Fall 2025,COMD,6372,3,"Ivey,Michelle L",18,7,2,,3,,,1,,,,,1,32,3.625
Fall 2025,COMD,7322,01,"Cizek,Laura S",6,7,3,7,7,,,1,,,,,1,32,3.219
Fall 2025,COMD,3385,1,"Bunta,Ferenc",8,3,5,4,2,,,2,,,,,1,25,3.200
Fall 2025,COMD,6387,01,"Joshi,Ashwini",4,9,2,2,7,,,,,,,,,24,3.487
Fall 2025,COMD,6328,01,"Townsend,Taryn Elizabeth",13,5,,1,3,,,1,,,,,,23,3.710
Fall 2025,COMD,7392,01,"Fitch,Jennifer",1,1,,,,,,,,,,,,2,3.835
Fall 2025,COMD,7392,02,"Walker,Dionne A",,1,,,1,,,,,,,,,2,3.500
Fall 2025,COMD,7392,03,"Bolling,Kenyetta",1,,,,1,,,,,,,,,2,3.665
Fall 2025,COMD,7392,04,"Kazhuro,Katsiaryna",1,1,,,,,,,,,,,,2,3.835
Fall 2025,COMD,7392,05,"Walker,Dionne A",1,1,,,,,,,,,,,,2,3.835
Fall 2025,COMD,7392,10,"Cadavid,Kelsey Lee",2,,,,,,,,,,,,,2,4.000
Fall 2025,COMD,7392,11,"Kazhuro,Katsiaryna",1,,,,1,,,,,,,,,2,3.665
Fall 2025,COMD,7392,12,"Andrade,Michelle Lee",,,1,,1,,,,,,,,,2,3.165
Fall 2025,COMD,7392,6,"Devore,Danielle R",1,1,,,,,,,,,,,,2,3.835
Fall 2025,COMD,7392,7,"Lebrun,Nathalie",2,,,,,,,,,,,,,2,4.000
Fall 2025,COMD,7392,9,"Devore,Danielle R",1,1,,,,,,,,,,,,2,3.835
Fall 2025,COMD,3321,1,"Townsend,Alayna",19,,,,,1,,,,,,1,,21,3.714
Fall 2025,COMD,3396,01,"Ermgodts,Katherine Natalie",8,,,,,,,,,,,,,8,4.000
Fall 2025,COMD,8398,1,"Welch,Brett",,2,1,1,,,,,,,,,,4,3.253
Fall 2025,COMD,8398,02,"Joshi,Ashwini",1,,,,,,,,,,,,,1,4.000
Fall 2025,COMD,6198,01,"Thompson,Austin",2,,,,,,,,,,,,,2,4.000
Fall 2025,COMM,1307,01,"Olson,Beth M",24,63,26,22,76,22,8,15,6,13,6,9,5,295,2.820
Fall 2025,COMM,1307,03,"Ashley,Laura B",37,6,23,3,15,10,,1,1,,,,4,100,3.203
Fall 2025,COMM,1303,1,"Lyn,Robyn",40,14,9,7,13,5,,3,,,,3,5,99,3.206
Fall 2025,COMM,1303,3,"Lyn,Robyn",42,26,5,3,11,1,,3,,,2,2,3,98,3.415
Fall 2025,COMM,1303,4,"Lyn,Robyn",37,15,6,8,10,5,,2,2,3,2,7,1,98,3.031
Fall 2025,COMM,1303,2,"Lyn,Robyn",43,21,3,5,10,2,1,3,,2,,2,1,93,3.427
Fall 2025,COMM,1303,5,"Lyn,Robyn",1,,,,,,,,,,,,,1,4.000
Fall 2025,COMM,2356,1,"Kim,Jinsuk",146,36,21,17,22,13,2,13,1,,3,12,12,298,3.229
Fall 2025,COMM,2356,2,"Kim,Jinsuk",2,,,,,,,,,,,,,2,4.000
Fall 2025,COMM,4303,1,"Vardeman,Jennifer E",74,15,,,3,1,,,1,,,1,4,99,3.677
Fall 2025,COMM,4303,2,"Kirkland,Steven Earl",45,4,2,1,4,,,,,,,,2,58,3.736
Fall 2025,COMM,4303,3,"Vardeman,Jennifer E",1,,,,,,,,,,,,,1,4.000
Fall 2025,COMM,2311,9,"Crixell,Charles A",11,3,5,2,5,,,1,,,,,,27,3.494
Fall 2025,COMM,2311,3,"Roth,Geoffrey",19,3,,1,,,1,,,1,,1,,26,3.539
Fall 2025,COMM,2311,5,"Radcliffe Andre,Jennifer",13,5,1,,1,1,,,,,,1,3,25,3.147
Fall 2025,COMM,2311,7,"Radcliffe Andre,Jennifer",14,5,1,,2,1,2,,,,,,,25,3.574
Fall 2025,COMM,2311,1,"Butler,Bryan C",4,6,6,2,4,,,,,,,,2,24,3.112
Fall 2025,COMM,3300,1,"Yamasaki,Jill S",95,11,2,,9,1,2,1,,,1,,,122,3.814
Fall 2025,COMM,3360,01,"Ashley,Laura B",61,11,15,,6,2,,1,,,,2,1,99,3.593
Fall 2025,COMM,2320,01,"Crowe,Craig Warren",39,22,8,4,10,1,,,,,,,,84,3.651
Fall 2025,COMM,3383,01,"Crowe,Craig Warren",25,9,,1,8,2,,,,,,1,,46,3.616
Fall 2025,COMM,3383,2,"Crowe,Craig Warren",11,4,1,1,6,2,,4,,,,2,,31,3.150
Fall 2025,COMM,3311,01,"Crixell,Charles A",13,4,1,,5,1,,1,,,,,,25,3.626
Fall 2025,COMM,3311,02,"Crixell,Charles A",17,1,2,1,4,,,,,,,,,25,3.746
Fall 2025,COMM,3311,03,"Crixell,Charles A",8,3,5,3,4,,,1,,,,,1,25,3.267
Fall 2025,COMM,3369,1,"Williams,Uniqua Janae",12,8,1,3,3,,1,2,,,,,1,31,3.377
Fall 2025,COMM,3369,2,"Emery II,Philip M",15,5,1,2,4,1,,,,,,1,1,30,3.400
Fall 2025,COMM,3377,01,"Uhrick,Jan",21,10,,,,,,,,,,,,31,3.894
Fall 2025,COMM,3377,02,"Ni,Lan",13,10,2,,5,,,,,,,,,30,3.712
Fall 2025,COMM,4378,01,"Ashley,Laura B",49,2,5,,1,2,,,,,,2,,61,3.700
Fall 2025,COMM,3374,1,"Uhrick,Jan",17,6,,1,5,1,,,,,,,,30,3.711
Fall 2025,COMM,3374,2,"Choi,Ho Joon",4,2,3,7,5,3,,2,,,,2,2,30,2.611
Fall 2025,COMM,4360,01,"Choi,Ho Joon",31,3,2,2,2,1,1,5,1,,,4,1,53,3.195
Fall 2025,COMM,3361,01,"Tinnel,Jason Wayne",1,2,9,5,5,4,1,2,,1,1,,,31,2.731
Fall 2025,COMM,3361,2,"Tinnel,Jason Wayne",5,3,5,3,1,4,,,,,,,,21,3.112
Fall 2025,COMM,2327,2,"Vaughan,Thomas Michael",18,,2,1,3,,,2,,,,,,26,3.666
Fall 2025,COMM,2327,1,"Vaughan,Thomas Michael",17,3,1,1,2,,,1,,,,,,25,3.747
Fall 2025,COMM,3353,2,"Liu,Youmei",40,,4,,,3,,,,,,,3,50,3.560
Fall 2025,COMM,4331,01,"Huang,Yan",27,13,2,1,,,,1,,,,,1,45,3.705
Fall 2025,COMM,4335,01,"Graham,Catherine Burch",14,11,9,3,6,1,,1,,,,,,45,3.460
Fall 2025,COMM,3316,01,"Roth,Geoffrey",10,4,4,1,4,,,1,,,,,,24,3.542
Fall 2025,COMM,3316,02,"Roth,Geoffrey",2,4,1,1,1,4,,1,1,,,2,3,20,2.151
Fall 2025,COMM,1302,01,"Lee,Jaesub",5,2,2,2,4,3,,6,,2,1,1,2,30,2.488
Fall 2025,COMM,3328,1,"Crowe,Craig Warren",23,1,2,2,,2,,,,,,,,30,3.700
Fall 2025,COMM,3331,01,"Kim,Jinsuk",14,8,3,,,2,,1,,,,2,,30,3.356
Fall 2025,COMM,4355,01,"Graham,Catherine Burch",17,3,3,,4,1,,1,,,,1,,30,3.522
Fall 2025,COMM,4366,01,"Tinnel,Jason Wayne",12,4,2,2,3,,1,3,1,,1,,1,30,3.167
Fall 2025,COMM,4371,01,"Jowett,Garth Samuel",17,7,,,4,,,,,,,,2,30,3.567
Fall 2025,COMM,4382,01,"Houk,Keith R",23,3,3,,1,,,,,,,,,30,3.845
Fall 2025,COMM,4397,1,"Trupiano,Jerome",26,,3,,,,,,1,,,,,30,3.800
Fall 2025,COMM,2331,01,"Uhrick,Jan",8,6,1,2,11,,,,,,,1,,29,3.413
Fall 2025,COMM,3376,1,"Archer,Allison Michelle Nam",12,7,1,5,3,,,,,,,1,,29,3.449
Fall 2025,COMM,3301,1,"Yamasaki,Jill S",17,1,,2,3,1,3,,,,,1,,28,3.358
Fall 2025,COMM,3321,01,"Houk,Keith R",23,4,1,,,,,,,,,,,28,3.917
Fall 2025,COMM,3318,3,"Uhrick,Jan",17,9,,,,,,1,,,,,,27,3.828
Fall 2025,COMM,3319,1,"Palacios-Plugge,Sandra Rochelle",13,,4,,3,4,1,,,,,,2,27,3.099
Fall 2025,COMM,3326,1,"Economou-Clarke,Ann M",15,5,2,,4,,,,1,,,,,27,3.654
Fall 2025,COMM,4357,01,"Vaughn,Ginger Koto",8,11,1,3,3,,,,,,,,1,27,3.458
Fall 2025,COMM,3303,1,"Xiao,Zhiwen",14,5,2,,1,,,2,,,,1,1,26,3.398
Fall 2025,COMM,3314,01,"Roth,Geoffrey",14,3,3,2,1,,,1,,,,1,,25,3.480
Fall 2025,COMM,4354,1,"Uhrick,Jan",18,2,,,3,1,,1,,,,,,25,3.746
Fall 2025,COMM,2326,1,"Trupiano,Jerome",23,,1,,,,,,,,,,,24,3.958
Fall 2025,COMM,2328,3,"Palacios-Plugge,Sandra Rochelle",16,,2,,1,3,,,,,,2,,24,3.305
Fall 2025,COMM,4365,01,"Huang,Yan",12,3,7,1,1,,,,,,,,,24,3.584
Fall 2025,COMM,3315,1,"Griffin,Veronica R",1,3,4,1,5,3,,3,1,,,,2,23,2.623
Fall 2025,COMM,4375,1,"Jowett,Garth Samuel",16,6,,,,,,,,,,,1,23,3.740
Fall 2025,COMM,4317,01,"Seward,Bianca",5,4,4,2,5,,1,1,,,,,,22,3.303
Fall 2025,COMM,4381,1,"Houk,Keith R",22,,,,,,,,,,,,,22,4.000
Fall 2025,COMM,2322,01,"Palacios-Plugge,Sandra Rochelle",17,,1,,2,,,1,,,,,,21,3.809
Fall 2025,COMM,3368,1,"Ni,Lan",8,5,1,,4,2,,1,,,,,,21,3.476
Fall 2025,COMM,4328,01,"Vaughan,Thomas Michael",11,1,,,3,2,,,,,,3,,20,3.083
Fall 2025,COMM,4368,01,"Perez,Felicia Russell",16,2,2,,,,,,,,,,,20,3.867
Fall 2025,COMM,3380,01,"Crowe,Craig Warren",7,4,1,2,,1,,3,,,,,1,19,3.158
Fall 2025,COMM,6371,1,"Vardeman,Jennifer E",15,4,,,,,,,,,,,,19,3.931
Fall 2025,COMM,4363,1,"Tinnel,Jason Wayne",2,5,2,2,1,2,,4,,,,,,18,3.019
Fall 2025,COMM,6305,01,"Platenburg,Gheni Nicole",5,3,1,1,2,,,,,,,1,,13,3.334
Fall 2025,COMM,6309,1,"Jowett,Garth Samuel",12,,,,,,,,,,,,,12,4.000
Fall 2025,COMM,6326,1,"Lee,Jaesub",11,1,,,,,,,,,,,,12,3.973
Fall 2025,COMM,4313,1,"Platenburg,Gheni Nicole",,1,2,,,3,1,3,,,1,,,11,2.333
Fall 2025,COMM,4398,1,"Houk,Keith R",4,,1,,,,,,,,,,,5,3.800
Fall 2025,COMM,4398,2,"Crowe,Craig Warren",2,,,,,,,,,,,,,2,4.000
Fall 2025,COMM,4398,3,"Tinnel,Jason Wayne",1,,,,,,,,,,,,,1,4.000
Fall 2025,COMM,6398,3,"Yamasaki,Jill S",7,,,,,,,,,,,,,7,4.000
Fall 2025,COMM,6398,01,"Ni,Lan",,1,,,,,,,,,,,,1,3.670
Fall 2025,COMM,6310,01,"Bhat,Nandikoor R Prashanth",5,,,,,,,,,,,,,5,4.000
Fall 2025,COMM,6399,01,"Yamasaki,Jill S",1,,,,,,,,,,,,,1,4.000
Fall 2025,COMM,6399,02,"Ni,Lan",1,,,,,,,,,,,,,1,4.000
Fall 2025,COMM,6399,03,"Bhat,Nandikoor R Prashanth",1,,,,,,,,,,,,,1,4.000
Fall 2025,COMM,6399,04,"Platenburg,Gheni Nicole",1,,,,,,,,,,,,,1,4.000
Fall 2025,COMM,6345,1,"Xiao,Zhiwen",3,,,,,,,,,,,,,3,4.000
Fall 2025,COMM,4392,01,"Ashley,Laura B",,,,,,,,,,,,,2,2,0.000
Fall 2025,COSC,3320,01,"Leiss,Ernst L",48,47,35,26,40,6,2,21,1,1,2,2,11,242,3.061
Fall 2025,COSC,3320,02,"Wu,Panruo",18,20,16,13,9,14,17,16,3,1,1,3,12,143,2.495
Fall 2025,COSC,1336,03,"Zhang,Chengming",56,13,6,1,8,1,,4,,,1,3,,93,3.566
Fall 2025,COSC,1336,04,"Yun,Changhoon",14,10,4,11,4,5,8,2,2,5,5,9,14,93,2.015
Fall 2025,COSC,1336,02,"Subhlok,Jaspal",31,4,3,10,9,5,5,4,4,2,1,3,9,90,2.652
Fall 2025,COSC,1336,05,"Yun,Changhoon",10,2,7,5,3,3,6,3,,1,,16,22,78,1.479
Fall 2025,COSC,3380,702,"Hilford,Victoria",10,17,28,24,16,4,1,12,,1,3,,1,117,2.958
Fall 2025,COSC,3380,01,"Ordonez,Carlos",8,8,14,16,14,4,2,15,1,,1,,8,91,2.652
Fall 2025,COSC,3380,04,"Ramamurthy,Uma",6,5,19,,,24,,,9,,,6,2,71,2.202
Fall 2025,COSC,3380,03,"Ramamurthy,Uma",3,3,18,,,18,,,15,,,7,4,68,1.883
Fall 2025,COSC,2425,05,"Mantini,Pranav",36,7,15,14,20,1,1,2,2,1,1,2,7,109,3.037
Fall 2025,COSC,2425,801,"Long,Kevin B",31,,39,2,,10,,,3,,,4,8,97,2.777
Fall 2025,COSC,2425,03,"Johnsson,Lennart",20,25,9,2,17,2,,2,,,1,2,5,85,3.185
Fall 2025,COSC,3360,02,"Rincon Castro,Carlos Alberto",11,4,6,16,7,14,16,8,7,,5,16,36,146,1.573
Fall 2025,COSC,3360,03,"Rincon Castro,Carlos Alberto",9,9,11,16,13,15,11,12,2,,6,12,27,143,1.919
Fall 2025,COSC,3337,02,"Eick,Christoph F",8,24,14,12,39,,2,5,,1,,1,5,111,3.060
Fall 2025,COSC,3337,01,"Ni,Jingchao",28,12,10,5,12,5,2,1,1,,1,2,,79,3.258
Fall 2025,COSC,3337,04,"Qian,Peizhu",26,1,6,3,8,1,4,1,3,,1,1,,55,3.194
Fall 2025,COSC,3337,903,"Sekar,Anusha",16,11,1,1,8,,,1,,,,1,,39,3.564
Fall 2025,COSC,3340,802,"Singh,Raj Kumar",56,34,10,7,16,1,2,2,,1,,,1,130,3.549
Fall 2025,COSC,3340,701,"Das,Rathish",10,13,36,27,20,,1,8,,,,,7,122,2.907
Fall 2025,COSC,1437,05,"Biediger,Daniel Edward",38,6,4,9,10,3,3,6,3,,1,10,30,123,2.217
Fall 2025,COSC,1437,01,"Rincon Castro,Carlos Alberto",29,6,9,5,6,9,4,7,1,,5,15,16,112,2.205
Fall 2025,COSC,4351,702,"Hilford,Victoria",16,17,25,13,17,6,2,8,4,,1,,1,110,3.018
Fall 2025,COSC,4351,701,"Hilford,Victoria",21,16,13,10,25,7,2,6,2,,2,1,,105,3.120
Fall 2025,COSC,2436,01,"Biediger,Daniel Edward",34,7,13,10,11,4,1,3,2,,1,5,8,99,2.869
Fall 2025,COSC,2436,07,"Rizk,Nouhad J",7,3,8,4,6,9,4,6,5,,,17,9,78,1.761
Fall 2025,COSC,2436,05,"Rizk,Nouhad J",4,1,5,2,3,2,,1,1,,,6,8,33,1.737
Fall 2025,COSC,4377,01,"Gnawali,Omprakash D",18,18,37,26,24,15,10,22,1,2,1,7,4,185,2.703
Fall 2025,COSC,4368,02,"Eick,Christoph F",6,19,14,7,21,5,2,7,,1,,,3,85,2.996
Fall 2025,COSC,4368,01,"Lin,Sen",33,22,7,2,14,1,,3,,,,,1,83,3.550
Fall 2025,COSC,4370,02,"Biediger,Daniel Edward",54,16,6,3,6,,3,,,,,,2,90,3.619
Fall 2025,COSC,4370,01,"Deng,Zhigang",14,10,13,9,16,1,2,8,,,,1,3,77,3.026
Fall 2025,COSC,4353,802,"Singh,Raj Kumar",101,5,1,2,3,,,1,,,,,3,116,3.819
Fall 2025,COSC,4353,803,"Subramaniam,Venkat",8,6,,4,6,1,,3,,,1,,,29,3.276
Fall 2025,COSC,4353,901,"Alipour,Amin",2,4,,,,,1,,,,,1,1,9,2.706
Fall 2025,COSC,4393,01,"Mantini,Pranav",44,24,31,5,21,1,,2,3,,,1,3,135,3.333
Fall 2025,COSC,4358,01,"Yun,Changhoon",50,25,16,3,14,,,,,,,1,4,113,3.490
Fall 2025,COSC,4315,02,"Shokri,Ali",22,3,2,2,,3,,3,,,,4,7,46,2.681
Fall 2025,COSC,4315,801,"Subramaniam,Venkat",3,7,2,1,6,1,,5,,,,,,25,3.200
Fall 2025,COSC,4337,01,"Rizk,Nouhad J",5,12,10,3,10,2,12,11,1,,,3,2,71,2.620
Fall 2025,COSC,4372,01,"Tsekos,Nikolaos V",38,8,5,4,8,2,3,,,1,,,1,70,3.477
Fall 2025,COSC,4397,01,"Mukherjee,Arjun",9,11,6,10,17,1,1,4,3,,,,6,68,2.848
Fall 2025,COSC,4371,01,"Verma,Rakesh M",3,3,19,7,10,,,7,,,1,3,2,55,2.721
Fall 2025,COSC,6376,01,"Shi,Weidong",31,16,2,,3,,,,,,,1,,53,3.749
Fall 2025,COSC,6368,01,"Yang,Jianyi",35,8,2,,3,,,,,,,,1,49,3.783
Fall 2025,COSC,4355,01,"Pavlidis,Ioannis T",10,3,6,2,9,4,,,,,,2,,36,3.120
Fall 2025,COSC,4355,701,"Pavlidis,Ioannis T",5,4,,,2,,,,,,,,1,12,3.445
Fall 2025,COSC,2306,01,"Yan,Feng",15,2,5,3,3,1,,1,1,1,,1,8,41,2.594
Fall 2025,COSC,6344,01,"Chen,Guoning",15,6,6,4,7,,,,,,,,,38,3.527
Fall 2025,COSC,6380,01,"Mantini,Pranav",11,6,2,1,3,,,,,,,,,23,3.682
Fall 2025,COSC,6370,01,"Tsekos,Nikolaos V",17,4,,,,,,,,,,,,21,3.937
Fall 2025,COSC,6360,01,"Cheng,Albert M K",11,5,,1,2,,,,,,,,,19,3.773
Fall 2025,COSC,6320,01,"Pandurangan,Gopal",2,4,1,2,4,1,,,1,,,2,,17,2.785
Fall 2025,COSC,6340,01,"Ordonez,Carlos",1,3,2,1,4,1,,,,,,,2,14,2.786
Fall 2025,COSC,6397,01,"Liu,Jinyang",10,,,,,,,,,,,,,10,4.000
Fall 2025,COSC,6309,701,"Das,Rathish",1,3,1,,1,,,,,,,,,6,3.557
Fall 2025,COSC,8399,128,"Tsekos,Nikolaos V",4,,,,,,,,,,,,,4,4.000
Fall 2025,COSC,8399,125,"Shi,Weidong",2,,,,,,,,,,,,,2,4.000
Fall 2025,COSC,6355,01,"Pavlidis,Ioannis T",3,1,1,,,,,,,,,,,5,3.734
Fall 2025,COSC,7373,01,"Kakadiaris,Ioannis A",1,2,1,,1,,,,,,,,,5,3.534
Fall 2025,COSC,6310,03,"Rincon Castro,Carlos Alberto",,1,,1,,1,,,,,,,,3,2.780
Fall 2025,COSC,6345,801,"Subramaniam,Venkat",,2,,,1,,,,,,,,,3,3.557
Fall 2025,COSC,6358,01,"Yun,Changhoon",,,3,,,,,,,,,,,3,3.000
Fall 2025,COSC,4396,102,"Rincon Castro,Carlos Alberto",1,,,,,,,,,,,,,1,4.000
Fall 2025,COSC,4396,104,"Tsekos,Nikolaos V",1,,,,,,,,,,,,,1,4.000
Fall 2025,COSC,4399,102,"Pandurangan,Gopal",1,,,,,,,,,,,,,1,4.000
Fall 2025,COSC,4399,103,"Eick,Christoph F",1,,,,,,,,,,,,,1,4.000
Fall 2025,COSC,6308,03,"Johnsson,Lennart",2,,,,,,,,,,,,,2,4.000
Fall 2025,COSC,3399,102,"Pandurangan,Gopal",1,,,,,,,,,,,,,1,4.000
Fall 2025,COSC,6306,05,"Rizk,Nouhad J",,1,,,,,,,,,,,,1,3.670
Fall 2025,COSC,6353,802,"Subramaniam,Venkat",1,,,,,,,,,,,,,1,4.000
Fall 2025,COSC,8699,121,"Pandurangan,Gopal",1,,,,,,,,,,,,,1,4.000
Fall 2025,CUIN,4375,04,"Thompson,Alan M",24,,3,,,1,,,,,,,,28,3.821
Fall 2025,CUIN,4375,05,"Castillo,Bernadette Marie",17,1,1,,3,,,1,,,,,,23,3.782
Fall 2025,CUIN,4375,03,"Castillo,Bernadette Marie",15,2,,1,1,1,,,,,,,,20,3.767
Fall 2025,CUIN,4375,06,"Castillo,Bernadette Marie",17,1,,,,1,,1,,,,,,20,3.800
Fall 2025,CUIN,4375,02,"Castillo,Bernadette Marie",15,1,2,,,1,,,,,,,,19,3.772
Fall 2025,CUIN,3302,05,"Thomas,Dustine J",27,,,,,,1,,,,,,,28,3.917
Fall 2025,CUIN,3302,02,"Thomas,Dustine J",21,1,,1,,1,,1,,,,,,25,3.787
Fall 2025,CUIN,3302,01,"Thomas,Dustine J",15,,,3,,,,1,,,,1,,20,3.517
Fall 2025,CUIN,3302,04,"Campbell,Matthew",14,1,,1,4,,,,,,,,,20,3.783
Fall 2025,CUIN,3302,03,"Thomas,Dustine J",15,,,1,,,,,,,,,,16,3.917
Fall 2025,CUIN,1103,02,"Culpepper,Shea Mosley",84,2,,,2,1,,,,,,,2,91,3.868
Fall 2025,CUIN,2300,02,"Manuel,Mariam A",27,3,,,,,,,,,,,,30,3.967
Fall 2025,CUIN,2300,04,"Mateer,Ramona Caravella",28,,,,,,,,1,,,,,29,3.897
Fall 2025,CUIN,2300,03,"Ekeoba,Jacqueline Njideka",11,3,3,,1,1,1,,,,,,2,22,3.228
Fall 2025,CUIN,2300,01,"Mateer,Ramona Caravella",1,,,,,,,,,,,,1,2,2.000
Fall 2025,CUIN,3111,02,"Davis,Kelly M",23,,,,1,,,,,,,,,24,3.972
Fall 2025,CUIN,3111,05,"Davis,Kelly M",19,,,,,,1,,,,,,,20,3.884
Fall 2025,CUIN,3111,01,"Davis,Kelly M",15,2,,,1,,,,,,,,,18,3.926
Fall 2025,CUIN,3111,04,"Davis,Kelly M",13,1,2,,,,,1,,,,,,17,3.765
Fall 2025,CUIN,3316,03,"Katz,Denise Annette",23,1,,,,,,,,,,,,24,3.986
Fall 2025,CUIN,3316,02,"Katz,Denise Annette",19,3,1,,,,,,,,,,,23,3.913
Fall 2025,CUIN,3316,05,"Katz,Denise Annette",21,2,,,,,,,,,,,,23,3.971
Fall 2025,CUIN,4315,01,"Green,Aronda Lashe",13,6,,,1,,,,,,,,,20,3.868
Fall 2025,CUIN,4315,02,"Henderson,Linda Fay",8,9,,,,,,,,,,1,,18,3.613
Fall 2025,CUIN,4315,04,"Wilson,Jahnette",15,1,,,1,,,,,,,,,17,3.941
Fall 2025,CUIN,4315,03,"Hernandez,Berky",7,3,,,,1,,,,,,,,11,3.728
Fall 2025,CUIN,4361,03,"Leon,Maredil Josefina",9,3,2,1,,,1,1,,,,,,17,3.511
Fall 2025,CUIN,4361,01,"Burgess,Miguel",15,,,,,,,,,,,,,15,4.000
Fall 2025,CUIN,4361,02,"Burgess,Miguel",12,,2,,,,,,,,,1,,15,3.600
Fall 2025,CUIN,4361,04,"Li,Miao",9,1,,3,,,,,1,,,1,,15,3.245
Fall 2025,CUIN,4361,05,"Latiolais,Cheryl S",2,,,,,,,,,,,,,2,4.000
Fall 2025,CUIN,7303,02,"Katz,Denise Annette",28,1,,,,1,,,,,,1,,31,3.796
Fall 2025,CUIN,7303,01,"Gronseth,Susie L B",27,,,,1,,,,,,,,,28,3.976
Fall 2025,CUIN,3317,03,"Mouton,Jocelyn Frances",13,5,,1,1,,,,,,,,,20,3.818
Fall 2025,CUIN,3317,04,"Henderson,Linda Fay",11,6,,,,,,,,,,1,,18,3.668
Fall 2025,CUIN,3317,01,"Wilson,Jahnette",13,4,,,,,,,,,,,,17,3.922
Fall 2025,CUIN,4332,02,"Reis,Nancy",18,1,,,,,,,,,,,,19,3.983
Fall 2025,CUIN,4332,03,"Reis,Nancy",18,,,,1,,,,,,,,,19,3.965
Fall 2025,CUIN,4332,01,"Reis,Nancy",16,1,,,,,,,,,,,,17,3.981
Fall 2025,CUIN,1350,01,"Burris,Justin T",11,3,1,5,1,,,1,1,,,1,,24,3.251
Fall 2025,CUIN,1350,02,"Burris,Justin T",7,4,1,1,5,1,,1,,,,,2,22,3.151
Fall 2025,CUIN,3312,02,"Pertile,Montrey Jaron",18,2,,1,2,1,,,,,,,,24,3.778
Fall 2025,CUIN,3312,01,"Chavez Cubas,Nelson Wilfredo",15,4,1,1,1,,,,,,,,,22,3.804
Fall 2025,CUIN,3347,02,"Morris,Alana",24,11,3,1,2,,,,,,,,,41,3.773
Fall 2025,CUIN,3350,02,"McIntush,Karen E",11,5,,1,1,1,,,,,,2,,21,3.350
Fall 2025,CUIN,3350,03,"Segura,Perri F",8,3,,,,,,,,,,,2,13,3.308
Fall 2025,CUIN,3350,01,"McIntush,Karen E",1,,,,,,,,,,,,1,2,2.000
Fall 2025,CUIN,4101,03,"Eiland-Miller,Deanna Marie",31,,,,,,,1,,,,1,2,35,3.609
Fall 2025,CUIN,7397,01,"Dogan,Bulent",19,,,,1,,,,,,,,,20,3.967
Fall 2025,CUIN,7397,03,"Cole,Mikel Walker",13,1,,,,,,,,,1,,,15,3.800
Fall 2025,CUIN,4331,01,"Hale,Margaret Ann",17,,1,,2,,,,,,,,,20,3.883
Fall 2025,CUIN,4331,02,"Giles,Vickey M",3,6,,,2,,,2,,,,,,13,3.488
Fall 2025,CUIN,4350,01,"Segura,Perri F",5,2,2,,2,,,,,,,,1,12,3.333
Fall 2025,CUIN,4350,02,"Latiolais,Cheryl S",10,1,,,1,,,,,,,,,12,3.917
Fall 2025,CUIN,4350,03,"Mateer,Ramona Caravella",1,,,,,,,,,,,,1,2,2.000
Fall 2025,CUIN,7374,02,"Dogan,Bulent",14,,,1,,,,,,,,,,15,3.911
Fall 2025,CUIN,7374,01,"Dogan,Bulent",9,,,,,,,,,,,1,,10,3.600
Fall 2025,CUIN,3351,01,"Manuel,Mariam A",16,1,,,1,,,,,,,,,18,3.944
Fall 2025,CUIN,3351,02,"Latiolais,Cheryl S",2,2,,,,,,,,,,,,4,3.835
Fall 2025,CUIN,3351,03,"Mateer,Ramona Caravella",1,,,,,,,,,,,,1,2,2.000
Fall 2025,CUIN,7331,01,"Reis,Nancy",23,1,,,,,,,,,,,,24,3.986
Fall 2025,CUIN,4344,01,"Obot,Patrick Friday",22,,,,,,,,,,,,,22,4.000
Fall 2025,CUIN,7315,01,"Burgess,Miguel",19,,1,,,,,,,,,,,20,3.950
Fall 2025,CUIN,3321,01,"De Leon,Daniel",17,1,,,,,,,,,,,1,19,3.772
Fall 2025,CUIN,7301,01,"Dogan,Bulent",12,,,,,,,,,,,,,12,4.000
Fall 2025,CUIN,7301,03,"Maalouf,Rania",1,3,1,1,,1,,,,,,,,7,3.240
Fall 2025,CUIN,4303,01,"Leon,Maredil Josefina",10,3,1,1,1,,1,1,,,,,,18,3.556
Fall 2025,CUIN,7372,01,"Gist,Conra D",12,3,,1,2,,,,,,,,,18,3.797
Fall 2025,CUIN,3310,01,"Leon,Maredil Josefina",10,2,1,1,2,,1,,,,,,,17,3.608
Fall 2025,CUIN,4349,01,"Manjunath,Arpana",14,3,,,,,,,,,,,,17,3.942
Fall 2025,CUIN,7347,01,"Gronseth,Susie L B",14,2,,,,,,,,,,,,16,3.959
Fall 2025,CUIN,7347,03,"Gronseth,Susie L B",1,,,,,,,,,,,,,1,4.000
Fall 2025,CUIN,7378,01,"McNeil,Sara G",16,,1,,,,,,,,,,,17,3.941
Fall 2025,CUIN,8371,01,"Li,Xin",9,3,,4,1,,,,,,,,,17,3.589
Fall 2025,CUIN,7334,01,"Chauvot,Jennifer B",16,,,,,,,,,,,,,16,4.000
Fall 2025,CUIN,7373,01,"Cutler,Carrie Sybil",16,,,,,,,,,,,,,16,4.000
Fall 2025,CUIN,4304,03,"Burgess,Miguel",14,,1,,,,,,,,,,,15,3.933
Fall 2025,CUIN,7300,01,"Li,Xin",13,,,1,,,,,,,,,,14,3.905
Fall 2025,CUIN,3333,01,"Maalouf,Rania",9,1,,2,1,,,,,,,,,13,3.718
Fall 2025,CUIN,6307,01,"Hausmann,Robert Carl",13,,,,,,,,,,,,,13,4.000
Fall 2025,CUIN,7308,01,"Ahlf,Michael",12,1,,,,,,,,,,,,13,3.975
Fall 2025,CUIN,8398,01,"Li,Miao",3,,,,,,,,,,,,,3,4.000
Fall 2025,CUIN,8398,04,"Alarcon,Jeannette Driscoll",3,,,,,,,,,,,,,3,4.000
Fall 2025,CUIN,8398,02,"Zhang,Jie",2,,,,,,,,,,,,,2,4.000
Fall 2025,CUIN,8398,05,"Lee,Mimi Miyoung",2,,,,,,,,,,,,,2,4.000
Fall 2025,CUIN,8398,06,"Hutchison,Laveria F",1,,,,,,,,,,,,,1,4.000
Fall 2025,CUIN,8398,09,"Hausmann,Robert Carl",1,,,,,,,,,,,,,1,4.000
Fall 2025,CUIN,8398,15,"Wong,Sissy S",1,,,,,,,,,,,,,1,4.000
Fall 2025,CUIN,7311,01,"Cole,Mikel Walker",9,,,,1,,,,,,,1,,11,3.575
Fall 2025,CUIN,7332,01,"Edosomwan,Kristian",8,2,,,,,,1,,,,,,11,3.788
Fall 2025,CUIN,4336,01,"Brower,Samuel Richard",9,,,,,,,,,,,,,9,4.000
Fall 2025,CUIN,6381,01,"Edgar,Teresa Ann",7,2,,,,,,,,,,,,9,3.927
Fall 2025,CUIN,7361,01,"Hutchison,Laveria F",9,,,,,,,,,,,,,9,4.000
Fall 2025,CUIN,3311,01,"Leon,Maredil Josefina",5,3,,,,,,,,,,,,8,3.876
Fall 2025,CUIN,7341,01,"Cutler,Carrie Sybil",8,,,,,,,,,,,,,8,4.000
Fall 2025,CUIN,8326,01,"Chauvot,Jennifer B",8,,,,,,,,,,,,,8,4.000
Fall 2025,CUIN,4325,01,"Varnado,Jakarda Wiltz",3,1,2,,,,,,,,,,,6,3.612
Fall 2025,CUIN,7336,01,"Brower,Samuel Richard",6,,,,,,,,,,,,,6,4.000
Fall 2025,CUIN,8320,01,"Hausmann,Robert Carl",6,,,,,,,,,,,,,6,4.000
Fall 2025,CUIN,8329,01,"Gronseth,Susie L B",5,1,,,,,,,,,,,,6,3.945
Fall 2025,CUIN,8345,01,"Alarcon,Jeannette Driscoll",5,1,,,,,,,,,,,,6,3.945
Fall 2025,CUIN,8370,01,"Li,Miao",5,1,,,,,,,,,,,,6,3.945
Fall 2025,CUIN,4397,01,"Manuel,Mariam A",5,,,,,,,,,,,,,5,4.000
Fall 2025,CUIN,8325,01,"Chauvot,Jennifer B",5,,,,,,,,,,,,,5,4.000
Fall 2025,CUIN,3352,01,"Wong,Sissy S",4,,,,,,,,,,,,,4,4.000
Fall 2025,CUIN,8699,01,"Zhang,Jie",1,,,,,,,,,,,,,1,4.000
Fall 2025,CUIN,8699,05,"Alarcon,Jeannette Driscoll",1,,,,,,,,,,,,,1,4.000
Fall 2025,CUIN,8699,06,"Lee,Mimi Miyoung",1,,,,,,,,,,,,,1,4.000
Fall 2025,CUIN,8699,07,"Dogan,Bulent",1,,,,,,,,,,,,,1,4.000
Fall 2025,CUIN,7354,01,"Wong,Sissy S",3,,,,,,,,,,,,,3,4.000
Fall 2025,CUIN,8393,01,"Zhang,Jie",1,,,,,,,,,,,,,1,4.000
Fall 2025,CUIN,8393,02,"Gronseth,Susie L B",1,,,,,,,,,,,,,1,4.000
Fall 2025,CUIN,8393,03,"Chauvot,Jennifer B",1,,,,,,,,,,,,,1,4.000
Fall 2025,CUIN,8397,01,"Gronseth,Susie L B",2,,,,,,,,,,,,,2,4.000
Fall 2025,CUIN,8397,2,"Wong,Sissy S",1,,,,,,,,,,,,,1,4.000
Fall 2025,CUIN,7366,01,"Varnado,Jakarda Wiltz",2,,,,,,,,,,,,,2,4.000
Fall 2025,CUIN,7398,01,"Wong,Sissy S",1,,,,,,,,,,,,,1,4.000
Fall 2025,CUIN,7398,02,"McNeil,Sara G",1,,,,,,,,,,,,,1,4.000
Fall 2025,CUIN,6375,03,"Castillo,Bernadette Marie",1,,,,,,,,,,,,,1,4.000
Fall 2025,CUIN,8399,04,"Lee,Mimi Miyoung",1,,,,,,,,,,,,,1,4.000
Fall 2025,DANC,2303,02,"Bobet,Jacqueline A",14,8,3,7,6,1,3,1,,1,2,2,2,50,2.914
Fall 2025,DANC,2303,01,"Bobet,Jacqueline A",20,9,,5,4,3,2,,1,,,5,,49,3.062
Fall 2025,DANC,2303,03,"Bobet,Jacqueline A",9,7,2,4,2,2,,4,,1,2,5,9,47,2.163
Fall 2025,DANC,3310,01,"Estrada,Maria Gabriela",8,2,6,1,2,,1,1,,,,1,2,24,2.945
Fall 2025,DANC,1107,01,"Aguilera,Joel",14,3,,,,,1,,,,,1,1,20,3.434
Fall 2025,DANC,1103,01,"Chapman,Teresa Lynn",9,5,,1,1,,,,,,,,,16,3.772
Fall 2025,DANC,4330,01,"Valle,Toni Leago",8,,1,,,2,1,2,,,1,,1,16,2.916
Fall 2025,DANC,1202,01,"Estrada,Maria Gabriela",10,,,2,1,,,,,,,,2,15,3.245
Fall 2025,DANC,3302,01,"Prokop,Travis Cooper",4,6,3,,,,,,,,,,2,15,3.135
Fall 2025,DANC,3306,01,"Lockett,KeyAira",11,2,,,,,,,,,,,1,14,3.667
Fall 2025,DANC,4110,01,"Lockett,KeyAira",14,,,,,,,,,,,,,14,4.000
Fall 2025,DANC,2304,01,"Chapman,Teresa Lynn",8,1,1,,1,2,,,,,,,,13,3.538
Fall 2025,DANC,4302,01,"Lockett,KeyAira",10,,,,2,,,,,,,,,12,3.888
Fall 2025,DANC,1300,01,"Prokop,Travis Cooper",6,3,1,,,,,,,,,,1,11,3.455
Fall 2025,DANC,1309,01,"Valle,Toni Leago",7,,1,,,,1,2,,,,,,11,3.394
Fall 2025,DANC,2305,01,"Prokop,Travis Cooper",9,,1,,,,,,,,,,,10,3.900
Fall 2025,DANC,2202,01,"Ozsoy,Firat Kazbek",4,4,1,,,,,,,,,,,9,3.742
Fall 2025,DANC,3203,01,"Scates,Leslie Ann",9,,,,,,,,,,,,,9,4.000
Fall 2025,DANC,4197,01,"Valle,Toni Leago",5,1,,,,,,1,,,,1,,8,3.250
Fall 2025,DANC,4307,01,"Woodson,Elizabeth Ann",7,1,,,,,,,,,,,,8,3.959
Fall 2025,DANC,4398,01,"Valle,Toni Leago",2,,,,,,,,,,,,,2,4.000
Fall 2025,DANC,4398,02,"Chapman,Teresa Lynn",1,,,,,,,,,,,,,1,4.000
Fall 2025,DIGM,1300,20,"Aly,Heba",32,23,15,4,13,,2,2,,2,,1,1,95,3.376
Fall 2025,DIGM,4372,30,"Hargrove,Mark Stephen",43,19,4,9,6,,1,3,,,,,,85,3.605
Fall 2025,DIGM,4351,30,"Hargrove,Mark Stephen",37,14,6,4,7,6,,2,,,,1,1,78,3.436
Fall 2025,DIGM,1350,32,"Beyl,Charles Eugene",4,10,1,3,3,1,,,,,,2,1,25,3.028
Fall 2025,DIGM,1350,30,"Beyl,Charles Eugene",2,5,5,2,,1,1,,,,1,3,3,23,2.247
Fall 2025,DIGM,1350,33,"De Vega,Jaime M",13,1,,,,1,,1,,,,2,3,21,2.857
Fall 2025,DIGM,1376,30,"Rodwell,Elizabeth Ann",10,11,7,6,9,5,2,4,,,,5,3,62,2.742
Fall 2025,DIGM,3358,30,"Liao,Tony Chung-Li",14,16,8,5,17,1,,,,,,,1,62,3.398
Fall 2025,DIGM,4378,30,"Alters,Monika Joanna",20,6,,1,2,1,,,,,,,,30,3.778
Fall 2025,DIGM,4378,31,"Molina,Carlos",17,6,1,1,2,1,,1,,,,,1,30,3.556
Fall 2025,DIGM,4379,30,"Bennett,Spencer McLain",11,26,2,3,10,,1,,,,,,1,54,3.489
Fall 2025,DIGM,3354,30,"Dawson,Michael John",8,12,2,7,9,2,2,4,,1,1,,4,52,2.872
Fall 2025,DIGM,3357,30,"Bennett,Spencer McLain",11,18,3,6,10,,,1,,,,,1,50,3.414
Fall 2025,DIGM,2357,30,"Alters,Monika Joanna",31,9,3,1,5,,,,,,,,,49,3.783
Fall 2025,DIGM,2353,30,"De Vega,Jaime M",16,6,3,2,6,1,1,2,,,,5,2,44,2.924
Fall 2025,DIGM,2325,30,"Aly,Heba",12,8,,2,4,,,,,,,,,26,3.693
Fall 2025,DIGM,2325,31,"Aly,Heba",5,6,2,,1,,,,,,,,2,16,3.209
Fall 2025,DIGM,2376,30,"Aly,Heba",27,9,1,1,1,,,1,,,,,1,41,3.716
Fall 2025,DIGM,4397,30,"Rodwell,Elizabeth Ann",8,10,5,1,3,2,2,1,,,,1,1,34,3.119
Fall 2025,DIGM,2351,30,"Dawson,Michael John",7,6,3,2,7,1,1,2,,,1,1,1,32,3.042
Fall 2025,DIGM,4375,30,"De Vega,Jaime M",26,1,,,,,,,,,,,1,28,3.845
Fall 2025,DIGM,4382,30,"Bennett,Spencer McLain",1,12,1,3,5,,,1,,,,,1,24,3.251
Fall 2025,DIGM,4398,32,"Rodwell,Elizabeth Ann",6,,3,1,,,1,,,,,,,11,3.395
Fall 2025,DIGM,4396,30,"Liao,Tony Chung-Li",2,,,,1,,,,,,,,,3,3.777
Fall 2025,DRAM,1310,06,"Hinkel,Heidi Anne",376,121,20,13,36,9,3,7,,2,2,2,7,598,3.689
Fall 2025,DRAM,1310,01,"Ostrow,Stuart",51,,,,,,,,,,,,,51,4.000
Fall 2025,DRAM,1310,20,"Brincks,Alan",28,8,3,1,2,2,3,1,1,1,,1,,51,3.386
Fall 2025,DRAM,1310,21,"Egging,Jon Leo",35,2,6,,1,2,1,1,,,,3,,51,3.464
Fall 2025,DRAM,1310,02,"Ostrow,Stuart",49,,,,,,,,,,,,1,50,3.920
Fall 2025,DRAM,1310,07,"Hinkel,Heidi Anne",45,2,1,1,,,,1,,,,,,50,3.907
Fall 2025,DRAM,1310,08,"Egging,Jon Leo",32,2,2,1,4,1,,2,1,2,,3,,50,3.327
Fall 2025,DRAM,1310,10,"Hinkel,Heidi Anne",38,3,3,1,4,,,1,,,,,,50,3.807
Fall 2025,DRAM,1310,11,"Young,Courtney Leigh",33,10,1,,1,1,2,1,,,,,1,50,3.654
Fall 2025,DRAM,1310,12,"Young,Courtney Leigh",30,12,4,,2,1,,1,,,,,,50,3.741
Fall 2025,DRAM,1310,15,"Knight,Olivia Ross",22,6,2,3,4,2,1,2,3,,1,,4,50,3.040
Fall 2025,DRAM,1310,17,"Atkins,Douglas James",28,6,3,1,1,3,,3,1,,1,2,1,50,3.287
Fall 2025,DRAM,1310,19,"Hanna,Austin Essa",21,13,5,,5,1,,1,,,,,4,50,3.354
Fall 2025,DRAM,1310,22,"Diamond,Nadia Rose",10,12,2,5,4,1,2,2,1,,1,5,5,50,2.581
Fall 2025,DRAM,1310,50,"Brincks,Alan",25,13,2,1,2,1,,,1,1,,3,1,50,3.334
Fall 2025,DRAM,1310,51,"Brincks,Alan",25,11,1,,4,,,2,,,,6,1,50,3.227
Fall 2025,DRAM,1310,03,"Egging,Jon Leo",31,1,3,,3,2,1,1,2,,,2,3,49,3.197
Fall 2025,DRAM,1310,04,"Young,Courtney Leigh",35,10,1,1,,,,,,1,,1,,49,3.736
Fall 2025,DRAM,1310,05,"Young,Courtney Leigh",30,11,,,4,,2,1,,,,,1,49,3.660
Fall 2025,DRAM,1310,09,"Hinkel,Heidi Anne",36,3,1,2,2,1,,2,,1,1,,,49,3.646
Fall 2025,DRAM,1310,14,"Egging,Jon Leo",28,6,3,,3,1,,,,,1,3,4,49,3.191
Fall 2025,DRAM,1310,16,"Knight,Olivia Ross",15,8,4,4,5,6,,2,1,2,,1,1,49,3.014
Fall 2025,DRAM,1310,13,"Ostrow,Stuart",25,,,,,,,,,,,,,25,4.000
Fall 2025,DRAM,1351,02,"Ferrarone,Jessica",8,3,1,,3,,,,,,,,,15,3.733
Fall 2025,DRAM,1351,01,"Ferrarone,Jessica",10,1,,,,,,,,,,,1,12,3.639
Fall 2025,DRAM,1330,01,"Goff,Kerry A",21,,1,,2,1,,,,,,,1,26,3.679
Fall 2025,DRAM,2331,01,"Allen,Clint",11,3,2,,3,,,,,,,,,19,3.737
Fall 2025,DRAM,1341,01,"Mason,Meghann D",9,,,,,,,,,,,,1,10,3.600
Fall 2025,DRAM,2351,01,"Pistorius,Allison Marie",1,2,1,3,,,,2,,,,,,9,3.001
Fall 2025,DSGN,1358,01,"Lo,Ruth W",52,22,32,16,18,19,14,11,1,,2,6,2,195,2.964
Fall 2025,ECE,2201,01,"Meh Chu,Chu",19,,4,10,7,6,1,6,9,1,3,3,9,78,2.299
Fall 2025,ECE,2201,03,"Ruchhoeft,Paul",22,,14,3,8,8,2,5,1,3,2,1,8,77,2.614
Fall 2025,ECE,2201,05,"Meh Chu,Chu",7,,2,3,2,4,3,3,2,6,1,2,4,39,1.949
Fall 2025,ECE,2202,03,"Ramachandran,Deepa",22,6,7,3,3,4,12,11,9,,,3,4,84,2.520
Fall 2025,ECE,2202,3,"Ershad,Faheem",9,6,2,4,2,2,9,7,4,,,1,3,49,2.463
Fall 2025,ECE,2202,5,"Ramachandran,Deepa",4,,1,2,2,2,1,2,3,,,,,17,2.608
Fall 2025,ECE,3331,01,"Le,Hung Quang",22,16,6,2,8,,,,,,,,1,55,3.576
Fall 2025,ECE,3331,4,"Meh Chu,Chu",40,,,,1,,,,,,,,,41,3.984
Fall 2025,ECE,3331,3,"Le,Hung Quang",12,2,2,,4,,,,,,,,1,21,3.555
Fall 2025,ECE,3331,02,"Meh Chu,Chu",17,,,,,,,,,,,1,,18,3.778
Fall 2025,ECE,3441,03,"Viswanath,Padmavati Aparna",33,10,8,6,5,3,3,4,,,,,6,78,3.150
Fall 2025,ECE,3441,01,"Sheth,Bhavin R",19,4,4,3,3,5,1,1,1,,1,3,2,47,2.915
Fall 2025,ECE,3457,01,"Bao,Jiming",44,13,5,,12,,,2,,,,,2,78,3.632
Fall 2025,ECE,3457,03,"Bao,Jiming",16,3,2,2,4,,,,,,,1,,28,3.560
Fall 2025,ECE,3317,01,"Jackson,David R",5,6,19,7,20,1,2,8,3,,,1,1,73,2.894
Fall 2025,ECE,3317,02,"Long,Stuart A",3,3,3,6,4,,,,,,,1,,20,3.068
Fall 2025,ECE,4335,01,"De La Rosa-Pohl,Diana",93,,,,,,,,,,,,,93,4.000
Fall 2025,ECE,2100,02,"Claydon,Frank J",5,2,5,1,1,4,2,1,,,,2,,23,2.696
Fall 2025,ECE,2100,03,"Claydon,Frank J",5,2,6,2,4,2,,,,,,,2,23,2.957
Fall 2025,ECE,2100,01,"Claydon,Frank J",3,5,5,,3,,1,1,,,,3,1,22,2.697
Fall 2025,ECE,2100,4,"Claydon,Frank J",3,1,3,2,1,4,2,3,,,,2,1,22,2.349
Fall 2025,ECE,3436,01,"De La Rosa-Pohl,Diana",27,9,2,1,5,,1,1,,,,,,46,3.703
Fall 2025,ECE,3436,03,"Le,Hung Quang",3,2,8,10,7,2,3,5,,,,1,3,44,2.591
Fall 2025,ECE,3355,02,"Litvinov,Dmitri",14,5,16,8,9,6,7,12,,4,1,3,1,86,2.667
Fall 2025,ECE,3155,01,"Shattuck,David P",61,,6,,13,,,,,,,2,1,83,3.678
Fall 2025,ECE,3337,02,"Reddy,Rohith Krishna",4,4,6,8,8,8,3,6,1,,,,2,50,2.653
Fall 2025,ECE,3337,03,"Csutak,Sebastian",,1,2,3,,5,6,1,1,,,,,19,2.159
Fall 2025,ECE,3337,5,"Csutak,Sebastian",,,,4,1,3,3,1,,,,,1,13,2.104
Fall 2025,ECE,3340,01,"Zheng,Jianfeng",47,14,5,1,9,,1,1,,,,,3,81,3.593
Fall 2025,ECE,4437,03,"Le,Hung Quang",15,12,6,1,6,,,,,,,,,40,3.617
Fall 2025,ECE,4437,01,"Le,Hung Quang",18,15,1,,1,,,,,,,,,35,3.811
Fall 2025,ECE,4336,01,"Viswanath,Padmavati Aparna",20,24,3,1,11,,,,,,,,,59,3.667
Fall 2025,ECE,6372,01,"Chen,Yuhua",33,15,3,,7,,,,,,,,,58,3.782
Fall 2025,ECE,6397,2,"Shan,Xiaonan",34,1,,,,,,,,,,,,35,3.991
Fall 2025,ECE,6397,3,"Nguyen,Hien V",14,5,,,,,,,,,,,,19,3.913
Fall 2025,ECE,3364,01,"Shattuck,David P",17,,8,6,10,,1,1,,,,,1,44,3.303
Fall 2025,ECE,6373,01,"Fu,Xin",20,5,5,3,3,1,,2,,,1,,1,41,3.399
Fall 2025,ECE,5451,01,"Pan,Miao",19,14,,1,6,,,,,,,,,40,3.751
Fall 2025,ECE,5388,01,"Huang,Hao",23,1,6,,6,3,,,,,,,,39,3.581
Fall 2025,ECE,4375,01,"Provence,Robert S",9,5,7,,4,5,4,4,,,,,,38,3.018
Fall 2025,ECE,5127,01,"Viswanath,Padmavati Aparna",31,,,,5,,1,,,,,,,37,3.846
Fall 2025,ECE,5377,01,"Viswanath,Padmavati Aparna",13,4,1,,5,,,1,,,,,,24,3.694
Fall 2025,ECE,5377,02,"Viswanath,Padmavati Aparna",7,3,,1,1,,,1,,,,,,13,3.642
Fall 2025,ECE,6346,1,"Joardar,Biresh Kumar",9,8,7,5,4,1,,1,,,,,,35,3.353
Fall 2025,ECE,5397,4,"Nguyen,Hien V",2,13,2,,3,,,,,,,,,20,3.585
Fall 2025,ECE,5397,1,"Mayerich,David Matthew",2,,,,1,,,1,,,,,1,5,2.732
Fall 2025,ECE,5397,2,"Chen,Yuhua",4,,,,,,,,,,,,,4,4.000
Fall 2025,ECE,5397,3,"Shan,Xiaonan",2,,,,,,,,,,,,,2,4.000
Fall 2025,ECE,4339,02,"Brankovic,Stanko R",14,2,3,2,1,1,,1,,,,,1,25,3.414
Fall 2025,ECE,4115,01,"Provence,Robert S",1,4,7,4,4,1,3,,,,,,,24,2.945
Fall 2025,ECE,4119,01,"Brankovic,Stanko R",8,7,,,8,,,,,,,1,,24,3.514
Fall 2025,ECE,5371,01,"Han,Zhu",11,12,,,1,,,,,,,,,24,3.807
Fall 2025,ECE,6328,01,"Chen,Jinghong",9,5,3,1,5,,,,,,,,1,24,3.445
Fall 2025,ECE,5335,02,"Ortiz,James Norman",3,5,2,3,2,4,,4,,,,,,23,2.971
Fall 2025,ECE,6360,01,"Mayerich,David Matthew",4,7,8,,3,1,,,,,,,,23,3.377
Fall 2025,ECE,8399,30,"Shireen,Wajiha",1,2,,,,,,,,,,,,3,3.780
Fall 2025,ECE,8399,01,"Bao,Jiming",2,,,,,,,,,,,,,2,4.000
Fall 2025,ECE,8399,05,"Chen,Jiefu",2,,,,,,,,,,,,,2,4.000
Fall 2025,ECE,8399,18,"Nguyen,Hien V",2,,,,,,,,,,,,,2,4.000
Fall 2025,ECE,8399,02,"Becker,Aaron T",1,,,,,,,,,,,,,1,4.000
Fall 2025,ECE,8399,03,"Brankovic,Stanko R",1,,,,,,,,,,,,,1,4.000
Fall 2025,ECE,8399,12,"Han,Zhu",1,,,,,,,,,,,,,1,4.000
Fall 2025,ECE,8399,13,"Jackson,David R",1,,,,,,,,,,,,,1,4.000
Fall 2025,ECE,8399,17,"Mayerich,David Matthew",1,,,,,,,,,,,,,1,4.000
Fall 2025,ECE,8399,19,"Pan,Miao",1,,,,,,,,,,,,,1,4.000
Fall 2025,ECE,8399,22,"Rajashekara,Kaushik",1,,,,,,,,,,,,,1,4.000
Fall 2025,ECE,8399,23,"Reddy,Rohith Krishna",1,,,,,,,,,,,,,1,4.000
Fall 2025,ECE,8399,26,"Shan,Xiaonan",1,,,,,,,,,,,,,1,4.000
Fall 2025,ECE,8399,27,"Shih,Wei-Chuan",1,,,,,,,,,,,,,1,4.000
Fall 2025,ECE,8399,32,"Robles Hernandez,Francisco C",1,,,,,,,,,,,,,1,4.000
Fall 2025,ECE,8399,33,"Zhao,Lihong",1,,,,,,,,,,,,,1,4.000
Fall 2025,ECE,8399,34,"Canepa,Pieremanuele",1,,,,,,,,,,,,,1,4.000
Fall 2025,ECE,8399,35,"Joardar,Biresh Kumar",1,,,,,,,,,,,,,1,4.000
Fall 2025,ECE,6311,01,"Becker,Aaron T",4,5,3,1,3,1,,1,,,,,2,20,3.017
Fall 2025,ECE,6377,02,"Viswanath,Padmavati Aparna",4,1,1,1,4,,,,,,,,,11,3.515
Fall 2025,ECE,6377,01,"Viswanath,Padmavati Aparna",3,1,,2,3,,,,,,,,,9,3.444
Fall 2025,ECE,6321,01,"Pan,Miao",13,2,,,4,,,,,,,,,19,3.824
Fall 2025,ECE,5356,01,"Chen,Jinghong",7,1,2,4,2,,,,,,,,,16,3.438
Fall 2025,ECE,6305,02,"Krishnamoorthy,Harish Sarma",4,,7,,3,,,,,,,,2,16,2.937
Fall 2025,ECE,6331,01,"Han,Zhu",5,,6,,,3,,,,,,,,14,3.143
Fall 2025,ECE,5117,01,"Han,Zhu",13,,,,,,,,,,,,,13,4.000
Fall 2025,ECE,6337,01,"Prasad,Saurabh",2,3,1,,,,,,,,,1,1,8,2.751
Fall 2025,ECE,6337,02,"Prasad,Saurabh",,4,1,,,,,,,,,,,5,3.536
Fall 2025,ECE,8699,17,"Nguyen,Hien V",2,1,,,,,,,,,,,,3,3.890
Fall 2025,ECE,8699,18,"Pan,Miao",2,,,,,,,,,,,,,2,4.000
Fall 2025,ECE,8699,01,"Bao,Jiming",1,,,,,,,,,,,,,1,4.000
Fall 2025,ECE,8699,03,"Brankovic,Stanko R",1,,,,,,,,,,,,,1,4.000
Fall 2025,ECE,8699,04,"Chen,Ji",1,,,,,,,,,,,,,1,4.000
Fall 2025,ECE,8699,10,"Fu,Xin",1,,,,,,,,,,,,,1,4.000
Fall 2025,ECE,8699,12,"Jackson,David R",1,,,,,,,,,,,,,1,4.000
Fall 2025,ECE,8699,14,"Li,Xingpeng",1,,,,,,,,,,,,,1,4.000
Fall 2025,ECE,8699,31,"Canepa,Pieremanuele",1,,,,,,,,,,,,,1,4.000
Fall 2025,ECE,8699,32,"Hoskere,Vedhus",1,,,,,,,,,,,,,1,4.000
Fall 2025,ECE,6351,01,"Chen,Jiefu",9,3,,,,,,,,,,,,12,3.918
Fall 2025,ECE,6330,01,"Yellajosula,Jaya Raghavendra Arun Kumar",6,,,,,,,,,,,,,6,4.000
Fall 2025,ECE,6330,02,"Yellajosula,Jaya Raghavendra Arun Kumar",5,,,,,,,,,,,,,5,4.000
Fall 2025,ECE,6339,1,"Shih,Wei-Chuan",2,8,,,,,,,,,,1,,11,3.396
Fall 2025,ECE,5330,01,"Becker,Aaron T",5,1,,1,2,,,,,,,,1,10,3.300
Fall 2025,ECE,5346,1,"Joardar,Biresh Kumar",4,3,1,,2,,,,,,,,,10,3.667
Fall 2025,ECE,6302,01,"Sheth,Bhavin R",4,1,,1,2,,,,,,,,,8,3.625
Fall 2025,ECE,6302,02,"Sheth,Bhavin R",1,,1,,,,,,,,,,,2,3.500
Fall 2025,ECE,6317,01,"Rajashekara,Kaushik",1,4,,,,1,1,1,,,,,2,10,2.468
Fall 2025,ECE,6325,02,"Ortiz,James Norman",,2,4,3,,,1,,,,,,,10,2.902
Fall 2025,ECE,6340,01,"Jackson,David R",7,2,,,1,,,,,,,,,10,3.867
Fall 2025,ECE,5113,01,"Chen,Jiefu",8,,,,,,,,,,,,,8,4.000
Fall 2025,ECE,5317,01,"Chen,Jiefu",,,4,,4,,,,,,,,,8,3.165
Fall 2025,ECE,5319,01,"Canepa,Pieremanuele",2,1,1,,4,,,,,,,,,8,3.499
Fall 2025,ECE,4198,01,"Chen,Yuhua",7,,,,,,,,,,,,,7,4.000
Fall 2025,ECE,5115,01,"Provence,Robert S",2,4,,,,,,,,,,,,6,3.780
Fall 2025,ECE,5197,1,"Nguyen,Hien V",2,3,,,,,,,,,,,,5,3.802
Fall 2025,ECE,6379,1,"Li,Xingpeng",1,,,,2,,,,,,,,,3,3.553
Fall 2025,ECE,6379,2,"Li,Xingpeng",2,,,,,,,,,,,,,2,4.000
Fall 2025,ECE,4398,01,"Bering,Edgar A",1,,,,,,,,,,,,,1,4.000
Fall 2025,ECON,2302,1,"Hossain,Md Shahadath",89,69,77,34,45,30,32,23,2,,1,5,12,419,2.986
Fall 2025,ECON,2302,2,"Hossain,Md Shahadath",44,62,57,50,56,31,34,21,4,,3,14,17,393,2.723
Fall 2025,ECON,2302,4,"Callicott,Erika",38,28,45,17,32,18,8,14,2,1,3,2,15,223,2.827
Fall 2025,ECON,2302,3,"Paluszynski,Radoslaw",21,5,6,1,2,,1,,,,,,,36,3.649
Fall 2025,ECON,2301,1,"Maden,Bitaran Jang",75,71,72,37,58,24,8,23,12,,12,16,13,421,2.877
Fall 2025,ECON,2301,2,"Maden,Bitaran Jang",42,44,54,30,51,18,12,21,11,,14,8,16,321,2.729
Fall 2025,ECON,3334,3,"Troncoso,Pablo A",3,7,9,3,2,4,3,4,,3,2,2,1,43,2.473
Fall 2025,ECON,3334,2,"Callicott,Erika",4,6,4,6,2,5,3,6,2,1,,1,2,42,2.485
Fall 2025,ECON,3334,1,"Thornton,Rebecca Achee",8,2,,3,3,1,4,4,1,3,2,4,4,39,2.077
Fall 2025,ECON,3334,4,"Callicott,Erika",6,3,4,6,3,3,1,2,,,,4,4,36,2.371
Fall 2025,ECON,3320,1,"Troncoso,Pablo A",28,16,28,16,15,10,12,7,,,,5,13,150,2.692
Fall 2025,ECON,3370,1,"Zhivan,Natalia A",11,3,5,1,1,,1,1,2,4,2,6,3,40,2.184
Fall 2025,ECON,3370,3,"Peru Durayalage,Dhanushka Arunasiri",10,1,3,6,3,1,2,5,2,,1,2,1,37,2.676
Fall 2025,ECON,3370,2,"Peru Durayalage,Dhanushka Arunasiri",3,,4,7,4,1,4,1,2,1,2,6,1,36,2.010
Fall 2025,ECON,3370,4,"Peru Durayalage,Dhanushka Arunasiri",6,1,3,2,4,3,3,2,,,2,7,2,35,2.105
Fall 2025,ECON,3332,3,"Troncoso,Pablo A",10,2,2,4,3,,2,1,5,3,1,5,2,40,2.201
Fall 2025,ECON,3332,1,"Saboury,Piruz",8,6,2,4,4,3,4,2,1,,3,1,1,39,2.727
Fall 2025,ECON,3332,2,"Craig,Steven G",7,3,11,3,5,5,1,,1,,,1,1,38,2.877
Fall 2025,ECON,3332,4,"Kohlhase,Janet E",3,4,4,4,3,,1,2,,,,2,,23,2.856
Fall 2025,ECON,3347,1,"Maden,Bitaran Jang",16,10,11,9,1,6,5,5,3,,5,4,3,78,2.599
Fall 2025,ECON,3371,1,"Troncoso,Pablo A",11,8,4,15,5,8,9,8,1,1,3,3,2,78,2.531
Fall 2025,ECON,3385,1,"Hirs,Edward A",6,4,19,5,7,11,9,1,1,,,4,6,73,2.366
Fall 2025,ECON,3389,1,"Szabo,Andrea",11,1,7,2,4,4,2,7,,,,,1,39,2.948
Fall 2025,ECON,3389,2,"Peru Durayalage,Dhanushka Arunasiri",5,4,1,7,3,2,2,2,2,1,1,,2,32,2.574
Fall 2025,ECON,3365,1,"Hossain,Md Shahadath",19,11,5,11,8,,4,5,,,2,,1,66,3.157
Fall 2025,ECON,4374,1,"Rana,Saumya",16,7,4,6,7,2,,,,,,,,42,3.453
Fall 2025,ECON,4374,2,"Voloshyna,Galyna",7,1,1,,3,,1,,,,,,,13,3.564
Fall 2025,ECON,3363,1,"Kohlhase,Janet E",6,5,8,6,5,4,2,3,1,,,1,4,45,2.630
Fall 2025,ECON,3377,1,"Craig,Steven G",6,7,7,2,10,3,1,4,,,,2,2,44,2.871
Fall 2025,ECON,4349,1,"Ujhelyi,Gergely",3,2,5,3,2,9,1,4,1,1,1,2,6,40,2.025
Fall 2025,ECON,3357,1,"Peru Durayalage,Dhanushka Arunasiri",15,7,6,3,1,1,,2,,1,1,,1,38,3.255
Fall 2025,ECON,6394,4,"Nivievskyi,Oleg",11,2,,,2,,,,,,,,,15,3.867
Fall 2025,ECON,6394,1,"Obrizan,Maksym",2,5,2,1,4,,,,,,,,,14,3.453
Fall 2025,ECON,6394,2,"Verchenko,Olesia",,2,,,1,,,,,,,,,3,3.557
Fall 2025,ECON,6394,3,"Nivievskyi,Oleg",2,,,,,,,,,,,,,2,4.000
Fall 2025,ECON,4315,1,"Szabo,Andrea",10,,6,,,8,,4,,,,1,2,31,2.688
Fall 2025,ECON,3344,1,"Saboury,Piruz",10,,8,6,2,,,2,,,,,1,29,3.150
Fall 2025,ECON,4373,1,"Paluszynski,Radoslaw",6,1,2,1,2,,1,1,,,,3,8,25,1.880
Fall 2025,ECON,4376,1,"Szabo,Andrea",11,1,5,,1,,,2,,,,1,1,22,3.212
Fall 2025,ECON,6390,1,"Prokopovych,Pavlo",4,6,4,1,4,,,1,,,,,,20,3.417
Fall 2025,ECON,6465,1,"Zhivan,Natalia A",6,2,1,2,3,1,,,,,,,,15,3.445
Fall 2025,ECON,6475,1,"Thornton,Rebecca Achee",8,,2,1,3,,,,,,,1,,15,3.377
Fall 2025,ECON,7341,1,"Wang,Fan",2,1,7,1,4,,,,,,,,,15,3.244
Fall 2025,ECON,6485,1,"Saboury,Piruz",3,4,3,,4,,,,,,,,,14,3.500
Fall 2025,ECON,4389,1,"Hlazunov,Anatolii",4,,6,1,,1,,1,,,,,,13,3.154
Fall 2025,ECON,7365,1,"Rubinstein,Yona Zvi",12,,,,,,,,,,,,,12,4.000
Fall 2025,ECON,7330,1,"Sorensen,Bent E",6,,,,3,,,,,,,,,9,3.777
Fall 2025,ECON,7354,1,"Maheshri,Vikram",3,5,,,1,,,,,,,,,9,3.742
Fall 2025,ECON,8331,1,"Sorensen,Bent E",1,1,3,,1,2,,,,,,,,8,3.000
Fall 2025,ECON,7343,1,"Vollrath,Dietrich E",,3,2,,2,,,,,,,,,7,3.381
Fall 2025,ECON,7385,1,"Papell,David H",7,,,,,,,,,,,,,7,4.000
Fall 2025,ECON,8399,6,"Maheshri,Vikram",3,,,,,,,,,,,,,3,4.000
Fall 2025,ECON,8399,10,"Friedman,Willa H",1,,,,,,,,,,,,,1,4.000
Fall 2025,ECON,8399,16,"Lee,Hyunju",1,,,,,,,,,,,,,1,4.000
Fall 2025,ECON,8399,8,"Papell,David H",1,,,,,,,,,,,,,1,4.000
Fall 2025,ECON,8399,9,"Paluszynski,Radoslaw",1,,,,,,,,,,,,,1,4.000
Fall 2025,ECON,4390,1,"Troncoso,Pablo A",2,3,,,,,,,,,,,,5,3.802
Fall 2025,ECON,7346,1,"Paluszynski,Radoslaw",5,,,,,,,,,,,,,5,4.000
Fall 2025,ECON,6691,1,"Thornton,Rebecca Achee",1,,,,,,,,,,,,,1,4.000
Fall 2025,ECON,7390,1,"Paluszynski,Radoslaw",1,,,,,,,,,,,,,1,4.000
Fall 2025,EDBA,8301,01,"Patrick-Ralhan,Vanessa M",22,4,,,,,,,,,,,,26,3.949
Fall 2025,EDBA,8302,01,"Celly,Nikhil",23,2,,,,,,,,,,,,25,3.974
Fall 2025,EDBA,8303,01,"Johnson,Norman A",18,7,,,,,,,,,,,,25,3.908
Fall 2025,EDBA,8307,01,"Habel,Johannes",20,,,,,,,,,,,,,20,4.000
Fall 2025,EDBA,8308,01,"Rudd,Melanie R",19,1,,,,,,,,,,,,20,3.984
Fall 2025,EDBA,8309,01,"Silva,Leiser O",18,1,,,1,,,,,,,,,20,3.950
Fall 2025,EDRS,8380,1,"Zou,Yali",11,2,,,,,,,,,,,,13,3.949
Fall 2025,EDS,6348,1,"Rajan,Karthik",99,,,,,,,,,,,,,99,4.000
Fall 2025,EDS,6342,1,"Jegdic,Katarina Svetislav",19,8,20,11,5,10,3,5,2,1,2,2,1,89,2.847
Fall 2025,EDS,6340,3,"De Bary,Narges Sharafi",7,47,4,,17,1,,,,,,,1,77,3.521
Fall 2025,EDS,6340,1,"De Bary,Narges Sharafi",1,,,,,,,,,,,1,,2,2.000
Fall 2025,EDS,6333,1,"Wang,Wenshuang",49,7,1,1,10,,1,1,,,,1,,71,3.728
Fall 2025,EDS,6352,1,"Ekhtari,Nima",55,8,2,,4,,,,,,,,,69,3.894
Fall 2025,EDS,6346,1,"Soibam,Benjamin Singh",49,15,,,,,,,,,,,1,65,3.862
Fall 2025,EDS,6399,03,"Sapoznik,Kaitlyn Anne",1,,,,,,,,,,,,,1,4.000
Fall 2025,EDS,6399,1,"Gao,Lu",1,,,,,,,,,,,,,1,4.000
Fall 2025,EDS,7399,01,"Hoskere,Vedhus",1,,,,,,,,,,,,,1,4.000
Fall 2025,EDUC,2301,01,"Rigby-Wills,Hope",82,60,14,10,24,6,7,11,,1,2,5,4,226,3.316
Fall 2025,EDUC,4511,01,"Thompson,Amber M",60,10,1,1,3,1,,,,,,,,76,3.873
Fall 2025,EDUC,3101,01,"Thompson,Amber M",64,1,,,,,,,,,,1,,66,3.934
Fall 2025,EDUC,4512,01,"Thompson,Amber M",57,5,,,,,,,,,,,,62,3.973
Fall 2025,EDUC,1301,02,"Thompson,Alan M",23,2,3,1,1,1,,,,,,,2,33,3.525
Fall 2025,EDUC,1301,01,"Eiland-Miller,Deanna Marie",14,1,,2,1,,,,,,,,,18,3.797
Fall 2025,EDUC,4324,01,"Culpepper,Shea Mosley",23,4,,,1,,,,,,,,,28,3.929
Fall 2025,EDUC,4314,01,"Culpepper,Shea Mosley",12,,,,,,,,,,,,,12,4.000
Fall 2025,EDUC,4314,03,"Evans,Paige K",8,,,,,,,,,,,,,8,4.000
Fall 2025,EDUC,4314,02,"Evans,Paige K",4,,,,1,,,,,,,,,5,3.866
Fall 2025,EDUC,4315,01,"Thompson,Amber M",9,4,1,,,,,,,,,,,14,3.834
Fall 2025,EDUC,4315,03,"Evans,Paige K",8,,,,,,,,,,,,,8,4.000
Fall 2025,EDUC,4325,01,"Thompson,Amber M",9,2,,,2,,,,,,,,,13,3.846
Fall 2025,EDUC,4316,01,"Culpepper,Shea Mosley",10,1,,,1,,,,,,,,,12,3.917
Fall 2025,EDUC,4318,01,"McGinnis,Emily Jane",5,,4,,,,,,,,,,,9,3.556
Fall 2025,EDUC,4319,01,"McGinnis,Emily Jane",5,,4,,,,,,,,,,,9,3.556
Fall 2025,EDUC,4317,01,"Thompson,Amber M",6,2,,,,,,,,,,,,8,3.918
Fall 2025,EGRP,2121,1,"Zelisko,Matthew Raymond",13,1,3,2,1,2,,1,,,1,,,24,3.375
Fall 2025,EGRP,2121,2,"Zelisko,Matthew Raymond",1,,,,,,,,,,,,,1,4.000
Fall 2025,EGRP,2131,1,"Zelisko,Matthew Raymond",11,3,4,1,2,,,1,,,1,,2,25,3.200
Fall 2025,EGRP,2132,1,"Zelisko,Matthew Raymond",9,,4,2,,,1,,,,,1,1,18,3.056
Fall 2025,EGRP,2113,1,"Zelisko,Matthew Raymond",10,2,1,,1,1,,,,,,,2,17,3.275
Fall 2025,EGRP,2111,1,"Zelisko,Matthew Raymond",5,,2,,2,1,,2,3,,,,1,16,2.645
Fall 2025,EGRP,2123,1,"Zelisko,Matthew Raymond",8,4,1,1,1,,1,,,,,,,16,3.584
Fall 2025,EGRP,2133,1,"Zelisko,Matthew Raymond",10,1,,,3,,,1,1,,,,,16,3.562
Fall 2025,EGRP,2122,1,"Zelisko,Matthew Raymond",11,1,1,,,,,,,,,,1,14,3.619
Fall 2025,EGRP,1102,1,"Zelisko,Matthew Raymond",6,,1,1,1,,1,,,,,1,1,12,2.889
Fall 2025,EGRP,1140,1,"Zelisko,Matthew Raymond",3,1,,2,,1,,,,,,,,7,3.287
Fall 2025,EGRP,2112,1,"Zelisko,Matthew Raymond",5,,,,,,,,,,,,,5,4.000
Fall 2025,EGRP,1130,01,"Zelisko,Matthew Raymond",,1,,,,,,,,,,,,1,3.670
Fall 2025,EGRP,1130,1,"Zelisko,Matthew Raymond",,,,,,,,,,,,,1,1,0.000
Fall 2025,ELCS,7321,1,"Butcher,Keith",17,,,,,,,,,,,,,17,4.000
Fall 2025,ELCS,7321,3,"Butcher,Keith",12,1,,,,,,,,,,,,13,3.975
Fall 2025,ELCS,7321,2,"Butcher,Keith",7,2,,1,,,,,,,,,,10,3.801
Fall 2025,ELCS,7391,2,"Klussmann,Duncan Foster",18,,,,,,,,,,,,,18,4.000
Fall 2025,ELCS,7391,1,"Klussmann,Duncan Foster",15,,,,,,,,,,,,,15,4.000
Fall 2025,ELCS,7391,3,"Klussmann,Duncan Foster",7,,,,,,,,,,,,,7,4.000
Fall 2025,ELCS,6370,2,"Horner,Glenda Sue",16,,1,,,,,,,,,,,17,3.941
Fall 2025,ELCS,6370,3,"Wilson,Alison Shelby Page",9,8,,,,,,,,,,,,17,3.845
Fall 2025,ELCS,6301,02,"Ogwumike,Ifeyinwa N",13,2,,,2,,,,,,,,,17,3.882
Fall 2025,ELCS,6301,3,"Stewart,Cedric Benjamin",11,,,,,,,,,,,,,11,4.000
Fall 2025,ELCS,7354,3,"Purdiman,Jamesha Lashay",8,4,,1,2,,,,,,,,,15,3.734
Fall 2025,ELCS,7354,1,"Longacre,Teri",6,,,,,,,,,,,,,6,4.000
Fall 2025,ELCS,6322,1,"Hernandez,Belkis Pamela",16,1,,,,,,,,,,,1,18,3.759
Fall 2025,ELCS,8331,1,"Louis,Dave A",13,,1,,,,,,,,,,,14,3.929
Fall 2025,ELCS,6332,1,"Messa,Emily Alice",10,,,,1,,,,,,,,,11,3.939
Fall 2025,ELCS,8356,1,"Snodgrass Rangel,Virginia Walker",6,3,1,,,,,,,,,,,10,3.801
Fall 2025,ELCS,8356,2,"Snodgrass Rangel,Virginia Walker",,,,,1,,,,,,,,,1,3.330
Fall 2025,ELCS,8375,01,"Louis,Dave A",9,,,,,,,,,,,,,9,4.000
Fall 2025,ELCS,7338,1,"Etoria,Brianna W",7,1,,,,,,,,,,,,8,3.959
Fall 2025,ELCS,8350,1,"Mayers,Onica L",6,1,,,,,,1,,,,,,8,3.750
Fall 2025,ELCS,8399,01,"Zou,Yali",2,,,,,,,,,,,,,2,4.000
Fall 2025,ELCS,8399,4,"Carales,Vincent D",1,1,,,,,,,,,,,,2,3.835
Fall 2025,ELCS,8398,1,"Snodgrass Rangel,Virginia Walker",1,,,,,,,,,,,,,1,4.000
Fall 2025,ELCS,8398,4,"Peters-Hawkins,April",1,,,,,,,,,,,,,1,4.000
Fall 2025,ELED,4311,02,"Domjan,Heather N",26,,,1,,,,,,,,,,27,3.951
Fall 2025,ELED,4311,05,"Bellamy,Nedaro Denise",12,9,2,1,2,,,,,,,1,,27,3.569
Fall 2025,ELED,4311,01,"Domjan,Heather N",21,,,1,1,,,,,,,,,23,3.913
Fall 2025,ELED,4314,01,"Cutler,Carrie Sybil",25,,1,,,,,,,,,1,,27,3.815
Fall 2025,ELED,4314,03,"Cutler,Carrie Sybil",21,4,,,2,,,,,,,,,27,3.901
Fall 2025,ELED,4314,05,"Burris,Justin T",18,4,1,,,,,,,,,,,23,3.899
Fall 2025,ELED,3320,02,"Holcomb,Elisa Marcela",25,,,,,,,,,,,,,25,4.000
Fall 2025,ELED,3320,03,"Tyson,Eleanore S",7,11,1,4,2,,,,,,,,,25,3.548
Fall 2025,ELED,3320,01,"Alba,Celeste",15,2,1,1,,,,1,,,,,,20,3.767
Fall 2025,ELED,3322,02,"Alba,Celeste",13,8,1,,,1,,,,,,,,23,3.755
Fall 2025,ELED,3322,05,"Alba,Celeste",16,5,1,,1,,,,,,,,,23,3.856
Fall 2025,ELED,3322,01,"Alba,Celeste",16,1,,1,1,,,,,,,,,19,3.877
Fall 2025,ELED,4312,03,"Jeffery,Tonya Denene",19,2,,,,,,,,,,,,21,3.969
Fall 2025,ELED,4312,04,"Domjan,Heather N",20,,,,1,,,,,,,,,21,3.968
Fall 2025,ELED,4312,02,"Bailer,Jill",20,,,,,,,,,,,,,20,4.000
Fall 2025,ELED,4315,02,"Burris,Justin T",18,2,,,,,,1,,,,,,21,3.889
Fall 2025,ELED,4315,04,"Burris,Justin T",17,3,,1,,,,,,,,,,21,3.890
Fall 2025,ELED,4315,03,"Cutler,Carrie Sybil",19,1,,,,,,,,,,,,20,3.984
Fall 2025,ELED,4310,04,"Tyson,Eleanore S",17,2,,,,,,1,,,,,,20,3.884
Fall 2025,ELED,4310,01,"Tyson,Eleanore S",16,1,1,,,,,,,,,,,18,3.926
Fall 2025,ELED,4310,03,"Tyson,Eleanore S",14,1,,,,,,,,,,,,15,3.978
Fall 2025,ELED,4320,01,"Ukandu,Leslie",20,,,,1,,,,,,,,,21,3.968
Fall 2025,ELED,4320,04,"Campbell,Matthew",11,2,1,,1,,,,,,,,,15,3.845
Fall 2025,ELED,4320,02,"Carr,Bianca Shaunte",14,,,,,,,,,,,,,14,4.000
Fall 2025,ELED,7320,01,"Dahl-Leonard,Katlynn",7,4,2,1,,,,,,,,,,14,3.668
Fall 2025,ELED,7324,03,"Domjan,Heather N",1,,,,,,,,,,,,,1,4.000
Fall 2025,ELET,2300,30,"Lent,Marino Ricardo",15,,4,1,9,2,2,3,2,,,1,5,44,2.749
Fall 2025,ELET,2300,31,"Lin,Qin",8,4,5,4,4,2,1,5,,,,1,,34,3.029
Fall 2025,ELET,4350,30,"Pollonini,Luca",45,12,,,1,,,1,,,,,1,60,3.828
Fall 2025,ELET,1400,01,"Barbieri,Enrique",5,11,3,4,1,3,3,1,2,,,7,8,48,2.057
Fall 2025,ELET,4352,30,"Zouridakis,George",10,6,7,6,8,,,,1,,,1,1,40,3.167
Fall 2025,ELET,4356,30,"Sampathkumar,Urmila",11,8,3,,10,,,2,,,,,,34,3.539
Fall 2025,ELET,4353,30,"Pollonini,Luca",7,10,4,4,3,2,,3,,,,,,33,3.284
Fall 2025,ELET,4421,30,"Hu,Bin",11,11,4,2,3,1,,,,,,1,,33,3.445
Fall 2025,ELET,6356,1,"Sampathkumar,Urmila",18,2,2,1,1,1,1,,,,,,,26,3.654
Fall 2025,ELET,6356,30,"Sampathkumar,Urmila",2,1,1,1,,,,,,,,,,5,3.468
Fall 2025,ELET,6356,40,"Sampathkumar,Urmila",,1,,1,,,,,,,,,,2,3.170
Fall 2025,ELET,2307,30,"Abraham,Yonas B",3,2,8,,4,5,,6,1,,,,3,32,2.551
Fall 2025,ELET,6303,1,"Malki,Heidar A",11,10,1,2,5,,,1,,,,,1,31,3.485
Fall 2025,ELET,6303,40,"Malki,Heidar A",,,1,,,,,,,,,,,1,3.000
Fall 2025,ELET,1401,01,"Barbieri,Enrique",3,3,6,5,3,2,4,1,,,,,,27,2.865
Fall 2025,ELET,2303,30,"Yuan,Xiaojing",10,5,4,,4,1,,1,,,1,1,,27,3.309
Fall 2025,ELET,2103,31,"Yuan,Xiaojing",5,5,1,2,1,1,,,,,,,,15,3.468
Fall 2025,ELET,2103,30,"Yuan,Xiaojing",3,2,1,,3,,,1,,,,1,,11,3.151
Fall 2025,ELET,3300,30,"Barbieri,Enrique",11,6,3,1,1,1,1,1,,,,,1,26,3.347
Fall 2025,ELET,3405,30,"Singh,Maninder Pal",2,4,4,4,3,3,1,3,,,,,,24,2.917
Fall 2025,ELET,4208,30,"Moges,Mequanint A",7,10,5,,2,,,,,,,,,24,3.598
Fall 2025,ELET,3403,30,"Yuan,Xiaojing",7,6,3,1,3,,,3,,,,,,23,3.420
Fall 2025,ELET,4360,30,"Yuan,Xiaojing",5,8,1,,4,1,2,1,,,,,,22,3.334
Fall 2025,ELET,3402,30,"Singh,Maninder Pal",1,3,4,3,8,1,,1,,,,,,21,3.142
Fall 2025,ELET,4308,30,"Moges,Mequanint A",,16,5,,,,,,,,,,,21,3.510
Fall 2025,ELET,3301,30,"Lin,Qin",2,1,4,4,3,3,,2,,,,,,19,2.895
Fall 2025,ELET,4310,30,"Shireen,Wajiha",6,1,2,3,1,2,2,2,,,,,,19,3.001
Fall 2025,ELET,4317,30,"Shi,Jian",10,1,,1,4,,,2,,,,,,18,3.573
Fall 2025,ELET,4326,30,"Shireen,Wajiha",3,3,3,2,3,1,2,,1,,,,,18,2.982
Fall 2025,ELET,3425,30,"Moges,Mequanint A",2,4,1,1,6,1,,2,,,,,,17,3.235
Fall 2025,ELET,4126,30,"Shireen,Wajiha",6,11,,,,,,,,,,,,17,3.786
Fall 2025,ELET,4305,30,"Shi,Jian",16,,,,,1,,,,,,,,17,3.882
Fall 2025,ELET,2105,30,"Hu,Bin",4,5,1,,2,,,,,,,,,12,3.668
Fall 2025,ELET,2105,31,"Hu,Bin",3,1,,,,,,,,,,,,4,3.918
Fall 2025,ELET,2305,30,"Hu,Bin",3,3,1,2,1,,1,1,,1,3,,,16,2.709
Fall 2025,ELET,3307,30,"Fan,Lei",4,1,4,1,2,,,1,,,,,,13,3.333
Fall 2025,ELET,3107,30,"Fan,Lei",4,3,,1,1,,,,,,,,,9,3.668
Fall 2025,ELET,3107,31,"Fan,Lei",2,,,,,,,,,,,,,2,4.000
Fall 2025,ELET,2101,30,"Fan,Lei",7,,,,1,,,,,,,,,8,3.916
Fall 2025,ELET,2101,31,"Fan,Lei",2,,,,,,,,,,,,,2,4.000
Fall 2025,ELET,2301,30,"Fan,Lei",2,2,3,1,1,1,,,,,,,,10,3.234
Fall 2025,ELET,4325,20,"Singh,Maninder Pal",2,2,1,1,4,,,,,,,,,10,3.433
Fall 2025,ELET,6350,30,"Pollonini,Luca",3,1,,,1,,,,,,,,,5,3.800
Fall 2025,ELET,6350,40,"Pollonini,Luca",3,2,,,,,,,,,,,,5,3.868
Fall 2025,ELET,4105,01,"Shi,Jian",6,,,,,1,,,,,,,,7,3.714
Fall 2025,ELET,6352,40,"Zouridakis,George",1,1,1,,1,,,,,,,,,4,3.500
Fall 2025,ELET,6352,30,"Zouridakis,George",,2,1,,,,,,,,,,,3,3.447
Fall 2025,ELET,6308,30,"Lent,Marino Ricardo",3,,,,,,,,,,,,,3,4.000
Fall 2025,ELET,6308,40,"Lent,Marino Ricardo",2,,1,,,,,,,,,,,3,3.667
Fall 2025,ELET,6353,30,"Pollonini,Luca",2,,,,1,,,,,,,,,3,3.777
Fall 2025,ELET,6353,40,"Pollonini,Luca",1,,,,,,,,,,,,,1,4.000
Fall 2025,ELET,6398,30,"Pollonini,Luca",1,,,,,,,,,,,,,1,4.000
Fall 2025,ELET,6398,30,"Zouridakis,George",1,,,,,,,,,,,,,1,4.000
Fall 2025,ELET,4398,30,"Lent,Marino Ricardo",1,,,,,,,,,,,,,1,4.000
Fall 2025,ELET,6325,30,"Pollonini,Luca",,,,,,,,,,,,,1,1,0.000
Fall 2025,ENGI,1100,04,"Metrovich,Brian",84,,40,,19,14,3,,1,,,6,9,176,3.144
Fall 2025,ENGI,1100,24,"Ledesma,Elmer Banas",22,12,9,6,7,3,4,4,,,,2,3,72,3.061
Fall 2025,ENGI,1100,25,"Malamataris,Nikolaos",36,8,2,,17,,,,,,1,4,2,70,3.390
Fall 2025,ENGI,1100,09,"Aksu,Gulin Tulunay",23,6,9,5,8,2,2,1,1,,,2,1,60,3.195
Fall 2025,ENGI,1100,21,"Metrovich,Brian",28,,15,,7,7,,,,,,1,1,59,3.293
Fall 2025,ENGI,1100,08,"Ledesma,Elmer Banas",17,6,7,6,9,4,3,3,,,,1,2,58,3.052
Fall 2025,ENGI,1100,13,"Musina,Guzel Railevna",31,4,7,1,5,5,2,1,,,,,1,57,3.415
Fall 2025,ENGI,1100,15,"Zhakupova,Aizhan",23,15,11,3,,4,,,,,,,,56,3.501
Fall 2025,ENGI,1100,16,"Zelisko,Matthew Raymond",19,14,10,2,6,2,,,,,,3,,56,3.334
Fall 2025,ENGI,1100,02,"Landon,Alexandra Maley",32,10,2,1,2,,,,,,,,,47,3.830
Fall 2025,ENGI,1100,20,"Landon,Alexandra Maley",23,12,4,1,5,,,1,,,,,,46,3.689
Fall 2025,ENGI,1100,03,"Landon,Alexandra Maley",15,18,2,1,3,1,1,2,,,,,,43,3.559
Fall 2025,ENGI,1100,22,"Cirino,Patrick C",24,3,5,1,1,1,1,1,,1,,1,1,40,3.367
Fall 2025,ENGI,1100,17,"Kota,Venkata Krishna Tulasi",5,8,9,1,5,4,1,1,,,,2,3,39,2.761
Fall 2025,ENGI,1100,23,"Mountziaris,Triantafillos John",17,2,,,1,,,,,,,,,20,3.934
Fall 2025,ENGI,1100,19,"Metrovich,Brian",6,5,2,,,2,,,,,,,,15,3.490
Fall 2025,ENGI,1331,02,"Kota,Venkata Krishna Tulasi",19,5,3,7,9,10,5,2,6,,,5,6,77,2.481
Fall 2025,ENGI,1331,03,"Malamataris,Nikolaos",50,,3,1,,2,1,1,,,5,3,10,76,2.978
Fall 2025,ENGI,1331,06,"Aksu,Gulin Tulunay",14,2,3,1,7,4,1,1,3,,,11,12,59,1.921
Fall 2025,ENGI,1331,07,"Aksu,Gulin Tulunay",10,5,1,11,4,4,3,7,4,,,3,7,59,2.328
Fall 2025,ENGI,1331,08,"Malamataris,Nikolaos",47,,2,1,,,,,,,1,3,4,58,3.414
Fall 2025,ENGI,1331,5,"Kota,Venkata Krishna Tulasi",5,,2,4,2,6,5,1,1,,,,4,30,2.234
Fall 2025,ENGI,1331,04,"Kota,Venkata Krishna Tulasi",3,,1,2,1,3,,,,,,,,10,2.967
Fall 2025,ENGI,2304,04,"Ettelson,Jennifer Jane",15,3,1,1,1,,,1,,,1,2,1,26,3.218
Fall 2025,ENGI,2304,14,"Contos,Ashlie Meghan",8,5,1,3,3,2,1,,,,1,2,,26,3.013
Fall 2025,ENGI,2304,18,"Salvo,Deborah C",16,3,1,3,3,,,,,,,,,26,3.693
Fall 2025,ENGI,2304,05,"Wilson,Chad A",15,3,3,,,1,1,,,,,1,1,25,3.347
Fall 2025,ENGI,2304,07,"Estrada,Carl",2,5,6,2,3,,1,2,,,,3,1,25,2.640
Fall 2025,ENGI,2304,09,"Ettelson,Jennifer Jane",14,3,1,1,5,,,1,,,,,,25,3.666
Fall 2025,ENGI,2304,16,"Salvo,Deborah C",18,3,,1,1,,1,,,,,,1,25,3.627
Fall 2025,ENGI,2304,19,"Pushaw,Stephanie",8,7,2,2,,,1,2,,,,2,1,25,3.014
Fall 2025,ENGI,2304,15,"Estrada,Carl",2,3,2,1,3,2,1,1,2,,,2,2,21,2.270
Fall 2025,ENGI,2304,12,"Wilson,Chad A",9,5,1,1,1,,,,,,,1,,18,3.519
Fall 2025,ENGI,2304,17,"Wilson,Chad A",,1,,1,,2,,,,,,,,4,2.585
Fall 2025,ENGL,1301,191,"Ganter,Blaine",1,3,4,2,1,,1,5,,1,,9,,27,1.840
Fall 2025,ENGL,1301,158,"Watley,RauLanda",7,,15,,1,1,1,,,,1,,,26,3.128
Fall 2025,ENGL,1301,06,"Kroger,Ann Gabriel",9,,2,2,2,2,2,1,,,,3,2,25,2.547
Fall 2025,ENGL,1301,07,"Moore,Kelly L",13,2,2,,2,1,,1,,,,2,2,25,3.053
Fall 2025,ENGL,1301,10,"Rolater,Sara C",3,5,3,2,3,2,1,1,,1,2,2,,25,2.640
Fall 2025,ENGL,1301,102,"Murray,Christopher Brean",11,2,3,2,2,1,,1,,,,,3,25,3.067
Fall 2025,ENGL,1301,103,"Horton,Lara",2,2,2,,5,2,1,2,1,1,1,5,1,25,2.053
Fall 2025,ENGL,1301,105,"Horton,Lara",2,5,2,4,1,2,1,2,,2,1,1,2,25,2.374
Fall 2025,ENGL,1301,11,"Rajkumar,Nidhi",6,4,4,2,3,,,1,,,1,1,3,25,2.787
Fall 2025,ENGL,1301,111,"Rajkumar,Nidhi",10,5,3,,1,,,2,,,,2,2,25,3.014
Fall 2025,ENGL,1301,113,"Lee,Nathanael D",9,4,4,3,,,,1,,,,1,3,25,2.921
Fall 2025,ENGL,1301,119,"Neace,Cassandra L",,5,7,4,3,1,,3,,,,,2,25,2.760
Fall 2025,ENGL,1301,12,"Rajkumar,Nidhi",6,6,1,,3,3,,2,,,,,4,25,2.787
Fall 2025,ENGL,1301,122,"Murray,Christopher Brean",10,5,3,3,1,,1,,,,,2,,25,3.214
Fall 2025,ENGL,1301,123,"Lee,Nathanael D",4,7,5,1,1,1,1,2,,,,2,1,25,2.841
Fall 2025,ENGL,1301,125,"Jones,Baylea",10,3,2,4,3,,,1,,,,2,,25,3.200
Fall 2025,ENGL,1301,127,"Jones,Baylea",11,6,1,,2,,1,,,1,,3,,25,3.121
Fall 2025,ENGL,1301,128,"Braniger,Leslie",2,6,2,3,,3,,3,2,,2,,2,25,2.467
Fall 2025,ENGL,1301,129,"Braniger,Leslie",2,3,,3,2,2,2,4,,,1,3,3,25,2.067
Fall 2025,ENGL,1301,131,"Mandia,Christopher Peter",4,8,2,5,2,1,,,,,,3,,25,2.935
Fall 2025,ENGL,1301,132,"Mandia,Christopher Peter",3,11,,2,5,,1,1,,1,,1,,25,3.161
Fall 2025,ENGL,1301,135,"Stewart-Steele,Heather Marie",3,5,5,5,2,,,,,,,,5,25,2.614
Fall 2025,ENGL,1301,136,"Worley,Sharon J",4,4,2,3,1,,,6,,1,,1,3,25,2.507
Fall 2025,ENGL,1301,14,"Stewart-Steele,Heather Marie",1,5,4,1,8,2,,2,,1,,1,,25,2.920
Fall 2025,ENGL,1301,141,"Stewart-Steele,Heather Marie",1,6,4,6,3,1,,4,,,,,,25,3.014
Fall 2025,ENGL,1301,143,"Klopp,Chelsea Gordon",7,7,,1,7,,,1,,1,,1,,25,3.307
Fall 2025,ENGL,1301,144,"Garcia,Serena Mari",12,7,,2,,,1,1,,,,2,,25,3.321
Fall 2025,ENGL,1301,146,"Garcia,Serena Mari",10,5,,2,2,,2,1,,1,,1,1,25,3.068
Fall 2025,ENGL,1301,15,"Garcia,Serena Mari",10,7,,1,4,,1,,,,,1,1,25,3.334
Fall 2025,ENGL,1301,155,"Kroger,Ann Gabriel",6,2,5,1,2,3,,2,,,,1,3,25,2.653
Fall 2025,ENGL,1301,156,"Kroger,Ann Gabriel",5,4,3,4,2,,1,,1,,,3,2,25,2.548
Fall 2025,ENGL,1301,157,"Worley,Sharon J",3,7,2,2,3,,1,,1,3,,1,2,25,2.548
Fall 2025,ENGL,1301,159,"Worley,Sharon J",2,8,2,2,2,1,,1,,2,,3,2,25,2.441
Fall 2025,ENGL,1301,161,"Lopez,Reese",3,4,4,1,3,1,1,3,,,,2,3,25,2.480
Fall 2025,ENGL,1301,163,"Presswood,Phillip Hilliard",19,3,,,,,,,,,,3,,25,3.480
Fall 2025,ENGL,1301,164,"Presswood,Phillip Hilliard",16,4,,,,1,,,,,,4,,25,3.227
Fall 2025,ENGL,1301,166,"Murray,Christopher Brean",12,5,1,,2,3,,1,,,,,1,25,3.374
Fall 2025,ENGL,1301,169,"Presswood,Phillip Hilliard",14,4,1,,,2,,1,,,,2,1,25,3.200
Fall 2025,ENGL,1301,171,"Backus,Margot Gayle",1,6,1,2,8,3,1,1,,,,2,,25,2.840
Fall 2025,ENGL,1301,177,"Santos,Melanie Elizabeth",11,4,1,,6,,,1,1,,,,1,25,3.400
Fall 2025,ENGL,1301,178,"Presswood,Phillip Hilliard",19,2,,,1,1,,,,,,2,,25,3.547
Fall 2025,ENGL,1301,179,"Penzien,Eugene Norman",11,4,2,,1,,1,1,,,,3,2,25,2.880
Fall 2025,ENGL,1301,18,"Klopp,Chelsea Gordon",11,7,2,,1,,,,,,,2,2,25,3.161
Fall 2025,ENGL,1301,181,"Penzien,Eugene Norman",7,8,3,1,1,,,2,,,,,3,25,3.081
Fall 2025,ENGL,1301,182,"Cochran,Olya",6,8,1,1,3,2,,1,,,,2,1,25,3.014
Fall 2025,ENGL,1301,183,"Dubois,Mary Elizabeth",17,2,,1,,2,,,1,,,,2,25,3.320
Fall 2025,ENGL,1301,184,"Lee,Nathanael D",8,3,,1,2,1,1,,,,1,5,3,25,2.294
Fall 2025,ENGL,1301,186,"Dubois,Mary Elizabeth",20,,,,,1,,,1,1,,1,1,25,3.347
Fall 2025,ENGL,1301,19,"Santos,Melanie Elizabeth",6,4,6,1,4,1,,,,,,1,2,25,2.987
Fall 2025,ENGL,1301,190,"Jones,Baylea",7,9,2,3,4,,,,,,,,,25,3.534
Fall 2025,ENGL,1301,192,"Hiers,Maria",11,1,1,1,5,1,,3,,,,1,1,25,3.159
Fall 2025,ENGL,1301,193,"Presswood,Phillip Hilliard",20,,,,,1,,,,,,2,2,25,3.280
Fall 2025,ENGL,1301,195,"Cochran,Olya",6,7,,1,4,,1,,,1,,3,2,25,2.721
Fall 2025,ENGL,1301,196,"Pachuca,Adrian",12,2,2,,,,,,,,1,4,4,25,2.507
Fall 2025,ENGL,1301,197,"Neace,Cassandra L",,3,2,10,4,2,,,,,,3,1,25,2.441
Fall 2025,ENGL,1301,25,"Ganter,Blaine",4,1,4,3,1,2,2,1,,3,,4,,25,2.188
Fall 2025,ENGL,1301,26,"Jones,Baylea",14,7,,1,2,,,,,1,,,,25,3.668
Fall 2025,ENGL,1301,28,"Soullier,Anastasia Constance",2,6,2,1,2,6,,3,,,1,2,,25,2.627
Fall 2025,ENGL,1301,31,"Hiers,Maria",11,4,,1,3,,,1,,,,5,,25,2.947
Fall 2025,ENGL,1301,38,"Dubois,Mary Elizabeth",18,1,,1,,1,,1,,,,2,1,25,3.307
Fall 2025,ENGL,1301,42,"Kastely,James L",9,,8,,1,1,1,,1,,,3,1,25,2.720
Fall 2025,ENGL,1301,48,"Hiers,Maria",10,7,,2,5,,1,,,,,,,25,3.574
Fall 2025,ENGL,1301,54,"Ganter,Blaine",2,1,4,3,1,3,1,3,2,2,,3,,25,2.120
Fall 2025,ENGL,1301,61,"Bass,Kasey Dawn",15,2,1,,2,1,,,,,,2,2,25,3.160
Fall 2025,ENGL,1301,64,"Rolater,Sara C",7,4,2,2,5,1,,1,,,,1,2,25,3.000
Fall 2025,ENGL,1301,66,"Murray,Christopher Brean",13,3,2,,5,,,,,,,,2,25,3.426
Fall 2025,ENGL,1301,71,"Murray,Christopher Brean",16,5,2,,,,,,,,,1,1,25,3.534
Fall 2025,ENGL,1301,05,"Wong,Karen Y",5,3,6,2,4,3,,,,,,1,,24,3.070
Fall 2025,ENGL,1301,08,"Moore,Kelly L",7,3,1,4,1,3,,,1,,,3,1,24,2.626
Fall 2025,ENGL,1301,09,"Rolater,Sara C",5,7,1,1,2,,1,1,1,1,2,,2,24,2.765
Fall 2025,ENGL,1301,101,"Rolater,Sara C",6,7,2,2,2,,,,,1,,3,1,24,2.848
Fall 2025,ENGL,1301,130,"Braniger,Leslie",3,3,2,4,4,2,1,,,1,,3,1,24,2.473
Fall 2025,ENGL,1301,139,"Singh,Kavita Ashana",14,3,,,6,,,,,,,,1,24,3.625
Fall 2025,ENGL,1301,140,"Stewart-Steele,Heather Marie",1,5,7,2,6,,,,,,,1,2,24,2.861
Fall 2025,ENGL,1301,145,"Garcia,Serena Mari",11,5,,1,1,,1,4,,,1,,,24,3.361
Fall 2025,ENGL,1301,154,"Garcia,Serena Mari",12,6,,1,1,1,,,,,1,2,,24,3.306
Fall 2025,ENGL,1301,16,"Fortuna,Devereux",15,1,2,,3,1,,,,,1,,1,24,3.458
Fall 2025,ENGL,1301,160,"Fortuna,Devereux",20,,2,,1,,,,,,,,1,24,3.722
Fall 2025,ENGL,1301,176,"Klopp,Chelsea Gordon",9,7,2,,1,2,,,,,,2,1,24,3.126
Fall 2025,ENGL,1301,180,"Penzien,Eugene Norman",6,4,1,4,1,,2,,,,,5,1,24,2.460
Fall 2025,ENGL,1301,185,"Lee,Nathanael D",5,6,2,2,2,,1,,1,,,2,3,24,2.612
Fall 2025,ENGL,1301,187,"Lopez,Reese",5,6,2,4,2,1,1,,,,,1,2,24,2.876
Fall 2025,ENGL,1301,188,"Fortuna,Devereux",10,,3,,2,1,,1,2,,,4,1,24,2.583
Fall 2025,ENGL,1301,189,"Dubois,Mary Elizabeth",14,3,1,1,,,,,2,,,1,2,24,3.112
Fall 2025,ENGL,1301,194,"Braniger,Leslie",4,1,4,,6,1,1,,2,,,3,2,24,2.388
Fall 2025,ENGL,1301,55,"Worley,Sharon J",5,5,2,1,5,,,,,1,,3,2,24,2.681
Fall 2025,ENGL,1301,56,"Dubois,Mary Elizabeth",21,,,1,,,,,,,,,2,24,3.611
Fall 2025,ENGL,1301,63,"Rolater,Sara C",3,7,3,2,3,,,2,,1,,3,,24,2.806
Fall 2025,ENGL,1301,142,"Stewart-Steele,Heather Marie",,3,7,5,2,,,,1,,,2,3,23,2.305
Fall 2025,ENGL,1301,173,"Butler,Paul G",5,3,4,1,1,1,1,,1,,,5,1,23,2.334
Fall 2025,ENGL,1301,174,"Backus,Margot Gayle",5,3,3,1,3,1,3,1,1,,,1,1,23,2.740
Fall 2025,ENGL,1301,198,"Kroger,Ann Gabriel",5,4,2,1,,1,1,1,1,,,4,3,23,2.189
Fall 2025,ENGL,1301,13,"Braniger,Leslie",,1,3,4,2,2,1,2,,1,,5,1,22,1.864
Fall 2025,ENGL,1301,32,"Jones,Arlandis",1,7,2,3,5,,,,,,,,3,21,2.874
Fall 2025,ENGL,1301,02,"O'Bryan,Ann Patricia",13,2,1,1,1,,,,,,,1,,19,3.597
Fall 2025,ENGL,1301,03,"O'Bryan,Ann Patricia",12,1,1,3,1,,,,,,,1,,19,3.474
Fall 2025,ENGL,1301,04,"Khalil,Rand Omar",9,3,1,,1,,1,2,,,,2,,19,3.141
Fall 2025,ENGL,1301,112,"Fretwell,Leah M",8,1,2,,3,,1,1,,,,2,1,19,2.929
Fall 2025,ENGL,1301,115,"Kunasek,Caleb",14,1,,,,,,,,1,,2,1,19,3.176
Fall 2025,ENGL,1301,121,"Moon,Bo Hee",10,7,,,2,,,,,,,,,19,3.808
Fall 2025,ENGL,1301,124,"Shen,Srisha",11,3,1,,2,1,1,,,,,,,19,3.597
Fall 2025,ENGL,1301,137,"Ellis,Eileen Renee",4,3,1,1,3,,2,,,,2,1,2,19,2.562
Fall 2025,ENGL,1301,138,"Ellis,Eileen Renee",6,3,1,,6,,1,,,1,,1,,19,3.175
Fall 2025,ENGL,1301,147,"Islam,Muhammad Nurul",4,9,3,,2,,,,,,,1,,19,3.405
Fall 2025,ENGL,1301,148,"Story,Anna Elizabeth",12,4,1,1,,1,,,,,,,,19,3.703
Fall 2025,ENGL,1301,167,"Roldan,Camilo",13,2,,,2,,,,,,,1,1,19,3.474
Fall 2025,ENGL,1301,170,"Roldan,Camilo",13,3,,1,,,,,,,,1,1,19,3.457
Fall 2025,ENGL,1301,172,"Wei,Weixiao",7,5,,1,4,2,,,,,,,,19,3.492
Fall 2025,ENGL,1301,22,"Zheng,Karen",7,5,,2,3,,,1,,,,1,,19,3.369
Fall 2025,ENGL,1301,30,"Riggins,Coleman Daniel",6,5,1,,2,2,1,,,1,,1,,19,3.071
Fall 2025,ENGL,1301,36,"Akinde,Olasubomi Ukwuoma",10,2,,,4,1,1,,,,,,1,19,3.386
Fall 2025,ENGL,1301,41,"Nair,Vinay Prabhakaran",8,6,,1,3,,,1,,,,,,19,3.632
Fall 2025,ENGL,1301,43,"Riggins,Coleman Daniel",8,3,2,,1,,1,,,,,1,3,19,2.843
Fall 2025,ENGL,1301,44,"Mitchell,Malcolm Dean",15,1,1,1,1,,,,,,,,,19,3.825
Fall 2025,ENGL,1301,50,"Mitchell,Malcolm Dean",12,6,,1,,,,,,,,,,19,3.826
Fall 2025,ENGL,1301,65,"Niu,Catherine",,2,1,5,2,2,,1,1,,,4,1,19,1.983
Fall 2025,ENGL,1301,70,"Hogan,Conor Patrick",12,6,,1,,,,,,,,,,19,3.826
Fall 2025,ENGL,1301,72,"Nair,Vinay Prabhakaran",10,8,,,,,,,,,,1,,19,3.651
Fall 2025,ENGL,1301,73,"Hogan,Conor Patrick",12,5,1,,1,,,,,,,,,19,3.825
Fall 2025,ENGL,1301,74,"Zheng,Karen",2,6,2,,4,1,2,1,,,,,1,19,3.001
Fall 2025,ENGL,1301,75,"Shen,Srisha",7,5,,,5,,,,,,,1,1,19,3.316
Fall 2025,ENGL,1301,109,"Fretwell,Leah M",6,7,2,,,,,1,,,,2,,18,3.223
Fall 2025,ENGL,1301,120,"Moon,Bo Hee",12,3,1,,1,,,,,,,,1,18,3.630
Fall 2025,ENGL,1301,162,"Ahern,John Michael",5,8,,1,1,,1,1,,,,,1,18,3.298
Fall 2025,ENGL,1301,175,"Raza,Iqra",8,8,,,1,,1,,,,,,,18,3.687
Fall 2025,ENGL,1301,20,"Islam,Muhammad Nurul",7,6,4,,,,,,,,,1,,18,3.446
Fall 2025,ENGL,1301,53,"Farrell,Miles Alexander",4,1,2,,5,,1,3,,,,1,1,18,2.832
Fall 2025,ENGL,1301,68,"Feizbakhsh Tavana,Zahra",11,5,,,,,,,,,,1,1,18,3.464
Fall 2025,ENGL,1301,69,"Klopp,Chelsea Gordon",6,3,1,2,3,,,,,,2,,1,18,3.111
Fall 2025,ENGL,1301,92,"Raines,Daniel",7,,,2,1,,3,2,,1,1,1,,18,2.686
Fall 2025,ENGL,1301,93,"Raines,Daniel",4,2,3,6,2,,1,,,,,,,18,3.149
Fall 2025,ENGL,1301,01,"Wei,Weixiao",,3,3,,4,,,,1,,,5,1,17,2.019
Fall 2025,ENGL,1302,23,"Downey,Carlton M",21,1,,1,2,,,,,,,2,,27,3.593
Fall 2025,ENGL,1302,01,"Zachow,Alix V",3,2,1,5,5,1,2,2,,,,2,2,25,2.494
Fall 2025,ENGL,1302,02,"Zachow,Alix V",3,5,4,,9,,1,,,,,2,1,25,2.960
Fall 2025,ENGL,1302,04,"Cowan,Joshua Jared",10,6,1,1,1,,,1,,,,1,4,25,2.934
Fall 2025,ENGL,1302,07,"Zachow,Alix V",5,7,1,4,2,2,1,,,,2,1,,25,2.974
Fall 2025,ENGL,1302,08,"Bass,Kasey Dawn",15,1,1,,,,1,,,,,5,2,25,2.734
Fall 2025,ENGL,1302,09,"Sicinski,Michael J",5,11,2,,5,,,,1,,,,1,25,3.361
Fall 2025,ENGL,1302,11,"Sicinski,Michael J",6,6,2,,7,,,,1,,,2,1,25,3.053
Fall 2025,ENGL,1302,13,"Soullier,Anastasia Constance",3,6,7,1,,1,,3,,,,1,3,25,2.667
Fall 2025,ENGL,1302,17,"Lipke,Amy P",3,2,3,1,,2,,2,,1,,4,7,25,1.614
Fall 2025,ENGL,1302,20,"Pogue,Donovan A",12,,1,2,5,1,1,,,,1,2,,25,3.120
Fall 2025,ENGL,1302,22,"Downey,Carlton M",15,1,,1,2,,,1,1,,,3,1,25,3.053
Fall 2025,ENGL,1302,24,"Zachow,Alix V",6,4,2,,5,2,2,1,,,,,3,25,2.840
Fall 2025,ENGL,1302,26,"Campese,Kathleen Ann",12,6,2,,1,1,,,1,,,1,1,25,3.294
Fall 2025,ENGL,1302,28,"Campese,Kathleen Ann",14,3,1,3,2,,,,,,,1,1,25,3.387
Fall 2025,ENGL,1302,40,"Lipke,Amy P",5,9,1,4,,,2,,,2,,2,,25,2.856
Fall 2025,ENGL,1302,42,"Lipke,Amy P",7,7,2,1,1,,3,,1,,,2,1,25,2.868
Fall 2025,ENGL,1302,43,"Ellis,Amanda",3,10,2,1,5,1,,1,1,,,1,,25,3.174
Fall 2025,ENGL,1302,44,"Downey,Carlton M",15,1,3,,3,,,,,,,3,,25,3.306
Fall 2025,ENGL,1302,46,"Downey,Carlton M",16,3,1,,1,,,,,,,2,2,25,3.254
Fall 2025,ENGL,1302,59,"Neace,Cassandra L",,5,5,4,2,,,2,1,1,1,3,1,25,2.334
Fall 2025,ENGL,1302,61,"Gonzalez,Maria C",8,5,3,1,3,,,,,,,2,3,25,2.880
Fall 2025,ENGL,1302,66,"Worley,Sharon J",14,3,1,2,,,1,1,,2,,1,,25,3.228
Fall 2025,ENGL,1302,67,"Campese,Kathleen Ann",14,5,,1,3,1,,,1,,,,,25,3.600
Fall 2025,ENGL,1302,10,"Sicinski,Michael J",9,7,,1,6,,,,,,,1,,24,3.514
Fall 2025,ENGL,1302,12,"Sicinski,Michael J",9,6,1,,5,2,,,,,1,,,24,3.458
Fall 2025,ENGL,1302,16,"Krolczyk,Courtney Kendall",11,2,1,2,3,,,1,,,,3,1,24,3.000
Fall 2025,ENGL,1302,18,"Pogue,Donovan A",10,4,1,2,,1,1,2,,,,2,1,24,2.973
Fall 2025,ENGL,1302,19,"Pogue,Donovan A",4,6,2,1,4,,,1,,,1,3,2,24,2.653
Fall 2025,ENGL,1302,25,"Pogue,Donovan A",6,5,,,7,,3,,,,,1,2,24,2.945
Fall 2025,ENGL,1302,27,"Campese,Kathleen Ann",12,5,1,,2,,,1,,,2,,1,24,3.375
Fall 2025,ENGL,1302,57,"Neace,Cassandra L",,5,2,2,1,2,2,1,1,,1,7,,24,1.876
Fall 2025,ENGL,1302,14,"Sen,Chaitali",9,3,2,,1,1,,1,,,,1,1,19,3.193
Fall 2025,ENGL,1302,21,"Suarez,Monique R",9,2,2,2,1,,1,,,,1,,1,19,3.211
Fall 2025,ENGL,1302,32,"Mengesha,Abigail Mulatu",7,4,2,,,1,,,,,1,2,2,19,2.737
Fall 2025,ENGL,1302,34,"Sen,Chaitali",9,4,,,3,2,,,,,,1,,19,3.404
Fall 2025,ENGL,1302,55,"Brinkley,Paola Garcia",9,,6,,,2,,,,,,1,1,19,3.053
Fall 2025,ENGL,1302,56,"Brinkley,Paola Garcia",8,,4,,,1,,,,,,3,3,19,2.421
Fall 2025,ENGL,1302,6,"Suarez,Monique R",9,2,,3,,,2,,,,,3,,19,2.878
Fall 2025,ENGL,1302,60,"Hoda,Sohail",,11,2,1,2,,,2,,,,,1,19,3.177
Fall 2025,ENGL,1302,62,"Ademoroti,Adeniyi Ayodeji",9,4,,1,3,,,,,,,,2,19,3.334
Fall 2025,ENGL,1302,63,"Ademoroti,Adeniyi Ayodeji",7,5,2,,4,,,,,,,,1,19,3.456
Fall 2025,ENGL,1302,52,"Hoda,Sohail",2,6,2,1,3,,,1,1,,,1,1,18,2.889
Fall 2025,ENGL,1302,69,"Yates,Kaitlyn",6,3,1,1,4,,,,1,,,2,,18,3.056
Fall 2025,ENGL,1302,68,"Yates,Kaitlyn",6,3,2,1,,,,1,,,,4,,17,2.706
Fall 2025,ENGL,1302,70,"Yates,Kaitlyn",5,4,3,,,,,,,,,1,,13,3.360
Fall 2025,ENGL,2360,10,"Lyke,Larry",5,4,4,,4,,,,,,,,,17,3.529
Fall 2025,ENGL,2360,28,"Rayneard,Max James Anthony",3,7,1,,4,,,1,,,,,,16,3.521
Fall 2025,ENGL,2360,32,"Vollrath,Lesli A",2,2,7,,5,,,,,,,,,16,3.312
Fall 2025,ENGL,2360,14,"Trninic,Marina",7,4,1,,2,,,,,,,,1,15,3.489
Fall 2025,ENGL,2360,22,"Cooper,Carol B",5,5,1,,4,,,,,,,,,15,3.645
Fall 2025,ENGL,2360,25,"Ford,Bryn Eames",4,4,2,1,3,,,1,,,,,,15,3.445
Fall 2025,ENGL,2360,26,"Rainbow,Jesse J",5,7,,,3,,,,,,,,,15,3.712
Fall 2025,ENGL,2360,30,"Sisman,Cengiz",4,7,2,,2,,,,,,,,,15,3.623
Fall 2025,ENGL,2360,02,"Barnes,Michael",10,4,,,,,,,,,,,,14,3.906
Fall 2025,ENGL,2360,05,"Eberhart,Christian",12,1,,1,,,,,,,,,,14,3.881
Fall 2025,ENGL,2360,13,"Sommers,Tamler S",7,3,1,1,1,,,1,,,,,,14,3.596
Fall 2025,ENGL,2360,17,"Dawson,Cindy",4,3,2,,5,,,,,,,,,14,3.547
Fall 2025,ENGL,2360,33,"Werner,Andrew Timothy",4,3,3,,2,,1,,,,,,1,14,3.167
Fall 2025,ENGL,2360,21,"Rainbow,Jesse J",5,3,,,5,,,,,,,,,13,3.666
Fall 2025,ENGL,2360,31,"Vollrath,Lesli A",5,4,2,1,1,,,,,,,,,13,3.591
Fall 2025,ENGL,2360,35,"Frith,Eric",7,4,,,2,,,,,,,,,13,3.795
Fall 2025,ENGL,2360,01,"Barnes,Michael",7,3,1,,1,,,,,,,,,12,3.778
Fall 2025,ENGL,2360,06,"Garner,Richard A",4,2,1,,5,,,,,,,,,12,3.583
Fall 2025,ENGL,2360,08,"Gish,Dustin",3,1,4,,3,1,,,,,,,,12,3.305
Fall 2025,ENGL,2360,09,"Gish,Dustin",4,4,,,4,,,,,,,,,12,3.667
Fall 2025,ENGL,2360,12,"Morrison,Iain P D",3,4,1,1,3,,,,,,,,,12,3.528
Fall 2025,ENGL,2360,15,"Trninic,Marina",4,3,2,,3,,,,,,,,,12,3.583
Fall 2025,ENGL,2360,29,"Sisman,Cengiz",3,4,3,,2,,,,,,,,,12,3.528
Fall 2025,ENGL,2360,34,"Werner,Andrew Timothy",2,4,1,1,4,,,,,,,,,12,3.473
Fall 2025,ENGL,2360,36,"Frith,Eric",3,2,1,,6,,,,,,,,,12,3.527
Fall 2025,ENGL,2360,03,"Charara,Hayan S",5,3,,,3,,,,,,,,,11,3.727
Fall 2025,ENGL,2360,07,"Garner,Richard A",3,3,,,3,,,,,,,,2,11,3.000
Fall 2025,ENGL,2360,11,"Morrison,Iain P D",4,2,1,,4,,,,,,,,,11,3.605
Fall 2025,ENGL,2360,23,"Ferguson,Jamie H",2,6,,,3,,,,,,,,,11,3.637
Fall 2025,ENGL,2360,24,"Ford,Bryn Eames",3,4,1,1,1,,,1,,,,,,11,3.455
Fall 2025,ENGL,2360,27,"Rayneard,Max James Anthony",1,7,,1,1,,,1,,,,,,11,3.456
Fall 2025,ENGL,2360,37,"Ferguson,Jamie H",4,3,,,4,,,,,,,,,11,3.666
Fall 2025,ENGL,2360,16,"Dawson,Cindy",4,3,,,2,1,,,,,,,,10,3.567
Fall 2025,ENGL,2360,04,"Charara,Hayan S",3,2,,,1,,,,,,,1,,7,3.239
Fall 2025,ENGL,1370,04,"Charara,Hayan S",2,4,2,,3,,,,,,,,,11,3.515
Fall 2025,ENGL,1370,03,"Charara,Hayan S",,4,,,3,,,,,,,,1,8,3.084
Fall 2025,ENGL,1370,16,"Dawson,Cindy",1,3,1,1,2,,,,,,,,,8,3.418
Fall 2025,ENGL,1370,24,"Ford,Bryn Eames",,2,3,,,2,,,,,,,1,8,2.543
Fall 2025,ENGL,1370,01,"Barnes,Michael",4,1,1,,1,,,,,,,,,7,3.714
Fall 2025,ENGL,1370,15,"Trninic,Marina",,2,,,5,,,,,,,,,7,3.427
Fall 2025,ENGL,1370,37,"Ferguson,Jamie H",2,2,,,2,,,,,,,,1,7,3.143
Fall 2025,ENGL,1370,07,"Garner,Richard A",2,1,,1,2,,,,,,,,,6,3.500
Fall 2025,ENGL,1370,08,"Gish,Dustin",,4,2,,,,,,,,,,,6,3.447
Fall 2025,ENGL,1370,21,"Rainbow,Jesse J",2,,1,,3,,,,,,,,,6,3.498
Fall 2025,ENGL,1370,23,"Ferguson,Jamie H",1,5,,,,,,,,,,,,6,3.725
Fall 2025,ENGL,1370,27,"Rayneard,Max James Anthony",1,1,1,2,1,,,,,,,,,6,3.223
Fall 2025,ENGL,1370,05,"Eberhart,Christian",5,,,,,,,,,,,,,5,4.000
Fall 2025,ENGL,1370,12,"Morrison,Iain P D",2,1,,,2,,,,,,,,,5,3.666
Fall 2025,ENGL,1370,13,"Sommers,Tamler S",5,,,,,,,,,,,,,5,4.000
Fall 2025,ENGL,1370,17,"Dawson,Cindy",2,2,,,,1,,,,,,,,5,3.468
Fall 2025,ENGL,1370,29,"Sisman,Cengiz",,2,,,3,,,,,,,,,5,3.466
Fall 2025,ENGL,1370,31,"Vollrath,Lesli A",1,1,1,,1,1,,,,,,,,5,3.200
Fall 2025,ENGL,1370,33,"Werner,Andrew Timothy",2,1,1,,1,,,,,,,,,5,3.600
Fall 2025,ENGL,1370,35,"Frith,Eric",,5,,,,,,,,,,,,5,3.670
Fall 2025,ENGL,1370,02,"Barnes,Michael",3,1,,,,,,,,,,,,4,3.918
Fall 2025,ENGL,1370,09,"Gish,Dustin",2,2,,,,,,,,,,,,4,3.835
Fall 2025,ENGL,1370,11,"Morrison,Iain P D",2,,,1,1,,,,,,,,,4,3.500
Fall 2025,ENGL,1370,14,"Trninic,Marina",1,1,,,2,,,,,,,,,4,3.583
Fall 2025,ENGL,1370,25,"Ford,Bryn Eames",,1,2,,,1,,,,,,,,4,2.918
Fall 2025,ENGL,1370,30,"Sisman,Cengiz",2,1,1,,,,,,,,,,,4,3.668
Fall 2025,ENGL,1370,34,"Werner,Andrew Timothy",2,1,,,,,,,,,,,1,4,2.918
Fall 2025,ENGL,1370,06,"Garner,Richard A",1,1,,,1,,,,,,,,,3,3.667
Fall 2025,ENGL,1370,36,"Frith,Eric",1,,1,,1,,,,,,,,,3,3.443
Fall 2025,ENGL,1370,22,"Cooper,Carol B",,,,,2,,,,,,,,,2,3.330
Fall 2025,ENGL,1370,26,"Rainbow,Jesse J",,1,,,1,,,,,,,,,2,3.500
Fall 2025,ENGL,1370,28,"Rayneard,Max James Anthony",,1,,,1,,,,,,,,,2,3.500
Fall 2025,ENGL,1370,32,"Vollrath,Lesli A",,2,,,,,,,,,,,,2,3.670
Fall 2025,ENGL,1370,10,"Lyke,Larry",,,,,1,,,,,,,,,1,3.330
Fall 2025,ENGL,2305,2,"Bernardi,Muriel",12,6,4,1,3,,,1,,,,,3,30,3.234
Fall 2025,ENGL,2305,3,"Raza,Iqra",16,5,,,7,,,1,,,,1,,30,3.600
Fall 2025,ENGL,2305,1,"Zamora,Lois",1,4,4,1,3,2,1,4,,,,1,4,25,2.333
Fall 2025,ENGL,2305,4,"Khalil,Rand Omar",11,1,,7,4,,,,,,,2,,25,3.187
Fall 2025,ENGL,2306,3,"Charara,Hayan S",24,,,,,,,,,,,4,2,30,3.200
Fall 2025,ENGL,2306,2,"Wolff,Alexander Lazarus",3,1,2,1,2,2,1,3,1,2,,3,7,28,1.643
Fall 2025,ENGL,2306,1,"Weitman,Mathew",16,3,1,1,1,,,,,,,,3,25,3.360
Fall 2025,ENGL,3328,2,"Bass,Kasey Dawn",22,4,1,,5,,1,,,1,,2,1,37,3.369
Fall 2025,ENGL,3328,1,"Guajardo,Paul",9,4,2,,9,2,,,,,,,3,29,3.126
Fall 2025,ENGL,3330,01,"Story,Anna Elizabeth",14,3,,,,2,,,,,,1,,20,3.551
Fall 2025,ENGL,3330,2,"Ahern,John Michael",12,4,,,2,,,,,,,1,1,20,3.467
Fall 2025,ENGL,3330,3,"Farrell,Miles Alexander",13,2,,,1,,,1,,,,,1,18,3.611
Fall 2025,ENGL,3331,3,"Pachuca,Adrian",11,5,,,3,,,,,1,,,,20,3.651
Fall 2025,ENGL,3331,1,"Rizzo,Kaitlin M",16,,,,,,,,1,,,1,1,19,3.421
Fall 2025,ENGL,3331,2,"Belieu,Erin Colleen",12,3,,,2,1,,,,,,,1,19,3.562
Fall 2025,ENGL,3352,1,"Lowe,Jennifer Samantha Anne",11,10,2,3,4,,,1,,,,1,3,35,3.153
Fall 2025,ENGL,3352,2,"Yang,Sunny Chen",9,1,4,2,1,,,,1,,1,,2,21,2.984
Fall 2025,ENGL,3301,4,"Voskuil,Lynn M",2,5,3,3,1,1,1,1,,1,,1,1,20,2.668
Fall 2025,ENGL,3301,3,"Gonzalez,Maria C",10,2,2,,4,,,,,,,,1,19,3.508
Fall 2025,ENGL,3301,2,"Mazella,David S",9,1,1,,,1,,,,1,,1,1,15,3.023
Fall 2025,ENGL,2315,1,"Stock,Lorraine K",1,2,5,1,9,4,,4,,,2,,1,29,2.723
Fall 2025,ENGL,2315,2,"Sicinski,Michael J",12,6,2,,3,1,,,,,,,,24,3.667
Fall 2025,ENGL,2307,1,"Kunasek,Caleb",11,3,2,,2,1,1,2,1,1,,4,,28,2.774
Fall 2025,ENGL,2307,2,"Feizbakhsh Tavana,Zahra",21,3,,,,,,,,,,,,24,3.959
Fall 2025,ENGL,2318,1,"Turchi,Peter D",18,4,5,1,3,3,,1,2,,,1,5,43,2.899
Fall 2025,ENGL,3322,1,"Chatterjee,Sreya",16,3,4,,4,1,,,,,,1,2,31,3.301
Fall 2025,ENGL,4375,1,"Wingard,Jennifer L",24,2,1,3,,,,,,,,1,,31,3.689
Fall 2025,ENGL,3323,01,"Majumder,Auritro",5,5,8,2,4,,,2,,,,2,2,30,2.856
Fall 2025,ENGL,3327,1,"Mazella,David S",8,4,4,1,6,3,1,,,,,3,,30,2.967
Fall 2025,ENGL,3348,1,"Guajardo,Paul",11,5,6,,7,,1,,,,,,,30,3.511
Fall 2025,ENGL,4300,1,"Lee,Eunjeong",18,3,1,1,4,,,1,,,,,2,30,3.478
Fall 2025,ENGL,4315,1,"Pogue,Donovan A",15,1,,2,5,1,1,1,2,,,,2,30,3.122
Fall 2025,ENGL,4319,1,"Bachmann,Abbey Marie",26,1,1,,,1,1,,,,,,,30,3.811
Fall 2025,ENGL,3302,1,"Stock,Lorraine K",4,6,3,8,1,1,1,4,1,,,,,29,2.955
Fall 2025,ENGL,3317,1,"Womble,David Avari Patrick",3,2,6,2,8,,,2,,,,3,3,29,2.551
Fall 2025,ENGL,3351,1,"Ellis,Amanda",6,5,2,5,4,1,1,1,1,,1,1,1,29,2.874
Fall 2025,ENGL,3362,1,"Chatterjee,Sreya",7,4,6,3,6,,,,,,,,3,29,3.058
Fall 2025,ENGL,4303,1,"Duran,Chatwara",15,3,3,4,,2,,,,,,1,1,29,3.265
Fall 2025,ENGL,3365,1,"Singh,Kavita Ashana",13,12,,,1,1,1,,,,,,,28,3.680
Fall 2025,ENGL,3306,1,"Christensen,Ann C",6,1,3,6,2,2,,4,,,,1,,25,2.907
Fall 2025,ENGL,4394,1,"Zamora,Lois",5,2,2,1,1,3,1,2,2,1,,,3,23,2.363
Fall 2025,ENGL,4311,1,"Zentz,Lauren R",15,1,,,1,,,1,,1,1,,,20,3.567
Fall 2025,ENGL,4382,1,"Harris,Francine Julia",14,4,,,1,,,,,,,1,,20,3.701
Fall 2025,ENGL,4385,1,"Niu,Catherine",6,4,3,,4,,,,,,,3,,20,3.050
Fall 2025,ENGL,4386,1,"Divakaruni,Chitra B",5,9,2,,,,,2,1,,,1,,20,3.235
Fall 2025,ENGL,4387,1,"Hunt Kivel,Emily April",16,2,,,2,,,,,,,,,20,3.900
Fall 2025,ENGL,4383,1,"Serpas,Martha R",12,1,1,2,2,,,1,,,,,,19,3.632
Fall 2025,ENGL,7365,1,"Voskuil,Lynn M",4,4,,,1,,,,,,,,,9,3.779
Fall 2025,ENGL,7365,2,"Voskuil,Lynn M",3,3,,,1,,,,,,,,,7,3.763
Fall 2025,ENGL,6321,1,"Turchi,Peter D",13,1,,,,,,,,,,,,14,3.976
Fall 2025,ENGL,4372,1,"Vollrath,Lesli A",5,4,,1,,1,,1,,,,1,,13,3.206
Fall 2025,ENGL,6311,1,"Christensen,Ann C",4,5,,,3,,,,,,,,,12,3.695
Fall 2025,ENGL,7324,1,"Harris,Francine Julia",12,,,,,,,,,,,,,12,4.000
Fall 2025,ENGL,7368,1,"Ehlers,Sarah E",11,1,,,,,,,,,,,,12,3.973
Fall 2025,ENGL,7390,1,"Snediker,Michael",4,4,,1,3,,,,,,,,,12,3.612
Fall 2025,ENGL,8354,1,"Womble,David Avari Patrick",7,1,,,4,,,,,,,,,12,3.749
Fall 2025,ENGL,4396,1,"Ehlers,Sarah E",6,,,,,,,3,1,,,,,10,3.199
Fall 2025,ENGL,7345,1,"Zentz,Lauren R",9,,1,,,,,,,,,,,10,3.900
Fall 2025,ENGL,7322,1,"Prufer,Kevin D",9,,,,,,,,,,,,,9,4.000
Fall 2025,ENGL,7369,1,"Majumder,Auritro",7,2,,,,,,,,,,,,9,3.927
Fall 2025,ENGL,8392,1,"Kastely,James L",9,,,,,,,,,,,,,9,4.000
Fall 2025,ENGL,8322,1,"Tejada,Roberto Jose",8,,,,,,,,,,,,,8,4.000
Fall 2025,ENGL,6322,1,"Serpas,Martha R",7,,,,,,,,,,,,,7,4.000
Fall 2025,ENGL,6323,1,"Parsons,Alexander M",7,,,,,,,,,,,,,7,4.000
Fall 2025,ENGL,6393,1,"Wingard,Jennifer L",5,1,,,,,,,,,,,,6,3.945
Fall 2025,ENGL,8318,1,"Shepley,Nathan",6,,,,,,,,,,,,,6,4.000
Fall 2025,ENGL,4340,1,"Gregory,Elizabeth",3,,1,,1,,,,,,,,,5,3.666
Fall 2025,ENGL,8323,1,"Divakaruni,Chitra B",5,,,,,,,,,,,,,5,4.000
Fall 2025,ENGL,3399,2,"Ellis,Amanda",1,,,,,,,,,,,,,1,4.000
Fall 2025,ENGL,3399,3,"Zentz,Lauren R",1,,,,,,,,,,,,,1,4.000
Fall 2025,ENGL,3399,4,"Womble,David Avari Patrick",1,,,,,,,,,,,,,1,4.000
Fall 2025,ENGL,3399,5,"Womble,David Avari Patrick",1,,,,,,,,,,,,,1,4.000
Fall 2025,ENGL,7398,2,"Divakaruni,Chitra B",1,,,,,,,,,,,,,1,4.000
Fall 2025,ENGL,7398,3,"Zentz,Lauren R",1,,,,,,,,,,,,,1,4.000
Fall 2025,ENGL,7398,4,"Majumder,Auritro",1,,,,,,,,,,,,,1,4.000
Fall 2025,ENGL,4398,1,"Womble,David Avari Patrick",,1,,,,,,,,,,,,1,3.670
Fall 2025,ENGL,4398,2,"Duran,Chatwara",1,,,,,,,,,,,,,1,4.000
Fall 2025,ENGL,7399,1,"Stock,Lorraine K",1,,,,,,,,,,,,,1,4.000
Fall 2025,ENGL,7399,4,"Wingard,Jennifer L",1,,,,,,,,,,,,,1,4.000
Fall 2025,ENGL,8699,4,"Belieu,Erin Colleen",1,,,,,,,,,,,,,1,4.000
Fall 2025,ENGR,2301,06,"Kalliontzis,Dimitrios",17,10,9,7,8,9,14,11,4,5,1,7,19,121,2.089
Fall 2025,ENGR,2301,02,"Hoskere,Vedhus",23,8,10,10,9,11,14,9,8,,,9,9,120,2.353
Fall 2025,ENGR,2301,04,"Zamiran,Siavash",5,,11,,,9,,,3,,,,2,30,2.467
Fall 2025,ENGR,2301,03,"Zamiran,Siavash",5,,6,,,6,,,2,,,,,19,2.737
Fall 2025,ENGR,2301,07,"Metrovich,Brian",2,2,2,1,2,,,,,,,,,9,3.408
Fall 2025,ENGR,1304,01,"Ray,Kyle A",18,9,10,3,16,2,2,1,,,1,,1,63,3.291
Fall 2025,ENRG,4397,02,"Jacobsen,Nicolas Fisher",15,2,1,1,2,,,,,,1,,,22,3.682
Fall 2025,ENRG,4397,04,"Noack,Michelle Renee Rand",5,1,2,1,1,3,1,1,,,,,,15,3.045
Fall 2025,ENRG,4397,01,"Debrah,Akua Asamoah",7,2,1,,2,,,,,,,,,12,3.750
Fall 2025,ENRG,4397,03,"Vollrath,Lesli A",10,,,,,,,,,,,,,10,4.000
Fall 2025,ENRG,3310,02,"Moore,Sophia",15,4,,,4,2,1,1,1,,,,,28,3.464
Fall 2025,ENRG,3310,01,"Jacobsen,Nicolas Fisher",14,4,1,1,3,,,,,,1,,,24,3.653
Fall 2025,ENRG,4320,01,"Debrah,Akua Asamoah",8,3,,,,,,,,,,,,11,3.910
Fall 2025,ENTR,3310,07,"Wilbur,Stephen",67,67,39,8,77,5,3,4,,,4,6,1,281,3.339
Fall 2025,ENTR,3310,02,"Wilbur,Stephen",65,69,43,20,48,7,4,8,5,1,1,4,4,279,3.232
Fall 2025,ENTR,3310,05,"Ortega,Carlos Alberto",50,77,17,5,30,8,,6,2,,,2,3,200,3.394
Fall 2025,ENTR,3310,04,"Ortega,Carlos Alberto",52,75,14,3,38,6,2,3,,,,2,4,199,3.428
Fall 2025,ENTR,3310,01,"Ortega,Carlos Alberto",71,70,7,,36,6,1,5,,,,,1,197,3.589
Fall 2025,ENTR,3310,03,"Ortega,Carlos Alberto",65,73,14,,37,2,,1,,,1,1,3,197,3.557
Fall 2025,ENTR,3310,08,"Richards,Sean Wesley",3,18,5,,,,1,,,,,,,27,3.509
Fall 2025,ENTR,3310,06,"Boles,James Read",7,7,,1,3,,,1,,,,,1,20,3.434
Fall 2025,ENTR,3312,03,"Lish,Alan D",10,17,23,17,14,12,1,5,,,,,1,100,3.007
Fall 2025,ENTR,3312,04,"Lish,Alan D",5,7,20,8,18,12,7,9,3,2,4,3,2,100,2.533
Fall 2025,ENTR,3312,01,"Karonika,John R",18,6,9,5,3,,,2,1,,,1,4,49,3.062
Fall 2025,ENTR,3312,02,"Karonika,John R",18,9,8,2,2,3,1,1,,1,,,3,48,3.160
Fall 2025,ENTR,3312,05,"Karonika,John R",21,8,3,7,2,1,,1,1,,1,,3,48,3.216
Fall 2025,ENTR,3312,06,"Karonika,John R",17,8,5,4,6,,1,,,1,,2,4,48,3.028
Fall 2025,ENTR,4397,04,"McCormick,Kelly",37,6,1,,2,2,1,,,1,,1,,51,3.647
Fall 2025,ENTR,4397,02,"McCormick,Kelly",28,5,2,2,2,,,1,,,,,,40,3.767
Fall 2025,ENTR,4397,03,"Boles,James Read",4,4,4,4,5,3,1,4,2,,2,,,33,2.778
Fall 2025,ENTR,4397,05,"Krishnamurthy,Parthasarathy",12,4,,2,6,1,,,,,,,1,26,3.462
Fall 2025,ENTR,4397,06,"Krishnamurthy,Parthasarathy",5,3,7,2,4,,1,2,,,,,1,25,3.080
Fall 2025,ENTR,3311,01,"Nordby,Jonathan",84,5,,1,1,1,,,,,,4,2,98,3.697
Fall 2025,ENTR,4340,01,"Nordby,Jonathan",29,,,1,,,,,,,,,,30,3.956
Fall 2025,ENTR,4340,02,"Rios,Eduardo Javier",11,9,1,4,2,1,1,1,,,,,,30,3.446
Fall 2025,ENTR,4340,03,"Rios,Eduardo Javier",13,5,3,4,3,,1,,,,,,,29,3.507
Fall 2025,ENTR,3390,01,"McCormick,Kelly",32,3,6,2,3,1,,1,,1,,1,,50,3.547
Fall 2025,ENTR,3342,01,"McCormick,Kelly",17,7,3,3,3,1,,2,,,,1,,37,3.442
Fall 2025,ENTR,7335,01,"Becker,Charles D",23,7,2,,2,,,1,,,,1,,36,3.686
Fall 2025,ENTR,4330,01,"Becker,Charles D",15,7,4,2,3,1,,,,,,,1,33,3.485
Fall 2025,ENTR,4110,01,"Cook,David B",11,8,5,4,2,,,,,,,,,30,3.523
Fall 2025,ENTR,4350,01,"Boles,James Read",19,4,1,,6,,,,,,,,,30,3.789
Fall 2025,ENTR,7336,01,"Wilbur,Stephen",3,8,,,2,,,,,,1,,,14,3.525
Fall 2025,ENTR,7336,02,"Wilbur,Stephen",2,4,,,1,,,,,,,,,7,3.716
Fall 2025,ENTR,7390,01,"Nordby,Jonathan",15,,,,,,,,,,,,,15,4.000
Fall 2025,ENTR,7339,01,"Rassin,Keith David",8,1,,,,,,,,,,,,9,3.963
Fall 2025,ENTR,7399,02,"Gonzalez,Liana",3,,,,,,,,,,,,,3,4.000
Fall 2025,ENTR,7399,01,"Gonzalez,Liana",1,,,,,,,,,,,,,1,4.000
Fall 2025,ENTR,7342,01,"McCormick,Kelly",1,,,,1,,,,,,,1,,3,2.443
Fall 2025,ENTR,4380,01,"Rassin,Keith David",2,,,,,,,,,,,,,2,4.000
Fall 2025,FINA,3332,05,"Lopez,John C",52,,33,,43,28,,38,9,,16,4,6,229,2.729
Fall 2025,FINA,3332,02,"Suleymanov,Masim",93,,31,,30,24,,22,4,,10,4,7,225,3.029
Fall 2025,FINA,3332,06,"Suleymanov,Masim",103,,29,,33,17,,21,1,,12,2,6,224,3.164
Fall 2025,FINA,3332,08,"Lopez,John C",11,,26,,16,36,,27,22,11,23,7,22,201,1.842
Fall 2025,FINA,3332,03,"Chisholm,Darla",7,6,14,16,5,21,20,15,17,17,10,13,25,186,1.631
Fall 2025,FINA,3332,07,"Chisholm,Darla",43,26,13,14,17,7,3,5,5,2,5,4,9,153,2.902
Fall 2025,FINA,3332,09,"Suleymanov,Masim",21,,15,,16,6,,12,7,,12,,10,99,2.477
Fall 2025,FINA,3332,04,"Chisholm,Darla",2,2,4,9,5,3,6,7,4,2,,10,8,62,1.705
Fall 2025,FINA,3332,01,"Suleymanov,Masim",18,,2,,5,,,1,,,,,,26,3.730
Fall 2025,FINA,4320,01,"Doshi,Hitesh B",26,13,2,3,5,,2,2,,,,1,1,55,3.461
Fall 2025,FINA,4320,04,"Mateen,Haaris",19,10,9,4,9,,1,1,,,,,2,55,3.352
Fall 2025,FINA,4320,02,"Doshi,Hitesh B",28,10,4,3,5,1,2,1,,,,,,54,3.575
Fall 2025,FINA,4320,05,"Mateen,Haaris",15,15,6,5,3,1,,5,1,,,,2,53,3.227
Fall 2025,FINA,4320,03,"Mateen,Haaris",13,6,8,7,13,1,,3,,,,,1,52,3.250
Fall 2025,FINA,4320,06,"Suleymanov,Masim",17,4,6,2,7,3,3,4,1,,,1,3,51,2.954
Fall 2025,FINA,4330,05,"Berger,Elizabeth",17,2,12,3,8,3,5,1,,,,,4,55,2.958
Fall 2025,FINA,4330,04,"Berger,Elizabeth",17,4,5,6,9,3,6,3,,,,,1,54,3.087
Fall 2025,FINA,4330,06,"De Angelis,David",13,15,3,4,9,,,1,2,,3,2,1,53,3.114
Fall 2025,FINA,4330,07,"De Angelis,David",9,11,5,4,7,1,1,7,,1,1,,1,48,3.070
Fall 2025,FINA,4330,02,"Medina Palma,Paolina del Carmen",6,9,5,3,3,2,,6,,,,,,34,3.177
Fall 2025,FINA,4330,03,"Medina Palma,Paolina del Carmen",7,7,1,3,11,,2,1,1,,,,,33,3.273
Fall 2025,FINA,4330,01,"Medina Palma,Paolina del Carmen",4,9,3,3,1,,,4,,,,,3,27,2.914
Fall 2025,FINA,4397,01,"Richards,Keith Allen",41,31,7,12,15,2,2,4,,2,1,,7,124,3.227
Fall 2025,FINA,4397,05,"Davies,Colin",25,2,,,,,,,,,,,,27,3.976
Fall 2025,FINA,4397,07,"Levy,Clayton V",1,5,1,3,9,,,1,,,,,5,25,2.626
Fall 2025,FINA,4397,04,"Bean,Gregory S",12,,,,,,,,,,,,1,13,3.692
Fall 2025,FINA,4397,03,"Susmel,Raul",2,2,1,,2,,,,,,,,1,8,3.125
Fall 2025,FINA,4397,06,"Levy,Clayton V",1,1,,,4,,,,,,,,1,7,2.999
Fall 2025,FINA,4397,02,"Susmel,Raul",1,2,,,,1,,,,,,,1,5,2.668
Fall 2025,FINA,4376,01,"Pena,Juan F",98,15,5,2,4,3,,1,,,,1,1,130,3.762
Fall 2025,FINA,   6A35,07,"Berger,Elizabeth",21,5,5,1,4,3,,,1,,1,1,1,43,3.295
Fall 2025,FINA,   6A35,03,"Berger,Elizabeth",11,4,4,3,13,,,,1,1,1,2,1,41,3.048
Fall 2025,FINA,   6A35,01,"Povel,Paul",3,5,3,1,4,,,,,,,1,,17,3.255
Fall 2025,FINA,   6A35,05,"De Angelis,David",2,4,3,,,2,1,1,,,1,,,14,2.929
Fall 2025,FINA,   6A35,06,"De Angelis,David",3,,,,1,,1,,,1,,1,,7,2.524
Fall 2025,FINA,4328,02,"Coleman,Alfred G",29,10,5,,7,1,1,1,1,,,,,55,3.600
Fall 2025,FINA,4328,01,"Coleman,Alfred G",14,8,7,5,6,1,4,5,1,,1,2,,54,3.006
Fall 2025,FINA,6387,02,"Basu,Swati",17,10,,,6,1,,,,,,,1,35,3.619
Fall 2025,FINA,6387,05,"Basu,Swati",16,3,,,3,,,,,,,,1,23,3.696
Fall 2025,FINA,6387,4,"Sanoja,Alejandro Ismael",6,2,,,2,,,,,,,,,10,3.800
Fall 2025,FINA,6387,3,"Sanoja,Alejandro Ismael",3,3,,,,,,,,,,,,6,3.835
Fall 2025,FINA,4323,01,"Caire,Matthew",33,7,,,3,,,,,,,,,43,3.900
Fall 2025,FINA,4323,02,"Caire,Matthew",25,2,2,,,,,,,,,,,29,3.908
Fall 2025,FINA,4329,01,"Hong,James",9,7,20,4,15,5,,4,,,,,2,66,3.055
Fall 2025,FINA,4354,01,"Kapatos,Nick Gus",13,7,6,2,5,5,3,9,2,,2,,5,59,2.683
Fall 2025,FINA,   7A10,03,"Yerramilli,Vijay",14,6,4,1,3,1,1,2,,,,1,,33,3.364
Fall 2025,FINA,   7A10,04,"Yerramilli,Vijay",10,2,1,1,,,,,,,,,1,15,3.534
Fall 2025,FINA,   7A10,01,"Povel,Paul",4,1,,,2,,,1,1,,,,,9,3.296
Fall 2025,FINA,   7A20,02,"Wu,Guojun",34,,,,,,,,,,,1,,35,3.886
Fall 2025,FINA,   7A20,01,"Wu,Guojun",11,,,,,,,,,,,,,11,4.000
Fall 2025,FINA,   6A31,03,"Woods,James D",11,,2,,4,1,,2,,,,1,2,23,3.043
Fall 2025,FINA,   6A31,02,"Woods,James D",10,,2,,2,2,,,,,,,4,20,2.833
Fall 2025,FINA,4357,01,"Kapatos,Nick Gus",9,3,13,3,4,,,8,,,1,1,,42,3.031
Fall 2025,FINA,4351,01,"Rabinovitch,Ramon",13,2,16,1,5,1,,2,,,,1,,41,3.252
Fall 2025,FINA,4355,02,"Kapatos,Nick Gus",8,9,5,5,9,1,,,,,,,1,38,3.299
Fall 2025,FINA,4382,01,"Williams,Junious E",34,1,1,,,,,,,,,,,36,3.963
Fall 2025,FINA,4358,01,"Kapatos,Nick Gus",12,5,2,2,2,2,3,4,1,,,1,1,35,2.962
Fall 2025,FINA,4380,01,"Adams,James s",3,5,7,7,7,2,,2,,,1,,1,35,2.953
Fall 2025,FINA,4310,01,"Rude,Dale",11,9,3,2,9,,,,,,,,,34,3.569
Fall 2025,FINA,4326,02,"Stewart,Marcus",17,8,1,,6,1,,,,,,,,33,3.707
Fall 2025,FINA,   7A40,01,"Doshi,Hitesh B",6,6,3,,4,3,2,,,,,,,24,3.237
Fall 2025,FINA,   7A40,02,"Doshi,Hitesh B",1,2,,,1,1,,,,,,1,1,7,2.381
Fall 2025,FINA,7397,02,"Bean,Gregory S",7,,,,,,,,,,,,,7,4.000
Fall 2025,FINA,7397,05,"Hitzemann,Steffen",4,2,,,,,,,,,,1,,7,3.334
Fall 2025,FINA,7397,07,"Davies,Colin",6,,,,,,,,,,,,,6,4.000
Fall 2025,FINA,7397,01,"Smith III,Edwin A",4,,,,,,,,,,,,,4,4.000
Fall 2025,FINA,7397,03,"George,Thomas J",3,,,,,,,,,,,,,3,4.000
Fall 2025,FINA,7397,04,"Hitzemann,Steffen",2,1,,,,,,,,,,,,3,3.890
Fall 2025,FINA,7397,08,"Sadiki,Hanah",,,,,,,1,,,,,,,1,1.670
Fall 2025,FINA,4336,01,"Bailey-Rihawi,Esther Elizabeth",21,4,2,,,,1,,,,,,1,29,3.667
Fall 2025,FINA,4352,01,"Lopez,John C",,5,6,,8,2,,4,,,,,3,28,2.725
Fall 2025,FINA,7326,01,"Stewart,Marcus",13,6,2,,6,,,,,,,,,27,3.704
Fall 2025,FINA,7360,02,"Hitzemann,Steffen",9,2,1,1,3,,,,,,,,,16,3.688
Fall 2025,FINA,7360,01,"Hitzemann,Steffen",6,4,,,1,,,,,,,,,11,3.819
Fall 2025,FINA,4325,01,"Lopez,John C",3,3,3,,2,4,,6,2,2,,,,25,2.560
Fall 2025,FINA,4341,02,"Reinarz,Douglas Allen",17,2,1,,2,3,,,,,,,,25,3.640
Fall 2025,FINA,4383,01,"Wright,Larry Thomas",18,6,,,,,,,,,,,,24,3.918
Fall 2025,FINA,4335,01,"Gurung,Sitanshu",12,3,3,3,,,,,1,,,,1,23,3.349
Fall 2025,FINA,4360,01,"Hitzemann,Steffen",3,6,5,4,5,,,,,,,,,23,3.320
Fall 2025,FINA,4370,01,"Smith III,Edwin A",14,3,1,,2,,,,1,,1,,,22,3.591
Fall 2025,FINA,   7A30,01,"Povel,Paul",4,2,2,2,5,,,,,,,,2,17,3.019
Fall 2025,FINA,4343,02,"Dawson,Alan M",3,,7,2,2,1,,2,,,,,,17,3.039
Fall 2025,FINA,   7A41,01,"Doshi,Hitesh B",4,5,,,2,,,1,,,,,1,13,3.334
Fall 2025,FINA,   7A41,02,"Doshi,Hitesh B",2,1,,,,,,,,,,,,3,3.890
Fall 2025,FINA,   7A23,01,"Wu,Guojun",13,,,,,,,,,,,1,,14,3.714
Fall 2025,FINA,   7A37,01,"Kumar,Praveen",13,,,,,,,,,,,,1,14,3.714
Fall 2025,FINA,7323,01,"George,Thomas J",10,3,,,,1,,,,,,,,14,3.786
Fall 2025,FINA,8397,03,"Susmel,Raul",6,2,1,,1,,,,,,,,,10,3.767
Fall 2025,FINA,8397,01,"Jacobs,Kris",4,,,,,,,,,,,,,4,4.000
Fall 2025,FINA,7381,01,"Disch,Kathryn Annette",10,1,,,2,,,,,,,,,13,3.872
Fall 2025,FINA,7382,01,"Azuike,Acho Kelechi",12,1,,,,,,,,,,,,13,3.975
Fall 2025,FINA,7329,01,"Rude,Dale",7,2,,,1,,,,,,,,,10,3.867
Fall 2025,FINA,7371,01,"Slaughter,Andrew Jeremy",8,,2,,,,,,,,,,,10,3.800
Fall 2025,FINA,4371,01,"Slaughter,Andrew Jeremy",4,,4,,,,,,,,,,,8,3.500
Fall 2025,FINA,4372,03,"Berta,Dominique",,1,,,2,,,1,,,,1,,5,2.532
Fall 2025,FINA,4372,04,"Berta,Dominique",,2,,1,,,,,,,,,,3,3.337
Fall 2025,FINA,7354,02,"Susmel,Raul",5,,,,,,,,,,,,,5,4.000
Fall 2025,FINA,7354,01,"Susmel,Raul",1,2,,,,,,,,,,,,3,3.780
Fall 2025,FINA,7370,01,"Mehta,Hiten J",1,4,,,1,,,,,,,,,6,3.668
Fall 2025,FINA,8373,01,"Doshi,Hitesh B",6,,,,,,,,,,,,,6,4.000
Fall 2025,FINA,8398,04,"Yerramilli,Vijay",2,1,,,,,,,,,,,,3,3.890
Fall 2025,FINA,8398,02,"Jacobs,Kris",2,,,,,,,,,,,,,2,4.000
Fall 2025,FINA,8398,05,"Susmel,Raul",1,,,,,,,,,,,,,1,4.000
Fall 2025,FINA,7376,01,"Smith III,Edwin A",4,,,,,,,,,,,,,4,4.000
Fall 2025,FINA,7376,02,"Smith III,Edwin A",,,,,,,,,,,,,1,1,0.000
Fall 2025,FINA,   7A50,01,"Rabinovitch,Ramon",3,,1,,,,,,,,,,,4,3.750
Fall 2025,FINA,6398,01,"Bean,Gregory S",4,,,,,,,,,,,,,4,4.000
Fall 2025,FINA,7372,02,"Berta,Dominique",1,,,1,1,,,,,,,,1,4,2.500
Fall 2025,FINA,8338,01,"Kumar,Praveen",1,3,,,,,,,,,,,,4,3.753
Fall 2025,FINA,8368,02,"Jacobs,Kris",,4,,,,,,,,,,,,4,3.670
Fall 2025,FINA,4353,03,"Lopez,John C",2,,,,,,,,,,,,,2,4.000
Fall 2025,FINA,3399,01,"Liu,Zesong",1,,,,,,,,,,,,,1,4.000
Fall 2025,FINA,8396,01,"Jacobs,Kris",1,,,,,,,,,,,,,1,4.000
Fall 2025,FORE,6351,40,"Hines,Andrew Lewis",13,4,,,1,,,,,,,,,18,3.889
Fall 2025,FORE,6351,20,"Hines,Andrew Lewis",8,,2,,,,,,,,,,1,11,3.455
Fall 2025,FORE,6331,20,"Mudge,James Thomas",4,5,3,1,1,1,,,,,,,,15,3.423
Fall 2025,FORE,6331,40,"Mudge,James Thomas",6,3,2,1,,,,,,,,1,,13,3.360
Fall 2025,FORE,6311,20,"Cowart,Adam David",11,1,,,1,,,,,,,,,13,3.923
Fall 2025,FORE,6311,40,"Cowart,Adam David",7,,,,,,,,,,,,,7,4.000
Fall 2025,FORE,6395,40,"Hines,Andrew Lewis",3,,,,,,,,,,,,,3,4.000
Fall 2025,FORE,6395,30,"Hines,Andrew Lewis",1,,,,,,,,,,,,,1,4.000
Fall 2025,FORE,6398,40,"Hines,Andrew Lewis",2,,,,,,,,,,,,,2,4.000
Fall 2025,FORE,6398,30,"Hines,Andrew Lewis",1,,,,,,,,,,,,,1,4.000
Fall 2025,FORE,6396,40,"Hines,Andrew Lewis",1,,,,,,,,,,,,,1,4.000
Fall 2025,FREN,1301,3,"Chalhoub,Rania Maria",11,1,4,1,2,1,,1,1,,,,1,23,3.232
Fall 2025,FREN,1301,2,"Green,Viola V",2,4,1,4,4,1,1,,,,,2,2,21,2.540
Fall 2025,FREN,1301,1,"Green,Viola V",,2,1,3,4,,4,,,1,,1,3,19,2.054
Fall 2025,FREN,1302,1,"Chalhoub,Rania Maria",6,1,3,4,1,,,3,,,,1,1,20,2.884
Fall 2025,FREN,1302,2,"Chalhoub,Rania Maria",2,2,3,,1,1,,1,,,1,,1,12,2.778
Fall 2025,FREN,2311,01,"Green,Viola V",3,,5,2,,3,1,1,1,,,1,,17,2.549
Fall 2025,FREN,3317,1,"Giacchetti,Claudine A",5,1,,3,,,,2,,,,,1,12,3.028
Fall 2025,FREN,2312,02,"Green,Viola V",,1,2,3,1,,,1,,,,,2,10,2.334
Fall 2025,FREN,3341,1,"Vredenburgh,Amanda Jane",3,5,1,,,,,,,,,,,9,3.706
Fall 2025,GENB,   6A50,02,"Pettiette,Michael R",9,16,,,4,,,,,,,,,29,3.726
Fall 2025,GENB,   6A50,03,"Pettiette,Michael R",9,13,2,1,3,1,,,,,,,,29,3.599
Fall 2025,GENB,   6A50,01,"Pineda,Dalia Rivera",9,4,1,,1,,,,,,,,,15,3.801
Fall 2025,GENB,7303,02,"Newman,Michael Ray",31,3,3,,2,,,,,,,,,39,3.863
Fall 2025,GENB,7303,01,"Newman,Michael Ray",22,2,,,,,,,,,,,,24,3.973
Fall 2025,GENB,   7A97,2,"Haseley,Ken A.",4,,,,,1,,,,,,,,5,3.600
Fall 2025,GENB,   7A97,4,"Williams,John M",4,,,,1,,,,,,,,,5,3.866
Fall 2025,GENB,   7A97,1,"Haseley,Ken A.",3,,,,,,,,,,,,,3,4.000
Fall 2025,GENB,   7A97,3,"Williams,John M",3,,,,,,,,,,,,,3,4.000
Fall 2025,GENB,5304,02,"Simms,John Edward",3,3,5,,1,,,,,,,,,12,3.445
Fall 2025,GENB,6350,02,"Vandaveer,Amy L",9,,,1,,,,,,,,,,10,3.867
Fall 2025,GENB,5303,01,"Newman,Michael Ray",4,2,1,,,,,,,,,,,7,3.763
Fall 2025,GENB,5303,02,"Newman,Michael Ray",,1,,,,,,,,,,,,1,3.670
Fall 2025,GENB,7304,04,"Simms,John Edward",1,2,1,,1,,,,,,,,,5,3.534
Fall 2025,GENB,7304,03,"Simms,John Edward",,1,,,,1,,,,,,,,2,2.835
Fall 2025,GENB,7334,01,"Alarcon,Tizoc",6,,1,,,,,,,,,,,7,3.857
Fall 2025,GENB,7397,01,"Webb,James R",6,,,,,,,,,,,,,6,4.000
Fall 2025,GENB,7393,01,"Galvani,Paul",5,,,,,,,,,,,,,5,4.000
Fall 2025,GENB,7394,01,"Galvani,Paul",5,,,,,,,,,,,,,5,4.000
Fall 2025,GEOL,1303,02,"Hauptvogel,Daniel William",107,100,98,45,77,25,17,35,5,2,13,9,7,540,3.054
Fall 2025,GEOL,1303,10,"Murphy,Michael",67,56,79,53,58,19,2,13,4,1,2,6,10,370,3.038
Fall 2025,GEOL,1303,07,"Lytwyn,Jennifer N",51,19,23,14,14,9,5,6,2,3,4,7,13,170,2.802
Fall 2025,GEOL,1303,08,"Lytwyn,Jennifer N",54,12,19,17,13,9,5,9,5,3,3,10,11,170,2.730
Fall 2025,GEOL,1303,01,"Sisson,Virginia B",30,24,32,10,33,3,5,8,2,1,2,4,5,159,3.013
Fall 2025,GEOL,1303,06,"Robinson,Alexander C",21,16,25,20,22,11,5,14,3,1,2,5,11,156,2.652
Fall 2025,GEOL,1303,05,"Capuano,Regina M",30,13,4,9,12,7,6,10,,,5,1,2,99,3.007
Fall 2025,GEOL,1303,03,"Struble,William",17,7,12,6,3,5,3,,2,,,4,,59,2.927
Fall 2025,GEOL,1302,02,"Griggs,Philip Travis",310,104,14,14,27,5,6,11,1,1,2,2,2,499,3.689
Fall 2025,GEOL,1302,01,"Zhang,Honghai",126,44,9,12,23,2,3,5,1,,1,1,2,229,3.599
Fall 2025,GEOL,1340,02,"Lytwyn,Jennifer N",74,26,16,16,17,10,5,17,4,1,4,6,17,213,2.895
Fall 2025,GEOL,1340,03,"Lytwyn,Jennifer N",73,17,20,10,23,14,4,10,6,1,7,12,14,211,2.804
Fall 2025,GEOL,1340,01,"Lytwyn,Jennifer N",15,6,5,2,7,4,7,3,,,2,,2,53,2.925
Fall 2025,GEOL,1103,02,"Sisson,Virginia B",10,6,1,,3,1,,,1,,,1,,23,3.392
Fall 2025,GEOL,1103,07,"Hauptvogel,Daniel William",16,2,,2,1,,,1,,,,,1,23,3.580
Fall 2025,GEOL,1103,01,"Hauptvogel,Daniel William",11,4,,,2,,2,3,,,,,,22,3.440
Fall 2025,GEOL,1103,04,"Sisson,Virginia B",15,4,,,3,,,,,,,,,22,3.849
Fall 2025,GEOL,1103,08,"Hauptvogel,Daniel William",9,3,3,1,4,,,,1,,,,1,22,3.318
Fall 2025,GEOL,1103,09,"Hauptvogel,Daniel William",6,8,4,,2,,1,,,,1,,,22,3.410
Fall 2025,GEOL,1103,10,"Sisson,Virginia B",6,6,1,,7,,,,,,,1,,21,3.444
Fall 2025,GEOL,1103,03,"Hauptvogel,Daniel William",17,2,,,1,,,,,,,,,20,3.934
Fall 2025,GEOL,1103,13,"Sisson,Virginia B",15,3,,,1,,,,,,,,1,20,3.717
Fall 2025,GEOL,1103,05,"Sisson,Virginia B",16,,1,,,1,,,,,,,,18,3.833
Fall 2025,GEOL,1103,06,"Hauptvogel,Daniel William",13,1,,,2,,,,,,,,,16,3.896
Fall 2025,GEOL,1103,11,"Hauptvogel,Daniel William",7,2,2,,,,,,,,,,,11,3.758
Fall 2025,GEOL,1103,14,"Hauptvogel,Daniel William",7,,2,,,,,,,,,1,1,11,3.091
Fall 2025,GEOL,1103,15,"Sisson,Virginia B",4,1,1,,,,,,,,,,1,7,3.239
Fall 2025,GEOL,1102,03,"Griggs,Philip Travis",19,,,,,,,1,1,2,,,,23,3.507
Fall 2025,GEOL,1102,04,"Griggs,Philip Travis",13,5,1,2,2,,,,,,,,,23,3.711
Fall 2025,GEOL,1102,07,"Griggs,Philip Travis",14,1,1,1,2,,,1,1,1,,,,22,3.455
Fall 2025,GEOL,1102,08,"Griggs,Philip Travis",13,4,,1,2,,,1,,,,1,,22,3.561
Fall 2025,GEOL,1102,02,"Griggs,Philip Travis",15,1,2,1,,,,,1,,,1,,21,3.492
Fall 2025,GEOL,1102,09,"Griggs,Philip Travis",10,2,1,3,2,,,,1,,,,1,20,3.301
Fall 2025,GEOL,1102,01,"Griggs,Philip Travis",10,,,,,1,,,,,,,,11,3.818
Fall 2025,GEOL,1347,02,"Rappenglueck,Bernhard",56,8,9,4,4,3,,4,3,,,5,11,107,3.016
Fall 2025,GEOL,1304,01,"Copeland,Peter",4,4,9,8,7,2,9,8,2,6,6,5,15,85,1.812
Fall 2025,GEOL,4334,01,"Wang,Yuxuan",17,3,6,9,2,3,,1,,,,,1,42,3.239
Fall 2025,GEOL,3338,01,"Capuano,Regina M",11,6,5,2,5,3,4,,1,,,2,,39,2.992
Fall 2025,GEOL,1147,02,"Rappenglueck,Bernhard",6,3,,1,3,1,1,,,1,1,2,1,20,2.667
Fall 2025,GEOL,1147,03,"Rappenglueck,Bernhard",2,4,1,,2,,1,,,,,3,,13,2.616
Fall 2025,GEOL,3322,01,"Sun,Jiajia",11,5,2,4,2,1,1,1,,1,,1,3,32,2.886
Fall 2025,GEOL,1104,02,"Hauptvogel,Daniel William",11,4,1,2,1,,,1,,,,,,20,3.634
Fall 2025,GEOL,1104,01,"Sisson,Virginia B",5,,2,,2,,,,,,,1,1,11,2.969
Fall 2025,GEOL,3320,01,"Wang,Guoquan",10,9,2,,8,,,,,,,,2,31,3.409
Fall 2025,GEOL,3370,01,"Fu,Qi",3,8,7,2,1,6,1,1,1,,,,1,31,2.840
Fall 2025,GEOL,3378,01,"Jiang,Xun",15,12,1,,3,,,,,,,,,31,3.775
Fall 2025,GEOL,3450,01,"Carlson,Brandee Nicole",5,3,1,5,4,4,,4,,,2,1,1,30,2.689
Fall 2025,GEOL,3382,01,"Rappenglueck,Bernhard",6,8,3,5,3,1,,2,1,,,,,29,3.219
Fall 2025,GEOL,3383,01,"Khan,Shuhab D",5,1,6,5,8,2,,,1,,,1,,29,2.988
Fall 2025,GEOL,3373,01,"Lapen,Thomas J",3,3,6,6,4,1,,2,,,,,1,26,2.962
Fall 2025,GEOL,3380,01,"Jiang,Xun",12,7,2,1,4,,,,,,,,,26,3.680
Fall 2025,GEOL,6380,01,"Wellner,Julia S",8,4,5,,1,1,,2,,,,,,21,3.413
Fall 2025,GEOL,4335,01,"Choi,Yunsoo",9,2,3,,4,,1,1,,,,,,20,3.483
Fall 2025,GEOL,3430,01,"Maddocks,Rosalie F",1,1,4,1,6,1,,2,,,,,1,17,2.881
Fall 2025,GEOL,6324,01,"Wang,Guoquan",6,4,,,4,,,,,,,,,14,3.714
Fall 2025,GEOL,6372,01,"Radovic,Jagos",6,3,,,,,,,,,,,,9,3.890
Fall 2025,GEOL,6372,02,"Radovic,Jagos",3,,,,,,,,,,,,,3,4.000
Fall 2025,GEOL,6372,03,"Radovic,Jagos",1,,,,,,,,,,,,,1,4.000
Fall 2025,GEOL,7324,01,"Castagna,John P",6,,4,1,,,,,,,,,,11,3.515
Fall 2025,GEOL,7324,02,"Castagna,John P",2,,,,,,,,,,,,,2,4.000
Fall 2025,GEOL,6397,03,"Voarintsoa,Ny Riavo Gilbertinie",1,,,2,2,,,,,,,,,5,3.200
Fall 2025,GEOL,6397,06,"Zheng,Yingcai",3,1,,,,,,,,,,,,4,3.918
Fall 2025,GEOL,6397,07,"Zheng,Yingcai",1,2,,,,,,,,,,,,3,3.780
Fall 2025,GEOL,4386,01,"Zhou,Hua-Wei",3,3,1,,2,,,,,,,,2,11,2.970
Fall 2025,GEOL,6322,01,"Sun,Jiajia",5,4,1,,1,,,,,,,,,11,3.728
Fall 2025,GEOL,6325,01,"Khan,Shuhab D",7,,2,,2,,,,,,,,,11,3.696
Fall 2025,GEOL,4352,01,"Zheng,Youtong",3,,1,,1,,1,3,,,,,1,10,2.699
Fall 2025,GEOL,6335,01,"Choi,Yunsoo",7,1,,1,,,,,,,,,,9,3.816
Fall 2025,GEOL,6366,01,"Capuano,Regina M",6,1,,1,,,,,,,,,1,9,3.371
Fall 2025,GEOL,6328,01,"Wang,Yuxuan",8,,,,,,,,,,,,,8,4.000
Fall 2025,GEOL,7322,01,"Li,Aibing",2,3,1,,1,,,,,,,,,7,3.620
Fall 2025,GEOL,7322,02,"Li,Aibing",,1,,,,,,,,,,,,1,3.670
Fall 2025,GEOL,4381,01,"Zheng,Yingcai",4,1,,,1,,,,,,1,,,7,3.476
Fall 2025,GEOL,7333,01,"Li,Aibing",5,,,1,1,,,,,,,,,7,3.714
Fall 2025,GEOL,6378,01,"Mann,Paul",2,2,,,2,,,,,,,,,6,3.667
Fall 2025,GEOL,6331,01,"Baysal,Edip",5,,,,,,,,,,,,,5,4.000
Fall 2025,GEOL,6390,01,"Zhou,Hua-Wei",3,2,,,,,,,,,,,,5,3.868
Fall 2025,GEOL,4319,01,"Zhang,Honghai",1,,,1,2,,,,,,,,,4,3.333
Fall 2025,GEOL,4397,01,"Wiley,Robert W",3,1,,,,,,,,,,,,4,3.918
Fall 2025,GEOL,6363,01,"Dravis,Jeffrey James",,2,,,1,,,,,,,,,3,3.557
Fall 2025,GEOL,6363,03,"Dravis,Jeffrey James",1,,,,,,,,,,,,,1,4.000
Fall 2025,GEOL,6399,15,"Carlson,Brandee Nicole",3,,,,,,,,,,,,,3,4.000
Fall 2025,GEOL,6399,14,"Sager,William W",1,,,,,,,,,,,,,1,4.000
Fall 2025,GEOL,7399,16,"Carlson,Brandee Nicole",1,,,,,,,,,,,,,1,4.000
Fall 2025,GEOL,7399,18,"Castagna,John P",,,1,,,,,,,,,,,1,3.000
Fall 2025,GEOL,7399,4,"Robinson,Alexander C",1,,,,,,,,,,,,,1,4.000
Fall 2025,GEOL,7399,7,"Mann,Paul",1,,,,,,,,,,,,,1,4.000
Fall 2025,GEOL,6334,01,"Rappenglueck,Bernhard",3,,,,,,,,,,,,,3,4.000
Fall 2025,GEOL,6337,01,"Jiang,Xun",3,,,,,,,,,,,,,3,4.000
Fall 2025,GEOL,6358,01,"Dupre,William Roark",2,,1,,,,,,,,,,,3,3.667
Fall 2025,GEOL,7323,01,"Van Nieuwenhuise,Donald S",2,,,,,,,,,,,,,2,4.000
Fall 2025,GEOL,8399,17,"Zheng,Yingcai",1,,,,,,,,,,,,,1,4.000
Fall 2025,GEOL,8399,9,"Zheng,Yingcai",,1,,,,,,,,,,,,1,3.670
Fall 2025,GEOL,8699,4,"Rappenglueck,Bernhard",1,,,,,,,,,,,,,1,4.000
Fall 2025,GEOL,8699,7,"Zheng,Yingcai",1,,,,,,,,,,,,,1,4.000
Fall 2025,GEOL,3399,03,"Voarintsoa,Ny Riavo Gilbertinie",1,,,,,,,,,,,,,1,4.000
Fall 2025,GEOL,4398,03,"Khan,Shuhab D",1,,,,,,,,,,,,,1,4.000
Fall 2025,GEOL,6319,01,"Zhang,Honghai",1,,,,,,,,,,,,,1,4.000
Fall 2025,GEOL,7301,02,"Van Nieuwenhuise,Donald S",1,,,,,,,,,,,,,1,4.000
Fall 2025,GEOL,8999,2,"Choi,Yunsoo",1,,,,,,,,,,,,,1,4.000
Fall 2025,GERM,3381,3,"Kleinheider,Julia D",7,8,11,2,6,3,,5,,,,1,4,47,2.837
Fall 2025,GERM,3381,01,"Glass,Hildegard",3,4,3,5,2,3,,,2,4,2,11,3,42,1.644
Fall 2025,GERM,1501,03,"Bandmann,Tanya",1,4,1,2,3,3,1,,1,,,1,2,19,2.404
Fall 2025,GERM,1501,01,"Glass,Hildegard",1,3,,,2,2,2,1,,1,1,1,2,16,2.084
Fall 2025,GERM,3350,01,"Kleinheider,Julia D",9,,4,3,5,2,1,3,,1,1,3,2,34,2.568
Fall 2025,GERM,2311,01,"Kleinheider,Julia D",2,,1,,1,3,1,1,,,,,1,10,2.433
Fall 2025,GERM,3333,01,"Kleinheider,Julia D",1,,3,,,1,,,,,,,,5,3.000
Fall 2025,GHL,1337,01,"Dawson,Mary",23,21,2,3,11,2,2,1,1,1,,,1,68,3.398
Fall 2025,GHL,1337,3,"Doudna,Simone P",36,10,3,5,2,1,1,3,,,,,,61,3.613
Fall 2025,GHL,1337,02,"Doudna,Simone P",29,5,1,3,2,1,2,2,,2,,2,,49,3.334
Fall 2025,GHL,1345,02,"Sirsat,Sujata Ashok",35,8,2,,3,,,,,1,,1,,50,3.720
Fall 2025,GHL,1345,03,"Sirsat,Sujata Ashok",8,2,4,7,8,6,1,5,,,,,,41,2.975
Fall 2025,GHL,1345,01,"Lin,Zhihong",2,6,,5,3,2,1,6,,,1,3,2,31,2.398
Fall 2025,GHL,1301,1,"Li,Ningqiao",17,7,10,3,10,3,2,4,1,1,1,2,1,62,3.011
Fall 2025,GHL,1301,2,"Morosan,Cristian",8,6,10,8,6,2,6,2,1,,,,2,51,2.844
Fall 2025,GHL,1320,1,"Legendre,Jungyoung Shin",42,6,1,4,4,2,,,1,,,3,,63,3.524
Fall 2025,GHL,1320,2,"Haskell,Rebecca Erin",38,7,,1,1,,,,,,,1,2,50,3.674
Fall 2025,GHL,1367,1,"Kenyan,Erin Oeser",21,13,1,4,4,1,3,2,,,,,1,50,3.408
Fall 2025,GHL,1367,2,"Cheatham,Cathy A",32,1,2,,1,1,3,,3,,1,4,1,49,3.109
Fall 2025,GHL,2340,02,"Johnson,Tucker A",12,7,5,6,6,2,3,3,,1,1,2,,48,2.973
Fall 2025,GHL,2340,1,"DeFranco,Agnes L",16,3,5,5,3,2,3,2,2,1,3,1,2,48,2.785
Fall 2025,GHL,2356,02,"Barth,Stephen C",24,3,4,4,6,1,1,3,,,,2,2,50,3.207
Fall 2025,GHL,2356,1,"Haskell,Rebecca Erin",31,4,2,1,,,,,,,,1,1,40,3.684
Fall 2025,GHL,3358,2,"Abbott,Jeanna L",27,7,3,2,4,,,,,,1,1,1,46,3.537
Fall 2025,GHL,3358,1,"Abbott,Jeanna L",23,8,1,,4,1,1,,,,,,,38,3.720
Fall 2025,GHL,2350,1,"Hingoraney,Mahima Manish",23,11,,2,2,,1,,,,,,,39,3.745
Fall 2025,GHL,2350,2,"Boger Jr,Carl A",13,7,2,4,3,3,,1,,,1,,1,35,3.258
Fall 2025,GHL,4352,02,"Doudna,Simone P",28,10,2,1,1,1,,3,,1,,2,,49,3.477
Fall 2025,GHL,4352,01,"Maneethai,Dustin",14,4,2,,,2,,,,,,1,,23,3.508
Fall 2025,GHL,4350,2,"Kim,Jaewook",35,2,2,2,3,2,2,1,1,,,1,,51,3.516
Fall 2025,GHL,4350,1,"Kim,Jaewook",9,1,2,1,2,,2,1,,,,,,18,3.371
Fall 2025,GHL,2343,02,"Haskell,Rebecca Erin",10,11,4,5,6,5,,2,2,1,,1,1,48,2.980
Fall 2025,GHL,2343,01,"Hight,Stephen Kyle",6,2,3,,1,2,,,,,,,2,16,2.979
Fall 2025,GHL,3352,2,"Madera,Juan Manuel",40,3,,1,1,1,,,,,,1,,47,3.809
Fall 2025,GHL,3352,01,"Kim,Grace E",14,,,,1,,,,,,,,,15,3.955
Fall 2025,GHL,4343,2,"Koh,Yoon",9,17,2,4,6,2,1,3,,,,1,,45,3.282
Fall 2025,GHL,4343,1,"Cherenkov,Egor",4,5,1,1,2,,,,,,1,,,14,3.429
Fall 2025,GHL,4361,1,"Mohamed,Mohamed Elsayed AbdElaziz",16,14,5,2,6,5,1,4,,,1,1,1,56,3.179
Fall 2025,GHL,4353,02,"Barth,Stephen C",12,9,6,1,6,4,2,,,,,1,,41,3.244
Fall 2025,GHL,4353,01,"Maneethai,Dustin",4,4,2,,,,,,,,,1,,11,3.335
Fall 2025,GHL,2160,1,"Shepherd,Ashley",46,,1,,,,,,2,,,2,,51,3.706
Fall 2025,GHL,2315,01,"Doudna,Simone P",35,3,2,5,1,,,1,,1,1,,,49,3.633
Fall 2025,GHL,4360,1,"Kenyan,Erin Oeser",40,6,,,1,,,,,,,1,1,49,3.783
Fall 2025,GHL,3361,1,"Suh,Taehyun",16,4,,,3,,,,,,,,,23,3.855
Fall 2025,GHL,3361,2,"Mohamed,Mohamed Elsayed AbdElaziz",10,3,2,1,5,,,1,,,,,,22,3.575
Fall 2025,GHL,3341,2,"Johnson,Tucker A",4,2,2,2,1,2,2,2,,,3,,2,22,2.455
Fall 2025,GHL,3341,1,"Johnson,Tucker A",5,1,1,1,4,2,,1,,,1,2,,18,2.796
Fall 2025,GHL,6317,1,"Lee,Minwoo",34,1,2,1,,1,,,,,,,,39,3.855
Fall 2025,GHL,6317,2,"Lee,Minwoo",,,,1,,,,,,,,,,1,2.670
Fall 2025,GHL,6324,1,"Kim,Jaewook",39,,,,,,,,,,,,,39,4.000
Fall 2025,GHL,6324,2,"Kim,Jaewook",1,,,,,,,,,,,,,1,4.000
Fall 2025,GHL,6340,1,"Guchait,Priyanko",32,3,2,,1,,,1,,,,,,39,3.863
Fall 2025,GHL,6340,2,"Guchait,Priyanko",,,,,,,,1,,,,,,1,2.330
Fall 2025,GHL,6352,1,"McCaslin,Glynn Randle",39,,,,,,,,,,,,,39,4.000
Fall 2025,GHL,6352,2,"McCaslin,Glynn Randle",1,,,,,,,,,,,,,1,4.000
Fall 2025,GHL,3197,1,"Haskell,Rebecca Erin",9,6,2,3,3,,1,4,,,,,1,29,3.207
Fall 2025,GHL,3197,01,"Corsi,Aaron James",5,4,,1,,,,,,,,,,10,3.735
Fall 2025,GHL,3373,01,"Kenyan,Erin Oeser",28,3,3,,3,,,1,1,,,,,39,3.726
Fall 2025,GHL,3348,1,"Johnson,Tucker A",13,5,3,,5,,,1,1,1,1,3,1,34,2.980
Fall 2025,GHL,3440,1,"Cheatham,Cathy A",26,,2,,3,1,,,,,,,1,33,3.697
Fall 2025,GHL,8353,01,"Boger Jr,Carl A",28,,,,,,,,,,,,,28,4.000
Fall 2025,GHL,8372,01,"Reynolds,Dennis Edward",25,,3,,,,,,,,,,,28,3.893
Fall 2025,GHL,8385,01,"Legendre,Jungyoung Shin",28,,,,,,,,,,,,,28,4.000
Fall 2025,GHL,3349,1,"Ginapp,Kathrine",8,6,2,3,5,,1,2,,,,,,27,3.371
Fall 2025,GHL,3364,1,"Kenyan,Erin Oeser",11,5,1,1,4,,4,1,,,,,,27,3.346
Fall 2025,GHL,4379,01,"Pede,Michael Lawrence",23,,1,,1,,,,,,,,,25,3.933
Fall 2025,GHL,3345,1,"Taylor,David C",12,2,3,1,,1,1,3,,,,,1,24,3.236
Fall 2025,GHL,6380,1,"Lee,Minwoo",16,4,,,3,,,,,,,,,23,3.855
Fall 2025,GHL,3336,01,"Hight,Stephen Kyle",11,4,2,,1,2,,,,1,,,,21,3.461
Fall 2025,GHL,7353,1,"Boger Jr,Carl A",20,,,,,,,,,,,,,20,4.000
Fall 2025,GHL,4336,1,"Taylor,David C",6,4,3,1,,1,1,,,1,,,1,18,3.038
Fall 2025,GHL,6330,1,"Draper,Jason A",14,1,1,,2,,,,,,,,,18,3.852
Fall 2025,GHL,7369,1,"Koh,Yoon",9,3,,1,,,,1,,1,,1,,16,3.293
Fall 2025,GHL,3346,1,"Corsi,Aaron James",6,3,,,5,,,,,,,1,,15,3.444
Fall 2025,GHL,6357,1,"Hahn,Simon Jumong",14,1,,,,,,,,,,,,15,3.978
Fall 2025,GHL,3153,1,"Boger Jr,Carl A",12,,,,,,,,,,,,1,13,3.692
Fall 2025,GHL,7337,1,"Madera,Juan Manuel",11,,,,,1,,,,,,,,12,3.833
Fall 2025,GHL,3155,1,"Haskell,Rebecca Erin",11,,,,,,,,,,,,,11,4.000
Fall 2025,GHL,3357,1,"Hahn,Simon Jumong",4,1,2,2,,,,,,,,,1,10,3.101
Fall 2025,GHL,4370,1,"Li,Ningqiao",2,6,1,,,,,,,,,,,9,3.669
Fall 2025,GHL,6364,1,"Johnson,Tucker A",5,1,,1,,,,,,,,,,7,3.763
Fall 2025,GHL,6364,2,"Johnson,Tucker A",1,,,,,,,1,,,,,,2,3.165
Fall 2025,GHL,3420,1,"Ginapp,Kathrine",2,1,1,2,1,,,1,,,,,,8,3.209
Fall 2025,GHL,6360,01,"Back,KiJoon",6,,,,,,,,,,,,,6,4.000
Fall 2025,GHL,6355,1,"Draper,Jason A",3,,,,2,,,,,,,,,5,3.732
Fall 2025,GHL,8303,1,"Guchait,Priyanko",4,,,,,,,,,,,,,4,4.000
Fall 2025,GHL,8303,2,"Guchait,Priyanko",1,,,,,,,,,,,,,1,4.000
Fall 2025,GHL,8310,1,"DeFranco,Agnes L",4,,,,,,,,,,,,,4,4.000
Fall 2025,GHL,8310,2,"DeFranco,Agnes L",1,,,,,,,,,,,,,1,4.000
Fall 2025,GHL,6153,1,"Boger Jr,Carl A",4,,,,,,,,,,,,,4,4.000
Fall 2025,GHL,7341,01,"Legendre,Jungyoung Shin",3,,,,1,,,,,,,,,4,3.833
Fall 2025,GHL,6197,02,"Haskell,Rebecca Erin",,1,,,,,,,,,,,,1,3.670
Fall 2025,GHL,6197,03,"Haskell,Rebecca Erin",1,,,,,,,,,,,,,1,4.000
Fall 2025,GHL,6197,4,"Hight,Stephen Kyle",1,,,,,,,,,,,,,1,4.000
Fall 2025,GHL,6345,1,"Taylor,David C",3,,,,,,,,,,,,,3,4.000
Fall 2025,GHL,3154,1,"Hight,Stephen Kyle",2,,,,,,,,,,,,,2,4.000
Fall 2025,GHL,4155,1,"Kenyan,Erin Oeser",2,,,,,,,,,,,,,2,4.000
Fall 2025,GHL,4198,01,"Kenyan,Erin Oeser",1,,,,,,,,,,,,,1,4.000
Fall 2025,GHL,4198,2,"Morosan,Cristian",1,,,,,,,,,,,,,1,4.000
Fall 2025,GHL,6172,1,"Shepherd,Ashley",2,,,,,,,,,,,,,2,4.000
Fall 2025,GHL,6298,1,"Madera,Juan Manuel",1,,,,,,,,,,,,,1,4.000
Fall 2025,GHL,6298,2,"Legendre,Jungyoung Shin",1,,,,,,,,,,,,,1,4.000
Fall 2025,GHL,6348,1,"Corsi,Aaron James",2,,,,,,,,,,,,,2,4.000
Fall 2025,GHL,6290,1,"Maneethai,Dustin",1,,,,,,,,,,,,,1,4.000
Fall 2025,GOVT,2306,17,"Littlepage,Kelley G",784,63,21,20,33,8,10,14,6,1,4,19,8,991,3.704
Fall 2025,GOVT,2306,16,"Spranger,Avery",319,,56,,,9,,,3,,,11,2,400,3.663
Fall 2025,GOVT,2306,07,"Ridge,Martin",102,36,33,12,31,7,2,12,2,,4,4,5,250,3.308
Fall 2025,GOVT,2306,03,"Jefferies,Kevin E",130,39,19,10,12,6,8,3,6,,,12,4,249,3.314
Fall 2025,GOVT,2306,13,"Karimov,Samad",123,20,25,12,20,6,8,5,2,3,5,12,8,249,3.159
Fall 2025,GOVT,2306,05,"Hanna,Tom Leard",200,11,8,3,8,2,1,2,2,1,1,5,3,247,3.698
Fall 2025,GOVT,2306,09,"Hanna,Tom Leard",220,5,6,2,7,1,,,1,,1,,4,247,3.843
Fall 2025,GOVT,2306,12,"Hanna,Tom Leard",219,6,1,3,7,1,1,,,2,1,5,1,247,3.800
Fall 2025,GOVT,2306,15,"Karimov,Samad",83,25,30,11,23,19,6,6,4,5,9,17,9,247,2.838
Fall 2025,GOVT,2306,14,"Karimov,Samad",82,26,25,19,15,17,7,13,7,4,8,15,8,246,2.827
Fall 2025,GOVT,2306,04,"Davis,Jenna",13,5,2,1,2,6,4,4,,1,,1,1,40,2.859
Fall 2025,GOVT,2306,10,"Davis,Jenna",9,4,11,2,4,3,1,2,1,1,,1,1,40,2.909
Fall 2025,GOVT,2306,06,"Davis,Jenna",4,2,10,3,2,3,3,6,,,,5,1,39,2.385
Fall 2025,GOVT,2306,08,"Hanna,Tom Leard",35,1,2,,,1,,,,,,,,39,3.889
Fall 2025,GOVT,2306,02,"Cole,Jeffrey Bryan",3,5,3,4,4,1,,6,1,1,1,7,2,38,2.167
Fall 2025,GOVT,2306,11,"Davis,Jenna",8,2,6,4,4,3,1,4,4,,2,,,38,2.763
Fall 2025,GOVT,2306,01,"Cole,Jeffrey Bryan",9,1,1,2,7,3,2,2,,,,2,1,30,2.844
Fall 2025,GOVT,2306,50,"Belco,Michelle Helene",21,2,,,1,,,1,,,,,,25,3.880
Fall 2025,GOVT,2306,51,"Leland,Alison W",6,10,1,,8,,,,,,,,,25,3.614
Fall 2025,GOVT,2306,52,"LeVeaux,Christine",16,5,1,,3,,,,,,,,,25,3.814
Fall 2025,GOVT,2306,53,"LeVeaux,Christine",14,6,,1,3,,,,1,,,,,25,3.667
Fall 2025,GOVT,2306,54,"Lawler,Janet Marie",9,8,2,1,3,,,1,,,,,1,25,3.454
Fall 2025,GOVT,2305,09,"Clark,Jennifer H",605,144,64,16,65,10,9,8,14,5,12,25,14,991,3.518
Fall 2025,GOVT,2305,02,"Nix,Kevin",6,15,14,24,28,26,21,28,6,7,10,47,17,249,1.826
Fall 2025,GOVT,2305,01,"Abbott Jr,Kenneth Wayne",62,22,31,22,29,24,12,19,8,6,2,4,7,248,2.839
Fall 2025,GOVT,2305,07,"Shor,Boris",35,39,37,37,34,17,7,18,1,2,5,8,7,247,2.845
Fall 2025,GOVT,2305,04,"Abbott Jr,Kenneth Wayne",65,40,24,12,28,13,10,15,9,10,2,7,10,245,2.858
Fall 2025,GOVT,2305,08,"Kim,Hyeongmyeong",5,9,10,14,12,16,15,29,11,5,7,27,12,172,1.794
Fall 2025,GOVT,2305,06,"Davis,Jenna",2,3,4,2,3,1,1,4,1,1,3,5,10,40,1.625
Fall 2025,GOVT,2305,50,"Belco,Michelle Helene",21,1,,,,,,1,,,,,1,24,3.750
Fall 2025,GOVT,2305,51,"Williamson,Jonathan Lyle",4,4,2,,4,1,,,1,,,,,16,3.313
Fall 2025,GOVT,2305,03,"Contractor,Cyrus Ali",5,3,2,1,1,,,1,,,,2,,15,3.023
Fall 2025,GRET,6332,40,"Johnson,Olivia",2,,2,,,1,,,,,,4,,9,1.778
Fall 2025,GRET,6334,40,"Mudd,Blake Stevens",6,,,,,,,,,,,,,6,4.000
Fall 2025,GRET,6334,20,"Mudd,Blake Stevens",1,,,,1,,,,,,,,,2,3.665
Fall 2025,GRET,6336,40,"Mim,Khirul Basar",4,,1,,,,,,,,,1,,6,3.167
Fall 2025,GRET,6336,30,"Mim,Khirul Basar",1,,1,,,,,,,,,,,2,3.500
Fall 2025,HDCS,1300,32,"Jones,Domenique Elizabeth",31,7,4,2,4,2,,,,,,,1,51,3.615
Fall 2025,HDCS,1300,31,"Rifai,Rana Ihsan",31,4,4,1,2,,1,1,1,1,,,4,50,3.314
Fall 2025,HDCS,1300,33,"Selzer,Lori Michele",20,5,6,6,5,2,,4,,,,,2,50,3.247
Fall 2025,HDCS,1300,34,"Rifai,Rana Ihsan",19,9,6,3,1,,1,,2,1,,6,2,50,2.854
Fall 2025,HDCS,1300,37,"Jones,Domenique Elizabeth",31,2,4,,4,2,,,,2,1,3,1,50,3.267
Fall 2025,HDCS,1300,30,"Jones,Domenique Elizabeth",2,6,9,6,3,6,2,5,,,3,5,2,49,2.327
Fall 2025,HDCS,1300,35,"Vercher,Michelle Taylor",17,13,5,3,6,,,1,,,,,4,49,3.286
Fall 2025,HDCS,1300,36,"Rifai,Rana Ihsan",21,11,7,1,2,,,1,,1,,1,4,49,3.218
Fall 2025,HDCS,3300,31,"Stewart,Quentin K",17,10,6,4,6,5,,1,,,,1,,50,3.314
Fall 2025,HDCS,3300,32,"Stewart,Quentin K",21,3,8,3,6,4,1,,,,1,,,47,3.362
Fall 2025,HDCS,4302,30,"Gatterson,Beverly",35,16,,2,1,,,,1,1,,,,56,3.733
Fall 2025,HDCS,4374,30,"Gatterson,Beverly",43,6,,1,2,2,,1,,,,,,55,3.812
Fall 2025,HDCS,3384,30,"Jones,Domenique Elizabeth",19,12,5,2,2,2,2,3,,,1,1,1,50,3.254
Fall 2025,HDCS,3303,31,"Rifai,Rana Ihsan",15,16,1,1,9,2,2,1,,,,,1,48,3.417
Fall 2025,HDCS,4300,30,"Gatterson,Beverly",23,10,,2,1,,,1,,1,,,1,39,3.599
Fall 2025,HDCS,4380,30,"Jacobs,Karen S",5,4,13,2,1,4,2,2,3,,,,,36,2.815
Fall 2025,HDCS,2301,30,"Stewart,Juliana Floriene",11,7,1,3,2,6,,,,,,,,30,3.312
Fall 2025,HDCS,3304,30,"Stewart,Barbara L",5,,4,2,6,1,3,1,,,,1,2,25,2.666
Fall 2025,HDCS,4375,30,"Johnson,Olivia",3,,11,2,,6,,,1,,,1,1,25,2.534
Fall 2025,HDCS,4372,30,"Breaux,James William",14,5,,,1,,3,,1,,,,,24,3.487
Fall 2025,HDCS,3376,30,"Rifai,Rana Ihsan",1,,3,2,4,1,3,,2,,,1,,17,2.392
Fall 2025,HDCS,4386,30,"Jacobs,Karen S",10,3,1,,1,,,,,,,1,,16,3.584
Fall 2025,HDCS,6331,40,"Sweeney,John Arthur",10,,,,,,,,,,,,,10,4.000
Fall 2025,HDCS,6331,20,"Sweeney,John Arthur",6,,,,,,,,,,,,,6,4.000
Fall 2025,HDCS,4303,30,"Gatterson,Beverly",10,2,1,,,,,,,,,1,,14,3.596
Fall 2025,HDCS,4393,20,"Mudd,Blake Stevens",9,1,,,,,,,,,,,,10,3.967
Fall 2025,HDFS,2314,07,"Conston,Toya",114,23,4,7,5,4,2,2,,,,,,161,3.750
Fall 2025,HDFS,2314,15,"Conston,Toya",93,36,4,4,12,1,1,5,,,1,1,1,159,3.669
Fall 2025,HDFS,2314,04,"Dunsmore,Julie C",24,5,,3,6,1,,2,,2,1,1,1,46,3.297
Fall 2025,HDFS,2314,20,"Mahone,Equiller Nicole",26,5,,1,,,2,,1,,,3,1,39,3.317
Fall 2025,HDFS,2314,01,"Dunsmore,Julie C",18,5,4,,1,2,2,2,1,,,3,,38,3.123
Fall 2025,HDFS,3300,01,"Conston,Toya",124,14,4,5,4,2,1,1,1,,,2,1,159,3.742
Fall 2025,HDFS,3300,03,"Conston,Toya",84,47,4,3,12,1,1,,,,,4,2,158,3.621
Fall 2025,HDFS,3300,02,"Kamdar-Sharif,Amber",17,12,4,,3,,,1,1,,,1,,39,3.522
Fall 2025,HDFS,1300,07,"Jordan,Erica F",74,35,11,8,19,7,,5,1,,1,4,,165,3.455
Fall 2025,HDFS,1300,01,"Jordan,Erica F",77,41,12,2,21,3,1,2,,,1,1,1,162,3.601
Fall 2025,HDFS,3350,01,"Schroder,Kathleen Anne",26,4,,1,1,1,,,,,1,1,,35,3.657
Fall 2025,HDFS,3350,03,"Schroder,Kathleen Anne",23,5,1,2,2,,,,,,,,1,34,3.687
Fall 2025,HDFS,3350,05,"Schroder,Kathleen Anne",16,10,3,,,1,,,1,,,1,2,34,3.315
Fall 2025,HDFS,4318,06,"Perez Rivera,Marie Belle",26,7,1,,3,1,,1,1,,,,,40,3.700
Fall 2025,HDFS,4318,02,"Frankel,Leslie Ann",15,10,2,,2,,1,,,,,,2,32,3.470
Fall 2025,HDFS,4318,05,"Frankel,Leslie Ann",14,7,2,1,2,1,,,,,,,1,28,3.536
Fall 2025,HDFS,3317,02,"Fraser,Camille",24,14,,,1,,,,,,,,1,40,3.768
Fall 2025,HDFS,3317,03,"Hernandez,Melissa",23,8,2,,4,,,1,,,1,,1,40,3.609
Fall 2025,HDFS,4316,02,"Perez Rivera,Marie Belle",27,3,,,2,1,,,,1,1,4,1,40,3.242
Fall 2025,HDFS,4316,01,"Perez Rivera,Marie Belle",31,4,1,1,,,,,,,,,2,39,3.701
Fall 2025,HDFS,4315,05,"Jelsma,Elizabeth",26,5,2,,1,1,1,,,,,,,36,3.760
Fall 2025,HDFS,4315,07,"Jelsma,Elizabeth",21,5,1,3,3,,,,,1,,,1,35,3.543
Fall 2025,HDFS,2320,01,"Brown,Deon",14,11,7,,1,,,2,,1,,,,36,3.501
Fall 2025,HDFS,2320,02,"Kamdar-Sharif,Amber",17,7,,1,,,,4,,1,,1,,31,3.431
Fall 2025,HDFS,1311,03,"Sidwell,Jane Catherine",11,10,1,1,6,,,2,,,,1,,32,3.469
Fall 2025,HDFS,1311,04,"Brown,Haleem",10,9,2,,6,,,,,,,2,2,31,3.194
Fall 2025,HDFS,3318,01,"Storch,Jill Frenchman",23,7,3,,1,,,2,,,,,1,37,3.640
Fall 2025,HDFS,3318,02,"Storch,Jill Frenchman",16,3,2,,2,,2,1,,,,,,26,3.590
Fall 2025,HDFS,3310,01,"Fraser,Camille",21,2,,,,,,,1,,,1,,25,3.694
Fall 2025,HDFS,3310,02,"Hernandez,Melissa",11,6,,3,3,,,,,,,1,,24,3.501
Fall 2025,HDFS,4325,01,"Jordan,Erica F",16,7,4,1,3,,,,,,,,1,32,3.573
Fall 2025,HDFS,4325,03,"Jordan,Erica F",13,,1,,2,,,,,,,,,16,3.854
Fall 2025,HDFS,4317,01,"Storch,Jill Frenchman",14,12,2,2,8,1,,,,,,,1,40,3.501
Fall 2025,HDFS,4393,01,"Conston,Toya",29,,,,1,,,,,,,,2,32,3.729
Fall 2025,HDFS,4394,01,"Conston,Toya",30,,,,,,,,,,,,2,32,3.750
Fall 2025,HDFS,3320,01,"Jordan,Erica F",8,5,3,,3,1,,,,,1,,1,22,3.303
Fall 2025,HDFS,4198,01,"Master,Allison",2,,,,,,,,,,,,,2,4.000
Fall 2025,HISP,2373,01,"Solino,Maria Elena",12,3,4,2,1,3,,2,,,,2,,29,3.115
Fall 2025,HISP,2374,5,"Ruisanchez Serra,Jose Ramon",3,3,5,4,4,,2,2,,1,,2,3,29,2.437
Fall 2025,HISP,2375,01,"Sisk,Christina L",2,2,2,2,1,,4,1,1,1,1,5,4,26,1.616
Fall 2025,HIST,1301,03,"Johnson,Michele R",115,20,22,17,39,9,8,23,5,1,10,17,17,303,2.900
Fall 2025,HIST,1301,04,"Johnson,Michele R",104,40,21,20,35,12,10,26,4,3,5,12,9,301,3.022
Fall 2025,HIST,1301,08,"McDonald,Eric John",158,49,20,14,23,8,4,2,2,3,1,9,7,300,3.395
Fall 2025,HIST,1301,02,"Hopkins,Kelly Y",76,37,35,22,32,14,10,20,7,4,5,23,13,298,2.744
Fall 2025,HIST,1301,07,"McDonald,Eric John",200,36,21,9,6,4,4,3,5,,2,5,3,298,3.585
Fall 2025,HIST,1301,09,"Lyle-Russell,Gabrielle Ryann",36,33,38,38,38,28,15,23,6,,10,22,10,297,2.562
Fall 2025,HIST,1301,05,"Lyle-Russell,Gabrielle Ryann",107,31,32,18,27,16,7,17,3,2,6,25,5,296,2.944
Fall 2025,HIST,1301,06,"Lyle-Russell,Gabrielle Ryann",62,50,35,26,39,14,7,13,6,4,6,25,9,296,2.778
Fall 2025,HIST,1301,12,"Whitty,Seth R",128,38,21,16,15,12,6,15,2,3,3,24,12,295,2.997
Fall 2025,HIST,1301,11,"Whitty,Seth R",83,33,36,27,27,13,9,6,6,2,4,26,20,292,2.708
Fall 2025,HIST,1301,01,"Clavin,Matthew J",10,10,28,14,6,14,5,6,2,3,4,23,23,148,1.876
Fall 2025,HIST,1301,15,"Larotta,Alex",29,8,2,1,1,1,4,1,,,,7,1,55,3.061
Fall 2025,HIST,1301,50,"Vale,Timothy Eli",21,4,,,,,,,,,,,,25,3.947
Fall 2025,HIST,1302,05,"Whitty,Seth R",94,54,30,21,45,7,6,7,4,4,2,18,7,299,3.076
Fall 2025,HIST,1302,03,"Amaral,Lindsay Nicole",226,26,7,3,11,1,1,2,1,,3,4,13,298,3.619
Fall 2025,HIST,1302,07,"Mizelle Jr,Richard M",230,8,16,4,7,2,1,2,8,,,11,8,297,3.534
Fall 2025,HIST,1302,08,"Amaral,Lindsay Nicole",173,45,19,5,15,6,2,1,7,,1,14,9,297,3.379
Fall 2025,HIST,1302,02,"Schafer Jr,James A",80,34,41,20,37,24,4,24,5,3,,13,10,295,2.922
Fall 2025,HIST,1302,01,"Rector,Josiah John",164,33,18,11,16,10,3,7,4,1,5,20,2,294,3.287
Fall 2025,HIST,1302,04,"Whitty,Seth R",47,32,18,15,19,3,4,3,1,,2,8,5,157,3.096
Fall 2025,HIST,1302,06,"Deyle,Steven H",59,10,4,8,15,5,3,1,1,2,,18,7,133,2.825
Fall 2025,HIST,1302,51,"Modaff,Abigail",21,3,,,1,,,,,,,,,25,3.934
Fall 2025,HIST,1302,52,"Modaff,Abigail",17,4,,,2,1,,1,,,,,,25,3.747
Fall 2025,HIST,1302,53,"Modaff,Abigail",15,5,,1,3,,,,,,,,,24,3.792
Fall 2025,HIST,2303,3,"Cedillo,Adela",4,2,4,,2,,,1,,,1,2,,16,2.854
Fall 2025,HIST,2303,4,"Chery,Tshepo Morongwa",6,2,3,,3,,,1,,,,1,,16,3.291
Fall 2025,HIST,2303,02,"Neumann,Kristina Marie",3,1,3,2,1,1,,1,,1,1,,1,15,2.645
Fall 2025,HIST,2303,1,"Gharala,Norah Linda Andrews",7,2,,1,3,,,2,,,,,,15,3.511
Fall 2025,HIST,3368,1,"Klieman,Kairn",9,8,3,4,1,4,2,,,,,3,4,38,2.624
Fall 2025,HIST,2301,1,"Ramos,Raul",11,10,2,,5,3,,1,1,,,2,,35,3.219
Fall 2025,HIST,2321,03,"Cong,Xiaoping",5,3,7,5,3,2,,2,1,1,,2,4,35,2.448
Fall 2025,HIST,2322,1,"Yuksel,Emire Cihan",8,18,1,,3,,,,,,,3,2,35,3.173
Fall 2025,HIST,2348,1,"Goldberg,Mark A",17,7,4,,4,2,,,,,,1,,35,3.515
Fall 2025,HIST,2368,1,"Klieman,Kairn",5,7,3,2,4,2,,4,2,1,1,3,1,35,2.591
Fall 2025,HIST,2371,01,"Gharala,Norah Linda Andrews",8,11,3,1,9,,1,1,,,,1,,35,3.372
Fall 2025,HIST,3310,1,"Deyle,Steven H",19,6,3,1,2,1,,1,,,,,2,35,3.448
Fall 2025,HIST,2381,1,"Reed,Linda",16,1,3,2,3,1,1,3,,,,2,2,34,3.019
Fall 2025,HIST,3317,1,"Goldberg,Mark A",16,3,5,2,1,1,1,,,,2,3,,34,3.089
Fall 2025,HIST,3334,1,"Sbardellati,John",3,9,5,1,10,,,2,1,,,2,1,34,2.990
Fall 2025,HIST,4386,1,"Chery,Tshepo Morongwa",3,14,4,1,6,1,1,2,,,,,2,34,3.128
Fall 2025,HIST,2312,1,"Golubev,Alexey Valeryevich",4,2,7,1,5,1,1,2,3,2,3,,2,33,2.434
Fall 2025,HIST,2386,1,"Mizelle Jr,Richard M",3,15,2,2,7,,2,,,,,1,1,33,3.183
Fall 2025,HIST,3344,1,"Cedillo,Adela",7,10,4,,3,,1,3,1,,,1,3,33,2.920
Fall 2025,HIST,3353,1,"Patterson,Catherine F",10,3,2,1,8,1,1,,1,,2,4,,33,2.838
Fall 2025,HIST,3319,1,"Schafer Jr,James A",16,8,2,1,5,,,,,,,,,32,3.709
Fall 2025,HIST,3327,01,"Harwell,Debbie Z",12,3,3,1,,6,2,,,,,2,3,32,2.688
Fall 2025,HIST,3358,1,"Rector,Josiah John",22,1,2,1,1,,,,,,1,2,2,32,3.281
Fall 2025,HIST,3371,1,"Golubev,Alexey Valeryevich",7,8,2,,2,2,1,1,2,,2,2,3,32,2.584
Fall 2025,HIST,3385,1,"Yuksel,Emire Cihan",14,6,1,,1,,,,,,,3,1,26,3.244
Fall 2025,HIST,3324,01,"Harwell,Debbie Z",19,1,1,,,1,,,,,,,2,24,3.528
Fall 2025,HIST,6393,1,"Reed,Linda",9,3,,,,,,,,,,,,12,3.918
Fall 2025,HIST,6393,2,"Sbardellati,John",7,1,2,1,,,,,,,,,,11,3.667
Fall 2025,HIST,2357,1,"Bhattacharya,Nandini Saradindu",4,8,1,,8,,,,,,,,1,22,3.409
Fall 2025,HIST,3328,1,"Clavin,Matthew J",7,2,2,2,4,1,,,,,,1,2,21,2.952
Fall 2025,HIST,3333,1,"Chakrabarti,Pratik",7,2,1,1,3,1,,1,,,,1,,17,3.255
Fall 2025,HIST,4385,1,"Boyd,Sarah Fishman",2,7,,1,5,,,,,,,,1,16,3.313
Fall 2025,HIST,4363,1,"Hopkins,Kelly Y",6,3,3,,3,,,,,,,,,15,3.600
Fall 2025,HIST,6383,1,"Neumann,Kristina Marie",8,2,,,2,1,,,,,,,,13,3.692
Fall 2025,HIST,4383,1,"Bhattacharya,Nandini Saradindu",1,2,,1,7,,,,,,,,,11,3.393
Fall 2025,HIST,6370,1,"Howard,Philip",5,6,,,,,,,,,,,,11,3.820
Fall 2025,HIST,6381,1,"Young,Nancy Beck",8,,,,,,,,,,,,,8,4.000
Fall 2025,HIST,6398,05,"Chakrabarti,Pratik",2,1,,,,,,,,,,,,3,3.890
Fall 2025,HIST,6398,01,"McNally,David Joseph",1,,,,,,,,,,,,,1,4.000
Fall 2025,HIST,6398,02,"Golubev,Alexey Valeryevich",1,,,,,,,,,,,,,1,4.000
Fall 2025,HIST,6398,03,"Patterson,Catherine F",1,,,,,,,,,,,,,1,4.000
Fall 2025,HIST,6398,04,"Neumann,Kristina Marie",,,,,,,,,,,,,1,1,0.000
Fall 2025,HIST,4366,1,"Zamora,Lois",,,2,,1,,1,,1,,1,,,6,2.222
Fall 2025,HIST,6397,1,"Cong,Xiaoping",2,1,,,1,,,,,,,,1,5,3.000
Fall 2025,HIST,2397,1,"Horne,Gerald",1,1,1,,,,,,,,,,,3,3.557
Fall 2025,HIST,6380,02,"Young,Nancy Beck",2,,,,,,,,,,,,1,3,2.667
Fall 2025,HIST,3395,2,"Zaretsky,Robert D",,,,,,,,,,,,1,1,2,0.000
Fall 2025,HIST,4399,1,"McNally,David Joseph",1,,,,,,,,,,,,,1,4.000
Fall 2025,HIST,6198,01,"Hopkins,Kelly Y",1,,,,,,,,,,,,,1,4.000
Fall 2025,HIST,6298,01,"Hopkins,Kelly Y",1,,,,,,,,,,,,,1,4.000
Fall 2025,HIST,6651,1,"Young,Nancy Beck",,,,,,,,,,,,,1,1,0.000
Fall 2025,HIST,8999,06,"McNally,David Joseph",1,,,,,,,,,,,,,1,4.000
Fall 2025,HLT,1353,07,"Vercher,Michelle Taylor",91,15,3,5,4,1,1,2,,1,,,,123,3.770
Fall 2025,HLT,1353,03,"Shamblin,Angel Ann",97,9,3,3,2,1,3,2,,,1,1,,122,3.752
Fall 2025,HLT,1353,06,"Vercher,Michelle Taylor",101,7,2,8,1,,,2,,,,1,,122,3.812
Fall 2025,HLT,1353,01,"Rafique,Kiran Sajid",19,46,13,7,17,6,2,4,,,1,4,2,121,3.183
Fall 2025,HLT,1353,04,"Rafique,Kiran Sajid",28,48,17,7,15,,1,2,,,,2,1,121,3.423
Fall 2025,HLT,1353,02,"Rafique,Kiran Sajid",26,50,9,7,17,4,1,3,1,,,1,,119,3.424
Fall 2025,HLT,3325,04,"Burk,Kelly Ann",153,6,2,3,1,1,1,6,,,,2,1,176,3.801
Fall 2025,HLT,3325,03,"Burk,Kelly Ann",159,6,1,1,,1,,4,,,,,2,174,3.879
Fall 2025,HLT,3325,01,"Bloom,Joel A",159,1,,2,2,,1,6,,1,,1,,173,3.861
Fall 2025,HLT,3325,02,"Bloom,Joel A",157,7,,1,1,1,,6,,,,,,173,3.906
Fall 2025,HLT,3381,01,"Hill,Rosenda Murillo",69,10,,1,3,,,1,,,,,1,85,3.855
Fall 2025,HLT,3381,02,"Hill,Rosenda Murillo",67,12,,2,1,,,1,,,1,,1,85,3.816
Fall 2025,HLT,3381,04,"Fedor Amador,Theresa Marie",69,10,1,1,2,,1,,,,,,,84,3.889
Fall 2025,HLT,3381,05,"Markowitz,Eliz",50,16,5,1,8,,,2,,,,1,1,84,3.663
Fall 2025,HLT,2320,02,"Proctor,Robin Ann",61,11,,1,6,,1,2,,,,,1,83,3.775
Fall 2025,HLT,2320,01,"Scherer,Rhonda",32,13,8,9,12,1,,4,,,1,1,1,82,3.370
Fall 2025,HLT,2320,03,"Scherer,Rhonda",28,22,8,4,11,,5,1,1,,,,1,81,3.404
Fall 2025,HLT,2320,05,"Proctor,Robin Ann",47,10,5,1,14,,,,,,,1,2,80,3.612
Fall 2025,HLT,3301,03,"Ripperger-Suhler,Ken",34,21,2,2,3,,1,1,,,,,1,65,3.668
Fall 2025,HLT,3301,05,"Ripperger-Suhler,Ken",41,15,2,4,,,1,1,,,,,,64,3.746
Fall 2025,HLT,3301,01,"Haq,Arooba A",14,13,8,4,12,1,5,3,1,,,,1,62,3.172
Fall 2025,HLT,3301,02,"Drenner,Kelli Linn",9,9,9,5,14,1,,1,1,1,,1,,51,3.176
Fall 2025,HLT,3301,04,"Haq,Arooba A",6,9,7,6,4,1,,3,,2,,1,,39,3.018
Fall 2025,HLT,4306,01,"Adams,Monica Nichole",55,15,2,4,3,,1,1,,,1,,,82,3.745
Fall 2025,HLT,4306,04,"Adams,Monica Nichole",64,12,1,,2,,1,1,,,,,,81,3.873
Fall 2025,HLT,4306,03,"Adams,Monica Nichole",66,10,3,,,,,,,,,,1,80,3.871
Fall 2025,HLT,3306,01,"Fedor Amador,Theresa Marie",72,4,1,1,1,,,,,,1,,,80,3.913
Fall 2025,HLT,3306,02,"Fedor Amador,Theresa Marie",61,9,4,2,1,,,1,,,2,,,80,3.784
Fall 2025,HLT,3306,03,"Fedor Amador,Theresa Marie",56,12,2,3,2,1,,1,1,1,,1,,80,3.684
Fall 2025,HLT,4310,10,"Farmer,Jennifer",37,,,,,,,,,,,,,37,4.000
Fall 2025,HLT,4310,07,"Behjat,Amirmohsen",1,4,8,4,7,2,,6,,,,,4,36,2.629
Fall 2025,HLT,4310,09,"Farmer,Jennifer",33,2,,,1,,,,,,,,,36,3.963
Fall 2025,HLT,4310,11,"Bennett,Kristin C",28,3,2,1,,,1,1,,,,,,36,3.769
Fall 2025,HLT,4310,08,"Behjat,Amirmohsen",2,6,4,9,8,3,1,1,,,,,1,35,2.934
Fall 2025,HLT,4310,06,"Behjat,Amirmohsen",2,3,3,5,4,3,4,1,,,,,1,26,2.680
Fall 2025,HLT,4307,01,"Kamdar-Sharif,Amber",11,12,3,1,,4,1,3,,,,,,35,3.325
Fall 2025,HLT,4307,03,"Carmack,Chakema",30,,2,,1,,,,1,,,,1,35,3.724
Fall 2025,HLT,4307,06,"Adams,Monica Nichole",11,5,3,4,5,3,3,,,,,1,,35,3.134
Fall 2025,HLT,4307,07,"Adams,Monica Nichole",16,7,4,2,4,1,,1,,,,,,35,3.562
Fall 2025,HLT,4307,02,"Ripperger-Suhler,Ken",6,8,3,2,6,2,1,,4,,,,1,33,2.950
Fall 2025,HLT,4307,04,"Ripperger-Suhler,Ken",5,1,3,4,2,4,1,1,,,,1,1,23,2.696
Fall 2025,HLT,4392,05,"Proctor,Robin Ann",26,7,3,3,2,,,1,,,,,1,43,3.621
Fall 2025,HLT,4392,04,"Farmer,Jennifer",27,11,,,2,,,,,,,,2,42,3.691
Fall 2025,HLT,4392,06,"Scherer,Rhonda",23,8,,1,3,,,1,,,,1,3,40,3.409
Fall 2025,HLT,4392,03,"Farmer,Jennifer",26,8,1,,2,,,,1,,,,1,39,3.693
Fall 2025,HLT,3304,01,"Shamblin,Angel Ann",50,19,1,3,7,,,,,,,,,80,3.801
Fall 2025,HLT,3304,02,"Drenner,Kelli Linn",39,13,7,1,6,2,2,3,2,1,1,,3,80,3.321
Fall 2025,HLT,4320,03,"Haq,Arooba A",20,15,,1,4,,,,,,,,,40,3.776
Fall 2025,HLT,4320,04,"Behjat,Amirmohsen",2,13,4,6,7,,,5,1,,1,1,,40,3.026
Fall 2025,HLT,4320,01,"Scherer,Rhonda",,4,8,12,4,1,,7,,1,1,,1,39,2.676
Fall 2025,HLT,4320,05,"Behjat,Amirmohsen",2,6,7,6,8,3,1,,2,1,,,3,39,2.667
Fall 2025,HLT,4317,03,"Anwar,Abida",20,13,2,2,8,1,1,,,,1,1,1,50,3.414
Fall 2025,HLT,4317,02,"Drenner,Kelli Linn",6,7,7,12,6,2,2,3,1,,,,2,48,2.876
Fall 2025,HLT,4317,01,"Drenner,Kelli Linn",5,4,6,6,5,6,4,5,,,2,,4,47,2.518
Fall 2025,HLT,3380,01,"Markowitz,Eliz",27,5,6,5,3,2,2,4,,1,1,,4,60,3.106
Fall 2025,HLT,3380,02,"Markowitz,Eliz",11,9,6,10,4,3,4,2,2,,1,4,4,60,2.595
Fall 2025,HLT,4303,01,"Olvera,Norma E",19,27,4,1,4,1,1,,2,,,1,,60,3.479
Fall 2025,HLT,4303,02,"Olvera,Norma E",6,34,4,,11,,3,1,,,1,,,60,3.435
Fall 2025,HLT,3300,01,"Hudson-Gillan,Gail",39,4,1,,1,,,,,,,,1,46,3.848
Fall 2025,HLT,3300,02,"Hudson-Gillan,Gail",41,1,1,,1,,,,,,,,,44,3.955
Fall 2025,HLT,4302,01,"Hinds,Josephine Taulbee",44,12,7,3,9,,,4,,,,,1,80,3.604
Fall 2025,HLT,4397,01,"Carmack,Chakema",19,,,,,,,,,,,,1,20,3.800
Fall 2025,HLT,4393,02,"Farmer,Jennifer",2,1,,,,,,,,,,,,3,3.890
Fall 2025,HON,2301,01,"Charara,Hayan S",121,78,27,5,60,4,3,2,,,,2,3,305,3.548
Fall 2025,HON,2301,02,"Rayneard,Max James Anthony",83,107,24,9,61,2,3,7,,,1,2,3,302,3.478
Fall 2025,HON,3397,01,"Barnes,Michael",17,2,2,,1,,,,,,,,,22,3.849
Fall 2025,HON,3397,04,"Leland,Alison W",6,4,1,1,7,,,,,,,,,19,3.561
Fall 2025,HON,3397,03,"Lawler,Janet Marie",8,4,1,,1,,,,,,,,1,15,3.534
Fall 2025,HON,3397,02,"Ford,Bryn Eames",5,5,1,1,1,,,,,,,,1,14,3.382
Fall 2025,HON,3397,07,"Trninic,Marina",12,1,,,,,,,,,,,,13,3.975
Fall 2025,HON,3397,06,"Rayder,Benjamin Taylor",6,4,,,1,,,,,,,1,,12,3.501
Fall 2025,HON,3397,05,"Lunstroth,John",10,,,,,,,,,,,,1,11,3.636
Fall 2025,HON,3397,09,"Moore,Sophia",4,1,1,,2,1,,,,,,,,9,3.481
Fall 2025,HON,3397,08,"Moore,Sophia",3,,,,,1,,,,,,,,4,3.500
Fall 2025,HON,3301,03,"Liddell,Robert B",24,,1,,,,,,,,,,,25,3.960
Fall 2025,HON,3301,01,"Gallagher,Colleen Mary",23,,,,,,,,,,,,1,24,3.833
Fall 2025,HON,3301,02,"Gallagher,Colleen Mary",23,1,,,,,,,,,,,,24,3.986
Fall 2025,HON,3309,1,"Gallagher,Colleen Mary",25,,,,,,,,,,,,,25,4.000
Fall 2025,HON,3310,01,"Zaretsky,Robert D",8,4,1,3,3,,,2,,,,,3,24,3.014
Fall 2025,HON,4330,01,"Reynolds,Aaron E",22,2,,,,,,,,,,,,24,3.973
Fall 2025,HON,4397,02,"Liddell,Robert B",19,1,,,,,,,,,,,,20,3.984
Fall 2025,HON,4397,01,"Garner,Richard A",1,,,,,,,,,,,,1,2,2.000
Fall 2025,HON,3350,01,"Price,Daniel M",9,5,,,,,,,,,,,,14,3.882
Fall 2025,HON,3350,02,"Kapral,Andrew J",4,,,,2,,,,,,,,,6,3.777
Fall 2025,HON,3308,01,"Lambeth,Laurie Regine Clements",13,4,,,2,,,,,,,,,19,3.860
Fall 2025,HON,3306,01,"Lunstroth,John",15,2,,,,,,,,,,,1,18,3.741
Fall 2025,HON,3330,01,"Rhoden,Brenda",11,2,,,,,,,,,3,,,16,3.458
Fall 2025,HON,3314,01,"Rayneard,Max James Anthony",7,1,1,,1,,,1,,,,,1,12,3.361
Fall 2025,HON,4130,01,"Bettinger,Rikki",8,2,,,1,,,,,,,,,11,3.879
Fall 2025,HON,4350,01,"Kapral,Andrew J",9,2,,,,,,,,,,,,11,3.940
Fall 2025,HON,3396,01,"Rhoden,Brenda",4,,,,,,,,,,,,,4,4.000
Fall 2025,HON,3396,03,"Lawler,Janet Marie",1,,,,,,,,,,,,,1,4.000
Fall 2025,HON,3396,04,"Frankel,Leslie Ann",1,,,,,,,,,,,,,1,4.000
Fall 2025,HON,3396,05,"Coulson-Thomas,Vivien J",1,,,,,,,,,,,,,1,4.000
Fall 2025,HON,4198,01,"Rayder,Benjamin Taylor",5,1,1,,,,,,,,,,,7,3.810
Fall 2025,HON,4355,01,"Konstantinidis,Ioannis",7,,,,,,,,,,,,,7,4.000
Fall 2025,HON,3313,01,"Zaretsky,Robert D",4,1,,,,,,,,,1,,,6,3.500
Fall 2025,HON,3399,02,"Hanke,Marc H",1,,,,,,,,,,,,,1,4.000
Fall 2025,HON,3399,05,"Miller,John H",1,,,,,,,,,,,,,1,4.000
Fall 2025,HON,3399,07,"Ferreira,Tarsis Gesteira",1,,,,,,,,,,,,,1,4.000
Fall 2025,HON,3399,08,"Modaff,Abigail",1,,,,,,,,,,,,,1,4.000
Fall 2025,HON,3399,10,"Leland,Alison W",,,,,,,,,,,,,1,1,0.000
Fall 2025,HON,3399,12,"Gish,Dustin",1,,,,,,,,,,,,,1,4.000
Fall 2025,HON,4398,04,"Rhoden,Brenda",1,,,,,,,,,,,,,1,4.000
Fall 2025,HON,4398,09,"Rhoden,Brenda",1,,,,,,,,,,,,,1,4.000
Fall 2025,HON,4399,01,"Johnston,Craig Allen",1,,,,,,,,,,,,,1,4.000
Fall 2025,HON,4399,02,"Dial,Heather Raye",1,,,,,,,,,,,,,1,4.000
Fall 2025,HON,4396,1,"Rhoden,Brenda",1,,,,,,,,,,,,,1,4.000
Fall 2025,HRD,4344,30,"Bennett,LaTasha",44,3,1,1,1,,,,,,,1,,51,3.843
Fall 2025,HRD,4344,20,"Bennett,LaTasha",25,9,,,2,,,1,,,,2,1,40,3.551
Fall 2025,HRD,4344,31,"Bennett,LaTasha",10,1,,,1,1,,,,,,,,13,3.769
Fall 2025,HRD,3351,31,"Pereira-Leon,Maura Josefina",14,13,5,2,9,1,1,2,2,,,1,1,51,3.223
Fall 2025,HRD,3351,20,"Bennett,LaTasha",15,16,5,,3,,1,,,,,,,40,3.635
Fall 2025,HRD,3310,30,"Edwards,Malaika",13,13,4,2,6,4,2,3,,,,3,,50,3.107
Fall 2025,HRD,3310,31,"Clancy,James Patrick",8,4,,,2,,,,,,,,,14,3.810
Fall 2025,HRD,3346,30,"Greer,Tomika",20,10,2,6,13,1,,2,2,,,1,1,58,3.287
Fall 2025,HRD,3340,30,"Hattier,Beth",15,9,6,5,9,2,1,3,,,,,,50,3.340
Fall 2025,HRD,4301,30,"Lopez,Johana",6,14,7,7,5,4,2,,,2,,2,,49,2.947
Fall 2025,HRD,3350,20,"Polesello,Daiane",14,7,1,,1,,,,,,,,1,24,3.668
Fall 2025,HRD,3350,30,"Polesello,Daiane",10,5,1,,1,1,,,,1,1,,1,21,3.270
Fall 2025,HRD,4352,30,"Clancy,James Patrick",9,7,1,,2,,,,,,,,,19,3.755
Fall 2025,HRD,4352,31,"Clancy,James Patrick",6,7,1,1,,1,,,,,,,,16,3.585
Fall 2025,HRD,4350,30,"Clancy,James Patrick",10,2,1,1,,,,1,,,,,1,16,3.459
Fall 2025,HRD,4350,31,"Polesello,Daiane",9,1,3,1,,,,,,,,,,14,3.667
Fall 2025,HRD,4396,20,"Polesello,Daiane",13,2,1,1,6,1,1,,,,,,,25,3.546
Fall 2025,HRD,6301,20,"Edwards,Malaika",6,2,1,,1,,,,,,,,,10,3.767
Fall 2025,HRD,6301,50,"Shaw,Charles D",9,1,,,,,,,,,,,,10,3.967
Fall 2025,HRD,6305,30,"Greer,Tomika",8,,1,1,1,,,,,,,,,11,3.727
Fall 2025,HRD,6305,50,"Waight,Consuelo L",9,,,,,,,,,,,,,9,4.000
Fall 2025,HRD,6353,50,"Shirmohammadi,Melika",10,,,,,,,,,,,,,10,4.000
Fall 2025,HRD,6353,30,"Shirmohammadi,Melika",8,1,,,,,,,,,,,,9,3.963
Fall 2025,HRD,6303,30,"Shin,Daeun",8,1,,,,,,,,,,,1,10,3.567
Fall 2025,HRD,6352,30,"Waight,Consuelo L",10,,,,,,,,,,,,,10,4.000
Fall 2025,HRD,6304,50,"Waight,Consuelo L",7,,,,,,,,,,,,,7,4.000
Fall 2025,HRD,6356,30,"Salomon,Lauren Manning",4,1,,,,,,1,,,,,,6,3.667
Fall 2025,HRD,6396,30,"Greer,Tomika",1,,,,,,,,,,,,,1,4.000
Fall 2025,IART,1300,04,"Harris,Jeanette Joy",8,6,,2,3,,,4,,,,,3,26,3.026
Fall 2025,IART,1300,01,"Noble,Melissa Lynn",16,3,1,2,3,,,,,,,,,25,3.734
Fall 2025,IART,1300,02,"Bootwala,Jennifer Elizabeth",14,2,1,3,,1,,,1,1,,,2,25,3.121
Fall 2025,IART,1300,03,"Newkirk,Elizabeth Diane",14,5,,,,,,1,,,,,1,21,3.651
Fall 2025,IART,3395,03,"Meza,Abinadi",6,,,,,,,,,,,1,,7,3.429
Fall 2025,IART,3395,01,"Meza,Abinadi",4,,,,,,,,,,,,1,5,3.200
Fall 2025,IART,3395,02,"Cone,Marcus Andrew",,,,,,,,,,,,,1,1,0.000
Fall 2025,IDNS,2123,09,"Pattison,Donna",29,1,3,1,1,,,,,,1,,5,41,3.317
Fall 2025,IDNS,2123,05,"Pattison,Donna",16,1,2,3,2,4,1,1,,,,,8,38,2.641
Fall 2025,IDNS,2123,03,"Pattison,Donna",17,1,3,2,2,1,,,,,,,11,37,2.559
Fall 2025,IDNS,2123,10,"Pattison,Donna",17,,2,,,3,1,,1,,1,,10,35,2.400
Fall 2025,IDNS,2123,06,"Pattison,Donna",19,,3,1,,2,,,,,2,,5,32,2.948
Fall 2025,IDNS,2123,07,"Pattison,Donna",16,1,5,,1,2,,,,,2,,5,32,2.896
Fall 2025,IDNS,2123,02,"Pattison,Donna",16,3,5,,1,,1,,1,,1,,3,31,3.140
Fall 2025,IDNS,2123,01,"Pattison,Donna",16,,4,1,1,2,,,,,,1,5,30,2.867
Fall 2025,IDNS,2123,08,"Pattison,Donna",13,1,3,1,,4,1,,,,1,,3,27,2.901
Fall 2025,IDNS,1141,06,"Pattison,Donna",13,2,5,2,4,3,1,1,,,3,,2,36,2.972
Fall 2025,IDNS,1141,01,"Pattison,Donna",19,1,2,5,3,1,1,1,,,1,,1,35,3.324
Fall 2025,IDNS,1141,04,"Pattison,Donna",15,3,,2,3,1,,2,1,1,1,1,2,32,3.000
Fall 2025,IDNS,1141,02,"Pattison,Donna",15,5,2,1,1,2,1,,,,,,3,30,3.201
Fall 2025,IDNS,1141,05,"Pattison,Donna",14,2,3,1,4,2,1,1,,,1,,1,30,3.255
Fall 2025,IDNS,1141,07,"Pattison,Donna",12,2,,,3,,,1,,,,,,18,3.759
Fall 2025,IDNS,2113,04,"Pattison,Donna",20,2,,,2,2,,,,,2,,5,33,3.050
Fall 2025,IDNS,2113,02,"Pattison,Donna",24,,1,,,1,1,,,,2,,1,30,3.511
Fall 2025,IDNS,2113,05,"Pattison,Donna",14,1,,3,,3,,,1,1,1,2,4,30,2.556
Fall 2025,IDNS,2113,03,"Pattison,Donna",11,2,1,1,,1,1,2,,,3,1,4,27,2.568
Fall 2025,IDNS,2113,01,"Pattison,Donna",10,,,,1,,1,,1,,,1,3,17,2.706
Fall 2025,IDNS,2197,04,"Pattison,Donna",21,7,2,,1,,,1,,,,,3,35,3.467
Fall 2025,IDNS,2197,07,"Pattison,Donna",8,1,1,1,3,,,,,,1,1,1,17,3.098
Fall 2025,IDNS,2197,01,"Pattison,Donna",7,1,,1,,,1,1,,,2,,1,14,2.929
Fall 2025,IDNS,2197,03,"Pattison,Donna",12,,,,2,,,,,,,,,14,3.904
Fall 2025,IDNS,2197,06,"Stokes,Donna",5,2,1,1,1,,,,,,,1,2,13,2.795
Fall 2025,IDNS,2197,02,"Pattison,Donna",4,1,,,1,1,,,,,,,3,10,2.500
Fall 2025,IDNS,2197,05,"Stokes,Donna",3,2,1,,,,,1,,,,,1,8,3.084
Fall 2025,IDNS,2114,03,"Pattison,Donna",11,1,5,3,2,,1,,,,2,2,4,31,2.635
Fall 2025,IDNS,2114,01,"Pattison,Donna",12,2,,1,3,2,,2,,,2,,4,28,2.833
Fall 2025,IDNS,2114,04,"Pattison,Donna",9,2,1,3,2,,,,,1,,2,,20,3.084
Fall 2025,IDNS,2114,02,"Pattison,Donna",5,2,,1,,1,,3,,1,2,2,1,18,2.352
Fall 2025,IDNS,1142,02,"Pattison,Donna",13,1,3,5,3,3,,2,,,3,,,33,3.111
Fall 2025,IDNS,1142,04,"Pattison,Donna",15,2,1,1,3,1,1,1,,1,3,,2,31,3.021
Fall 2025,IDNS,1142,01,"Pattison,Donna",12,1,2,1,,2,1,1,,1,1,,3,25,2.814
Fall 2025,IDNS,1101,01,"Pattison,Donna",10,2,3,7,6,1,,2,,,,,6,37,2.748
Fall 2025,IDNS,1101,03,"Pattison,Donna",5,1,5,2,3,1,1,,1,,1,,4,24,2.500
Fall 2025,IDNS,1101,02,"Pattison,Donna",5,1,2,2,1,,,,,,,,,11,3.485
Fall 2025,IDNS,2125,02,"Pattison,Donna",15,1,10,1,1,1,,,,,1,,6,36,2.861
Fall 2025,IDNS,2125,01,"Pattison,Donna",19,1,4,2,,,,,,,1,,7,34,2.892
Fall 2025,IDNS,2136,01,"Pattison,Donna",14,2,3,1,4,,,2,1,1,2,,3,33,2.949
Fall 2025,IDNS,2136,02,"Pattison,Donna",8,2,1,1,2,,,,,1,,,2,17,3.079
Fall 2025,IDNS,1102,02,"Pattison,Donna",12,1,3,1,1,,,1,,,,,,19,3.632
Fall 2025,IDNS,1102,01,"Pattison,Donna",15,1,,,1,,,,,,,,1,18,3.722
Fall 2025,IDNS,2112,01,"Pattison,Donna",9,1,2,1,2,,1,,,,1,,3,20,2.900
Fall 2025,IDNS,2112,02,"Pattison,Donna",7,1,1,,2,,1,,,1,1,1,1,16,2.813
Fall 2025,IDNS,3121,02,"Pattison,Donna",9,1,2,2,1,,,,,,,,1,16,3.396
Fall 2025,IDNS,3121,01,"Pattison,Donna",8,,3,,,2,1,,,,1,,,15,3.200
Fall 2025,IDNS,2133,01,"Pattison,Donna",12,2,1,3,1,,,1,,,,1,2,23,3.131
Fall 2025,IDNS,2116,01,"Pattison,Donna",10,2,3,2,,1,1,1,,,,,2,22,3.076
Fall 2025,IDNS,2115,01,"Pattison,Donna",8,2,2,,1,1,1,,,,,,,15,3.489
Fall 2025,IDNS,4397,02,"Ogletree-Hughes,Monique L",6,1,,,,,,,,,,,,7,3.953
Fall 2025,IDNS,4397,01,"Ogletree-Hughes,Monique L",6,,,,,,,,,,,,,6,4.000
Fall 2025,IEEM,6360,01,"Hu,Minxiang",54,16,2,,2,,,,,,,,1,75,3.832
Fall 2025,IEEM,6361,01,"Hu,Minxiang",27,14,,,1,,,,,,,,,42,3.874
Fall 2025,ILAS,2350,01,"Oliva,Luca",40,11,7,,9,3,,7,1,,,9,4,91,3.018
Fall 2025,ILAS,4350,01,"Oliva,Luca",10,1,,,,,,1,,,,,,12,3.833
Fall 2025,INAR,3300,01,"Washington,Dranoel Micole",5,6,2,1,2,1,1,,,,,,,18,3.390
Fall 2025,INAR,3360,02,"Vos,Gordon A",14,,1,,,,,,,,,,,15,3.933
Fall 2025,INAR,3500,3,"Tucker de Vazquez,Sheryl",10,,1,,,2,,1,,,,,1,15,3.289
Fall 2025,INAR,4393,1,"Wienert,Ross George",4,2,3,1,2,,,,,,,,,12,3.473
Fall 2025,INAR,4500,01,"Rodriguez Fernandez,Marta",10,2,,,,,,,,,,,,12,3.945
Fall 2025,INDE,2333,01,"Wang,Yaping",12,13,9,16,6,5,9,10,1,,2,,7,90,2.638
Fall 2025,INDE,2333,4,"Govindu,Nirathi Keerthi",19,10,2,,5,,,,,,,,,36,3.760
Fall 2025,INDE,2333,3,"Govindu,Nirathi Keerthi",16,6,1,1,4,,,1,1,,,,,30,3.611
Fall 2025,INDE,2333,2,"Govindu,Nirathi Keerthi",10,5,2,1,6,,,,1,,,,,25,3.520
Fall 2025,INDE,3364,01,"Wang,Yaping",12,7,7,11,11,7,3,6,,,,,5,69,2.807
Fall 2025,INDE,3382,01,"Xiang,Yisha",21,3,9,4,5,3,11,2,1,4,,2,4,69,2.638
Fall 2025,INDE,3310,01,"Wang,Yaping",8,8,6,11,13,,3,5,,,,,2,56,3.012
Fall 2025,INDE,3330,01,"Govindu,Nirathi Keerthi",37,8,4,,7,,,,,,,,,56,3.798
Fall 2025,INDE,3432,1,"Tan,Zhuo",21,7,10,1,4,1,1,,,,,,1,46,3.464
Fall 2025,INDE,6372,02,"Jiang,Xin",7,4,9,2,8,,,,,,,,,30,3.389
Fall 2025,INDE,6372,01,"Peng,Jiming Ouyang",2,1,2,,,1,,,,,,1,,7,2.810
Fall 2025,INDE,6372,3,"Jiang,Xin",2,2,1,,1,,,,,,,,,6,3.612
Fall 2025,INDE,6360,01,"Lin,Ying",17,5,6,1,11,,,,,,,,,40,3.591
Fall 2025,INDE,2331,01,"Chung,Christopher",13,2,9,1,6,3,,,5,,,,,39,3.077
Fall 2025,INDE,4370,01,"Khator,Suresh K",4,3,4,5,7,2,5,3,,,,,1,34,2.794
Fall 2025,INDE,4320,01,"Lin,Ying",6,10,6,1,4,1,,1,,,,,,29,3.414
Fall 2025,INDE,6339,01,"Keedy,Elias",7,4,7,2,7,,,,,,,,,27,3.420
Fall 2025,INDE,6380,01,"Hu,Minxiang",8,8,,,3,,,,,,,1,,20,3.568
Fall 2025,INDE,6333,01,"Chung,Christopher",12,,3,,,,,,,,,,,15,3.800
Fall 2025,INDE,6333,02,"Chung,Christopher",1,,,,,,,,,,,1,1,3,1.333
Fall 2025,INDE,4111,01,"Peng,Jiming Ouyang",16,,,,,,,,,,,,,16,4.000
Fall 2025,INDE,6337,1,"Schulze,Lawrence John Henry",2,4,2,3,2,1,,,,,,,1,15,3.023
Fall 2025,INDE,3333,01,"Schulze,Lawrence John Henry",3,1,2,2,1,3,,2,,,,,,14,2.929
Fall 2025,INDE,6336,01,"Feng,Qianmei",6,2,,1,2,,1,,1,,,,1,14,3.096
Fall 2025,INDE,6365,01,"Schulze,Lawrence John Henry",1,1,2,1,2,,,,,,,1,,8,2.875
Fall 2025,INDE,6365,2,"Schulze,Lawrence John Henry",,1,,1,,,,,,,,,,2,3.170
Fall 2025,INDE,6377,01,"Irani,Shahrukh A",6,,,,3,,,,,,,,,9,3.777
Fall 2025,INDE,7342,01,"Lim,Gino Jinho",5,2,1,,1,,,,,,,,,9,3.741
Fall 2025,INDE,6397,01,"Larif,Oumaima",4,1,,,1,,,,1,,1,,,8,3.166
Fall 2025,INDE,6361,01,"Xiang,Yisha",3,,,,,,,,,,,,,3,4.000
Fall 2025,INDE,6370,01,"Khator,Suresh K",,,,1,1,,,,,,,,,2,3.000
Fall 2025,INDE,8399,01,"Lim,Gino Jinho",2,,,,,,,,,,,,,2,4.000
Fall 2025,INDS,2260,01,"Wells,Adam C",,4,10,3,8,1,,2,,,,,,28,3.071
Fall 2025,INDS,2340,01,"Jackson,Megan H",11,8,3,2,1,2,,1,,,,,,28,3.477
Fall 2025,INDS,3365,1,"Akalou,Yared",26,,2,,,,,,,,,,,28,3.929
Fall 2025,INDS,2341,1,"Chow,George K",7,16,1,,2,,,,,,,1,,27,3.570
Fall 2025,INDS,2500,3,"Morshedzadeh,Elham",3,7,2,,2,,,,,,,,,14,3.596
Fall 2025,INDS,2500,05,"Chow,George K",3,5,,,4,,,,1,,,,,13,3.436
Fall 2025,INDS,2355,01,"Westich,Stephen",3,4,6,2,2,1,,,,1,,,,19,3.124
Fall 2025,INDS,2501,1,"Jackson,Megan H",8,3,2,1,2,,,,,,,,1,17,3.432
Fall 2025,INDS,3312,1,"Park,Chorong",10,2,,1,3,,,,,,,,1,17,3.529
Fall 2025,INDS,3360,02,"Vos,Gordon A",15,,,,1,,,,,,,,,16,3.958
Fall 2025,INDS,3340,01,"Chow,George K",2,4,2,,6,,,,,,,,,14,3.476
Fall 2025,INDS,3397,4,"Kang,Chul Min",5,6,1,,2,,,,,,,,,14,3.691
Fall 2025,INDS,3500,01,"Feng,Jeff Feng",2,5,1,,6,,,,,,,,,14,3.524
Fall 2025,INDS,4500,3,"Kimbrough,Mark S",13,,,1,,,,,,,,,,14,3.905
Fall 2025,INDS,4260,2,"Jackson,Megan H",13,,,,,,,,,,,,,13,4.000
Fall 2025,INDS,4380,01,"Wells,Adam C",12,,,,,,,,,,,,,12,4.000
Fall 2025,INDS,6333,02,"Vos,Gordon A",5,,,,,,,,,,,,,5,4.000
Fall 2025,INDS,6345,1,"Vos,Gordon A",5,,,,,,,,,,,,,5,4.000
Fall 2025,INDS,7300,1,"Morshedzadeh,Elham",1,1,1,,1,,,,,,,,,4,3.500
Fall 2025,INDS,6350,1,"Morshedzadeh,Elham",,2,1,,,,,,,,,,,3,3.447
Fall 2025,INDS,6360,03,"Feng,Jeff Feng",2,1,,,,,,,,,,,,3,3.890
Fall 2025,INDS,3298,1,"Kimbrough,Mark S",1,,,,1,,,,,,,,,2,3.665
Fall 2025,INDS,3398,1,"Jackson,Megan H",2,,,,,,,,,,,,,2,4.000
Fall 2025,INDS,6397,1,"Kang,Chul Min",,1,,,1,,,,,,,,,2,3.500
Fall 2025,INDS,6398,2,"Kimbrough,Mark S",1,,,,,,,,,,,,,1,4.000
Fall 2025,INDS,6398,4,"Chow,George K",,1,,,,,,,,,,,,1,3.670
Fall 2025,INDS,3198,1,"Jackson,Megan H",1,,,,,,,,,,,,,1,4.000
Fall 2025,INDS,6297,3,"Wells,Adam C",,,,,1,,,,,,,,,1,3.330
Fall 2025,INDS,6322,01,"Jackson,Megan H",1,,,,,,,,,,,,,1,4.000
Fall 2025,INDS,6329,1,"Chow,George K",,1,,,,,,,,,,,,1,3.670
Fall 2025,INDS,6330,01,"Chow,George K",1,,,,,,,,,,,,,1,4.000
Fall 2025,INTB,3355,01,"Thompson,Joseph Lee",265,4,2,,4,1,,2,,,,1,2,281,3.917
Fall 2025,INTB,3355,05,"Carvalho,Emilia Barreto",164,42,5,9,10,3,,12,1,,,3,1,250,3.670
Fall 2025,INTB,3355,02,"Wengelnik,Dorothee-Catherine",182,43,5,2,10,1,1,1,,,,2,2,249,3.797
Fall 2025,INTB,3355,06,"Wengelnik,Dorothee-Catherine",180,33,8,5,14,1,1,,,,,2,5,249,3.730
Fall 2025,INTB,3355,03,"Farah,Elena",210,10,6,7,4,3,1,,1,,1,3,2,248,3.777
Fall 2025,INTB,3355,08,"Carvalho,Emilia Barreto",119,47,13,13,11,2,5,4,1,4,3,4,,226,3.487
Fall 2025,INTB,3355,04,"Farah,Elena",34,1,3,,1,,,1,,,,1,,41,3.764
Fall 2025,INTB,7371,01,"Slaughter,Andrew Jeremy",3,,1,,,,,,,,,,,4,3.750
Fall 2025,INTN,2233,1,"Sheneman,Naomi",,3,5,3,2,2,,1,,,,1,1,18,2.612
Fall 2025,INTN,2305,1,"Brittain,Terrell",1,3,4,4,4,1,,1,,,,,,18,3.074
Fall 2025,INTN,1105,1,"Sheneman,Naomi",7,3,,2,3,,,,1,,,1,,17,3.255
Fall 2025,INTN,3360,1,"Gietz,Merrilee Ruth",1,3,2,2,3,,,,,,,,,11,3.304
Fall 2025,INTN,3430,1,"Sheneman,Naomi",4,6,1,,,,,,,,,,,11,3.729
Fall 2025,INTN,3434,01,"Moore,Kiarah Elyse",2,3,,1,1,,,,,,,,,7,3.573
Fall 2025,INTN,4210,1,"Gietz,Merrilee Ruth",3,2,,1,,,,,,,,,,6,3.668
Fall 2025,INTN,4346,01,"Gietz,Merrilee Ruth",1,2,,2,1,,,,,,,,,6,3.335
Fall 2025,IRW,1100,2,"Ebersole,John Ira",,,,,,,,,,,,,8,8,0.000
Fall 2025,IRW,1100,1,"Ebersole,John Ira",,,,,,,,,,,,,5,5,0.000
Fall 2025,IRW,1100,4,"Ebersole,John Ira",,,,,,,,,,,,,5,5,0.000
Fall 2025,IRW,1100,3,"Ebersole,John Ira",,,,,,,,,,,,,3,3,0.000
Fall 2025,IRW,1300,1,"Ebersole,John Ira",,,,,,,,,,,,,2,2,0.000
Fall 2025,IRW,1300,2,"Matlock,Rachel Elaine",,,,,,,,,,,,,2,2,0.000
Fall 2025,ITAL,3309,1,"Behr,Francesca D",7,5,6,5,1,3,,4,,,1,1,1,34,2.873
Fall 2025,ITAL,1501,05,"Ercolani,Monica",8,3,4,,1,,,,,,,1,5,22,2.652
Fall 2025,ITAL,1501,3,"Saglimbeni,Fabio",2,2,,1,3,,,1,,,,1,,10,3.033
Fall 2025,ITAL,2311,02,"Ercolani,Monica",12,2,,,2,,,,,,,1,,17,3.647
Fall 2025,ITAL,3303,1,"Saglimbeni,Fabio",1,2,,,,,,,,,,,,3,3.780
Fall 2025,JAPN,1501,03,"Ji,Fang",15,4,,1,3,,,1,2,1,,,3,30,3.078
Fall 2025,JAPN,1501,01,"Ji,Fang",13,4,,,3,,,,,,,,5,25,3.067
Fall 2025,JAPN,2311,01,"Ji,Fang",12,4,,1,3,,,,,,,,1,21,3.588
Fall 2025,JAPN,2311,2,"Ji,Fang",12,3,,3,2,,,,,,,,,20,3.684
Fall 2025,JWST,3380,01,"Weiss,Kenneth Scott",,,,2,1,,,2,,,,1,1,7,1.904
Fall 2025,JWST,2380,01,"Tamber-Rosenau,Caryn M",3,1,,,,,,,,,,,1,5,3.134
Fall 2025,JWST,3397,2,"Lubotzky,Asher",,1,,1,,,,,,,,1,,3,2.113
Fall 2025,JWST,3397,1,"Rainbow,Jesse J",1,,,,,,,,,,,,,1,4.000
Fall 2025,KIN,1304,01,"Johnston,Craig Allen",238,54,31,6,34,5,4,9,1,2,1,8,7,400,3.534
Fall 2025,KIN,1304,04,"Graham,Marilynn Hadassah",231,,4,2,5,,2,2,,,,1,2,249,3.879
Fall 2025,KIN,1304,02,"Alastuey,Lisa L",79,49,26,25,29,5,6,7,2,6,2,6,5,247,3.167
Fall 2025,KIN,1304,03,"Parikh,Pranav J",212,14,5,,6,3,,2,,,1,,4,247,3.831
Fall 2025,KIN,1304,05,"Betts,Charles Raphael",189,13,11,3,14,3,3,3,,,,1,5,245,3.712
Fall 2025,KIN,1352,02,"Breslin,Whitney L",166,22,16,7,19,4,5,3,,,,6,1,249,3.607
Fall 2025,KIN,1352,03,"Rinehart,Seth",201,19,5,6,12,1,2,,,,1,1,,248,3.836
Fall 2025,KIN,1352,01,"Caslin Findley,Heather",116,37,15,9,17,1,2,3,,1,1,8,1,211,3.506
Fall 2025,KIN,1352,04,"Clarke,Mark S",90,36,14,8,19,2,,7,1,,,2,3,182,3.517
Fall 2025,KIN,3306,01,"Paulson,Sally",26,11,14,7,7,1,,3,,,1,,,70,3.410
Fall 2025,KIN,3306,02,"Hamilton,Marc",12,4,9,4,3,4,10,4,3,1,1,4,11,70,2.134
Fall 2025,KIN,3306,03,"Park,Yoonjung",40,10,2,5,5,2,2,2,,,,2,,70,3.496
Fall 2025,KIN,3305,02,"Paulson,Sally",50,30,4,4,8,,1,1,,,,,1,99,3.671
Fall 2025,KIN,3305,03,"Acolatse,Dela",,4,22,25,8,10,4,8,2,2,1,7,5,98,2.286
Fall 2025,KIN,3309,2,"Lee,Beom Chan",37,15,8,1,4,1,1,2,,,,,1,70,3.591
Fall 2025,KIN,3309,1,"Gorniak,Stacey",6,3,14,11,5,6,4,4,2,5,,5,1,66,2.369
Fall 2025,KIN,3309,3,"Lee,Beom Chan",23,12,3,4,2,2,1,6,,,,4,4,61,2.984
Fall 2025,KIN,4310,3,"Parikh,Pranav J",50,15,3,2,5,,,,,,,,,75,3.814
Fall 2025,KIN,4310,1,"Park,Seoung Hoon",45,8,,,2,,,1,1,1,,,1,59,3.729
Fall 2025,KIN,4310,2,"Park,Yoonjung",12,9,4,4,5,3,2,4,1,,,5,10,59,2.373
Fall 2025,KIN,3301,2,"Betts,Charles Raphael",31,7,3,1,7,1,,3,3,,1,,3,60,3.300
Fall 2025,KIN,3301,3,"Hamilton,Marc",21,12,11,1,4,,,4,2,,,3,2,60,3.139
Fall 2025,KIN,3301,1,"Breslin,Whitney L",13,7,7,1,8,6,,6,3,,1,2,2,56,2.827
Fall 2025,KIN,3350,02,"Paulson,Sally",38,26,7,10,10,3,1,1,1,1,,,,98,3.470
Fall 2025,KIN,3350,01,"Paulson,Sally",27,16,6,5,5,2,,5,1,1,1,,,69,3.382
Fall 2025,KIN,3304,01,"LaVoy,Emily Claire-Pyle",15,13,21,20,10,17,12,13,5,1,7,3,,137,2.604
Fall 2025,KIN,3304,02,"Oforka,Okechukwu K",2,2,5,3,1,,1,3,,2,2,,2,23,2.363
Fall 2025,KIN,4370,01,"Markofski,Melissa",50,14,21,27,20,8,2,12,3,,,2,1,160,3.146
Fall 2025,KIN,4315,2,"Layne,Charles S",23,27,15,4,18,2,1,1,1,,,1,2,95,3.323
Fall 2025,KIN,4315,1,"Park,Seoung Hoon",39,6,1,,4,1,1,,,,,,,52,3.808
Fall 2025,KIN,4300,1,"Alastuey,Lisa L",10,26,12,22,19,7,4,7,2,3,3,2,1,118,2.868
Fall 2025,KIN,4302,01,"Alastuey,Lisa L",34,25,8,14,9,2,6,10,2,1,1,3,3,118,3.054
Fall 2025,KIN,4330,1,"Breslin,Whitney L",7,6,18,3,12,6,1,3,2,,2,,,60,2.955
Fall 2025,KIN,3360,01,"Pearson,Demetrius W",3,3,4,5,2,9,8,2,3,,6,7,6,58,1.759
Fall 2025,KIN,3325,1,"Knoblauch,Mark Alan",12,8,6,3,11,3,1,1,1,,1,1,2,50,3.047
Fall 2025,KIN,4397,1,"Harrison,Layci",24,8,9,,5,,,2,,,1,1,,50,3.500
Fall 2025,KIN,4365,1,"Cottingham,Michael",7,5,8,1,1,3,7,1,5,2,4,2,2,48,2.251
Fall 2025,KIN,4355,01,"Walsh,David W",7,6,10,4,8,3,2,4,,,,,,44,3.091
Fall 2025,KIN,3303,1,"Hawkins,Billy J",7,9,11,5,4,1,1,2,2,,,,,42,3.120
Fall 2025,KIN,3370,01,"Ogunrinde,Joyce",2,2,4,9,1,10,4,5,1,,2,1,1,42,2.302
Fall 2025,KIN,4350,1,"Ogunrinde,Joyce",1,5,3,3,5,6,5,8,1,,2,,,39,2.530
Fall 2025,KIN,4340,1,"Hawkins,Billy J",,4,6,7,6,1,1,3,,,,1,1,30,2.734
Fall 2025,KIN,4345,1,"Lee,Dong Hun",14,5,2,3,2,,,1,,,,1,,28,3.477
Fall 2025,KIN,4690,01,"Walsh,David W",20,3,,,,2,,1,,,,1,,27,3.605
Fall 2025,KIN,4190,01,"Walsh,David W",10,3,7,,1,1,,1,,,,,,23,3.464
Fall 2025,KIN,4691,1,"Walsh,David W",16,3,,,,,,1,,,,,,20,3.867
Fall 2025,KIN,4360,1,"Cottingham,Michael",13,3,,,1,,,,,,,,,17,3.902
Fall 2025,KIN,4390,01,"Betts,Randi Jill",13,2,,,1,,,,,,,,,16,3.917
Fall 2025,KIN,4398,1,"Cottingham,Michael",3,,,,,,,,,,,,,3,4.000
Fall 2025,KIN,4398,2,"Cottingham,Michael",1,,,,,,,,,,,,,1,4.000
Fall 2025,KIN,4391,1,"Betts,Randi Jill",,1,,,,,,,,,,,,1,3.670
Fall 2025,KORE,1501,03,"Back,Eunkyung Lee",11,4,1,,1,,,,1,,1,2,3,24,2.806
Fall 2025,KORE,1501,01,"Back,Eunkyung Lee",3,1,,2,4,,1,1,,,1,1,4,18,2.203
Fall 2025,KORE,2311,01,"Back,Eunkyung Lee",9,2,3,1,7,,,,,,,1,2,25,3.133
Fall 2025,LATI,1301,1,"Behr,Francesca D",7,7,3,6,2,1,,,,,,1,5,32,2.730
Fall 2025,LAW,5314,18,"Simpson,Lauren J",2,4,2,1,7,,,,,,,,1,17,3.215
Fall 2025,LAW,5314,06,"Heard,Whitney W",1,6,2,,6,,,1,,,,,,16,3.396
Fall 2025,LAW,5314,04,"Feinstein,Jessica",2,3,4,2,3,,,1,,,,,,15,3.245
Fall 2025,LAW,5314,10,"Reed,Hilary S",1,7,5,1,1,,,,,,,,,15,3.379
Fall 2025,LAW,5314,13,"Reed,Hilary S",1,7,5,1,1,,,,,,,,,15,3.379
Fall 2025,LAW,5314,14,"Heard,Whitney W",2,5,3,,4,,,1,,,,,,15,3.400
Fall 2025,LAW,5314,16,"Feinstein,Jessica",1,4,3,2,5,,,,,,,,,15,3.311
Fall 2025,LAW,5314,31,"Brem,Katherine B",4,4,3,3,1,,,,,,,,,15,3.401
Fall 2025,LAW,5314,01,"Gomez,Alissa R",3,2,6,,3,,,,,,,,,14,3.381
Fall 2025,LAW,5314,02,"Gomez,Alissa R",2,3,4,1,4,,,,,,,,,14,3.357
Fall 2025,LAW,5314,05,"Swift,Kenneth Richard",1,4,2,1,6,,,,,,,,,14,3.381
Fall 2025,LAW,5314,09,"Brown,Maleaha L",4,2,3,1,4,,,,,,,,,14,3.452
Fall 2025,LAW,5314,12,"Swift,Kenneth Richard",4,8,,,,1,,,,,,1,,14,3.383
Fall 2025,LAW,5314,08,"Crozier,Christina Fontenot",2,4,2,2,3,,,,,,,,,13,3.385
Fall 2025,LAW,5314,22,"Simpson,Lauren J",2,1,1,1,8,,,,,,,,,13,3.383
Fall 2025,LAW,5314,23,"Crozier,Christina Fontenot",2,2,2,2,5,,,,,,,,,13,3.333
Fall 2025,LAW,5314,30,"Brown,Maleaha L",2,3,3,1,4,,,,,,,,,13,3.385
Fall 2025,LAW,5406,03,"Ragazzo,Robert A",8,20,14,3,27,1,,,,,,,,73,3.388
Fall 2025,LAW,5406,02,"Salib,Peter",4,18,4,4,41,,,,,,,,,71,3.398
Fall 2025,LAW,5406,05,"Lanham,Andrew James",15,17,21,6,12,,,,,,,,,71,3.400
Fall 2025,LAW,5406,6,"Hoffman,Lonny",2,10,11,1,5,,,,,,,,1,30,3.234
Fall 2025,LAW,5357,1,"Crump,David L",16,20,21,3,14,3,,3,,,,,,80,3.350
Fall 2025,LAW,5357,2,"Brem,Katherine B",23,12,4,8,21,1,1,4,,,,,,74,3.410
Fall 2025,LAW,5357,3,"Gomez,Alissa R",17,13,21,8,13,,,1,,,,,,73,3.366
Fall 2025,LAW,5409,01,"Bush,Darren",9,7,8,5,8,,,,,,,,,37,3.397
Fall 2025,LAW,5409,06,"Guggenberger,Nikolas",4,10,7,4,12,,,,,,,,,37,3.361
Fall 2025,LAW,5409,10,"Trujillo,Elizabeth I",4,6,10,4,11,,,1,,,,,,36,3.268
Fall 2025,LAW,5409,3,"Hawkins,James R",10,8,6,1,9,,,1,,,,1,,36,3.398
Fall 2025,LAW,5409,2,"Fowler,Leah Robbins",7,7,5,5,11,,,,,,,,,35,3.391
Fall 2025,LAW,5409,4,"Gebru,Aman K",7,5,12,3,7,,,1,,,,,,35,3.314
Fall 2025,LAW,5418,07,"Frank,Demetria",19,6,37,3,5,,,3,,,,,,73,3.297
Fall 2025,LAW,5418,02,"Duncan,Meredith J",11,18,12,4,25,,,2,,,,,,72,3.398
Fall 2025,LAW,5418,11,"Sanders,Joseph",13,15,17,5,21,,,,,,,,,71,3.399
Fall 2025,LAW,6321,3,"Murphy,Mary Ellen",5,13,10,4,22,,,1,,,,,,55,3.345
Fall 2025,LAW,6321,4,"Marquez,Ryan Michael",6,7,8,1,23,,,,,,,,,45,3.399
Fall 2025,LAW,6321,1,"Warren,Jeremy E",6,10,5,1,9,2,,,,,,,,33,3.404
Fall 2025,LAW,6321,2,"Davis,Megan Leigh-Wilson",3,10,4,7,6,1,,2,,,,,,33,3.213
Fall 2025,LAW,5297,6,"Frieden,Lex",1,3,2,1,10,,,,,,,,,17,3.352
Fall 2025,LAW,5297,7,"Flores,Gregorio Adan",4,2,4,3,2,,,,,,,,1,16,3.126
Fall 2025,LAW,5297,2,"Oelman,David Palmer",,7,4,,4,,,,,,,,,15,3.401
Fall 2025,LAW,5297,3,"Wilhite,Randall",3,3,3,2,4,,,,,,,,,15,3.378
Fall 2025,LAW,5297,5,"Ward,Shekeira Renee",3,4,3,,4,,,1,,,,,,15,3.422
Fall 2025,LAW,5297,1,"Kaleemullah,Tanweer A",4,3,,,1,,,,,,,,,8,3.793
Fall 2025,LAW,5297,8,"Wakefield,John Joseph",,4,3,,1,,,,,,,,,8,3.376
Fall 2025,LAW,5297,4,"King,Elizabeth Wood",,1,,,2,,,,,,,,,3,3.443
Fall 2025,LAW,5343,1,"Taylor,John A",16,11,25,7,4,6,,,,,,,,69,3.237
Fall 2025,LAW,5383,01,"Portuondo,Laura",12,12,11,6,17,,1,1,,,,,,60,3.361
Fall 2025,LAW,7397,2,"Bush,Darren",1,3,3,,4,,,,,,,,,11,3.394
Fall 2025,LAW,7397,3,"Warren,Gina S",1,3,3,,4,,,,,,,,,11,3.394
Fall 2025,LAW,7397,4,"Watson,Amanda",1,2,2,,6,,,,,,,,,11,3.393
Fall 2025,LAW,7397,7,"Chandler,Seth J",3,3,,1,3,,1,,,,,,,11,3.395
Fall 2025,LAW,7397,5,"Crump,David L",,,,,10,,,,,,,,,10,3.330
Fall 2025,LAW,5370,01,"Mirasola,Christopher",2,24,13,2,12,,,,,,,,,53,3.403
Fall 2025,LAW,5459,2,"Wells,Douglas",8,5,14,,4,,,,,,,,,31,3.409
Fall 2025,LAW,5459,3,"Julien,Rita Margaret",3,5,5,1,8,,,,,,,,,22,3.394
Fall 2025,LAW,5421,2,"Moll,Douglas Keith",9,13,8,5,14,,,1,,,,,,50,3.400
Fall 2025,LAW,6376,01,"Janicke,Paul",10,9,8,3,16,,,2,,,,,,48,3.395
Fall 2025,LAW,6392,1,"Guggenberger,Nikolas",3,13,9,3,20,,,,,,,,,48,3.361
Fall 2025,LAW,5358,1,"Hawkins,James R",11,7,8,3,16,,,2,,,,,,47,3.397
Fall 2025,LAW,6224,1,"Edison,Andrew",2,8,14,1,22,,,,,,,,,47,3.304
Fall 2025,LAW,5397,1,"Todd,Melvin Alfred",6,6,13,,10,,,,,,,,,35,3.381
Fall 2025,LAW,5397,3,"Hester,Tracy",,4,2,,2,,,,,,,,,8,3.418
Fall 2025,LAW,5397,2,"Acosta,Nour Shatleh",,1,,,2,,,,,,,,,3,3.443
Fall 2025,LAW,5339,01,"Tamborello,Gus Gerard",7,7,5,8,9,,,7,,,,,,43,3.170
Fall 2025,LAW,5381,01,"Sorgwe,Josephine Ifiyizibe",6,17,8,5,5,,,1,,,,,,42,3.398
Fall 2025,LAW,6377,01,"Alonso,Yocel",7,13,11,4,5,,,,,,,,,40,3.401
Fall 2025,LAW,5232,1,"Beebe,James L",8,11,18,,2,,,,,,,,,39,3.411
Fall 2025,LAW,5321,1,"Hancock,Amy Sladczyk",5,5,3,,23,1,,,,,,,,37,3.404
Fall 2025,LAW,6233,01,"Raimer,Anna",7,8,2,9,8,,2,,1,,,,,37,3.199
Fall 2025,LAW,6326,1,"Cardenas Garcia,Julian Jose",6,8,5,2,16,,,,,,,,,37,3.432
Fall 2025,LAW,5342,3,"Truskett,Harve",3,2,3,2,2,,,,,,,,,12,3.362
Fall 2025,LAW,5342,4,"Swift,Kenneth Richard",,6,1,,3,,,1,,,,,,11,3.395
Fall 2025,LAW,5342,2,"Nieuwveld,Lisa Bench",2,2,3,2,,,,,,,,,,9,3.298
Fall 2025,LAW,5342,1,"Warren,Jill",,,,,4,,,,,,,,,4,3.330
Fall 2025,LAW,6365,01,"Mantel,Jessica",3,9,8,2,14,,,,,,,,,36,3.361
Fall 2025,LAW,5379,1,"Kurka,James",3,10,6,1,13,,,2,,,,,,35,3.352
Fall 2025,LAW,5386,01,"Bridges,Chad",9,4,12,6,3,,,,,,,,1,35,3.220
Fall 2025,LAW,5390,2,"Anozie,Chinonso Tansi",8,8,3,6,9,,,1,,,,,,35,3.391
Fall 2025,LAW,5488,01,"Morales,Daniel I",9,4,11,5,4,,,1,,,,,,34,3.314
Fall 2025,LAW,5319,01,"Davis,Megan Leigh-Wilson",6,7,7,2,10,,,1,,,,,,33,3.384
Fall 2025,LAW,5338,2,"Simmons,Laurel Ellis Parker",9,10,1,1,12,,,,,,,,,33,3.586
Fall 2025,LAW,5344,1,"Hopkins,Seth",2,10,2,3,15,,,,,,,,,32,3.396
Fall 2025,LAW,6364,1,"Toedt III,Dell Charles",3,4,5,1,4,,,,,,,,,17,3.392
Fall 2025,LAW,6364,2,"Toedt III,Dell Charles",4,2,5,,4,,,,,,,,,15,3.444
Fall 2025,LAW,5335,1,"Zale,Kellen B",1,11,6,3,8,,,2,,,,,,31,3.280
Fall 2025,LAW,5408,01,"Bregant,Jessica Lynn",8,5,7,2,8,,,,,,,,1,31,3.333
Fall 2025,LAW,5346,1,"Zale,Kellen B",7,8,6,1,4,,,2,,,1,,,29,3.357
Fall 2025,LAW,6347,2,"Moll,Douglas Keith",2,11,,5,10,1,,,,,,,,29,3.346
Fall 2025,LAW,5242,1,"Drake,Alyson",1,4,1,,7,,,1,,,,,,14,3.380
Fall 2025,LAW,5242,2,"Drake,Alyson",1,7,2,,2,,1,,,,,,,13,3.386
Fall 2025,LAW,6341,1,"Hester,Tracy",5,7,8,4,2,,,,,,,,1,27,3.223
Fall 2025,LAW,5363,1,"Ragazzo,Robert A",4,6,4,4,8,,,,,,,,,26,3.359
Fall 2025,LAW,5262,01,"Ingraham,Ryan",4,7,4,3,4,,,,,,,,,22,3.410
Fall 2025,LAW,6319,1,"Nguyen,Hung T",2,7,6,5,1,,,1,,,,,,22,3.214
Fall 2025,LAW,5327,1,"Pisano Goetz,Georgianna Marie",3,7,2,1,5,1,,,,,,,1,20,3.251
Fall 2025,LAW,5365,1,"Shannon,Robert Joseph",3,4,4,1,8,,,,,,,,,20,3.400
Fall 2025,LAW,5310,1,"Kwok,David Y",6,5,2,2,2,1,,1,,,,,,19,3.404
Fall 2025,LAW,6336,1,"Buckles,Johnny R",1,5,5,1,7,,,,,,,,,19,3.333
Fall 2025,LAW,5322,01,"Wyly,Brad T",,4,1,,13,,,,,,,,,18,3.387
Fall 2025,LAW,5361,01,"Brennan,Daniel",4,3,2,1,7,1,,,,,,,,18,3.388
Fall 2025,LAW,5323,01,"Ungureanu,Razvan C",3,3,9,,2,,,,,,,,,17,3.334
Fall 2025,LAW,6353,1,"Moulton,Cynthia",,5,3,,9,,,,,,,,,17,3.372
Fall 2025,LAW,6381,1,"Chandler,Seth J",4,3,2,3,5,,,,,,,,,17,3.392
Fall 2025,LAW,5120,1,"Morris,Brittany Noel Delaney",9,3,,,1,,,,3,,,,,16,3.334
Fall 2025,LAW,5151,01,"Dykes,Christopher",2,7,2,,5,,,,,,,,,16,3.521
Fall 2025,LAW,5258,01,"Hodge,Justin Allen",4,4,2,,3,1,,1,,,,,,15,3.400
Fall 2025,LAW,5351,1,"Marrus,Ellen",,8,3,1,3,,,,,,,,,15,3.401
Fall 2025,LAW,5134,1,"Brownell,Robert Bruce Anthony",1,2,2,,9,,,,,,,,,14,3.379
Fall 2025,LAW,5326,1,"Hicks,Taylor",,3,5,,6,,,,,,,,,14,3.285
Fall 2025,LAW,5416,1,"Marquez,Ryan Michael",,4,1,,9,,,,,,,,,14,3.404
Fall 2025,LAW,5331,1,"Ginsburg,Richard Allen",3,1,5,1,3,,,,,,,,,13,3.333
Fall 2025,LAW,5368,01,"Buckles,Johnny R",2,,6,,5,,,,,,,,,13,3.281
Fall 2025,LAW,5214,1,"Abshire,Molly",4,,3,,4,,1,,,,,,,12,3.333
Fall 2025,LAW,7321,1,"Bell,Richard Thomas",5,1,1,1,3,1,,,,,,,,12,3.444
Fall 2025,LAW,7326,1,"Dow,David R",1,1,2,,8,,,,,,,,,12,3.359
Fall 2025,LAW,7335,1,"Morath,Sarah",,8,,,2,,,2,,,,,,12,3.390
Fall 2025,LAW,5246,1,"Dueitt,Michelle",2,3,2,,3,,,1,,,,,,11,3.394
Fall 2025,LAW,5288,01,"Abdelmalak,Mariam",1,2,5,2,1,,,,,,,,,11,3.183
Fall 2025,LAW,5350,1,"Willis,Tasha L",,2,,,9,,,,,,,,,11,3.392
Fall 2025,LAW,5382,1,"Duke,Brandon W",2,3,3,1,2,,,,,,,,,11,3.395
Fall 2025,LAW,5601,1,"Cabot,Jessica Anna",,4,2,,5,,,,,,,,,11,3.394
Fall 2025,LAW,6210,1,"LaPar,Kelly",1,6,2,,1,1,,,,,,,,11,3.395
Fall 2025,LAW,7341,1,"Nelson,James D",1,3,3,,4,,,,,,,,,11,3.394
Fall 2025,LAW,7345,1,"Salib,Peter",1,4,4,,2,,,,,,,,,11,3.395
Fall 2025,LAW,5118,1,"Pittman,Aimee Self",1,3,1,1,4,,,,,,,,,10,3.400
Fall 2025,LAW,5387,1,"Wells,Douglas",3,1,4,1,1,,,,,,,,,10,3.367
Fall 2025,LAW,6220,1,"King,Elizabeth Wood",2,2,1,2,1,,,1,,,,,,9,3.260
Fall 2025,LAW,7307,1,"Janicke,Paul",2,3,3,,,,,1,,,,,,9,3.371
Fall 2025,LAW,5219,1,"Rivera,Julian",8,,,,,,,,,,,,,8,4.000
Fall 2025,LAW,5402,2,"Heard,Christopher D",,2,1,,5,,,,,,,,,8,3.374
Fall 2025,LAW,6213,1,"Jeu Tebbano,Cassandra",,2,2,,4,,,,,,,,,8,3.333
Fall 2025,LAW,6226,1,"Borrego,Theodore R",3,1,1,,3,,,,,,,,,8,3.583
Fall 2025,LAW,6386,1,"Wright,Denney L",3,1,1,1,2,,,,,,,,,8,3.500
Fall 2025,LAW,7334,01,"Foteh,Samir Jabra",1,2,3,,2,,,,,,,,,8,3.375
Fall 2025,LAW,5221,01,"Russell,William W",,1,2,2,,,,1,,,,,,6,2.890
Fall 2025,LAW,5292,1,"Vasquez Jr,Juan F",2,3,,,1,,,,,,,,,6,3.723
Fall 2025,LAW,6240,1,"Jeu Tebbano,Cassandra",,3,2,,1,,,,,,,,,6,3.390
Fall 2025,LAW,5267,01,"Gupta,Ajay",1,1,2,,1,,,,,,,,,5,3.400
Fall 2025,LAW,6238,01,"Rivero,Francisco",2,2,,,1,,,,,,,,,5,3.734
Fall 2025,LAW,5259,1,"Chadha,Jayash M",,3,1,,,,,,,,,,,4,3.503
Fall 2025,LAW,5300,1,"Lake,Joshua",,1,,,3,,,,,,,,,4,3.415
Fall 2025,LAW,6360,01,"Lukin,Karen B",1,1,2,,,,,,,,,,,4,3.418
Fall 2025,LAW,5198,01,"Vetter,Greg R",2,1,,,,,,,,,,,,3,3.890
Fall 2025,LAW,5298,01,"Vetter,Greg R",3,,,,,,,,,,,,,3,4.000
Fall 2025,LAW,5316,1,"Barks,Justen S",,1,,,2,,,,,,,,,3,3.443
Fall 2025,LAW,5197,1,"Green,Melissa M",1,,,,,,,,,,,,1,2,2.000
Fall 2025,LAW,5277,1,"Rogers,Julie B",,1,,,,,,,,,,,1,2,1.835
Fall 2025,LAW,5398,01,"Vetter,Greg R",1,1,,,,,,,,,,,,2,3.835
Fall 2025,LAW,5403,01,"Turboff,Lisa Lepow",,,,,2,,,,,,,,,2,3.330
Fall 2025,LAW,6322,1,"Marquez,Jason R",,1,,,1,,,,,,,,,2,3.500
Fall 2025,LAW,6331,1,"Marquez,Jason R",,,,,2,,,,,,,,,2,3.330
Fall 2025,LAW,6340,1,"Lake,Joshua",,,,,2,,,,,,,,,2,3.330
Fall 2025,LAW,5203,01,"Powers,William",,,,,,,,,,,,,1,1,0.000
Fall 2025,LAW,5275,1,"Willis,Tasha L",,,,,1,,,,,,,,,1,3.330
Fall 2025,LAW,5301,01,"Alimohammad,Rehan Shams",,1,,,,,,,,,,,,1,3.670
Fall 2025,LAW,5411,1,"Marquez,Jason R",,,,,1,,,,,,,,,1,3.330
Fall 2025,LAW,5414,1,"Alimohammad,Rehan Shams",,1,,,,,,,,,,,,1,3.670
Fall 2025,LAW,6206,1,"Marquez,Jason R",,,,,1,,,,,,,,,1,3.330
Fall 2025,LAW,6317,1,"Willis,Tasha L",,,,,1,,,,,,,,,1,3.330
Fall 2025,LAW,6335,1,"Rodgers,Erin Elizabeth",,1,,,,,,,,,,,,1,3.670
Fall 2025,LEAD,8301,2,"Hawkins,Jacqueline McLean",14,,,,,,,1,,,,,,15,3.889
Fall 2025,LEAD,8301,1,"Hale,Margaret Ann",,9,1,2,,2,,,,,,,,14,3.241
Fall 2025,LEAD,8301,3,"Davis,Bradley",9,,1,,,,1,,,1,,,1,13,3.180
Fall 2025,LEAD,8303,1,"Santi,Kristi L",11,,1,,,,,,,,,,,12,3.917
Fall 2025,LEAD,8303,3,"Hausmann,Robert Carl",11,,,,,,,,,,,,1,12,3.667
Fall 2025,LEAD,8303,2,"Peters-Hawkins,April",5,2,,,2,,,,,,,1,,10,3.400
Fall 2025,LEAD,8303,4,"McNeil,Sara G",6,,,1,,,,,,,,,,7,3.810
Fall 2025,LEAD,8381,1,"Hawkins,Jacqueline McLean",14,,1,,,,,,,,,,,15,3.933
Fall 2025,LEAD,8381,2,"Thomas,Dustine J",12,,1,,,,,,1,,,,,14,3.714
Fall 2025,LEAD,8390,9,"Snodgrass Rangel,Virginia Walker",7,1,,,,,,,,,,,,8,3.959
Fall 2025,LEAD,8390,1,"Peters-Hawkins,April",1,,,,,,,,,,,,,1,4.000
Fall 2025,LEAD,8390,10,"Davis,Bradley",1,,,,,,,,,,,,,1,4.000
Fall 2025,LEAD,8390,2,"Hutchison,Laveria F",1,,,,,,,,,,,,,1,4.000
Fall 2025,LEAD,8390,4,"McNeil,Sara G",1,,,,,,,,,,,,,1,4.000
Fall 2025,LEAD,8390,6,"Santi,Kristi L",,1,,,,,,,,,,,,1,3.670
Fall 2025,LEAD,8690,1,"Santi,Kristi L",5,,,,,,,,,,,,,5,4.000
Fall 2025,LEAD,8690,5,"Hawkins,Jacqueline McLean",4,,,,,,,,,,,,,4,4.000
Fall 2025,LEAD,8365,1,"Hausmann,Robert Carl",7,,,,,,,,,,,,1,8,3.500
Fall 2025,LSAF,3301,25,,1,,,,1,,,,,,,,,2,3.665
Fall 2025,LSAF,3301,95,,1,,1,,,,,,,,,,,2,3.500
Fall 2025,LSAF,3301,01,,1,,,,,,,,,,,,,1,4.000
Fall 2025,LSAF,3301,10,,,1,,,,,,,,,,,,1,3.670
Fall 2025,LSAF,3301,22,,,,,,,1,,,,,,,,1,2.000
Fall 2025,LSAF,3301,29,,,,1,,,,,,,,,,,1,3.000
Fall 2025,LSAF,3301,91,,,1,,,,,,,,,,,,1,3.670
Fall 2025,LSAF,3301,92,,1,,,,,,,,,,,,,1,4.000
Fall 2025,LSAF,3301,93,,1,,,,,,,,,,,,,1,4.000
Fall 2025,LSAF,3501,1,,1,1,,,,,,,,,,,,2,3.835
Fall 2025,LSAF,3501,2,,1,,,,1,,,,,,,,,2,3.665
Fall 2025,LSAF,3501,3,,1,,,,,,,,,,,,,1,4.000
Fall 2025,LSAF,1301,01,,,1,,,,,,,,,,,,1,3.670
Fall 2025,LSAF,1301,24,,,,,1,,,,,,,,,,1,2.670
Fall 2025,LSAF,1301,38,,,,,,1,,,,,,,,,1,3.330
Fall 2025,LSAF,4301,5,,1,,,,,,,,,,,,,1,4.000
Fall 2025,LSAF,4301,61,,1,,,,,,,,,,,,,1,4.000
Fall 2025,LSAF,4301,63,,1,,,,,,,,,,,,,1,4.000
Fall 2025,LSAF,2301,33,,,,1,,,,,,,,,,,1,3.000
Fall 2025,LSRE,3301,11,,,1,,,,,,,,,,,,1,3.670
Fall 2025,LSRE,3301,12,,,,,1,,,,,,,,,,1,2.670
Fall 2025,LSRE,3301,13,,,,,,,,,,,,,,1,1,0.000
Fall 2025,LSRE,4301,3,,,,,,,,,,,,,,1,1,0.000
Fall 2025,LST,3354,01,"Watts,Jeffrey Allen",13,11,5,4,4,,1,,,,,1,1,40,3.326
Fall 2025,LST,3385,01,"Abbott Jr,Kenneth Wayne",28,8,,,3,,,,,,,,1,40,3.784
Fall 2025,LST,3386,01,"Wright,Andrew Alexander",8,4,7,1,9,3,2,2,1,,,1,2,40,2.883
Fall 2025,LST,3357,01,"Abbott Jr,Kenneth Wayne",25,7,2,,4,,,,,,,,1,39,3.718
Fall 2025,LST,3359,01,"Manning,Tanisha",3,3,5,5,4,2,2,3,4,,,4,4,39,2.128
Fall 2025,LST,3356,01,"Fleming II,Robert B.",8,8,6,4,9,,,2,,,,,,37,3.369
Fall 2025,LST,4392,01,"Tiede,Lydia B",11,,,,,,,,,,,,,11,4.000
Fall 2025,MANA,3335,03,"Carlin,Barbara A",44,42,66,26,45,15,7,19,,,3,1,6,274,3.056
Fall 2025,MANA,3335,01,"Sebastijanovic,Marina",158,60,6,2,19,1,,3,,,,,1,250,3.791
Fall 2025,MANA,3335,02,"Currie,Daniel David",72,109,11,10,34,2,2,9,,,,,,249,3.571
Fall 2025,MANA,3335,04,"Currie,Daniel David",55,106,15,8,51,5,1,3,,,1,2,2,249,3.475
Fall 2025,MANA,3335,10,"Sebastijanovic,Marina",148,59,10,5,20,,4,1,,,1,1,,249,3.730
Fall 2025,MANA,3335,09,"Wengelnik,Dorothee-Catherine",168,35,8,3,23,1,,1,,,,3,6,248,3.683
Fall 2025,MANA,3335,12,"Currie,Daniel David",43,90,26,14,46,8,2,7,,,1,7,3,247,3.271
Fall 2025,MANA,3335,08,"Rude,Dale",15,6,2,,1,,,,,,,,,24,3.806
Fall 2025,MANA,3335,11,"Krylova,Ksenia O",1,1,,1,1,,,,,,1,,,5,3.000
Fall 2025,MANA,4330,01,"Phillips,James S",156,42,20,6,14,6,,,1,,,2,3,250,3.655
Fall 2025,MANA,4330,03,"Reinoso,Gaston",7,1,6,,2,1,,1,,,,,,18,3.370
Fall 2025,MANA,4355,01,"Phillips,James S",50,,11,,,3,1,,,,,,,65,3.703
Fall 2025,MANA,4355,02,"Zamanipour,Tina",61,,2,,2,,,,,,,,,65,3.949
Fall 2025,MANA,4397,01,"Wengelnik,Dorothee-Catherine",56,5,1,,2,,,,,,,,1,65,3.877
Fall 2025,MANA,4397,02,"Barrett,Beverly",21,15,4,2,1,,2,1,,,2,,3,51,3.295
Fall 2025,MANA,4353,01,"Bozeman,Dennis",23,,19,2,18,2,,1,,,,,,65,3.394
Fall 2025,MANA,4353,03,"Baldwin,Cheryl",21,7,,,,,,,,,,,,28,3.918
Fall 2025,MANA,4353,02,"Demirag Burak,Elif G",4,4,,,,,,,,,,,,8,3.835
Fall 2025,MANA,4346,01,"Evans,Klavdia Markelova",59,1,1,2,2,,,,,,,,,65,3.918
Fall 2025,MANA,4346,03,"Lozano Garcia,Miguel Angel",23,5,1,1,4,,,,,,,,1,35,3.695
Fall 2025,MANA,4338,01,"Gelb,Brian",54,6,1,,1,1,,,,,,,1,64,3.849
Fall 2025,MANA,4338,03,"Gelb,Brian",18,5,,,1,,,,,,,,,24,3.903
Fall 2025,MANA,4385,02,"Tabesh,Pooya",23,21,2,2,11,2,,3,,,1,,,65,3.529
Fall 2025,MANA,4385,01,"Chiu,Shih-chi",11,4,2,2,4,,,,,,,,,23,3.623
Fall 2025,MANA,   6A25,04,"Carlin,Barbara A",11,8,4,3,7,,,,,,,1,,34,3.432
Fall 2025,MANA,   6A25,03,"Carlin,Barbara A",6,3,1,2,5,,,,,,,,1,18,3.333
Fall 2025,MANA,   6A25,05,"Celly,Nikhil",10,2,,,,,,,,,,,,12,3.945
Fall 2025,MANA,   6A25,2,"Krylova,Ksenia O",2,1,1,1,,,,,,,,,,5,3.468
Fall 2025,MANA,   6A25,1,"Krylova,Ksenia O",3,,,,,,,,,,,,,3,4.000
Fall 2025,MANA,   6A83,02,"Zyung,Jinyong",20,13,,,1,,,,,,,,1,35,3.744
Fall 2025,MANA,   6A83,03,"Zyung,Jinyong",21,3,,,,,,,,,,,1,25,3.800
Fall 2025,MANA,   6A83,01,"Celly,Nikhil",5,2,,,,,,,,,,,,7,3.906
Fall 2025,MANA,4314,01,"Thompson,Joseph Lee",60,2,2,,,1,,,,,,,,65,3.928
Fall 2025,MANA,4350,01,"Celly,Nikhil",56,4,,,1,4,,,,,,,,65,3.846
Fall 2025,MANA,4341,01,"Evans,Klavdia Markelova",56,5,1,,1,,,1,,,,,,64,3.922
Fall 2025,MANA,4356,01,"Ruggs,Enrica N",21,23,6,2,10,,,,,,1,,1,64,3.537
Fall 2025,MANA,4337,01,"Sebastijanovic,Marina",37,12,5,1,8,,,,,,,,,63,3.752
Fall 2025,MANA,4347,01,"Salaiz,Ashley",54,5,2,,1,,,,,,,,1,63,3.868
Fall 2025,MANA,4348,01,"Tabesh,Pooya",15,8,10,8,17,,,1,,3,,,1,63,3.201
Fall 2025,MANA,4358,01,"Zamanipour,Tina",55,,2,,5,,,,,,,,1,63,3.852
Fall 2025,MANA,4386,01,"Salaiz,Ashley",38,9,5,1,2,2,,3,,,,,2,62,3.554
Fall 2025,MANA,4312,01,"Kroger,Edward John",44,,1,,13,,,,,,,,,58,3.833
Fall 2025,MANA,4336,01,"Krylova,Ksenia O",2,15,19,2,12,,1,2,2,,,1,2,58,2.994
Fall 2025,MANA,   6A32,01,"Krylova,Ksenia O",7,15,,,5,1,,,,,,,1,29,3.507
Fall 2025,MANA,   6A32,03,"Krylova,Ksenia O",8,6,,,1,,,,,,,1,2,18,3.186
Fall 2025,MANA,7339,02,"Werner,Steve",28,,,2,3,,1,,,,,,,34,3.794
Fall 2025,MANA,7339,01,"Lozano Garcia,Miguel Angel",9,,,,,,,,,,,,,9,4.000
Fall 2025,MANA,6310,01,"Celly,Nikhil",34,2,,,,,,,,,,,,36,3.982
Fall 2025,MANA,7332,01,"Miller,Carl Chet",4,14,8,,7,,,3,,,,,,36,3.380
Fall 2025,MANA,4331,01,"Babalola,Olusegun",21,5,5,3,,,,,,1,,,,35,3.601
Fall 2025,MANA,   7A49,01,"Carlin,Barbara A",19,9,2,,3,,,,,,,,1,34,3.677
Fall 2025,MANA,7336,02,"Fernandez,Alejandro",31,1,,,1,,,,,,,,1,34,3.853
Fall 2025,MANA,7338,01,"Abbott,Jeanna L",9,16,1,1,4,,,,,,,,,31,3.668
Fall 2025,MANA,7375,01,"Sauerwald,Steve",22,1,1,1,2,,1,1,,,,,,29,3.724
Fall 2025,MANA,4372,01,"Kroger,Edward John",20,,,,4,,,,,,,,,24,3.888
Fall 2025,MANA,4380,01,"Houston,Lawrence",9,2,3,2,1,2,1,1,,,,1,2,24,2.875
Fall 2025,MANA,7351,01,"Farah,Elena",20,1,1,,1,,,,,,,,,23,3.913
Fall 2025,MANA,7356,01,"Ruggs,Enrica N",22,,,,,,,,,,,,,22,4.000
Fall 2025,MANA,7355,01,"Bozeman,Dennis",12,,2,,2,,,1,,,,,,17,3.705
Fall 2025,MANA,7397,2,"Witt,Lawrence A",10,,,,,,,,,,,,,10,4.000
Fall 2025,MANA,7397,3,"Witt,Lawrence A",6,,,,,,,,,,,,,6,4.000
Fall 2025,MANA,7334,01,"Bozeman,Dennis",6,,5,,3,,,1,,,,,,15,3.421
Fall 2025,MANA,7357,01,"Baldwin,Cheryl",10,3,,,,,,,,,,,,13,3.924
Fall 2025,MANA,4359,01,"Miller,Carliss Denise",4,4,,,1,,,,,,,,,9,3.779
Fall 2025,MANA,4310,01,"Rude,Dale",2,,3,1,2,,,,,,,,,8,3.291
Fall 2025,MANA,6332,2,"Werner,Steve",3,1,,,,,1,,,,,,,5,3.468
Fall 2025,MANA,6332,1,"Werner,Steve",3,,,,,,,,,,,,,3,4.000
Fall 2025,MANA,7312,02,"Kroger,Edward John",5,2,,,1,,,,,,,,,8,3.834
Fall 2025,MANA,7342,02,"Kroger,Edward John",5,,,,2,,,,,,,,,7,3.809
Fall 2025,MANA,7359,01,"Avery,Derek Reynold",4,1,,,,,,,,,,,,5,3.934
Fall 2025,MANA,7329,01,"Rude,Dale",1,1,1,1,,,,,,,,,,4,3.335
Fall 2025,MARK,3336,02,"Hu,Ye",251,95,58,31,97,8,,,2,,,,6,548,3.559
Fall 2025,MARK,3336,04,"Hu,Ye",201,73,75,40,124,18,,,6,,,5,5,547,3.398
Fall 2025,MARK,3336,03,"Koch,Steven F",36,45,66,46,64,32,11,31,9,2,7,4,6,359,2.834
Fall 2025,MARK,3336,05,"Hu,Ye",83,35,23,14,39,9,,,2,,,3,2,210,3.413
Fall 2025,MARK,3336,01,"Koch,Steven F",4,8,4,1,6,,,1,,,,,,24,3.431
Fall 2025,MARK,3337,03,"Vandaveer,Amy L",98,52,28,9,43,3,3,9,,,1,1,3,250,3.469
Fall 2025,MARK,3337,04,"Vandaveer,Amy L",87,53,29,15,30,8,2,12,3,,2,2,6,249,3.303
Fall 2025,MARK,3337,06,"Vandaveer,Amy L",71,41,43,15,41,8,4,9,1,1,4,5,6,249,3.175
Fall 2025,MARK,3337,02,"Boehm-Miller,Elizabeth A",90,49,28,10,32,5,2,10,,1,1,1,5,234,3.401
Fall 2025,MARK,3337,05,"Boehm-Miller,Elizabeth A",92,46,31,13,27,5,5,8,2,,,3,2,234,3.391
Fall 2025,MARK,3337,07,"Vandaveer,Amy L",19,14,15,11,18,1,2,8,,,1,5,1,95,3.021
Fall 2025,MARK,3365,02,"Tirunillai,Seshadri N",92,67,13,3,30,,,2,,,,1,1,209,3.662
Fall 2025,MARK,3365,03,"Tirunillai,Seshadri N",65,72,20,14,20,7,,5,2,,,1,3,209,3.425
Fall 2025,MARK,3338,01,"Luo,Bowen",49,45,20,13,49,6,,7,1,,,4,3,197,3.291
Fall 2025,MARK,3338,02,"Luo,Bowen",23,28,13,6,30,1,,2,,1,,,5,109,3.275
Fall 2025,MARK,4389,08,"Lish,Alan D",5,3,6,8,5,3,1,2,1,,,,2,36,2.788
Fall 2025,MARK,4389,02,"Khorshidi,Masoud",20,9,1,,2,,,,,,,,,32,3.834
Fall 2025,MARK,4389,06,"Muschalik,Monica Harper",19,6,2,,1,1,,,,,,,,29,3.771
Fall 2025,MARK,4389,07,"Muschalik,Monica Harper",13,7,6,,1,,,1,,,,,1,29,3.495
Fall 2025,MARK,4389,03,"Flame,David Scott",,5,5,5,8,1,,1,,,,1,,26,2.987
Fall 2025,MARK,4389,04,"Flame,David Scott",,8,6,2,3,,,1,,,,,,20,3.251
Fall 2025,MARK,4389,10,"Oza,Shweta S",3,3,,4,1,,,,,,,,3,14,2.644
Fall 2025,MARK,4389,09,"Tueffert,Curt F",9,,2,,,,,,,,,,,11,3.818
Fall 2025,MARK,4332,01,"Zahn,William J",64,1,4,,,1,,,,,,,,70,3.910
Fall 2025,MARK,4332,02,"Zahn,William J",50,,8,,,3,,,,,,,1,62,3.710
Fall 2025,MARK,4362,01,"Rudd,Melanie R",4,12,8,4,6,,1,1,,,2,1,,39,3.112
Fall 2025,MARK,4362,02,"Rudd,Melanie R",9,6,8,7,5,,,1,,,,,1,37,3.235
Fall 2025,MARK,4362,03,"Rudd,Melanie R",10,7,3,4,6,1,1,,1,,,,2,35,3.143
Fall 2025,MARK,4379,01,"Vandaveer,Amy L",49,10,,,5,,,,,,,,,64,3.896
Fall 2025,MARK,4379,04,"Richards,Sean Wesley",16,11,1,1,,1,,,,,,,,30,3.735
Fall 2025,MARK,   6A61,01,"Lish,Alan D",4,7,7,7,5,2,2,3,,,1,1,1,40,2.842
Fall 2025,MARK,   6A61,04,"Lish,Alan D",3,6,12,4,7,3,1,2,,,,,1,39,2.983
Fall 2025,MARK,   6A61,03,"Krishnamurthy,Parthasarathy",6,2,1,,2,,,1,,,,,,12,3.611
Fall 2025,MARK,4367,01,"Noriega,Jaime L",7,20,2,5,11,1,1,3,,,,,,50,3.361
Fall 2025,MARK,4367,02,"Noriega,Jaime L",5,15,6,2,7,1,1,1,,,,1,,39,3.274
Fall 2025,MARK,4373,02,"Pingel,John W",30,1,,,1,,1,,,,,,,33,3.899
Fall 2025,MARK,4373,01,"Bremer,Justin",30,1,,,,,,,,,,,,31,3.989
Fall 2025,MARK,4376,03,"Herman,Carl",18,11,2,1,1,,,,,,,,,33,3.769
Fall 2025,MARK,4376,02,"Herman,Carl",17,5,2,1,6,,,,,,,,,31,3.710
Fall 2025,MARK,4374,01,"Webb,James R",28,2,,,,,,,,,,,,30,3.978
Fall 2025,MARK,4374,02,"Webb,James R",29,,,,,,,,,,,,,29,4.000
Fall 2025,MARK,4380,01,"Herman,Carl",40,6,,2,11,,,,,,,,,59,3.796
Fall 2025,MARK,4397,01,"Pogge,Joe M",18,9,3,,4,1,,,,,,,,35,3.696
Fall 2025,MARK,4397,02,"Krishnamurthy,Parthasarathy",4,3,2,2,2,,,2,,,,,,15,3.311
Fall 2025,MARK,4397,03,"Krishnamurthy,Parthasarathy",3,2,2,1,,,,,,,,,,8,3.501
Fall 2025,MARK,4338,01,"Hui,Kachuen Sam",6,8,4,2,5,,,,,,,,,25,3.494
Fall 2025,MARK,4338,02,"Hui,Kachuen Sam",6,3,,2,3,,,,,,,,,14,3.596
Fall 2025,MARK,4333,01,"Buffaloe,Bonnie Lora-Lee",21,7,4,,1,,,1,,,,,1,35,3.639
Fall 2025,MARK,7366,01,"Tirunillai,Seshadri N",12,3,2,2,1,,,,,,,,,20,3.684
Fall 2025,MARK,7366,02,"Tirunillai,Seshadri N",14,1,,,,,,,,,,,,15,3.978
Fall 2025,MARK,7338,01,"Luo,Bowen",21,6,,,2,,,1,1,,,,,31,3.742
Fall 2025,MARK,   7A75,01,"Lish,Alan D",5,6,6,,7,,1,1,,,,,,26,3.359
Fall 2025,MARK,7333,01,"Gavin,Daniel Yaakov",17,,3,,,1,,,,,,,,21,3.762
Fall 2025,MARK,4375,01,"Webb,James R",9,8,1,,2,,,,,,,,,20,3.751
Fall 2025,MARK,7362,01,"Hui,Kachuen Sam",11,5,,,2,,,,,,,,,18,3.834
Fall 2025,MARK,7374,01,"Kamal,Saiyid Zafar",9,6,1,,1,,,,,,,,,17,3.785
Fall 2025,MARK,7399,01,"Koch,Steven F",7,4,,,1,,,,,,,,,12,3.834
Fall 2025,MARK,7399,02,"Koch,Steven F",3,,,,,,,,,,,,,3,4.000
Fall 2025,MARK,8336,01,"Blair,Edward A",7,5,,,2,,,,,,,,,14,3.786
Fall 2025,MARK,   7A43,02,"Herman,Carl",9,1,,,,,,,,,,,,10,3.967
Fall 2025,MARK,   7A44,02,"Herman,Carl",5,5,,,,,,,,,,,,10,3.835
Fall 2025,MARK,7397,01,"Krishnamurthy,Parthasarathy",5,1,1,,,,,,,,,,,7,3.810
Fall 2025,MARK,8398,01,"Luo,Bowen",1,,,,,,,,,,,,,1,4.000
Fall 2025,MARK,8398,02,"Hu,Ye",1,,,,,,,,,,,,,1,4.000
Fall 2025,MARK,8398,03,"Patrick-Ralhan,Vanessa M",1,,,,,,,,,,,,,1,4.000
Fall 2025,MARK,7393,01,"Galvani,Paul",2,,,,,,,,,,,,,2,4.000
Fall 2025,MARK,7394,01,"Galvani,Paul",2,,,,,,,,,,,,,2,4.000
Fall 2025,MAS,3343,1,"Pino,Diana",9,14,2,5,3,1,,,,,,,1,35,3.392
Fall 2025,MAS,3343,2,"Pino,Diana",5,4,6,5,4,1,,3,,,,4,3,35,2.524
Fall 2025,MAS,2340,3,"Lira,Karla Aisen",12,2,6,1,1,2,,,2,1,,3,4,34,2.530
Fall 2025,MAS,2340,2,"Lira,Karla Aisen",18,2,,,,,,,,1,,,,21,3.810
Fall 2025,MAS,3345,1,"Lira,Karla Aisen",21,3,3,,1,,,,,,1,3,2,34,3.196
Fall 2025,MAS,3341,1,"Lira,Karla Aisen",5,3,,4,4,1,1,,2,,,5,1,26,2.334
Fall 2025,MAS,3347,1,"Larotta,Alex",13,1,2,2,1,1,,2,1,,,,,23,3.391
Fall 2025,MAS,3346,1,"Pino,Diana",4,5,1,,,1,1,1,1,,,3,1,18,2.464
Fall 2025,MATH,1324,06,"Sosa,Moses",99,20,26,10,21,20,24,16,9,7,,23,25,300,2.584
Fall 2025,MATH,1324,02,"Winkle,James J",28,15,21,19,12,31,30,15,16,14,,57,40,298,1.655
Fall 2025,MATH,1324,04,"Watkins,Katie Nicole",18,14,19,9,6,25,33,15,20,9,,62,39,269,1.452
Fall 2025,MATH,1324,01,"Sosa,Moses",40,15,16,7,8,18,31,17,9,12,,45,50,268,1.690
Fall 2025,MATH,1324,07,"Caglar,Atife",62,16,18,15,16,20,19,7,16,14,,39,26,268,2.117
Fall 2025,MATH,1324,05,"Constante,Beatrice",65,24,21,15,21,19,22,11,9,5,,36,18,266,2.383
Fall 2025,MATH,1324,03,"Day,Jason Junichi",32,13,12,9,9,14,15,8,11,5,,11,9,148,2.377
Fall 2025,MATH,1324,08,"Day,Jason Junichi",11,3,12,13,7,15,20,6,7,11,,23,20,148,1.627
Fall 2025,MATH,1324,09,"Sosa,Moses",20,3,9,5,4,8,4,6,7,4,3,26,28,127,1.536
Fall 2025,MATH,1324,10,"Hong,Yuqi",15,2,3,1,2,1,2,3,1,,,3,2,35,2.829
Fall 2025,MATH,1314,01,"Caglar,Atife",55,25,27,23,18,17,22,14,14,10,6,37,22,290,2.228
Fall 2025,MATH,1314,04,"Caglar,Atife",68,15,23,18,17,30,24,20,17,14,6,25,13,290,2.351
Fall 2025,MATH,1314,03,"Hafeez,Shahinda",40,6,22,11,11,25,18,14,16,14,14,64,32,287,1.640
Fall 2025,MATH,1314,07,"Hafeez,Shahinda",49,16,30,15,18,19,21,21,15,11,8,44,20,287,2.090
Fall 2025,MATH,1314,06,"Douglas,Casey",31,11,15,7,15,18,14,16,12,6,6,32,12,195,2.044
Fall 2025,MATH,1314,05,"Douglas,Casey",27,8,16,8,10,11,13,14,18,8,5,29,13,180,1.924
Fall 2025,MATH,1314,02,"Krzywon,Lukasz J",28,18,8,14,8,16,11,8,5,8,9,15,10,158,2.262
Fall 2025,MATH,1314,09,"Campos,Marco",30,17,8,10,9,12,9,16,4,7,3,24,8,157,2.242
Fall 2025,MATH,1314,08,"Caglar,Atife",7,2,4,1,4,4,4,3,1,3,2,12,12,59,1.537
Fall 2025,MATH,2413,01,"Perepelitsa,Irina",111,14,22,5,20,12,5,13,8,8,10,24,27,279,2.619
Fall 2025,MATH,2413,51,"Constante,Beatrice",102,22,19,10,17,18,5,13,8,7,6,27,24,278,2.606
Fall 2025,MATH,2413,41,"Kim,Jae Youn",63,15,14,14,23,13,13,12,7,4,10,35,51,274,2.050
Fall 2025,MATH,2413,11,"Almus,Melahat",113,23,15,14,12,13,5,11,10,5,8,13,24,266,2.792
Fall 2025,MATH,2413,31,"Sosa,Moses",98,16,18,16,20,12,9,14,8,4,2,26,23,266,2.628
Fall 2025,MATH,2413,21,"Perepelitsa,Irina",102,16,24,13,16,13,9,11,5,6,9,25,16,265,2.696
Fall 2025,MATH,1342,01,"Chern,Haley Nicole",49,19,20,20,12,21,10,14,14,2,8,31,19,239,2.244
Fall 2025,MATH,1342,05,"Ryan,John M",49,8,19,10,14,26,13,11,10,7,4,44,23,238,1.996
Fall 2025,MATH,1342,04,"Kartheiser,Abigail Louise",52,27,17,20,29,22,13,12,5,4,7,17,12,237,2.611
Fall 2025,MATH,1342,03,"Kartheiser,Abigail Louise",51,31,28,17,17,25,6,10,4,4,8,21,13,235,2.572
Fall 2025,MATH,1342,02,"Kim,Jae Youn",39,25,21,10,17,15,10,6,8,9,6,33,24,223,2.138
Fall 2025,MATH,1342,06,"Kim,Jae Youn",19,5,6,5,6,7,10,5,3,2,3,28,17,116,1.693
Fall 2025,MATH,2312,05,"Kim,Jae Youn",51,20,14,14,8,12,24,13,4,3,,26,59,248,1.951
Fall 2025,MATH,2312,06,"Almus,Melahat",53,16,9,19,17,11,20,9,9,4,,31,45,243,2.029
Fall 2025,MATH,2312,02,"Kartheiser,Abigail Louise",66,15,18,13,13,24,17,18,9,3,3,17,26,242,2.415
Fall 2025,MATH,2312,07,"Douglas,Casey",44,11,5,14,8,16,18,14,5,7,,27,28,197,2.029
Fall 2025,MATH,2312,03,"Singh,Manpreet",18,7,15,10,11,11,10,11,5,6,,29,25,158,1.768
Fall 2025,MATH,2312,08,"Almus,Melahat",21,4,5,5,6,8,4,4,2,1,,11,16,87,2.088
Fall 2025,MATH,2414,11,"Xhabli,Blerina",61,21,31,15,14,19,16,21,12,2,11,36,26,285,2.254
Fall 2025,MATH,2414,31,"Almus,Melahat",75,14,20,15,13,21,17,22,9,3,11,35,20,275,2.335
Fall 2025,MATH,2414,21,"Xhabli,Blerina",43,8,18,5,13,12,12,16,12,4,12,32,34,221,1.918
Fall 2025,MATH,2414,01,"May,Jennifer Ruhnow",25,11,15,9,15,11,12,7,5,3,7,13,19,152,2.198
Fall 2025,MATH,2414,53,"Morgan,Jeffrey",14,2,4,4,3,9,,1,4,,,6,13,60,2.006
Fall 2025,MATH,2414,51,"Morgan,Jeffrey",3,,2,1,,2,,,,,,,4,12,2.056
Fall 2025,MATH,2415,01,"West,James David",53,3,46,2,10,32,17,9,27,3,1,31,30,264,2.058
Fall 2025,MATH,2415,21,"West,James David",68,7,32,4,8,28,11,7,21,5,2,20,21,234,2.345
Fall 2025,MATH,2415,11,"Pan,Tsorng-Whay",48,20,27,7,7,25,15,6,7,1,4,21,10,198,2.477
Fall 2025,MATH,3339,04,"Wang,Wenshuang",134,17,16,14,14,5,6,11,3,4,10,6,6,246,3.232
Fall 2025,MATH,3339,03,"Ryan,John M",62,11,17,6,6,7,3,6,4,2,,8,2,134,3.087
Fall 2025,MATH,3339,01,"Fu,Wenjiang",17,8,3,8,13,4,8,12,4,9,6,21,10,123,1.938
Fall 2025,MATH,3339,06,"Deng,Xiaoxue",27,11,8,7,5,3,10,10,4,3,3,2,3,96,2.747
Fall 2025,MATH,3339,08,"Papadakis,Emanuel Ioannis",23,5,14,12,2,4,1,3,2,2,1,2,7,78,2.723
Fall 2025,MATH,3321,01,"West,James David",42,9,35,6,4,33,22,9,29,1,,40,34,264,1.851
Fall 2025,MATH,3321,02,"Etgen,Garret J",49,9,33,9,10,36,6,7,34,,,27,23,243,2.130
Fall 2025,MATH,3321,05,"Torok,Andrei S",4,8,5,12,6,5,8,8,,,,10,13,79,1.954
Fall 2025,MATH,3321,03,"Wang,Min",5,11,4,3,4,7,2,4,3,6,2,8,5,64,2.032
Fall 2025,MATH,1332,02,"Chern,Haley Nicole",53,20,22,15,16,27,15,19,7,1,6,24,11,236,2.473
Fall 2025,MATH,1332,01,"Chern,Haley Nicole",35,13,20,17,7,22,20,11,13,8,7,45,16,234,1.911
Fall 2025,MATH,1332,03,"Hafeez,Shahinda",11,5,7,5,6,15,5,4,1,,2,10,7,78,2.154
Fall 2025,MATH,2305,05,"Leger,Nicholas M",5,6,10,9,5,11,5,11,6,,,14,14,96,1.820
Fall 2025,MATH,2305,01,"Winkle,James J",7,,17,1,4,16,1,,9,,,7,7,69,1.995
Fall 2025,MATH,2305,02,"Xhabli,Blerina",8,6,4,9,4,7,9,6,3,2,3,5,3,69,2.242
Fall 2025,MATH,2305,08,"May,Jennifer Ruhnow",9,7,7,8,3,8,3,7,,1,2,1,12,68,2.275
Fall 2025,MATH,2305,03,"Papadakis,Emanuel Ioannis",23,7,5,2,6,1,1,1,,1,1,4,5,57,2.912
Fall 2025,MATH,2305,04,"Winkle,James J",6,,7,1,2,10,,,4,,,2,2,34,2.304
Fall 2025,MATH,2305,07,"Leger,Nicholas M",3,2,4,5,2,,2,2,5,,,1,2,28,2.298
Fall 2025,MATH,2318,03,"Sanders,Richard",23,6,11,1,5,11,7,5,2,2,1,4,2,80,2.704
Fall 2025,MATH,2318,09,"Charon,Nicolas",13,17,11,9,9,2,2,2,,,,5,6,76,2.808
Fall 2025,MATH,2318,05,"Perepelitsa,Mikhail Antolyevic",34,6,7,1,3,4,2,,1,1,1,3,9,72,2.861
Fall 2025,MATH,2318,04,"Sanders,Richard",21,4,3,2,4,6,5,4,2,1,3,7,2,64,2.542
Fall 2025,MATH,2318,07,"Perepelitsa,Mikhail Antolyevic",21,5,5,3,2,4,,2,,,2,2,6,52,2.833
Fall 2025,MATH,2318,08,"Sanchez,Anthony",8,2,3,1,4,3,1,3,,,,4,4,33,2.394
Fall 2025,MATH,1325,02,"Constante,Beatrice",46,15,21,13,13,18,16,11,6,1,,29,33,222,2.140
Fall 2025,MATH,1325,03,"Constante,Beatrice",11,1,1,2,2,7,5,2,4,,,14,3,52,1.802
Fall 2025,MATH,3363,01,"Morgan,Jeffrey",47,2,31,8,7,12,2,2,6,,,3,8,128,2.899
Fall 2025,MATH,3363,03,"Olshanskiy,Maxim Alexandrovich",12,14,9,4,5,3,4,5,1,1,,,2,60,2.995
Fall 2025,MATH,3363,04,"Fitzgibbon,William E",13,,16,,4,7,,1,,,,1,5,47,2.759
Fall 2025,MATH,1351,01,"May,Jennifer Ruhnow",26,20,19,11,15,11,12,5,1,,1,6,5,132,2.801
Fall 2025,MATH,1351,02,"Hollyer,Virginia Leigh",12,10,11,5,8,3,2,6,1,,1,3,3,65,2.821
Fall 2025,MATH,4322,02,"Poliak,Cathy Dawn",41,14,6,8,11,2,,,,,1,,1,84,3.532
Fall 2025,MATH,4322,01,"Niu,Yabo",56,8,7,2,5,2,,,,,,,2,82,3.663
Fall 2025,MATH,3338,01,"Lutsko,Christopher",9,5,5,7,4,4,7,3,1,1,2,4,7,59,2.244
Fall 2025,MATH,3338,03,"Azencott,Robert Guy",14,6,2,2,5,7,1,1,,1,,1,6,46,2.710
Fall 2025,MATH,3331,03,"Puelz,Charles E",4,4,4,10,7,4,1,8,2,1,2,1,1,49,2.578
Fall 2025,MATH,3331,02,"Xia,Mingtao",4,2,4,6,3,8,,10,,,,3,1,41,2.455
Fall 2025,MATH,4323,01,"Wang,Wenshuang",45,8,6,7,8,1,,1,,,,,4,80,3.463
Fall 2025,MATH,3325,01,"Wu,Yingying",18,7,5,4,3,,,,,,,1,5,43,3.101
Fall 2025,MATH,3325,02,"Onofrei,Daniel T",5,3,3,3,4,1,1,3,1,,2,4,3,33,2.293
Fall 2025,MATH,4364,01,"Pan,Tsorng-Whay",23,8,5,,4,1,1,1,,,,,1,44,3.538
Fall 2025,MATH,4364,02,"Mamonov,Alexander V",4,2,3,3,3,2,2,4,,,2,3,3,31,2.247
Fall 2025,MATH,2131,01,"Simmons,Mark Bryce",27,1,1,,2,1,,2,,,,1,2,37,3.459
Fall 2025,MATH,2131,02,"Bin Mizan,Md Rezwan",21,4,1,,3,,,,,,,1,1,31,3.602
Fall 2025,MATH,1100,01,"Chern,Haley Nicole",,,,,,,,,,,,,29,29,0.000
Fall 2025,MATH,1100,02,"Chern,Haley Nicole",,,,,,,,,,,,,14,14,0.000
Fall 2025,MATH,1100,03,"Chern,Haley Nicole",,,,,,,,,,,,,11,11,0.000
Fall 2025,MATH,1100,04,"Chern,Haley Nicole",,,,,,,,,,,,,9,9,0.000
Fall 2025,MATH,3333,04,"Ott,William R",12,2,7,4,2,2,2,1,1,1,,3,,37,2.838
Fall 2025,MATH,3333,01,"Nicol,Matthew J",12,,2,3,3,,2,,,,,,1,23,3.276
Fall 2025,MATH,3330,01,"Kalantar,Mehrdad",8,11,3,2,13,2,1,,,,,3,5,48,2.826
Fall 2025,MATH,6397,05,"Wang,Min",4,9,4,1,6,,,2,,,,,,26,3.398
Fall 2025,MATH,6397,04,"Mang,Andreas",14,,,,,,,,,,,,,14,4.000
Fall 2025,MATH,6397,02,"Josic,Kresimir",6,1,,,,,,,,,,,,7,3.953
Fall 2025,MATH,4339,02,"Poliak,Cathy Dawn",24,10,3,1,5,,,,,,,,,43,3.745
Fall 2025,MATH,4320,01,"Ott,William R",16,7,3,5,4,1,,,,,,1,3,40,3.184
Fall 2025,MATH,2450,04,"Nicol,Matthew J",20,1,3,,3,4,1,,2,1,,,2,37,3.108
Fall 2025,MATH,3364,01,"Torok,Andrei S",2,2,4,2,3,1,4,4,2,1,,2,6,33,1.919
Fall 2025,MATH,3340,01,"Timofeyev,Ilya",8,1,7,2,1,1,4,1,2,,,,3,30,2.612
Fall 2025,MATH,4389,01,"Climenhaga,Vaughn",4,4,6,1,4,1,,4,2,,1,,1,28,2.833
Fall 2025,MATH,4388,01,"Ji,Shanyu",17,3,1,,3,,,2,1,,,,,27,3.617
Fall 2025,MATH,6350,01,"Ryan,John M",23,1,1,,1,,,,,,,,,26,3.923
Fall 2025,MATH,6380,01,"Shastri,Dvijesh J",1,4,1,4,2,,,1,2,,,,,15,2.890
Fall 2025,MATH,6380,02,"Shastri,Dvijesh J",2,5,2,,2,,,,,,,,,11,3.546
Fall 2025,MATH,6382,02,"Haynes,Alan K",13,3,3,3,3,,,1,,,,,,26,3.552
Fall 2025,MATH,6358,02,"Poliak,Cathy Dawn",11,4,2,,1,,,,,,,,,18,3.778
Fall 2025,MATH,6358,03,"Poliak,Cathy Dawn",5,2,,,,,,,,,,,,7,3.906
Fall 2025,MATH,5331,01,"Etgen,Garret J",15,3,4,,,1,,,,,,,,23,3.696
Fall 2025,MATH,4310,01,"Labate,Demetrio",8,1,4,,3,,,1,1,,,,1,19,3.210
Fall 2025,MATH,6304,01,"Bodmann,Bernhard G",12,4,,,3,,,,,,,,,19,3.825
Fall 2025,MATH,6357,01,"Wang,Wenshuang",17,2,,,,,,,,,,,,19,3.965
Fall 2025,MATH,6370,01,"He,Yunhui",11,1,,2,4,,,,,,,,,18,3.685
Fall 2025,MATH,4366,01,"He,Jiwen",9,2,1,,2,1,,,1,,,1,,17,3.294
Fall 2025,MATH,4383,01,"Ru,Min",5,1,4,,3,,1,,1,,,1,1,17,2.843
Fall 2025,MATH,6320,01,"Blecher,David P",5,4,4,1,2,,,,,,,,1,17,3.295
Fall 2025,MATH,6366,01,"He,Jiwen",13,3,,1,,,,,,,,,,17,3.864
Fall 2025,MATH,6302,01,"Heier,Gordon",9,2,1,1,,,,,,,,,2,15,3.267
Fall 2025,MATH,4335,01,"Cappanera,Loic",2,3,2,1,3,,,,1,,,,1,13,2.975
Fall 2025,MATH,5333,01,"Ji,Shanyu",5,2,1,1,3,,,,,,,,1,13,3.308
Fall 2025,MATH,5310,01,"Ji,Shanyu",9,,2,,,1,,,,,,,,12,3.667
Fall 2025,MATH,3349,01,"Cao,Jian",5,,1,,,,1,2,1,,,1,,11,2.757
Fall 2025,MATH,4331,02,"Vershynina,Anna",2,,2,3,1,,,,,1,,,2,11,2.365
Fall 2025,MATH,4377,04,"Quaini,Annalisa",4,,1,1,,,2,,,,,3,,11,2.274
Fall 2025,MATH,6342,01,"Climenhaga,Vaughn",4,3,1,1,2,,,,,,,,,11,3.576
Fall 2025,MATH,6376,01,"Olshanskiy,Maxim Alexandrovich",10,,1,,,,,,,,,,,11,3.909
Fall 2025,MATH,5382,01,"Timofeyev,Ilya",8,,1,,,,,,,,,,,9,3.889
Fall 2025,MATH,6326,01,"Jaramillo,Gabriela T",2,5,1,,1,,,,,,,,,9,3.631
Fall 2025,MATH,6389,01,"Jun,Mikyoung",2,1,1,,1,,,,,,,,,5,3.600
Fall 2025,MATH,6389,02,"Jun,Mikyoung",,1,2,,,,,,,,,,,3,3.223
Fall 2025,MATH,6315,01,"Jun,Mikyoung",4,1,,,,,,,,,,,,5,3.934
Fall 2025,MATH,6315,06,"Morgan,Jeffrey",1,,,,,,,,,,,,,1,4.000
Fall 2025,MATH,6308,04,"Quaini,Annalisa",2,,1,,,,,,,,,,1,4,2.750
Fall 2025,MATH,6399,01,"Labate,Demetrio",1,,,,,,,,,,,,,1,4.000
Fall 2025,MATH,6399,02,"Ott,William R",1,,,,,,,,,,,,,1,4.000
Fall 2025,MATH,8399,15,"Jun,Mikyoung",,,,,1,,,,,,,,,1,3.330
Fall 2025,MATH,8399,16,"Quaini,Annalisa",1,,,,,,,,,,,,,1,4.000
Fall 2025,MATH,4396,01,"Puelz,Charles E",1,,,,,,,,,,,,,1,4.000
Fall 2025,MATH,6312,02,"Vershynina,Anna",,,,,,,1,,,,,,,1,1.670
Fall 2025,MATH,7399,01,"Ott,William R",1,,,,,,,,,,,,,1,4.000
Fall 2025,MECE,2334,02,"Love,Holley Carole",16,13,19,9,14,14,12,18,4,,,1,5,125,2.667
Fall 2025,MECE,2334,01,"Love,Holley Carole",11,8,6,3,9,8,8,20,2,,,2,2,79,2.624
Fall 2025,MECE,3369,01,"Baxevanis,Theocharis",8,7,16,30,11,9,1,12,1,,3,,2,100,2.750
Fall 2025,MECE,3369,4,"Joshi,Shailendra Pramod",5,7,13,15,7,6,5,8,3,,,,1,70,2.715
Fall 2025,MECE,2361,01,"Chang,Christiana",15,16,33,19,15,23,29,15,3,,,,,168,2.683
Fall 2025,MECE,3345,01,"Ryou,Jae-Hyun",35,25,27,12,30,7,3,11,,,,3,3,156,3.137
Fall 2025,MECE,2261,01,"Chang,Christiana",38,18,26,14,30,5,7,11,1,,,,3,153,3.148
Fall 2025,MECE,4364,01,"Liu,Dong",53,14,20,7,13,10,10,10,,,,,1,138,3.227
Fall 2025,MECE,3336,01,"Franchek,Matthew",20,16,15,15,7,3,,6,,,,,1,83,3.218
Fall 2025,MECE,3336,02,"Chen,Xuemei",10,3,8,8,7,2,2,5,2,1,,4,2,54,2.617
Fall 2025,MECE,3338,01,"Cescon,Marzia",36,6,13,8,24,8,1,21,,,,3,9,129,2.891
Fall 2025,MECE,4340,01,"Hammami,Farah",21,33,15,9,26,6,4,5,,,,,,119,3.286
Fall 2025,MECE,4331,01,"Chen,Yi-Chao",11,13,31,7,12,26,4,5,3,1,,1,4,118,2.689
Fall 2025,MECE,5397,03,"Chen,Tian",3,11,8,4,7,1,,,,,,,,34,3.305
Fall 2025,MECE,5397,05,"Luan,Jingyi",15,6,,,2,,,,,,,,1,24,3.695
Fall 2025,MECE,5397,06,"Lee,Myoungkyu",4,5,1,,11,,,,,,,,,21,3.523
Fall 2025,MECE,5397,01,"Zhao,Bo",6,5,1,1,1,1,,1,,,,,,16,3.480
Fall 2025,MECE,5397,02,"Chen,Zheng",3,,1,1,3,1,,1,,1,,,,11,2.969
Fall 2025,MECE,5397,08,"Chen,Muhao",1,,5,,,,,,,,,,1,7,2.714
Fall 2025,MECE,5397,07,"Nassar,Hussein",1,1,1,2,,,,,,,,,,5,3.202
Fall 2025,MECE,6397,07,"Luan,Jingyi",17,5,,,,,,,,,,,,22,3.925
Fall 2025,MECE,6397,01,"Chen,Tian",10,2,,1,5,,,,,,,,1,19,3.508
Fall 2025,MECE,6397,13,"Chen,Muhao",7,,1,,,1,,,,,,1,,10,3.300
Fall 2025,MECE,6397,14,"Nassar,Hussein",3,3,,,1,,,,,1,,,1,9,3.001
Fall 2025,MECE,6397,02,"Chen,Tian",,3,2,,1,,,,,,,,,6,3.390
Fall 2025,MECE,6397,11,"Lee,Myoungkyu",,6,,,,,,,,,,,,6,3.670
Fall 2025,MECE,6397,10,"Lee,Myoungkyu",,2,2,,1,,,,,,,,,5,3.334
Fall 2025,MECE,6397,09,"Luan,Jingyi",4,,,,,,,,,,,,,4,4.000
Fall 2025,MECE,6397,08,"Luan,Jingyi",3,,,,,,,,,,,,,3,4.000
Fall 2025,MECE,6397,12,"Lee,Myoungkyu",,,1,,2,,,,,,,,,3,3.220
Fall 2025,MECE,5367,01,"Song,Gangbing",11,7,30,20,6,4,,5,,,,,2,85,2.973
Fall 2025,MECE,3360,01,"Chen,Xuemei",9,5,8,10,12,12,5,10,3,,2,1,5,82,2.516
Fall 2025,MECE,3363,01,"Floryan,Daniel",6,13,21,9,14,4,2,5,,,,2,5,81,2.819
Fall 2025,MECE,4343,01,"Ghasemi,Hadi",12,10,11,6,13,5,8,6,,,,2,5,78,2.748
Fall 2025,MECE,3400,01,"Hallai,Julian",35,,20,,,7,4,,,,,,4,70,3.153
Fall 2025,MECE,4341,01,"Sun,Li",23,14,15,,8,1,,5,,,,,,66,3.465
Fall 2025,MECE,3381,01,"Rao,Jagannatha R",7,7,2,5,10,2,6,1,3,,,,3,46,2.732
Fall 2025,MECE,4373,01,"Rahman,Muhammad Maksudur",12,13,5,,9,1,,1,1,,,,2,44,3.318
Fall 2025,MECE,6367,01,"Song,Gangbing",10,3,12,9,4,1,,4,,,,,1,44,3.084
Fall 2025,MECE,4372,01,"Song,Gangbing",6,5,10,7,4,1,1,8,,,,1,,43,2.946
Fall 2025,MECE,4371,01,"Love,Holley Carole",42,,,,,,,,,,,,,42,4.000
Fall 2025,MECE,6388,01,"Chen,Zheng",23,1,1,,4,,,,,1,,,,30,3.755
Fall 2025,MECE,6388,02,"Chen,Zheng",1,,2,,2,,,,,,,,1,6,2.777
Fall 2025,MECE,6388,03,"Chen,Zheng",1,,,,,,,,,,,,,1,4.000
Fall 2025,MECE,6345,01,"Yang,Di",6,3,,3,1,,,,,,,,2,15,3.090
Fall 2025,MECE,6345,02,"Yang,Di",3,1,,1,3,,,,,,,,2,10,2.833
Fall 2025,MECE,6345,03,"Yang,Di",2,,,1,,,,,,,,,,3,3.557
Fall 2025,MECE,2336,01,"Hammami,Farah",8,3,4,2,2,2,,1,1,1,1,,2,27,2.827
Fall 2025,MECE,6363,01,"Sun,Li",,3,5,5,2,2,,,,,,2,2,21,2.382
Fall 2025,MECE,6363,02,"Sun,Li",1,1,2,,,,,,,,,,1,5,2.734
Fall 2025,MECE,6363,03,"Sun,Li",,,,,,1,,,,,,,,1,2.000
Fall 2025,MECE,6384,01,"Chen,Yi-Chao",4,1,5,,1,1,1,,,,,,1,14,2.976
Fall 2025,MECE,6384,02,"Chen,Yi-Chao",1,,,1,3,,,,,,,,3,8,2.083
Fall 2025,MECE,6384,03,"Chen,Yi-Chao",,,2,1,,,,,,,,,1,4,2.168
Fall 2025,MECE,6333,02,"Zhao,Bo",4,4,1,1,2,,,1,,,,,,13,3.488
Fall 2025,MECE,6333,01,"Zhao,Bo",6,1,,,3,,,,,,,,,10,3.766
Fall 2025,MECE,6333,03,"Zhao,Bo",,1,,,,1,,,,,,,,2,2.835
Fall 2025,MECE,8399,19,"Ardebili,Haleh",4,1,,,,,,,,,,,,5,3.934
Fall 2025,MECE,8399,32,"Selvamanickam,Venkat",3,,,,,,,,,,,,,3,4.000
Fall 2025,MECE,8399,01,"Xu,Ben",2,,,,,,,,,,,,,2,4.000
Fall 2025,MECE,8399,28,"Franchek,Matthew",2,,,,,,,,,,,,,2,4.000
Fall 2025,MECE,8399,26,"Yang,Di",1,,,,,,,,,,,,,1,4.000
Fall 2025,MECE,8399,44,"Chen,Tian",1,,,,,,,,,,,,,1,4.000
Fall 2025,MECE,6358,01,"Selvamanickam,Venkat",4,2,2,1,4,,,,,,,,,13,3.487
Fall 2025,MECE,8699,24,"Baxevanis,Theocharis",2,,,,,,,,,,,,,2,4.000
Fall 2025,MECE,8699,29,"Franchek,Matthew",1,,,,1,,,,,,,,,2,3.665
Fall 2025,MECE,8699,04,"Chen,Tian",1,,,,,,,,,,,,,1,4.000
Fall 2025,MECE,8699,21,"Ryou,Jae-Hyun",1,,,,,,,,,,,,,1,4.000
Fall 2025,MECE,8699,28,"Selvamanickam,Venkat",1,,,,,,,,,,,,,1,4.000
Fall 2025,MECE,7399,04,"Zhu,Weihang",1,,,,,,,,,,,,,1,4.000
Fall 2025,MECE,7399,06,"Yang,Di",1,,,,,,,,,,,,,1,4.000
Fall 2025,MECE,7399,10,"Grigoriadis,Karolos",1,,,,,,,,,,,,,1,4.000
Fall 2025,MECE,7399,19,"Song,Gangbing",1,,,,,,,,,,,,,1,4.000
Fall 2025,MECE,7399,20,"Xu,Ben",,1,,,,,,,,,,,,1,3.670
Fall 2025,MECE,4398,02,"Love,Holley Carole",2,,,,,,,,,,,,,2,4.000
Fall 2025,MECE,4398,01,"Bering,Edgar A",1,,,,,,,,,,,,,1,4.000
Fall 2025,MECE,4398,07,"Love,Holley Carole",1,,,,,,,,,,,,,1,4.000
Fall 2025,MECE,6368,01,"Huang,Yi-Chun",1,,,,,,,,,,,,,1,4.000
Fall 2025,MECE,6368,02,"Chen,Tian",1,,,,,,,,,,,,,1,4.000
Fall 2025,MECE,6368,03,"Kulkarni,Yashashree",1,,,,,,,,,,,,,1,4.000
Fall 2025,MECE,3399,04,"Chen,Tian",1,,,,,,,,,,,,,1,4.000
Fall 2025,MECE,4598,01,"Luan,Jingyi",1,,,,,,,,,,,,,1,4.000
Fall 2025,MECE,6399,1,"Chen,Tian",1,,,,,,,,,,,,,1,4.000
Fall 2025,MECE,8398,21,"Song,Gangbing",,,,,,,,,,,,,1,1,0.000
Fall 2025,MECT,4188,21,"Bose,Anima B",3,11,7,2,9,2,1,3,,,,,,38,3.193
Fall 2025,MECT,4188,20,"Bose,Anima B",7,7,6,5,8,1,,3,,,,,,37,3.261
Fall 2025,MECT,1365,30,"Rypien,David V",16,5,12,,1,6,,1,,,,3,1,45,3.022
Fall 2025,MECT,3355,30,"Basaran,Burak",4,2,4,2,2,6,3,7,1,2,2,3,3,41,2.089
Fall 2025,MECT,3358,30,"Basaran,Burak",1,4,4,6,1,3,4,2,,2,1,2,8,38,1.843
Fall 2025,MECT,4276,30,"Afrin,Samia",11,10,9,3,3,1,,1,,,,,,38,3.422
Fall 2025,MECT,4372,30,"Robles Hernandez,Francisco C",3,10,1,10,4,1,1,6,1,,,,1,38,2.904
Fall 2025,MECT,4172,30,"Al Ibadi,Adnan",3,5,4,1,5,,,1,,,,,,19,3.368
Fall 2025,MECT,4172,32,"Al Ibadi,Adnan",,2,4,2,4,1,,1,,,,,,14,3.024
Fall 2025,MECT,4275,30,"Afrin,Samia",,14,5,,12,,,1,,,,,,32,3.396
Fall 2025,MECT,4331,30,"Alba,Kamran",16,5,5,3,2,,,,,,,1,,32,3.501
Fall 2025,MECT,1330,30,"Fan,Zheng",2,1,8,5,3,2,1,3,,,,2,2,29,2.471
Fall 2025,MECT,3331,30,"Mohan,Gowtham",4,4,4,2,8,1,,2,,,,1,3,29,2.804
Fall 2025,MECT,2354,30,"Basaran,Burak",2,2,4,1,2,2,3,4,3,1,1,1,1,27,2.222
Fall 2025,MECT,3342,30,"Al-Jamal,Helmi",1,4,6,3,5,2,,6,,,,,,27,2.938
Fall 2025,MECT,1364,30,"Afrin,Samia",7,2,2,7,3,1,,,,,1,2,1,26,2.821
Fall 2025,MECT,3345,30,"Bose,Anima B",4,4,4,2,8,,,2,,,,,,24,3.305
Fall 2025,MECT,4397,30,"Mohan,Gowtham",1,1,8,2,4,1,1,5,,,,,,23,2.854
Fall 2025,MECT,3118,31,"Al Ibadi,Adnan",6,2,,,,,3,,,,,,,11,3.305
Fall 2025,MECT,3118,30,"Al Ibadi,Adnan",7,,,,,,,,,,,,,7,4.000
Fall 2025,MECT,3318,30,"Alba,Kamran",9,4,2,,1,1,,1,,,,,,18,3.574
Fall 2025,MECT,3155,31,"Al Ibadi,Adnan",10,4,1,,1,,,1,,,,,,17,3.726
Fall 2025,MECT,3365,30,"Jafri,Syed M",4,4,5,,2,1,,,,,,,,16,3.396
Fall 2025,MECT,3367,30,"Afrin,Samia",6,2,1,1,3,1,,,,,2,,,16,3.229
Fall 2025,MECT,4323,30,"Basaran,Burak",,2,3,6,2,1,2,,,,,,,16,2.773
Fall 2025,MECT,3360,30,"Zhu,Weihang",2,4,1,,3,,,1,,,,,1,12,3.167
Fall 2025,MECT,4326,30,"Al-Jamal,Helmi",1,,5,1,,1,,3,,,,,,11,2.787
Fall 2025,MECT,4350,30,"Fan,Zheng",4,5,,,,,,,,,,,,9,3.817
Fall 2025,MECT,4341,30,"Robles Hernandez,Francisco C",2,3,,,1,,1,,,1,,,,8,3.085
Fall 2025,MECT,4131,31,"Al Ibadi,Adnan",3,,,,,,,,,,,,,3,4.000
Fall 2025,MECT,6340,30,"Robles Hernandez,Francisco C",2,,,,,,,,,,,,,2,4.000
Fall 2025,MECT,6317,30,"Basaran,Burak",,,,,1,,,,,,,,,1,3.330
Fall 2025,MECT,6394,30,"Fan,Zheng",1,,,,,,,,,,,,,1,4.000
Fall 2025,MEDI,6415,1,"Raskin,David",,,,,,,,,,,,7,,7,0.000
Fall 2025,MEDI,6710,1,"Johnson,Claudine Daniela",,,,,,,,,,,,7,,7,0.000
Fall 2025,MEDI,5715,1,"Hassler,Shayne Nicholas",,,,,,,,,,,,4,,4,0.000
Fall 2025,MEDI,5710,1,"Sadacharan,Chakravarthy Marx",,,,,,,,,,,,2,,2,0.000
Fall 2025,MEDI,6705,1,"Skef,Suzan",,,,,,,,,,,,1,,1,0.000
Fall 2025,MIS,3360,01,"Fuller,Kalai",33,14,8,2,8,1,1,1,,,,,,68,3.608
Fall 2025,MIS,3360,02,"Fuller,Kalai",38,14,6,2,5,,,3,,,,,,68,3.682
Fall 2025,MIS,3360,03,"Abduvaliyev,Davlatbek",27,6,9,2,12,1,,4,,,,1,6,68,3.142
Fall 2025,MIS,3360,05,"Abduvaliyev,Davlatbek",15,12,12,8,9,3,1,4,,,,,4,68,3.064
Fall 2025,MIS,3360,06,"Ruff,Eniscia R",50,4,4,1,7,,,,,,,,,66,3.828
Fall 2025,MIS,3360,07,"Abduvaliyev,Davlatbek",28,3,2,4,4,,,1,,,,1,,43,3.613
Fall 2025,MIS,3360,04,"Ruff,Eniscia R",22,3,2,,8,,,1,,,,1,1,38,3.526
Fall 2025,MIS,3370,02,"Ingram,Barry",19,,15,,,8,,,4,,,3,16,65,2.169
Fall 2025,MIS,3370,06,"Huynh,Anh Le Tram",19,,10,,,11,,,5,,,7,12,64,2.078
Fall 2025,MIS,3370,01,"Huynh,Anh Le Tram",18,,17,,,9,,,4,,,2,13,63,2.302
Fall 2025,MIS,3370,03,"Ingram,Barry",15,,13,,,15,,,4,,,5,10,62,2.145
Fall 2025,MIS,3370,05,"Ingram,Barry",23,,15,,,8,,,2,,,1,9,58,2.672
Fall 2025,MIS,3370,07,"Ingram,Barry",8,,3,,,,,,,,,1,3,15,2.733
Fall 2025,MIS,3376,02,"Jiang,Lianlian",43,,8,,8,3,,,,,3,,,65,3.579
Fall 2025,MIS,3376,04,"Jiang,Lianlian",33,,18,,3,7,,2,1,,,,1,65,3.318
Fall 2025,MIS,3376,03,"Jiang,Lianlian",33,,11,,13,2,,1,,,,,3,63,3.407
Fall 2025,MIS,3376,05,"Chandler,Carol Lee",21,,11,,,10,,,5,,,1,1,49,2.898
Fall 2025,MIS,3376,01,"Chandler,Carol Lee",15,,11,,,12,,,1,,,4,2,45,2.622
Fall 2025,MIS,3376,06,"Grimes,George M",10,,18,,,5,,,,,,,1,34,3.059
Fall 2025,MIS,4378,06,"Jones,Kevin Dwayne",45,,4,,,3,,,,,,,1,53,3.736
Fall 2025,MIS,4378,01,"Grimes,George M",39,,11,,,1,,,,,,,,51,3.745
Fall 2025,MIS,4378,03,"Knighton,William B",40,,9,,,1,,,,,,,,50,3.780
Fall 2025,MIS,4378,04,"Knighton,William B",46,,2,,,1,,,,,,,,49,3.918
Fall 2025,MIS,4378,02,"Grimes,George M",25,,13,,,1,,,,,,,,39,3.615
Fall 2025,MIS,4378,05,"Knighton,William B",27,,2,,,,,,,,,,,29,3.931
Fall 2025,MIS,4390,01,"Pena,Juan F",160,21,10,4,13,2,1,2,1,,2,,2,218,3.739
Fall 2025,MIS,3371,01,"Messinger,Jacob Nelson",86,33,39,16,12,9,4,,2,,2,1,8,212,3.274
Fall 2025,MIS,3371,02,"Messinger,Jacob Nelson",3,,1,1,,,,,,,,,,5,3.534
Fall 2025,MIS,4374,04,"Jagtap,Pankaj",11,16,7,6,7,1,,,,,,,,48,3.439
Fall 2025,MIS,4374,01,"Scott,Carl P",9,8,4,3,13,,,,,,,,,37,3.477
Fall 2025,MIS,4374,02,"Scott,Carl P",12,6,3,5,10,,,,,,,,1,37,3.396
Fall 2025,MIS,4374,05,"Jagtap,Pankaj",9,16,3,3,6,,,,,,,,,37,3.560
Fall 2025,MIS,4374,06,"Campbell,Phillip James",10,11,2,1,5,1,,,,,,,,30,3.590
Fall 2025,MIS,4374,03,"Campbell,Phillip James",11,7,3,1,6,,,,,,,,,28,3.619
Fall 2025,MIS,4397,02,"Wang,Cheng",48,,,1,,,,,,,,,,49,3.973
Fall 2025,MIS,4397,05,"Gonzalez Jr,Frederick",30,,,,,,,,,,,,,30,4.000
Fall 2025,MIS,4397,04,"Eierdam,Richard R",15,,6,,,,,,,,,,3,24,3.250
Fall 2025,MIS,4397,01,"Hosseini,Leila",1,6,2,1,4,,1,1,,1,,,,17,3.099
Fall 2025,MIS,4397,11,"Singh,Raksha B",12,2,,,1,,,,,,,1,1,17,3.451
Fall 2025,MIS,4397,10,"Netzel,Andrew",10,2,,,3,,,,,,,,,15,3.822
Fall 2025,MIS,4397,03,"Messinger,Jacob Nelson",6,,2,1,,,,1,,1,,,2,13,2.744
Fall 2025,MIS,4397,07,"Jones,Kevin Dwayne",12,1,,,,,,,,,,,,13,3.975
Fall 2025,MIS,4397,06,"Jagtap,Pankaj",4,3,2,,2,,,,,,,,1,12,3.306
Fall 2025,MIS,4397,08,"Wei,Wenqi",9,,,,3,,,,,,,,,12,3.833
Fall 2025,MIS,7397,04,"Cooper,Randolph B",13,,11,,,8,,,2,,,,4,38,2.711
Fall 2025,MIS,7397,08,"Gonzalez Jr,Frederick",30,,,,,,,,,,,,,30,4.000
Fall 2025,MIS,7397,13,"Netzel,Andrew",17,1,,,1,,,,,,,,,19,3.947
Fall 2025,MIS,7397,05,"Messinger,Jacob Nelson",14,3,,,1,,,,,,,,,18,3.908
Fall 2025,MIS,7397,02,"Pena,Juan F",13,2,,,1,,,,,,,,,16,3.917
Fall 2025,MIS,7397,03,"Campbell,Phillip James",7,6,3,,,,,,,,,,,16,3.689
Fall 2025,MIS,7397,06,"Hosseini,Leila",,4,2,1,1,1,1,,,,1,,1,12,2.640
Fall 2025,MIS,7397,12,"Wei,Wenqi",9,,2,,1,,,,,,,,,12,3.778
Fall 2025,MIS,7397,07,"Jagtap,Pankaj",4,4,,,,,,,,,,,,8,3.835
Fall 2025,MIS,7397,09,"Jagtap,Pankaj",4,3,,,,,,,,,,,,7,3.859
Fall 2025,MIS,7397,01,"Singh,Raksha B",6,,,,,,,,,,,,,6,4.000
Fall 2025,MIS,7397,10,"Messinger,Jacob Nelson",4,,,,,,,,,,,,,4,4.000
Fall 2025,MIS,7397,11,"Jones,Kevin Dwayne",3,1,,,,,,,,,,,,4,3.918
Fall 2025,MIS,4477,03,"Khan,Hina F",33,5,1,,,,1,,,,,,,40,3.876
Fall 2025,MIS,4477,01,"Messinger,Jacob Nelson",12,11,4,1,1,,,1,,,,,,30,3.623
Fall 2025,MIS,4386,01,"Scamell,Richard W",12,3,4,4,2,3,,3,1,,,,3,35,2.924
Fall 2025,MIS,7373,02,"Grimes,George M",13,,8,,,3,,,2,,,2,,28,3.000
Fall 2025,MIS,7373,01,"Chandler,Carol Lee",3,,1,,,,,,,,,,,4,3.750
Fall 2025,MIS,7375,02,"Messinger,Jacob Nelson",13,4,1,,,,,,,,,,,18,3.871
Fall 2025,MIS,7375,01,"Messinger,Jacob Nelson",8,,,,1,,,,,,,,,9,3.926
Fall 2025,MIS,   6A41,03,"Silva,Leiser O",16,3,1,1,1,,,,1,,,,,23,3.696
Fall 2025,MIS,4379,01,"Scott,Carl P",15,2,1,,5,,,,,,,,,23,3.782
Fall 2025,MIS,7376,01,"Johnson,Glynn L",10,2,,,2,,,,,,,,,14,3.857
Fall 2025,MIS,7376,02,"Netzel,Andrew",5,,,,,,,,,,,,,5,4.000
Fall 2025,MIS,7378,01,"Grimes,George M",8,,1,,,,,,,,,,,9,3.889
Fall 2025,MIS,7378,02,"Knighton,William B",3,,,,,,,,,,,,,3,4.000
Fall 2025,MIS,8397,01,"Cooper,Randolph B",1,,3,1,,,,,,,,,,5,3.134
Fall 2025,MIS,8397,02,"Grimes,George M",4,,1,,,,,,,,,,,5,3.800
Fall 2025,MIS,7374,01,"Scamell,Richard W",1,1,,,,,,,,,,,,2,3.835
Fall 2025,MSCI,3310,01,"Smoot,Aubrey C",11,2,1,1,1,1,,,,,,,,17,3.667
Fall 2025,MSCI,3310,02,"Smoot,Aubrey C",1,1,,,1,1,,,,,,,1,5,2.600
Fall 2025,MSCI,2210,01,"Nelson,Arnishkia S",4,3,2,,3,1,,,,,,,2,15,3.000
Fall 2025,MSCI,2210,02,"Nelson,Arnishkia S",1,,,,1,,,1,,,,,,3,3.220
Fall 2025,MSCI,4310,01,"Bradford,Todd F",5,1,,1,1,,,,,,,,1,9,3.297
Fall 2025,MSCI,4310,03,"Bradford,Todd F",1,1,,,,,,,,,,,,2,3.835
Fall 2025,MSCI,1210,04,"Gatlin,Jasmine J.",3,1,,,,,,,,,,,,4,3.918
Fall 2025,MSCI,1210,02,"Gatlin,Jasmine J.",1,1,,,,,,,,,,,,2,3.835
Fall 2025,MSCI,1210,01,"Gatlin,Jasmine J.",,,1,,,,,,,,,,,1,3.000
Fall 2025,MSCI,1131,01,"Thomas,Roland",5,,,,,1,,,,,,,,6,3.667
Fall 2025,MSCI,4398,01,"Bradford,Todd F",,1,,1,2,,,,,,,,,4,3.250
Fall 2025,MSCI,1125,01,"Thomas,Roland",2,1,,,,,,,,,,,,3,3.890
Fall 2025,MTLS,6319,01,"Canepa,Pieremanuele",1,,,,1,,,,,,,,,2,3.665
Fall 2025,MTLS,8399,01,"Fan,Zheng",1,,,,,,,,,,,,,1,4.000
Fall 2025,MTLS,8399,02,"Robles Hernandez,Francisco C",1,,,,,,,,,,,,,1,4.000
Fall 2025,MTLS,8298,02,"Fan,Zheng",1,,,,,,,,,,,,,1,4.000
Fall 2025,MTLS,8498,01,"Fan,Zheng",1,,,,,,,,,,,,,1,4.000
Fall 2025,MTLS,8699,01,"Fan,Zheng",1,,,,,,,,,,,,,1,4.000
Fall 2025,MUED,4344,01,"Meitz,Penelope J",29,2,3,,,,,1,,,,,,35,3.848
Fall 2025,MUED,3320,01,"McGinnis,Emily Jane",22,,2,,,1,,,,,,1,,26,3.692
Fall 2025,MUED,3101,01,"Bell,Priscilla Garrett",15,1,2,,,,,2,,,,,,20,3.717
Fall 2025,MUED,3103,01,"Bell,Priscilla Garrett",17,1,1,,,,1,,,,,,,20,3.817
Fall 2025,MUED,2320,02,"Zajicek,Daniel James",1,2,3,2,,1,,1,,,,,1,11,2.728
Fall 2025,MUED,2320,01,"Zajicek,Daniel James",1,3,,,3,1,,,,,,,,8,3.375
Fall 2025,MUED,3104,01,"Meitz,Penelope J",7,3,4,1,3,,1,,,,,,,19,3.439
Fall 2025,MUED,4305,01,"Derges,Julie D",12,6,1,,,,,,,,,,,19,3.843
Fall 2025,MUED,3100,01,"Bell,Priscilla Garrett",5,3,,4,,,6,,,,,,,18,2.873
Fall 2025,MUED,3102,01,"Bell,Priscilla Garrett",9,2,1,,2,,,2,,,,,,16,3.604
Fall 2025,MUED,3106,01,"Warren,Paul Alexander",7,4,1,,2,,,,,,,,1,15,3.489
Fall 2025,MUED,3107,01,"Wilkinson,Loneka",9,,1,1,1,1,,,,,,,2,15,3.133
Fall 2025,MUED,3105,01,"Meitz,Penelope J",4,3,,,3,,,,,,,,,10,3.700
Fall 2025,MUED,7305,01,"Wilkinson,Loneka",7,,1,,,,,,,,,,,8,3.875
Fall 2025,MUED,4343,01,"Wilkinson,Loneka",3,,2,1,,,,,,,,,,6,3.445
Fall 2025,MUED,8320,01,"Derges,Julie D",6,,,,,,,,,,,,,6,4.000
Fall 2025,MUED,6398,01,"Meals,Cory Dewitt",2,,,,,,,,,,,,,2,4.000
Fall 2025,MUSA,8320,07,"Hester,Timothy E",9,,,,,,,,,,,,,9,4.000
Fall 2025,MUSA,8320,11,"Yon,Kirsten A",5,,,,,,,,,,,,,5,4.000
Fall 2025,MUSA,8320,09,"Robinson,Daryl Allen",2,1,1,,,,,,,,,,,4,3.668
Fall 2025,MUSA,8320,25,"Staupe,Andrew Paul",4,,,,,,,,,,,,,4,4.000
Fall 2025,MUSA,8320,28,"Sonnenberg,Melanie",2,,,,,,,,,,,,1,3,2.667
Fall 2025,MUSA,8320,33,"Bertman,David Garry",3,,,,,,,,,,,,,3,4.000
Fall 2025,MUSA,8320,35,"Cho,Eunghee",3,,,,,,,,,,,,,3,4.000
Fall 2025,MUSA,8320,04,"Krager,Franz A",2,,,,,,,,,,,,,2,4.000
Fall 2025,MUSA,8320,08,"Morgulis,Tali",2,,,,,,,,,,,,,2,4.000
Fall 2025,MUSA,8320,13,"Maglione,Anthony John",2,,,,,,,,,,,,,2,4.000
Fall 2025,MUSA,8320,36,"DeSpain,Kaitlin Elizabeth",2,,,,,,,,,,,,,2,4.000
Fall 2025,MUSA,8320,39,"Wilkins,Blake M",2,,,,,,,,,,,,,2,4.000
Fall 2025,MUSA,8320,01,"Dokshansky,Yevgeny",1,,,,,,,,,,,,,1,4.000
Fall 2025,MUSA,8320,05,"Johnson,Robert",1,,,,,,,,,,,,,1,4.000
Fall 2025,MUSA,8320,12,"Kitai,Anthony T",1,,,,,,,,,,,,,1,4.000
Fall 2025,MUSA,8320,16,"Wagner,Elise L",1,,,,,,,,,,,,,1,4.000
Fall 2025,MUSA,8320,30,"Jones,Timothy J",1,,,,,,,,,,,,,1,4.000
Fall 2025,MUSA,8320,31,"Russell,Peggy",1,,,,,,,,,,,,,1,4.000
Fall 2025,MUSA,8320,32,"Belcher,Daniel",1,,,,,,,,,,,,,1,4.000
Fall 2025,MUSA,8320,38,"Archibald,Amber Cristina",,1,,,,,,,,,,,,1,3.670
Fall 2025,MUSA,8320,40,"Clayton Vasquez,Cynthia L",1,,,,,,,,,,,,,1,4.000
Fall 2025,MUSA,8320,42,"Sonnenberg,Melanie",1,,,,,,,,,,,,,1,4.000
Fall 2025,MUSA,8320,43,"Parodi,Jorge Luis",1,,,,,,,,,,,,,1,4.000
Fall 2025,MUSA,8320,44,"Lo,Mann-Wen",1,,,,,,,,,,,,,1,4.000
Fall 2025,MUSA,8320,45,"Harris,Richard",1,,,,,,,,,,,,,1,4.000
Fall 2025,MUSA,3400,04,"Belcher,Daniel",4,2,,,1,,,,,,,,,7,3.810
Fall 2025,MUSA,3400,02,"Clayton Vasquez,Cynthia L",4,,,,,,,,,,,,,4,4.000
Fall 2025,MUSA,3400,01,"Averyt,Zachary Benjamin",2,,1,,,,,,,,,,,3,3.667
Fall 2025,MUSA,3400,05,"Jones,Timothy J",3,,,,,,,,,,,,,3,4.000
Fall 2025,MUSA,3400,08,"Vasquez,Hector A",2,,,,1,,,,,,,,,3,3.777
Fall 2025,MUSA,2300,05,"Vasquez,Hector A",3,1,,,1,,,,,,,,,5,3.800
Fall 2025,MUSA,2300,09,"Averyt,Zachary Benjamin",2,,,,2,,,,,,,,,4,3.665
Fall 2025,MUSA,2300,07,"Clayton Vasquez,Cynthia L",3,,,,,,,,,,,,,3,4.000
Fall 2025,MUSA,2300,01,"Clayton Vasquez,Cynthia L",2,,,,,,,,,,,,,2,4.000
Fall 2025,MUSA,2300,03,"Jones,Timothy J",1,,,,1,,,,,,,,,2,3.665
Fall 2025,MUSA,2300,06,"Belcher,Daniel",2,,,,,,,,,,,,,2,4.000
Fall 2025,MUSA,2300,04,"Sonnenberg,Melanie",1,,,,,,,,,,,,,1,4.000
Fall 2025,MUSA,1300,01,"Averyt,Zachary Benjamin",4,,,,,,,,,,,,,4,4.000
Fall 2025,MUSA,1300,04,"Sonnenberg,Melanie",3,,,,,,,,,,,,,3,4.000
Fall 2025,MUSA,1300,05,"Vasquez,Hector A",2,1,,,,,,,,,,,,3,3.890
Fall 2025,MUSA,1300,02,"Clayton Vasquez,Cynthia L",2,,,,,,,,,,,,,2,4.000
Fall 2025,MUSA,1300,07,"Jones,Timothy J",2,,,,,,,,,,,,,2,4.000
Fall 2025,MUSA,2340,03,"Vassallo,Jim Cates",9,1,,,,,,,,,,,,10,3.967
Fall 2025,MUSA,2340,01,"Hughes,Mark Alan",2,,,,,,,,,,,,,2,4.000
Fall 2025,MUSA,2340,02,"Harris,Richard",2,,,,,,,,,,,,,2,4.000
Fall 2025,MUSA,4400,07,"Vasquez,Hector A",2,3,,,,,,,,,,,,5,3.802
Fall 2025,MUSA,4400,05,"Jones,Timothy J",1,2,,,,,,,,,,,,3,3.780
Fall 2025,MUSA,4400,02,"Clayton Vasquez,Cynthia L",2,,,,,,,,,,,,,2,4.000
Fall 2025,MUSA,4400,01,"Averyt,Zachary Benjamin",,,,,1,,,,,,,,,1,3.330
Fall 2025,MUSA,4400,06,"Sonnenberg,Melanie",1,,,,,,,,,,,,,1,4.000
Fall 2025,MUSA,4400,09,"Belcher,Daniel",,1,,,,,,,,,,,,1,3.670
Fall 2025,MUSA,6300,02,"Belcher,Daniel",3,,,,,,,,,,,,,3,4.000
Fall 2025,MUSA,6300,03,"Clayton Vasquez,Cynthia L",3,,,,,,,,,,,,,3,4.000
Fall 2025,MUSA,6300,05,"Sonnenberg,Melanie",3,,,,,,,,,,,,,3,4.000
Fall 2025,MUSA,6300,04,"Jones,Timothy J",2,,,,,,,,,,,,,2,4.000
Fall 2025,MUSA,6310,01,"Hester,Timothy E",6,1,,,,,,,,,,,,7,3.953
Fall 2025,MUSA,6310,03,"Van Kekerix,Todd Evan",2,,,,,,,,,,,,,2,4.000
Fall 2025,MUSA,6310,02,"Morgulis,Tali",1,,,,,,,,,,,,,1,4.000
Fall 2025,MUSA,6310,04,"Staupe,Andrew Paul",1,,,,,,,,,,,,,1,4.000
Fall 2025,MUSA,2330,02,"Martin,Tyler Craig",4,,1,,,,,,,,,,,5,3.800
Fall 2025,MUSA,2330,01,"Russell,Peggy",4,,,,,,,,,,,,,4,4.000
Fall 2025,MUSA,3450,02,"Wilkins,Blake M",5,,,,,,,,,,,,,5,4.000
Fall 2025,MUSA,3450,01,"Warren,Paul Alexander",1,2,,,1,,,,,,,,,4,3.668
Fall 2025,MUSA,8242,02,"Krager,Franz A",2,,,,,,,,,,,,,2,4.000
Fall 2025,MUSA,8242,03,"Maglione,Anthony John",1,,,,,,,,,,,,,1,4.000
Fall 2025,MUSA,8242,04,"Yon,Kirsten A",1,,,,,,,,,,,,,1,4.000
Fall 2025,MUSA,8242,05,"Morgulis,Tali",1,,,,,,,,,,,,,1,4.000
Fall 2025,MUSA,8242,06,"Hester,Timothy E",1,,,,,,,,,,,,,1,4.000
Fall 2025,MUSA,8242,08,"Clayton Vasquez,Cynthia L",1,,,,,,,,,,,,,1,4.000
Fall 2025,MUSA,8242,09,"Staupe,Andrew Paul",1,,,,,,,,,,,,,1,4.000
Fall 2025,MUSA,8242,10,"Wilkins,Blake M",1,,,,,,,,,,,,,1,4.000
Fall 2025,MUSA,1340,01,"Hughes,Mark Alan",3,,,,,,,,,,,,,3,4.000
Fall 2025,MUSA,1340,2,"Vassallo,Jim Cates",3,,,,,,,,,,,,,3,4.000
Fall 2025,MUSA,1340,03,"Harris,Richard",1,1,,,,,,,,,,,,2,3.835
Fall 2025,MUSA,3444,01,"Kauk,Brian Keith",6,,,,,,,,,,,,,6,4.000
Fall 2025,MUSA,3444,02,"Phillips,Larry Brent",,2,,,,,,,,,,,,2,3.670
Fall 2025,MUSA,1176,01,"Hubley,Robert L",,5,,,2,,,,,,,,,7,3.573
Fall 2025,MUSA,1344,01,"Kauk,Brian Keith",7,,,,,,,,,,,,,7,4.000
Fall 2025,MUSA,2320,02,"Lo,Mann-Wen",2,2,,,,,,,,,,,,4,3.835
Fall 2025,MUSA,2320,03,"Mo,Boson",2,,,,,,,,,,,,,2,4.000
Fall 2025,MUSA,2320,01,"Yon,Kirsten A",1,,,,,,,,,,,,,1,4.000
Fall 2025,MUSA,8240,02,"Robinson,Daryl Allen",1,1,,,,,,,,,,,,2,3.835
Fall 2025,MUSA,8240,06,"Hester,Timothy E",2,,,,,,,,,,,,,2,4.000
Fall 2025,MUSA,8240,01,"Wilkins,Blake M",1,,,,,,,,,,,,,1,4.000
Fall 2025,MUSA,8240,03,"Dokshansky,Yevgeny",1,,,,,,,,,,,,,1,4.000
Fall 2025,MUSA,8240,05,"Krager,Franz A",1,,,,,,,,,,,,,1,4.000
Fall 2025,MUSA,2310,02,"Morgulis,Tali",1,1,,,,,,,,,,,,2,3.835
Fall 2025,MUSA,2310,03,"Staupe,Andrew Paul",2,,,,,,,,,,,,,2,4.000
Fall 2025,MUSA,2310,01,"Van Kekerix,Todd Evan",1,,,,,,,,,,,,,1,4.000
Fall 2025,MUSA,2310,04,"Hester,Timothy E",1,,,,,,,,,,,,,1,4.000
Fall 2025,MUSA,2336,01,"Wagner,Elise L",6,,,,,,,,,,,,,6,4.000
Fall 2025,MUSA,3438,01,"Witt,Woodrow W",4,2,,,,,,,,,,,,6,3.890
Fall 2025,MUSA,4434,03,"Potiomkin,Alexander",4,,,,,,,,,,,,,4,4.000
Fall 2025,MUSA,4434,02,"Rowell,Chester D",2,,,,,,,,,,,,,2,4.000
Fall 2025,MUSA,4440,01,"Vassallo,Jim Cates",2,,,,,,,,,,,,,2,4.000
Fall 2025,MUSA,4440,02,"Hughes,Mark Alan",2,,,,,,,,,,,,,2,4.000
Fall 2025,MUSA,4440,03,"Harris,Richard",2,,,,,,,,,,,,,2,4.000
Fall 2025,MUSA,8241,02,"Staupe,Andrew Paul",2,,,,,,,,,,,,,2,4.000
Fall 2025,MUSA,8241,03,"Bertman,David Garry",1,,,,,,,,,,,,,1,4.000
Fall 2025,MUSA,8241,04,"Hester,Timothy E",1,,,,,,,,,,,,,1,4.000
Fall 2025,MUSA,8241,05,"Cho,Eunghee",1,,,,,,,,,,,,,1,4.000
Fall 2025,MUSA,8241,06,"Sonnenberg,Melanie",1,,,,,,,,,,,,,1,4.000
Fall 2025,MUSA,1320,01,"Yon,Kirsten A",2,,,,,,,,,,,,,2,4.000
Fall 2025,MUSA,1320,03,"Mo,Boson",2,,,,,,,,,,,,,2,4.000
Fall 2025,MUSA,1320,02,"Lo,Mann-Wen",1,,,,,,,,,,,,,1,4.000
Fall 2025,MUSA,1342,02,"Reed,Gavin Davis",4,,1,,,,,,,,,,,5,3.800
Fall 2025,MUSA,2338,01,"Witt,Woodrow W",4,,,,,,,,,,,,1,5,3.200
Fall 2025,MUSA,2342,02,"Reed,Gavin Davis",4,,,,,,,,,,,,,4,4.000
Fall 2025,MUSA,2342,01,"Johnson,Robert",1,,,,,,,,,,,,,1,4.000
Fall 2025,MUSA,3420,01,"Yon,Kirsten A",3,,,,,,,,,,,,,3,4.000
Fall 2025,MUSA,3420,2,"Lo,Mann-Wen",2,,,,,,,,,,,,,2,4.000
Fall 2025,MUSA,3430,01,"Russell,Peggy",3,,1,,,,,,,,,,,4,3.750
Fall 2025,MUSA,3430,03,"Martin,Tyler Craig",1,,,,,,,,,,,,,1,4.000
Fall 2025,MUSA,3434,02,"Rowell,Chester D",2,,,,,,,,,,,,,2,4.000
Fall 2025,MUSA,3434,03,"Potiomkin,Alexander",2,,,,,,,,,,,,,2,4.000
Fall 2025,MUSA,3434,01,"Dokshansky,Yevgeny",1,,,,,,,,,,,,,1,4.000
Fall 2025,MUSA,3440,02,"Vassallo,Jim Cates",3,,,1,,,,,,,,,,4,3.668
Fall 2025,MUSA,3440,01,"Hughes,Mark Alan",1,,,,,,,,,,,,,1,4.000
Fall 2025,MUSA,4410,01,"Morgulis,Tali",3,,,,,,,,,,,,,3,4.000
Fall 2025,MUSA,4410,04,"Staupe,Andrew Paul",2,,,,,,,,,,,,,2,4.000
Fall 2025,MUSA,6140,01,"Belcher,Daniel",1,,,,,,,,,,,,,1,4.000
Fall 2025,MUSA,6140,03,"Staupe,Andrew Paul",1,,,,,,,,,,,,,1,4.000
Fall 2025,MUSA,6140,04,"Wagner,Elise L",1,,,,,,,,,,,,,1,4.000
Fall 2025,MUSA,6140,05,"Cho,Eunghee",1,,,,,,,,,,,,,1,4.000
Fall 2025,MUSA,6140,07,"Lo,Mann-Wen",,1,,,,,,,,,,,,1,3.670
Fall 2025,MUSA,6204,01,"Krager,Franz A",2,,,,,,,,,,,,,2,4.000
Fall 2025,MUSA,6204,05,"Parodi,Jorge Luis",2,,,,,,,,,,,,,2,4.000
Fall 2025,MUSA,6204,06,"Maglione,Anthony John",1,,,,,,,,,,,,,1,4.000
Fall 2025,MUSA,2324,02,"Cho,Eunghee",2,1,,,,,,,,,,,,3,3.890
Fall 2025,MUSA,2324,01,"Kitai,Anthony T",1,,,,,,,,,,,,,1,4.000
Fall 2025,MUSA,2346,01,"Barton,Mark",3,1,,,,,,,,,,,,4,3.918
Fall 2025,MUSA,2348,01,"Fenske,Kevin",2,2,,,,,,,,,,,,4,3.835
Fall 2025,MUSA,2350,01,"Warren,Paul Alexander",2,1,1,,,,,,,,,,,4,3.668
Fall 2025,MUSA,3402,1,"Maroney,Marcus K",1,2,1,,,,,,,,,,,4,3.585
Fall 2025,MUSA,3426,01,"Larson,Eric Amery",4,,,,,,,,,,,,,4,4.000
Fall 2025,MUSA,4189,01,"Staupe,Andrew Paul",1,,,,,,,,,,,,,1,4.000
Fall 2025,MUSA,4189,02,"Wagner,Elise L",1,,,,,,,,,,,,,1,4.000
Fall 2025,MUSA,4189,03,"Barton,Mark",1,,,,,,,,,,,,,1,4.000
Fall 2025,MUSA,4189,04,"Potiomkin,Alexander",1,,,,,,,,,,,,,1,4.000
Fall 2025,MUSA,4450,02,"Wilkins,Blake M",4,,,,,,,,,,,,,4,4.000
Fall 2025,MUSA,6210,01,"Hester,Timothy E",4,,,,,,,,,,,,,4,4.000
Fall 2025,MUSA,8243,01,"Koozin,Timothy",1,,,,,,,,,,,,,1,4.000
Fall 2025,MUSA,8243,05,"Caton,Kathryn L.",1,,,,,,,,,,,,,1,4.000
Fall 2025,MUSA,8243,06,"Snyder,John L",1,,,,,,,,,,,,,1,4.000
Fall 2025,MUSA,8243,09,"Dirst,Matthew C",1,,,,,,,,,,,,,1,4.000
Fall 2025,MUSA,1310,04,"Staupe,Andrew Paul",2,,,,,,,,,,,,,2,4.000
Fall 2025,MUSA,1310,02,"Morgulis,Tali",1,,,,,,,,,,,,,1,4.000
Fall 2025,MUSA,1330,01,"Russell,Peggy",2,,,,,,,,,,,,,2,4.000
Fall 2025,MUSA,1330,03,"Martin,Tyler Craig",,1,,,,,,,,,,,,1,3.670
Fall 2025,MUSA,2202,02,"Thompson,Joel Bentley",1,,2,,,,,,,,,,,3,3.333
Fall 2025,MUSA,2334,02,"Rowell,Chester D",2,,,,,,,,,,,,,2,4.000
Fall 2025,MUSA,2334,04,"Dokshansky,Yevgeny",1,,,,,,,,,,,,,1,4.000
Fall 2025,MUSA,3422,01,"Archibald,Amber Cristina",2,1,,,,,,,,,,,,3,3.890
Fall 2025,MUSA,3436,01,"Wagner,Elise L",2,,1,,,,,,,,,,,3,3.667
Fall 2025,MUSA,3448,01,"Fenske,Kevin",3,,,,,,,,,,,,,3,4.000
Fall 2025,MUSA,4260,02,"Garcia,Jeremy S",2,,,,,,,,,,,,,2,4.000
Fall 2025,MUSA,4260,01,"Vassallo,Jim Cates",1,,,,,,,,,,,,,1,4.000
Fall 2025,MUSA,4420,02,"Lo,Mann-Wen",1,1,,,1,,,,,,,,,3,3.667
Fall 2025,MUSA,4430,02,"Martin,Tyler Craig",1,,1,,,,,,,,,,,2,3.500
Fall 2025,MUSA,4430,01,"Russell,Peggy",1,,,,,,,,,,,,,1,4.000
Fall 2025,MUSA,4436,01,"Wagner,Elise L",3,,,,,,,,,,,,,3,4.000
Fall 2025,MUSA,4446,01,"Barton,Mark",3,,,,,,,,,,,,,3,4.000
Fall 2025,MUSA,6260,01,"Hubley,Robert L",2,,,,,,,,,,,,,2,4.000
Fall 2025,MUSA,6260,02,"Archibald,Amber Cristina",1,,,,,,,,,,,,,1,4.000
Fall 2025,MUSA,6400,01,"Belcher,Daniel",2,,,,,,,,,,,,,2,4.000
Fall 2025,MUSA,6400,02,"Vasquez,Hector A",1,,,,,,,,,,,,,1,4.000
Fall 2025,MUSA,6420,02,"Lo,Mann-Wen",1,1,,,,,,,,,,,,2,3.835
Fall 2025,MUSA,6420,01,"Yon,Kirsten A",1,,,,,,,,,,,,,1,4.000
Fall 2025,MUSA,1160,01,"Garcia,Jeremy S",1,1,,,,,,,,,,,,2,3.835
Fall 2025,MUSA,1332,01,"Fischer,Jonathan",1,,,,,,,,,,,,,1,4.000
Fall 2025,MUSA,1332,02,"Dinitz,Adam L",1,,,,,,,,,,,,,1,4.000
Fall 2025,MUSA,1334,01,"Dokshansky,Yevgeny",1,,,,,,,,,,,,,1,4.000
Fall 2025,MUSA,1334,02,"Rowell,Chester D",1,,,,,,,,,,,,,1,4.000
Fall 2025,MUSA,1338,01,"Witt,Woodrow W",2,,,,,,,,,,,,,2,4.000
Fall 2025,MUSA,1346,01,"Barton,Mark",2,,,,,,,,,,,,,2,4.000
Fall 2025,MUSA,1348,01,"Fenske,Kevin",2,,,,,,,,,,,,,2,4.000
Fall 2025,MUSA,1350,01,"Warren,Paul Alexander",1,1,,,,,,,,,,,,2,3.835
Fall 2025,MUSA,2260,01,"Garcia,Jeremy S",2,,,,,,,,,,,,,2,4.000
Fall 2025,MUSA,2326,01,"Larson,Eric Amery",2,,,,,,,,,,,,,2,4.000
Fall 2025,MUSA,2332,2,"Fischer,Jonathan",2,,,,,,,,,,,,,2,4.000
Fall 2025,MUSA,2344,01,"Kauk,Brian Keith",1,,,,,1,,,,,,,,2,3.000
Fall 2025,MUSA,2378,01,"Petito,Gregory Michael",,1,,,,,1,,,,,,,2,2.670
Fall 2025,MUSA,3260,01,"Garcia,Jeremy S",2,,,,,,,,,,,,,2,4.000
Fall 2025,MUSA,3410,01,"Staupe,Andrew Paul",1,,,,,,,,,,,,,1,4.000
Fall 2025,MUSA,3410,03,"Morgulis,Tali",1,,,,,,,,,,,,,1,4.000
Fall 2025,MUSA,3424,01,"Kitai,Anthony T",2,,,,,,,,,,,,,2,4.000
Fall 2025,MUSA,3446,01,"Barton,Mark",1,,,,,1,,,,,,,,2,3.000
Fall 2025,MUSA,4424,02,"Cho,Eunghee",2,,,,,,,,,,,,,2,4.000
Fall 2025,MUSA,4432,01,"Dinitz,Adam L",2,,,,,,,,,,,,,2,4.000
Fall 2025,MUSA,4442,02,"Reed,Gavin Davis",2,,,,,,,,,,,,,2,4.000
Fall 2025,MUSA,4448,01,"Fenske,Kevin",2,,,,,,,,,,,,,2,4.000
Fall 2025,MUSA,6142,01,"Cho,Eunghee",1,,,,,,,,,,,,,1,4.000
Fall 2025,MUSA,6142,02,"Belcher,Daniel",1,,,,,,,,,,,,,1,4.000
Fall 2025,MUSA,6212,01,"Robinson,Daryl Allen",1,,1,,,,,,,,,,,2,3.500
Fall 2025,MUSA,6214,01,"Robinson,Daryl Allen",2,,,,,,,,,,,,,2,4.000
Fall 2025,MUSA,6302,01,"Maroney,Marcus K",2,,,,,,,,,,,,,2,4.000
Fall 2025,MUSA,6304,01,"Krager,Franz A",1,,,,,,,,,,,,,1,4.000
Fall 2025,MUSA,6304,03,"Bertman,David Garry",1,,,,,,,,,,,,,1,4.000
Fall 2025,MUSA,6320,01,"Yon,Kirsten A",2,,,,,,,,,,,,,2,4.000
Fall 2025,MUSA,6322,01,"Archibald,Amber Cristina",1,,,,1,,,,,,,,,2,3.665
Fall 2025,MUSA,6324,02,"Cho,Eunghee",2,,,,,,,,,,,,,2,4.000
Fall 2025,MUSA,6326,01,"Larson,Eric Amery",2,,,,,,,,,,,,,2,4.000
Fall 2025,MUSA,6340,02,"Vassallo,Jim Cates",2,,,,,,,,,,,,,2,4.000
Fall 2025,MUSA,6350,01,"Wilkins,Blake M",2,,,,,,,,,,,,,2,4.000
Fall 2025,MUSA,6410,01,"Staupe,Andrew Paul",1,,,,,,,,,,,,,1,4.000
Fall 2025,MUSA,6410,03,"Hester,Timothy E",1,,,,,,,,,,,,,1,4.000
Fall 2025,MUSA,6424,02,"Cho,Eunghee",2,,,,,,,,,,,,,2,4.000
Fall 2025,MUSA,6436,01,"Wagner,Elise L",2,,,,,,,,,,,,,2,4.000
Fall 2025,MUSA,1260,01,"Garcia,Jeremy S",,1,,,,,,,,,,,,1,3.670
Fall 2025,MUSA,1322,02,"Archibald,Amber Cristina",,,,1,,,,,,,,,,1,2.670
Fall 2025,MUSA,1324,02,"Cho,Eunghee",1,,,,,,,,,,,,,1,4.000
Fall 2025,MUSA,1326,01,"Larson,Eric Amery",1,,,,,,,,,,,,,1,4.000
Fall 2025,MUSA,1328,01,"Cowan,Hope Kathleen",1,,,,,,,,,,,,,1,4.000
Fall 2025,MUSA,2210,01,"Staupe,Andrew Paul",,,1,,,,,,,,,,,1,3.000
Fall 2025,MUSA,2322,01,"Archibald,Amber Cristina",,,1,,,,,,,,,,,1,3.000
Fall 2025,MUSA,3310,02,"Norian,Gary",,,1,,,,,,,,,,,1,3.000
Fall 2025,MUSA,3428,01,"Cowan,Hope Kathleen",,,1,,,,,,,,,,,1,3.000
Fall 2025,MUSA,3432,02,"Fischer,Jonathan",1,,,,,,,,,,,,,1,4.000
Fall 2025,MUSA,3442,02,"Reed,Gavin Davis",1,,,,,,,,,,,,,1,4.000
Fall 2025,MUSA,4248,01,"Fenske,Kevin",1,,,,,,,,,,,,,1,4.000
Fall 2025,MUSA,4402,02,"Thompson,Joel Bentley",1,,,,,,,,,,,,,1,4.000
Fall 2025,MUSA,4422,01,"Archibald,Amber Cristina",1,,,,,,,,,,,,,1,4.000
Fall 2025,MUSA,4426,01,"Larson,Eric Amery",1,,,,,,,,,,,,,1,4.000
Fall 2025,MUSA,4444,01,"Kauk,Brian Keith",1,,,,,,,,,,,,,1,4.000
Fall 2025,MUSA,6334,01,"Dokshansky,Yevgeny",1,,,,,,,,,,,,,1,4.000
Fall 2025,MUSA,6338,01,"Witt,Woodrow W",,1,,,,,,,,,,,,1,3.670
Fall 2025,MUSA,6344,02,"Phillips,Larry Brent",,1,,,,,,,,,,,,1,3.670
Fall 2025,MUSA,6432,01,"Fischer,Jonathan",,,1,,,,,,,,,,,1,3.000
Fall 2025,MUSA,6440,01,"Hughes,Mark Alan",1,,,,,,,,,,,,,1,4.000
Fall 2025,MUSA,6442,01,"Reed,Gavin Davis",1,,,,,,,,,,,,,1,4.000
Fall 2025,MUSA,6444,01,"Phillips,Larry Brent",,1,,,,,,,,,,,,1,3.670
Fall 2025,MUSA,8244,01,"Hester,Timothy E",1,,,,,,,,,,,,,1,4.000
Fall 2025,MUSI,1307,01,"Smerud,Aidan J",72,16,24,6,12,5,1,6,5,,,2,2,151,3.347
Fall 2025,MUSI,1307,02,"Smerud,Aidan J",66,21,23,9,8,7,2,3,4,,1,4,2,150,3.269
Fall 2025,MUSI,2302,01,"Hubley,Robert L",93,18,9,7,6,2,2,5,,,2,3,1,148,3.550
Fall 2025,MUSI,2302,02,"Hubley,Robert L",92,14,11,2,11,3,,4,1,,,5,5,148,3.450
Fall 2025,MUSI,1102,02,"Bertman,David Garry",75,,,,,,,,,,,,,75,4.000
Fall 2025,MUSI,1102,01,"Kubos,Cameron Kade",57,,,,,,,,,,,,1,58,3.931
Fall 2025,MUSI,1102,03,"Bertman,David Garry",20,,,,,,,,,,,,,20,4.000
Fall 2025,MUSI,1100,01,"Kubos,Cameron Kade",151,,,,,,,,,,,,1,152,3.974
Fall 2025,MUSI,3301,01,"Hubley,Robert L",102,16,9,4,8,,1,3,1,,1,1,4,150,3.614
Fall 2025,MUSI,3303,02,"Garza,Paul Victor",50,4,3,3,3,2,1,,1,1,,3,4,75,3.320
Fall 2025,MUSI,3303,01,"Garza,Paul Victor",54,,3,2,3,3,,2,,1,,1,4,73,3.447
Fall 2025,MUSI,2361,01,"Velasquez,Juan Fernando",36,27,12,5,18,1,1,3,1,,,,2,106,3.434
Fall 2025,MUSI,2210,01,"Guez,Jonathan Charles",2,1,7,4,4,5,1,4,1,,,,2,31,2.537
Fall 2025,MUSI,2210,02,"Guez,Jonathan Charles",7,1,3,2,4,6,1,1,,,,2,1,28,2.690
Fall 2025,MUSI,2210,04,"Guez,Jonathan Charles",7,1,3,6,3,2,,1,,,,,,23,3.174
Fall 2025,MUSI,2210,03,"Guez,Jonathan Charles",3,7,3,4,2,,,,,,,1,1,21,3.049
Fall 2025,MUSI,2116,01,"Guez,Jonathan Charles",5,1,6,3,5,4,,6,,,,,2,32,2.760
Fall 2025,MUSI,2116,02,"Guez,Jonathan Charles",1,9,1,4,1,4,1,2,1,,1,2,1,28,2.525
Fall 2025,MUSI,2116,04,"Guez,Jonathan Charles",7,2,2,3,1,5,1,1,,,,,,22,3.031
Fall 2025,MUSI,2116,03,"Guez,Jonathan Charles",4,1,5,1,5,2,,,,,,1,1,20,2.900
Fall 2025,MUSI,3215,02,"Garza,Paul Victor",17,,3,,2,1,,1,,,,2,1,27,3.259
Fall 2025,MUSI,3215,01,"Koozin,Timothy",6,8,2,2,2,,,,1,,,4,,25,2.894
Fall 2025,MUSI,3215,04,"Guez,Jonathan Charles",8,4,1,1,3,1,,2,,,,,,20,3.450
Fall 2025,MUSI,3215,03,"Garza,Paul Victor",14,,1,1,,,1,,,,,1,,18,3.519
Fall 2025,MUSI,4198,47,"Martin,Tyler Craig",10,,,,,,,,,,,,,10,4.000
Fall 2025,MUSI,4198,30,"Dokshansky,Yevgeny",9,,,,,,,,,,,,,9,4.000
Fall 2025,MUSI,4198,31,"Archibald,Amber Cristina",7,2,,,,,,,,,,,,9,3.927
Fall 2025,MUSI,4198,51,"Russell,Peggy",5,,,,1,,,,,,,,,6,3.888
Fall 2025,MUSI,4198,53,"Vassallo,Jim Cates",6,,,,,,,,,,,,,6,4.000
Fall 2025,MUSI,4198,38,"Yon,Kirsten A",5,,,,,,,,,,,,,5,4.000
Fall 2025,MUSI,4198,40,"Harris,Richard",5,,,,,,,,,,,,,5,4.000
Fall 2025,MUSI,4198,44,"Garcia,Jeremy S",5,,,,,,,,,,,,,5,4.000
Fall 2025,MUSI,4198,34,"Cho,Eunghee",4,,,,,,,,,,,,,4,4.000
Fall 2025,MUSI,4198,48,"Griffin,Randall S",4,,,,,,,,,,,,,4,4.000
Fall 2025,MUSI,4198,52,"Barton,Mark",,4,,,,,,,,,,,,4,3.670
Fall 2025,MUSI,4198,39,"Fenske,Kevin",3,,,,,,,,,,,,,3,4.000
Fall 2025,MUSI,4198,43,"Kauk,Brian Keith",3,,,,,,,,,,,,,3,4.000
Fall 2025,MUSI,4198,49,"Rowell,Chester D",2,,,,,,,,,,,,1,3,2.667
Fall 2025,MUSI,4198,20,"Parodi,Jorge Luis",2,,,,,,,,,,,,,2,4.000
Fall 2025,MUSI,4198,33,"Suits,Brian J",2,,,,,,,,,,,,,2,4.000
Fall 2025,MUSI,4198,35,"Larson,Eric Amery",2,,,,,,,,,,,,,2,4.000
Fall 2025,MUSI,4198,41,"Hester,Timothy E",2,,,,,,,,,,,,,2,4.000
Fall 2025,MUSI,4198,21,"Wilkinson,Loneka",1,,,,,,,,,,,,,1,4.000
Fall 2025,MUSI,4198,37,"Wagner,Elise L",1,,,,,,,,,,,,,1,4.000
Fall 2025,MUSI,4198,45,"Cowan,Hope Kathleen",1,,,,,,,,,,,,,1,4.000
Fall 2025,MUSI,4198,46,"Fischer,Jonathan",1,,,,,,,,,,,,,1,4.000
Fall 2025,MUSI,4198,54,"Phillips,Larry Brent",,1,,,,,,,,,,,,1,3.670
Fall 2025,MUSI,4198,56,"Dinitz,Adam L",1,,,,,,,,,,,,,1,4.000
Fall 2025,MUSI,3363,01,"Rakonjac,Damjan",44,,23,,,5,,,2,,,1,1,76,3.382
Fall 2025,MUSI,1121,01,"DeSpain,Kaitlin Elizabeth",24,1,1,2,,,2,,,3,,2,,35,3.239
Fall 2025,MUSI,1121,02,"DeSpain,Kaitlin Elizabeth",28,,,,1,,,,,,,,1,30,3.844
Fall 2025,MUSI,1140,01,"Krager,Franz A",54,7,1,,3,,,,,,,,,65,3.918
Fall 2025,MUSI,2181,01,"Van Kekerix,Todd Evan",6,1,5,,1,,,,,,,,,13,3.538
Fall 2025,MUSI,2181,02,"Van Kekerix,Todd Evan",7,5,,1,,,,,,,,,,13,3.771
Fall 2025,MUSI,2181,03,"Van Kekerix,Todd Evan",2,2,,2,1,1,1,3,,,,1,,13,2.667
Fall 2025,MUSI,2181,04,"Van Kekerix,Todd Evan",1,2,,1,1,1,3,,,,,3,,12,2.029
Fall 2025,MUSI,2181,05,"Van Kekerix,Todd Evan",3,2,,2,1,,,1,,,,2,1,12,2.528
Fall 2025,MUSI,4230,01,"Bertman,David Garry",33,5,2,,,1,,,,,,,,41,3.862
Fall 2025,MUSI,4230,02,"Bertman,David Garry",15,,,,,1,,,,,,,,16,3.875
Fall 2025,MUSI,6397,08,"Velasquez,Juan Fernando",8,4,,1,,,,,,,,,,13,3.796
Fall 2025,MUSI,6397,03,"Lee,Ji Yeon",9,,1,,,,,,,,,,,10,3.900
Fall 2025,MUSI,6397,06,"Dirst,Matthew C",5,,1,1,3,,,,,,,,,10,3.566
Fall 2025,MUSI,6397,05,"Caton,Kathryn L.",7,,1,,,,,,,,,,,8,3.875
Fall 2025,MUSI,6397,02,"Caton,Kathryn L.",5,,,,,,,,,,,,,5,4.000
Fall 2025,MUSI,6397,07,"Maroney,Marcus K",1,1,,2,,,,,,,,,1,5,2.602
Fall 2025,MUSI,6397,04,"Desouza,Chelsea Anne",,,3,,,,,,,,,,,3,3.000
Fall 2025,MUSI,6397,01,"Reed,Rovion Dontae",1,,,,,,,,,,,,,1,4.000
Fall 2025,MUSI,1311,01,"Koozin,Timothy",8,2,,1,3,,1,,,,,,,15,3.578
Fall 2025,MUSI,1311,02,"Koozin,Timothy",3,2,1,,4,1,,1,,,,2,,14,2.856
Fall 2025,MUSI,1311,03,"Koozin,Timothy",3,1,1,3,,,3,,1,,,,,12,2.724
Fall 2025,MUSI,1311,04,"Koozin,Timothy",3,1,2,,2,1,,,,,,,1,10,3.033
Fall 2025,MUSI,1116,01,"Koozin,Timothy",5,2,2,2,3,,1,,,,,,,15,3.356
Fall 2025,MUSI,1116,02,"Koozin,Timothy",2,5,,,3,1,,,,,,2,1,14,2.739
Fall 2025,MUSI,1116,03,"Koozin,Timothy",2,1,,1,2,4,1,,,,1,,,12,2.667
Fall 2025,MUSI,1116,04,"Koozin,Timothy",2,,2,,1,1,,1,2,,,,,9,2.629
Fall 2025,MUSI,1181,03,"Van Kekerix,Todd Evan",9,2,,,,,1,,,,,,1,13,3.462
Fall 2025,MUSI,1181,04,"Van Kekerix,Todd Evan",7,1,1,,2,,,,,,,1,,12,3.444
Fall 2025,MUSI,1181,02,"Van Kekerix,Todd Evan",5,5,1,,,,,,,,,,,11,3.759
Fall 2025,MUSI,1181,01,"Van Kekerix,Todd Evan",7,1,,,,1,,1,,,,,,10,3.600
Fall 2025,MUSI,1122,01,"Maglione,Anthony John",41,,,,,,,,,,,,,41,4.000
Fall 2025,MUSI,6198,35,"Archibald,Amber Cristina",6,,,,,,,,,,,,,6,4.000
Fall 2025,MUSI,6198,21,"Parodi,Jorge Luis",4,1,,,,,,,,,,,,5,3.934
Fall 2025,MUSI,6198,36,"Hester,Timothy E",4,,,,,,,,,,,,,4,4.000
Fall 2025,MUSI,6198,39,"Suits,Brian J",3,,,,,,,,,,,,,3,4.000
Fall 2025,MUSI,6198,41,"Yon,Kirsten A",3,,,,,,,,,,,,,3,4.000
Fall 2025,MUSI,6198,54,"Phillips,Larry Brent",,3,,,,,,,,,,,,3,3.670
Fall 2025,MUSI,6198,47,"Griffin,Randall S",2,,,,,,,,,,,,,2,4.000
Fall 2025,MUSI,6198,55,"Mo,Boson",2,,,,,,,,,,,,,2,4.000
Fall 2025,MUSI,6198,20,"Maroney,Marcus K",1,,,,,,,,,,,,,1,4.000
Fall 2025,MUSI,6198,22,"Hester,Timothy E",1,,,,,,,,,,,,,1,4.000
Fall 2025,MUSI,6198,30,"Dokshansky,Yevgeny",1,,,,,,,,,,,,,1,4.000
Fall 2025,MUSI,6198,31,"Wilkins,Blake M",1,,,,,,,,,,,,,1,4.000
Fall 2025,MUSI,6198,38,"Cho,Eunghee",1,,,,,,,,,,,,,1,4.000
Fall 2025,MUSI,6198,40,"Lo,Mann-Wen",1,,,,,,,,,,,,,1,4.000
Fall 2025,MUSI,6198,45,"Russell,Peggy",1,,,,,,,,,,,,,1,4.000
Fall 2025,MUSI,6198,46,"Rowell,Chester D",1,,,,,,,,,,,,,1,4.000
Fall 2025,MUSI,6198,56,"Dinitz,Adam L",1,,,,,,,,,,,,,1,4.000
Fall 2025,MUSI,6106,04,"Krager,Franz A",21,3,,,1,,,,,,,,,25,3.934
Fall 2025,MUSI,6106,01,"Kubos,Cameron Kade",4,,,,,,,,,,,,,4,4.000
Fall 2025,MUSI,6106,06,"Maglione,Anthony John",2,,,,,,,,,,,,,2,4.000
Fall 2025,MUSI,6106,02,"Marmolejo,Noe J",1,,,,,,,,,,,,,1,4.000
Fall 2025,MUSI,6106,07,"DeSpain,Kaitlin Elizabeth",1,,,,,,,,,,,,,1,4.000
Fall 2025,MUSI,1120,01,"Maglione,Anthony John",21,5,2,,,,,,,,,,,28,3.870
Fall 2025,MUSI,6101,01,"Parodi,Jorge Luis",20,,,,,,,,,,,,1,21,3.810
Fall 2025,MUSI,8106,04,"Krager,Franz A",11,1,1,,,,,,,,,,,13,3.898
Fall 2025,MUSI,8106,03,"Maglione,Anthony John",3,,,,,,,,,,,,,3,4.000
Fall 2025,MUSI,8106,01,"Bertman,David Garry",2,,,,,,,,,,,,,2,4.000
Fall 2025,MUSI,8106,02,"Marmolejo,Noe J",2,,,,,,,,,,,,,2,4.000
Fall 2025,MUSI,8106,05,"DeSpain,Kaitlin Elizabeth",1,,,,,,,,,,,,,1,4.000
Fall 2025,MUSI,1301,01,"Brake,Austin S",6,2,1,,3,1,3,2,,,,,2,20,2.800
Fall 2025,MUSI,4397,02,"Caton,Kathryn L.",7,,2,1,,1,,,,,,,,11,3.515
Fall 2025,MUSI,4397,04,"Desouza,Chelsea Anne",5,2,,,,,,,,,,,,7,3.906
Fall 2025,MUSI,4397,01,"Reed,Rovion Dontae",2,,,,,,,,,,,,,2,4.000
Fall 2025,MUSI,6300,01,"Rakonjac,Damjan",9,,,,,,,,,,,,1,10,3.600
Fall 2025,MUSI,6300,02,"Caton,Kathryn L.",2,3,2,,2,,,,,,,,1,10,3.167
Fall 2025,MUSI,1303,01,"Koozin,Timothy",10,1,2,1,,,1,1,1,,,,2,19,3.018
Fall 2025,MUSI,4120,01,"Wilkins,Blake M",11,,,,,,,,,,,,,11,4.000
Fall 2025,MUSI,4120,02,"Warren,Paul Alexander",8,,,,,,,,,,,,,8,4.000
Fall 2025,MUSI,1160,01,"Suits,Brian J",4,2,2,2,,3,3,2,,,,,,18,2.797
Fall 2025,MUSI,4220,01,"DeSpain,Kaitlin Elizabeth",14,,1,,1,1,,1,,,,,,18,3.703
Fall 2025,MUSI,4100,02,"Dokshansky,Yevgeny",9,,,,,,,,,,,,1,10,3.600
Fall 2025,MUSI,4100,01,"Archibald,Amber Cristina",7,,,,,,,,,,,,,7,4.000
Fall 2025,MUSI,1110,01,"Marmolejo,Noe J",11,,1,,,,,,,,,,,12,3.917
Fall 2025,MUSI,1110,03,"Marmolejo,Noe J",2,,,,,,,,,,,,,2,4.000
Fall 2025,MUSI,4102,01,"Belcher,Kathleen",12,,1,,1,,,,,,,,,14,3.881
Fall 2025,MUSI,6340,02,"Garza,Paul Victor",10,,3,,,1,,,,,,,,14,3.643
Fall 2025,MUSI,6341,01,"Lee,Ji Yeon",2,3,2,1,1,,,2,,,,,,11,3.243
Fall 2025,MUSI,2188,01,"Hester,Timothy E",10,,,,,,,,,,,,,10,4.000
Fall 2025,MUSI,4370,01,"Sonnenberg,Melanie",2,6,1,,,,,,,,1,,,10,3.435
Fall 2025,MUSI,8300,02,"Dirst,Matthew C",5,,2,,,,,,,,,,,7,3.714
Fall 2025,MUSI,8300,01,"Meals,Cory Dewitt",3,,,,,,,,,,,,,3,4.000
Fall 2025,MUSI,8301,05,"Maglione,Anthony John",5,,,,,,,,,,,,,5,4.000
Fall 2025,MUSI,8301,01,"Cho,Eunghee",3,,,,,,,,,,,,,3,4.000
Fall 2025,MUSI,8301,04,"Averyt,Zachary Benjamin",2,,,,,,,,,,,,,2,4.000
Fall 2025,MUSI,1220,01,"Van Kekerix,Todd Evan",5,,2,,,,,,,,,1,1,9,2.889
Fall 2025,MUSI,4304,01,"Snyder,John L",2,4,,1,,,,,,,,,2,9,2.817
Fall 2025,MUSI,4378,01,"Marmolejo,Noe J",8,,,,,,,,,,,,,8,4.000
Fall 2025,MUSI,6350,01,"Averyt,Zachary Benjamin",6,,,,,,,,,,,,1,7,3.429
Fall 2025,MUSI,6350,02,"Cho,Eunghee",1,,,,,,,,,,,,,1,4.000
Fall 2025,MUSI,4197,30,"Chin,Brian S",5,,,,,,,,,,,,1,6,3.333
Fall 2025,MUSI,4197,01,"Suits,Brian J",1,,,,,,,,,,,,,1,4.000
Fall 2025,MUSI,4250,01,"Fenske,Kevin",4,,1,,2,,,,,,,,,7,3.666
Fall 2025,MUSI,6100,01,"Archibald,Amber Cristina",5,,,,,,,,,,,,,5,4.000
Fall 2025,MUSI,6100,02,"Dokshansky,Yevgeny",2,,,,,,,,,,,,,2,4.000
Fall 2025,MUSI,6102,01,"Belcher,Kathleen",6,,,,1,,,,,,,,,7,3.904
Fall 2025,MUSI,6252,01,"Van Kekerix,Todd Evan",7,,,,,,,,,,,,,7,4.000
Fall 2025,MUSI,8303,01,"Snyder,John L",4,2,1,,,,,,,,,,,7,3.763
Fall 2025,MUSI,1150,03,"Longoria,Jose Isabel",4,,,,,,,,,,,,,4,4.000
Fall 2025,MUSI,1150,01,"Longoria,Jose Isabel",,1,,1,,,,,,,,,,2,3.170
Fall 2025,MUSI,6200,01,"Hester,Timothy E",3,,,,,,,,,,,,,3,4.000
Fall 2025,MUSI,6200,02,"Suits,Brian J",3,,,,,,,,,,,,,3,4.000
Fall 2025,MUSI,8296,01,"Snyder,John L",1,,,,,,,,,,,,,1,4.000
Fall 2025,MUSI,8296,02,"Dirst,Matthew C",1,,,,,,,,,,,,,1,4.000
Fall 2025,MUSI,8296,03,"Koozin,Timothy",1,,,,,,,,,,,,,1,4.000
Fall 2025,MUSI,8296,04,"Maroney,Marcus K",1,,,,,,,,,,,,,1,4.000
Fall 2025,MUSI,8296,05,"Caton,Kathryn L.",1,,,,,,,,,,,,,1,4.000
Fall 2025,MUSI,8296,06,"Guez,Jonathan Charles",1,,,,,,,,,,,,,1,4.000
Fall 2025,MUSI,4104,01,"Dokshansky,Yevgeny",5,,,,,,,,,,,,,5,4.000
Fall 2025,MUSI,6104,01,"Dokshansky,Yevgeny",5,,,,,,,,,,,,,5,4.000
Fall 2025,MUSI,6330,01,"Krager,Franz A",5,,,,,,,,,,,,,5,4.000
Fall 2025,MUSI,2121,01,"Marmolejo,Noe J",4,,,,,,,,,,,,,4,4.000
Fall 2025,MUSI,6160,01,"Van Kekerix,Todd Evan",4,,,,,,,,,,,,,4,4.000
Fall 2025,MUSI,6314,01,"Snyder,John L",1,1,1,,,,,,,,,,1,4,2.668
Fall 2025,MUSI,6370,01,"Sonnenberg,Melanie",4,,,,,,,,,,,,,4,4.000
Fall 2025,MUSI,3160,01,"Hester,Timothy E",3,,,,,,,,,,,,,3,4.000
Fall 2025,MUSI,4330,01,"Krager,Franz A",3,,,,,,,,,,,,,3,4.000
Fall 2025,MUSI,6120,01,"Wilkins,Blake M",3,,,,,,,,,,,,,3,4.000
Fall 2025,MUSI,6251,01,"Van Kekerix,Todd Evan",3,,,,,,,,,,,,,3,4.000
Fall 2025,MUSI,3399,01,"Koozin,Timothy",1,,,,,,,,,,,,,1,4.000
Fall 2025,MUSI,3399,02,"Guez,Jonathan Charles",1,,,,,,,,,,,,,1,4.000
Fall 2025,MUSI,6103,01,"Averyt,Zachary Benjamin",,,,,1,,,,,,,,,1,3.330
Fall 2025,MUSI,6261,01,"Van Kekerix,Todd Evan",1,,,,,,,,,,,,,1,4.000
Fall 2025,MUSI,6298,01,"Belcher,Daniel",1,,,,,,,,,,,,,1,4.000
Fall 2025,MUSI,6398,03,"Staupe,Andrew Paul",1,,,,,,,,,,,,,1,4.000
Fall 2025,MUSI,8399,02,"Meals,Cory Dewitt",1,,,,,,,,,,,,,1,4.000
Fall 2025,MUTX,2101,01,"Van Kekerix,Todd Evan",2,2,2,,1,,,,,,,1,,8,3.084
Fall 2025,MUTX,2301,01,"Roth,Edward A",3,2,,,1,,,,,,,,,6,3.778
Fall 2025,NAVY,1301,1,"Davis,Danyelle",,4,6,,3,,1,,,,,,,14,3.167
Fall 2025,NAVY,2301,1,"Elzie,Ryan",,,6,1,3,,,1,,,,,,11,2.999
Fall 2025,NAVY,3303,1,"Shi,Jackie",6,1,,,,,,,,,,,,7,3.953
Fall 2025,NAVY,2302,1,"Hansen,Trevor K",1,,,2,,1,,,,,,,,4,2.835
Fall 2025,NAVY,3302,1,"Davis,Danyelle",,,,,,,,1,,,,,,1,2.330
Fall 2025,NSS,2342,1,"Vardy,Ronald V",18,9,4,1,,1,1,1,,,,,4,39,3.223
Fall 2025,NSS,4334,01,"Fox,Amos Carl",14,4,4,3,5,1,1,1,,,,1,1,35,3.238
Fall 2025,NSS,4340,01,"Lubotzky,Asher",22,6,2,2,1,1,,,,,,1,,35,3.620
Fall 2025,NSS,3392,01,"Zwald,Zachary J",7,3,5,5,6,2,,1,,,1,,,30,3.167
Fall 2025,NSS,4345,01,"McDonough,Megan",5,,,,,,,,,,,1,,6,3.333
Fall 2025,NURS,4314,3,"Pillai,Raji",9,,27,,,,,,1,,,,,37,3.189
Fall 2025,NURS,4314,1,"Barta,Kelsie R",19,,9,,,,,,,,,,2,30,3.433
Fall 2025,NURS,3315,1,"Edwards-Maddox,Shermel Vinese",,,32,,,6,,,5,,,,10,53,2.245
Fall 2025,NURS,3311,2,"Moore,Ryan",3,,31,,,6,,,1,,,,8,49,2.531
Fall 2025,NURS,4312,1,"Simon-Campbell,E'Loria",2,,28,,,2,,,1,,,,1,34,2.912
Fall 2025,NURS,4312,2,"Edwards-Maddox,Shermel Vinese",,,10,,,1,,,,,,,1,12,2.750
Fall 2025,NURS,3310,1,"Hermis,Kimberly",9,,24,,,7,,,,,,,1,41,3.146
Fall 2025,NURS,4211,1,"Smith,Deborah Ann",8,,26,,,4,,,1,,,,1,40,3.075
Fall 2025,NURS,4213,1,"Smith,Deborah Ann",32,,6,,,1,,,,,,,1,40,3.725
Fall 2025,NURS,3314,1,"Schrader,Patricia K",3,,19,,,13,,,1,,,,1,37,2.946
Fall 2025,NURS,4316,1,"Edwards-Maddox,Shermel Vinese",,,23,,,6,,,1,,,,6,36,2.444
Fall 2025,NURS,4417,1,"Valencia Agudelo,Andres",20,,10,,,,,,,,,,6,36,3.056
Fall 2025,NURS,3735,1,"Simon-Campbell,E'Loria",21,,12,,,,,,,,,,,33,3.636
Fall 2025,NURS,3737,1,"Simon-Campbell,E'Loria",1,,29,,,3,,,,,,,,33,3.030
Fall 2025,NURS,4215,1,"Ecby,Chanique",1,,28,,,2,,,1,,,,1,33,2.879
Fall 2025,NURS,4217,1,"Ecby,Chanique",12,,16,,,,,,4,,,,1,33,3.030
Fall 2025,NURS,4322,1,"Hermis,Kimberly",13,,19,,,,,,,,,,1,33,3.303
Fall 2025,NURS,4521,1,"Barta,Kelsie R",9,,22,,,,,,,,,,2,33,3.091
Fall 2025,NURS,3312,1,"Smith,Deborah Ann",2,,20,,,8,,,,,,,2,32,2.875
Fall 2025,NURS,3313,1,"Ogunleye,Abimbola",13,,17,,,,,,,,,,2,32,3.219
Fall 2025,NURS,4318,1,"Schrader,Patricia K",2,,11,,,,,,,,,,,13,3.154
Fall 2025,NURS,4419,1,"Valencia Agudelo,Andres",6,,7,,,,,,,,,,,13,3.462
Fall 2025,NURS,4219,1,"Davis,Marcia Camille",5,,5,,,,,,,,,,,10,3.500
Fall 2025,NURS,4221,1,"Davis,Marcia Camille",8,,2,,,,,,,,,,,10,3.800
Fall 2025,NURS,6333,1,"Varghese,Shainy B",6,,1,,,,,,,,,,1,8,3.375
Fall 2025,NURS,6330,1,"Ecby,Chanique",1,,2,,,,,,,,,,1,4,2.500
Fall 2025,NURS,6355,01,"Tahmasbi,Sherin",1,,3,,,,,,,,,,,4,3.250
Fall 2025,NURS,6331,1,"Bayliss,Debra Lee",2,,1,,,,,,,,,,,3,3.667
Fall 2025,NURS,8303,1,"Tahmasbi,Sherin",,,1,,,,,,,,,,,1,3.000
Fall 2025,NUTR,2332,2,"Hughes,Lindsay",96,27,7,3,8,3,2,2,,,,1,2,151,3.661
Fall 2025,NUTR,2332,3,"Hughes,Lindsay",78,35,8,5,14,1,2,3,,,1,1,1,149,3.611
Fall 2025,NUTR,2332,4,"Hughes,Lindsay",74,27,7,7,17,,2,2,1,2,,6,4,149,3.367
Fall 2025,NUTR,2332,1,"Reichek,Brooke",29,35,5,11,11,1,2,1,,,,1,1,97,3.434
Fall 2025,NUTR,3334,01,"Svendsen-Sanchez,Ann Carol",16,61,35,13,35,5,3,6,,,1,1,4,180,3.191
Fall 2025,NUTR,1332,01,"Haubrick,Kevin",53,28,13,14,18,5,9,8,3,2,,6,7,166,3.007
Fall 2025,NUTR,4334,01,"Hughes,Lindsay",83,32,8,5,11,2,,2,,,1,3,2,149,3.580
Fall 2025,NUTR,4351,1,"Svendsen-Sanchez,Ann Carol",37,47,19,16,11,2,,6,5,,,3,2,148,3.242
Fall 2025,NUTR,4352,1,"Setchfield,Lisa Renee",7,27,5,7,7,1,2,9,1,,1,,1,68,3.128
Fall 2025,NUTR,4352,2,"Vollrath,Kirstin",13,10,10,3,8,6,3,5,1,,2,2,,63,2.947
Fall 2025,NUTR,4345,01,"Alastuey,Lisa L",25,20,10,12,14,5,2,5,,,1,1,2,97,3.179
Fall 2025,NUTR,4312,01,"Ferrell,Carla Denise",6,9,13,9,10,3,5,6,1,1,,,,63,2.910
Fall 2025,NUTR,4349,01,"Vollrath,Kirstin",8,11,10,9,10,,2,7,,,,,3,60,2.989
Fall 2025,NUTR,4353,1,"Honig,Caryn A",31,10,5,1,7,,,1,,,,,3,58,3.517
Fall 2025,NUTR,3336,01,"Vollrath,Kirstin",23,6,3,3,3,,,3,,,,,,41,3.610
Fall 2025,NUTR,4348,01,"Honig,Caryn A",10,13,4,,3,3,1,1,,,,,,35,3.420
Fall 2025,NUTR,3101,01,"Scott,Claudia W",14,8,1,,3,,,1,,,,1,1,29,3.472
Fall 2025,NUTR,4333,01,"Scott,Claudia W",8,6,3,3,2,1,,1,1,,,,,25,3.321
Fall 2025,NUTR,4346,01,"Ledoux,Tracey A",9,8,1,2,4,,,,,,,,,24,3.626
Fall 2025,NUTR,4347,01,"Ferrell,Carla Denise",7,5,2,2,1,2,2,2,,,1,,,24,3.098
Fall 2025,NUTR,6303,1,"Ferrell,Carla Denise",10,10,,,1,,,1,,,,,,22,3.744
Fall 2025,NUTR,6304,1,"Ledoux,Tracey A",5,12,1,,2,,,,,,,,,20,3.685
Fall 2025,NUTR,2333,01,"Svendsen-Sanchez,Ann Carol",5,10,1,1,2,,,,,,,,,19,3.633
Fall 2025,NUTR,2133,01,"Svendsen-Sanchez,Ann Carol",1,,2,1,3,1,1,,,,,,,9,2.926
Fall 2025,NUTR,2133,02,"Svendsen-Sanchez,Ann Carol",1,4,2,,,1,,,,,,,,8,3.335
Fall 2025,NUTR,4201,1,"Reichek,Brooke",10,4,1,1,1,,,,,,,,,17,3.746
Fall 2025,NUTR,3330,01,"Vollrath,Kirstin",,5,3,4,2,,,,,,,,1,15,2.979
Fall 2025,NUTR,6312,1,"Haubrick,Kevin",5,5,2,1,1,,,1,,,,,,15,3.512
Fall 2025,NUTR,6302,1,"Ferrell,Carla Denise",6,2,,,,,,,,,,,,8,3.918
Fall 2025,OPTO,6173,04,"Giannoni,Amber Gaume",23,,4,,,,,,,,,,,27,3.852
Fall 2025,OPTO,6173,01,"Giannoni,Amber Gaume",24,,2,,,,,,,,,,,26,3.923
Fall 2025,OPTO,6173,03,"Giannoni,Amber Gaume",20,,4,,,,,,,,,1,,25,3.680
Fall 2025,OPTO,6173,02,"Giannoni,Amber Gaume",19,,4,,,1,,,,,,,,24,3.750
Fall 2025,OPTO,6234,01,"Ketcham,Tonya G",17,9,16,11,24,4,6,13,,,,2,,102,3.006
Fall 2025,OPTO,6434,01,"Rump,Rachel",16,11,14,19,19,8,2,12,,,,1,,102,3.016
Fall 2025,OPTO,5134,01,"Cheng,Han",22,,3,,,1,,,,,,,,26,3.808
Fall 2025,OPTO,5134,02,"Cheng,Han",25,,1,,,,,,,,,,,26,3.962
Fall 2025,OPTO,5134,03,"Cheng,Han",23,,2,,,,,,,,,,,25,3.920
Fall 2025,OPTO,5134,04,"Cheng,Han",23,,1,,,,,,,,,,,24,3.958
Fall 2025,OPTO,5171,02,"Kehinde,Lucy",13,,11,,,2,,,,,,,,26,3.423
Fall 2025,OPTO,5171,04,"Berntsen,David A",7,,16,,,3,,,,,,,,26,3.154
Fall 2025,OPTO,5171,03,"Berntsen,David A",16,,9,,,,,,,,,,,25,3.640
Fall 2025,OPTO,5171,01,"Berntsen,David A",13,,10,,,1,,,,,,,,24,3.500
Fall 2025,OPTO,5271,01,"Lambreghts,Kimberly",35,29,23,2,9,1,,2,,,,,,101,3.539
Fall 2025,OPTO,5314,01,"Marsack,Jason",55,,37,,,9,,,,,,,,101,3.455
Fall 2025,OPTO,5320,01,"Yoon,Geunyoung",28,,57,,,15,,,1,,,,,101,3.109
Fall 2025,OPTO,5334,01,"Cheng,Han",51,,38,,,12,,,,,,,,101,3.386
Fall 2025,OPTO,5344,01,"Frishman,Laura J",24,7,22,7,18,4,1,14,2,,2,,,101,3.102
Fall 2025,OPTO,6163,04,"Chandler,Moriah Adine",22,,5,,,,,,,,,,,27,3.815
Fall 2025,OPTO,6163,01,"Chandler,Moriah Adine",19,,7,,,,,,,,,,,26,3.731
Fall 2025,OPTO,6163,02,"Chandler,Moriah Adine",19,,5,,,,,,,,,,,24,3.792
Fall 2025,OPTO,6163,03,"Chandler,Moriah Adine",18,,6,,,,,,,,,,,24,3.750
Fall 2025,OPTO,6190,01,"Tucker,Ashley",22,,4,,,,,,,,,,,26,3.846
Fall 2025,OPTO,6190,04,"Tucker,Ashley",22,,3,,,1,,,,,,,,26,3.808
Fall 2025,OPTO,6190,02,"Tucker,Ashley",23,,2,,,,,,,,,,,25,3.920
Fall 2025,OPTO,6190,03,"Tucker,Ashley",16,,5,,,3,,,,,,,,24,3.542
Fall 2025,OPTO,6219,01,"Das,Vallabh E",22,10,16,16,16,7,3,9,,,,2,,101,3.056
Fall 2025,OPTO,6311,01,"Ritchey,Eric R",54,,40,,,6,,,,,,1,,101,3.446
Fall 2025,OPTO,6363,01,"Meier,Kimberly",44,,43,,,12,,,2,,,,,101,3.277
Fall 2025,OPTO,5111,02,"Nurminen,Lauri Oskari",14,,12,,,,,,,,,,,26,3.538
Fall 2025,OPTO,5111,04,"Meier,Kimberly",10,,16,,,,,,,,,,,26,3.385
Fall 2025,OPTO,5111,01,"Meier,Kimberly",20,,4,,,,,,,,,,,24,3.833
Fall 2025,OPTO,5111,03,"Nurminen,Lauri Oskari",12,,12,,,,,,,,,,,24,3.500
Fall 2025,OPTO,5133,01,"Ostrin,Lisa",12,,12,,,2,,,,,,,,26,3.385
Fall 2025,OPTO,5133,02,"Coulson-Thomas,Vivien J",17,,9,,,,,,,,,,,26,3.654
Fall 2025,OPTO,5133,03,"Ostrin,Lisa",17,,7,,,,,,,,,,,24,3.708
Fall 2025,OPTO,5133,04,"Ostrin,Lisa",17,,5,,,2,,,,,,,,24,3.625
Fall 2025,OPTO,5233,01,"Ostrin,Lisa",44,,34,,,18,,,4,,,,,100,3.180
Fall 2025,OPTO,6132,04,"Garza,Janet",27,,,,,,,,,,,,,27,4.000
Fall 2025,OPTO,6132,01,"Garza,Janet",25,,1,,,,,,,,,,,26,3.962
Fall 2025,OPTO,6132,02,"Garza,Janet",22,,2,,,,,,,,,,,24,3.917
Fall 2025,OPTO,6132,03,"Garza,Janet",18,,4,,,1,,,,,,,,23,3.739
Fall 2025,OPTO,7131,01,"Pate Jr,Lloyd D",78,,10,,,6,,,,,,,,94,3.766
Fall 2025,OPTO,7152,02,"Martinez,Muriel L",14,,8,,,,,,,,,,,22,3.636
Fall 2025,OPTO,7152,04,"Martinez,Muriel L",19,,3,,,,,,,,,,,22,3.864
Fall 2025,OPTO,7152,01,"Martinez,Muriel L",15,,5,,,,,,,,,1,,21,3.571
Fall 2025,OPTO,7152,03,"Martinez,Muriel L",15,,6,,,,,,,,,,,21,3.714
Fall 2025,OPTO,7230,1,"Marrelli,Danica J",6,11,24,14,8,7,2,13,,,,1,,86,2.884
Fall 2025,OPTO,7252,01,"Plaumann,Maureen Daley",31,,44,,,11,,,,,,,,86,3.233
Fall 2025,OPTO,7336,01,"Wheat,Joe L",5,7,19,15,15,8,2,15,,,,,,86,2.872
Fall 2025,OPTO,7361,01,"Dempsey,Robert L",29,,50,,,7,,,,,,,,86,3.256
Fall 2025,OPTO,7375,01,"Dempsey,Robert L",29,,51,,,6,,,,,,,,86,3.267
Fall 2025,OPTO,8338,01,"Wheat,Joe L",5,6,9,5,8,,,1,,,,,,34,3.275
Fall 2025,OPTO,8384,01,"Walters,Mary Kathryn",31,,1,,,1,,,,,,,,33,3.909
Fall 2025,OPTO,6312,01,"Ritchey,Eric R",,,1,,,,,,,,,,,1,3.000
Fall 2025,PCEU,6441,1,"Chow,Diana Shu-Lian",3,,1,,,,,,,,,,,4,3.750
Fall 2025,PCEU,6498,1,"Hao,Jiukuan",,2,,,,,,,,,,,,2,3.670
Fall 2025,PCEU,6498,4,"Liu,Xinli",2,,,,,,,,,,,,,2,4.000
Fall 2025,PCEU,8398,3,"Hao,Jiukuan",1,,,,,,,,,,,,,1,4.000
Fall 2025,PCEU,8498,2,"Hao,Jiukuan",1,,,,,,,,,,,,,1,4.000
Fall 2025,PCOL,7370,1,"Salim,Samina",19,,2,,,,,,,,,,,21,3.905
Fall 2025,PCOL,6498,13,"Darabi,Radbod",2,,,,,,,,,,,,,2,4.000
Fall 2025,PCOL,6498,1,"Das,Joydip",1,,,,,,,,,,,,,1,4.000
Fall 2025,PCOL,6498,3,"Statsyuk,Alexander V",1,,,,,,,,,,,,,1,4.000
Fall 2025,PCOL,6370,1,"Boini,Krishna M",3,,,,,,,,,,,,,3,4.000
Fall 2025,PCOL,8998,1,"Statsyuk,Alexander V",2,,,,,,,,,,,,,2,4.000
Fall 2025,PCOL,6198,12,"Zhao,Guizhen",1,,,,,,,,,,,,,1,4.000
Fall 2025,PCOL,6298,4,"Das,Joydip",1,,,,,,,,,,,,,1,4.000
Fall 2025,PCOL,6398,7,"Das,Joydip",1,,,,,,,,,,,,,1,4.000
Fall 2025,PCOL,7460,1,"Das,Joydip",1,,,,,,,,,,,,,1,4.000
Fall 2025,PCOL,8398,05,"Wu,Mingfu",1,,,,,,,,,,,,,1,4.000
Fall 2025,PCOL,8498,03,"Wu,Mingfu",1,,,,,,,,,,,,,1,4.000
Fall 2025,PEP,7306,01,"Pearson,Demetrius W",2,3,3,5,5,1,,,,,,,,19,3.158
Fall 2025,PEP,6305,01,"Lee,Dong Hun",14,2,,,2,,,,,,,,,18,3.889
Fall 2025,PEP,6355,01,"Cottingham,Michael",4,4,1,1,2,,,,,,,,,12,3.584
Fall 2025,PEP,7328,01,"Walsh,David W",4,2,3,,3,,,,,,,,,12,3.528
Fall 2025,PEP,8350,1,"LaVoy,Emily Claire-Pyle",10,1,,,,,,1,,,,,,12,3.833
Fall 2025,PEP,7398,04,"Caslin Findley,Heather",2,,,,,,,,,,,,,2,4.000
Fall 2025,PEP,7398,02,"Layne,Charles S",1,,,,,,,,,,,,,1,4.000
Fall 2025,PEP,7398,03,"Ledoux,Tracey A",1,,,,,,,,,,,,,1,4.000
Fall 2025,PEP,7398,05,"Cottingham,Michael",1,,,,,,,,,,,,,1,4.000
Fall 2025,PEP,7398,07,"Parikh,Pranav J",1,,,,,,,,,,,,,1,4.000
Fall 2025,PEP,7398,08,"Markofski,Melissa",1,,,,,,,,,,,,,1,4.000
Fall 2025,PEP,8306,1,"Clarke,Mark S",3,,1,,2,1,,,,,,,,7,3.380
Fall 2025,PEP,6198,01,"Johnston,Craig Allen",2,,,,,,,,,,,,,2,4.000
Fall 2025,PEP,6198,04,"Layne,Charles S",2,,,,,,,,,,,,,2,4.000
Fall 2025,PEP,6198,02,"Johnston,Craig Allen",1,,,,,,,,,,,,,1,4.000
Fall 2025,PEP,6198,03,"Layne,Charles S",1,,,,,,,,,,,,,1,4.000
Fall 2025,PEP,7393,01,"Walsh,David W",5,1,,,,,,,,,,,,6,3.945
Fall 2025,PEP,8999,03,"Gorniak,Stacey",1,,,,,,,,,,,,,1,4.000
Fall 2025,PETR,3318,01,"Hatzignatiou,Dimitrios Georgios",4,2,5,5,2,1,5,4,,,,,1,29,2.690
Fall 2025,PETR,3362,01,"Soliman,Mohamed Yousef",7,10,3,1,2,,,4,,,,,1,28,3.298
Fall 2025,PETR,3315,01,"Hathon,Lori A",7,2,1,3,1,1,5,4,1,,,,2,27,2.606
Fall 2025,PETR,3363,01,"Sakhaee Pour,Ahmad",19,,6,,,,,,,,,,1,26,3.615
Fall 2025,PETR,6350,01,"Farouq-Ali,Syed",11,,3,,1,,,,,,,,,15,3.755
Fall 2025,PETR,6350,02,"Farouq-Ali,Syed",4,,3,,,,,,,,,,,7,3.571
Fall 2025,PETR,6372,01,"Wong,George K",8,,1,1,3,1,,,,,,,,14,3.547
Fall 2025,PETR,6372,02,"Wong,George K",2,,1,,2,,1,2,,,,,,8,2.999
Fall 2025,PETR,6368,01,"Samuel,Robello",2,4,1,,1,,,,,,,,,8,3.626
Fall 2025,PETR,6368,02,"Samuel,Robello",,3,,1,,,,1,,,,,,5,3.202
Fall 2025,PETR,1111,01,"Soliman,Mohamed Yousef",5,4,2,1,,,,,,,,,,12,3.613
Fall 2025,PETR,2313,01,"Qin,Guan",11,,,,,,,,,,,,,11,4.000
Fall 2025,PETR,6332,01,"Zargar,Zeinab",4,2,1,1,1,,,,,,,,,9,3.593
Fall 2025,PETR,6354,01,"Thakur,Ganesh Chandra",6,1,1,,1,,,,,,,,,9,3.778
Fall 2025,PETR,6362,01,"Farouq-Ali,Syed",4,,1,,,,,,,,,,,5,3.800
Fall 2025,PETR,6362,02,"Farouq-Ali,Syed",3,,,,1,,,,,,,,,4,3.833
Fall 2025,PETR,4301,01,"Lee,Kyung Jae",3,,2,1,2,,,,,,,,,8,3.416
Fall 2025,PETR,4311,01,"Zargar,Zeinab",2,5,,,1,,,,,,,,,8,3.710
Fall 2025,PETR,2111,01,"Hathon,Lori A",5,,,,,,,,,,,,,5,4.000
Fall 2025,PETR,2311,01,"Myers,Michael Tolbert",1,1,1,,2,,,,,,,,,5,3.466
Fall 2025,PETR,5350,01,"Farouq-Ali,Syed",2,,1,,1,,,,,,,,,4,3.583
Fall 2025,PETR,6328,02,"Qin,Guan",3,,,,,,,,,,,,,3,4.000
Fall 2025,PETR,6328,01,"Qin,Guan",1,,,,,,,,,,,,,1,4.000
Fall 2025,PETR,7399,04,"Farouq-Ali,Syed",1,,,,,,,,,,,,,1,4.000
Fall 2025,PETR,7399,06,"Hatzignatiou,Dimitrios Georgios",1,,,,,,,,,,,,,1,4.000
Fall 2025,PETR,7399,07,"Lee,Kyung Jae",1,,,,,,,,,,,,,1,4.000
Fall 2025,PETR,7399,09,"Qin,Guan",1,,,,,,,,,,,,,1,4.000
Fall 2025,PETR,6341,02,"Ehlig-Economides,Christine A",3,,,,,,,,,,,,,3,4.000
Fall 2025,PETR,4312,01,"Zargar,Zeinab",,,,,2,,,,,,,,,2,3.330
Fall 2025,PETR,8399,08,"Myers,Michael Tolbert",1,,,,,,,,,,,,,1,4.000
Fall 2025,PETR,8699,06,"Hatzignatiou,Dimitrios Georgios",1,,,,,,,,,,,,,1,4.000
Fall 2025,PHAR,5225,1,"Asias-Dinh,Bernadette De Leon",32,,59,,,21,,,1,,,,,113,3.080
Fall 2025,PHAR,5226,1,"Sherer,Jeffrey T",41,,50,,,22,,,,,,,,113,3.168
Fall 2025,PHAR,5224,1,"Marwaha,Aditi",41,,48,,,22,,,1,,,,,112,3.152
Fall 2025,PHAR,5325,1,"Hatfield,Catherine L",43,,40,,,26,,,2,,,,,111,3.117
Fall 2025,PHAR,5332,01,"Hao,Jiukuan",47,,50,,,12,,,2,,,,,111,3.279
Fall 2025,PHAR,4300,1,"Zhang,Yang",31,,44,,,28,,,6,,,1,,110,2.891
Fall 2025,PHAR,5111,1,"Varkey,Divya A",105,,5,,,,,,,,,,,110,3.955
Fall 2025,PHAR,5158,1,"Diec,Sandy",49,,13,,,2,,,,,,,,64,3.734
Fall 2025,PHAR,5158,2,"Diec,Sandy",32,,13,,,1,,,,,,,,46,3.674
Fall 2025,PHAR,5195,1,"Davis,Shantera Rayford",56,,8,,,,,,,,,,,64,3.875
Fall 2025,PHAR,5195,2,"Davis,Shantera Rayford",39,,6,,,1,,,,,,,,46,3.826
Fall 2025,PHAR,4320,01,"Salim,Samina",41,,33,,,29,,,3,,,2,,108,3.000
Fall 2025,PHAR,4330,01,"Guo,Bin",54,,31,,,19,,,2,,,,,106,3.292
Fall 2025,PHAR,4250,1,"Shamsi,Aayna",64,,33,,,7,,,1,,,,,105,3.524
Fall 2025,PHAR,4260,1,"Essien,Ekere James",49,,46,,,9,,,1,,,,,105,3.362
Fall 2025,PHAR,4270,01,"Gee,Jodie Sue",82,,22,,,1,,,,,,,,105,3.771
Fall 2025,PHAR,5337,1,"Surati,Dhara Divyang",40,,44,,,13,,,,,,,,97,3.278
Fall 2025,PHAR,5236,1,"Beyda,Nicholas D",39,,41,,,16,,,,,,,,96,3.240
Fall 2025,PHAR,5268,1,"Surati,Dhara Divyang",86,,10,,,,,,,,,,,96,3.896
Fall 2025,PHAR,5335,1,"De La Cruz,Austin Isaac",43,,45,,,8,,,,,,,,96,3.365
Fall 2025,PHAR,5338,1,"Cuny,Gregory D",45,,34,,,17,,,,,,,,96,3.292
Fall 2025,PHAR,5371,1,"Thornton,James D",35,,57,,,4,,,,,,,,96,3.323
Fall 2025,PHAR,5690,02,"Truong,Mabel",29,,15,,,,,,,,,,,44,3.659
Fall 2025,PHAR,5690,03,"Fernandez,Julianna M",3,,1,,,,,,,,,,,4,3.750
Fall 2025,PHAR,5690,01,"Sherer,Jeffrey T",1,,1,,,,,,,,,,,2,3.500
Fall 2025,PHAR,5675,01,"Tolleson,Shane Russell",31,,6,,,2,,,,,,,,39,3.744
Fall 2025,PHAR,5675,02,"Asias-Dinh,Bernadette De Leon",2,,,,,,,,,,,1,,3,2.667
Fall 2025,PHAR,5675,04,"Rosario,Natalie",3,,,,,,,,,,,,,3,4.000
Fall 2025,PHAR,5675,6,"Gee,Jodie Sue",3,,,,,,,,,,,,,3,4.000
Fall 2025,PHAR,5692,01,"Truong,Mabel",35,,7,,,,,,,,,,,42,3.833
Fall 2025,PHAR,5693,01,"Tolleson,Shane Russell",24,,6,,,1,,,,,,,,31,3.742
Fall 2025,PHAR,5685,01,"Truong,Mabel",17,,2,,,1,,,,,,,1,21,3.619
Fall 2025,PHAR,5681,03,"Truong,Mabel",12,,4,,,,,,,,,,,16,3.750
Fall 2025,PHAR,5681,5,"Tam,Vincent H",,,1,,,1,,,,,,,,2,2.500
Fall 2025,PHAR,5644,01,"Tolleson,Shane Russell",10,,4,,,,,,,,,,,14,3.714
Fall 2025,PHAR,5670,01,"Tolleson,Shane Russell",13,,1,,,,,,,,,,,14,3.929
Fall 2025,PHAR,5683,02,"Truong,Mabel",4,,,,,,,,,,,,,4,4.000
Fall 2025,PHAR,5683,03,"Wanat,Matthew A",4,,,,,,,,,,,,,4,4.000
Fall 2025,PHAR,5683,1,"Wang,Elisabeth",2,,,,,,,,,,,,,2,4.000
Fall 2025,PHAR,5642,01,"Truong,Mabel",7,,1,,,,,,,,,,1,9,3.444
Fall 2025,PHAR,5696,03,"Tolleson,Shane Russell",6,,1,,,,,,,,,1,,8,3.375
Fall 2025,PHAR,5680,01,"Truong,Mabel",4,,3,,,,,,,,,,,7,3.571
Fall 2025,PHAR,5663,01,"Truong,Mabel",4,,,,,,,,,,,,,4,4.000
Fall 2025,PHAR,5663,02,"Tolleson,Shane Russell",,,1,,,,,,,,,1,,2,1.500
Fall 2025,PHAR,5678,01,"Truong,Mabel",4,,1,,,,,,,,,,,5,3.800
Fall 2025,PHAR,5694,01,"Truong,Mabel",1,,2,,,,,,,,,1,1,5,2.000
Fall 2025,PHAR,5659,1,"Tolleson,Shane Russell",3,,1,,,,,,,,,,,4,3.750
Fall 2025,PHAR,5660,01,"Tolleson,Shane Russell",2,,2,,,,,,,,,,,4,3.500
Fall 2025,PHAR,5662,03,"Wallace,David A",3,,,,,,,,,,,,,3,4.000
Fall 2025,PHAR,5662,01,"Diec,Sandy",1,,,,,,,,,,,,,1,4.000
Fall 2025,PHAR,5695,01,"Tolleson,Shane Russell",2,,2,,,,,,,,,,,4,3.500
Fall 2025,PHAR,5664,01,"Tolleson,Shane Russell",3,,,,,,,,,,,,,3,4.000
Fall 2025,PHAR,5668,01,"Tolleson,Shane Russell",3,,,,,,,,,,,,,3,4.000
Fall 2025,PHAR,5643,01,"Truong,Mabel",1,,1,,,,,,,,,,,2,3.500
Fall 2025,PHAR,5645,01,"Truong,Mabel",2,,,,,,,,,,,,,2,4.000
Fall 2025,PHAR,5646,1,"Truong,Mabel",2,,,,,,,,,,,,,2,4.000
Fall 2025,PHAR,5686,2,"Truong,Mabel",2,,,,,,,,,,,,,2,4.000
Fall 2025,PHAR,5674,2,"Truong,Mabel",,,1,,,,,,,,,,,1,3.000
Fall 2025,PHAR,5679,01,"Truong,Mabel",1,,,,,,,,,,,,,1,4.000
Fall 2025,PHAR,5691,2,"Tolleson,Shane Russell",1,,,,,,,,,,,,,1,4.000
Fall 2025,PHCA,7180,1,"Aparasu,Rajender R",15,,,,,,,,,,,,,15,4.000
Fall 2025,PHCA,7308,1,"Abughosh,Susan M",6,,4,,,,,,,,,,,10,3.600
Fall 2025,PHCA,6297,1,"Varkey,Divya A",9,,,,,,,,,,,,,9,4.000
Fall 2025,PHCA,8698,1,"Thornton,James D",3,,,,,,,,,,,,,3,4.000
Fall 2025,PHCA,8698,3,"Aparasu,Rajender R",2,,,,,,,,,,,,,2,4.000
Fall 2025,PHCA,8698,5,"Chen,Hua",1,,1,,,,,,,,,,,2,3.500
Fall 2025,PHCA,8298,3,"Aparasu,Rajender R",2,,,,,,,,,,,,,2,4.000
Fall 2025,PHCA,8298,4,"Chen,Hua",1,,1,,,,,,,,,,,2,3.500
Fall 2025,PHCA,8298,1,"Thornton,James D",1,,,,,,,,,,,,,1,4.000
Fall 2025,PHCA,8298,5,"Essien,Ekere James",1,,,,,,,,,,,,,1,4.000
Fall 2025,PHCA,6298,06,"Thornton,James D",2,,,,,,,,,,,,,2,4.000
Fall 2025,PHCA,6298,08,"Abughosh,Susan M",2,,,,,,,,,,,,,2,4.000
Fall 2025,PHCA,6298,07,"Chen,Hua",1,,,,,,,,,,,,,1,4.000
Fall 2025,PHCA,7306,1,"Aparasu,Rajender R",1,,4,,,,,,,,,,,5,3.200
Fall 2025,PHCA,7316,1,"Chen,Hua",2,,3,,,,,,,,,,,5,3.400
Fall 2025,PHCA,6398,02,"Chen,Hua",1,,,,,,,,,,,,,1,4.000
Fall 2025,PHCA,6398,4,"Abughosh,Susan M",1,,,,,,,,,,,,,1,4.000
Fall 2025,PHCA,6398,6,"Thornton,James D",1,,,,,,,,,,,,,1,4.000
Fall 2025,PHCA,7305,1,"Sansgiry,Sujit Sharad",2,,,,,,,,,,,,,2,4.000
Fall 2025,PHCA,7310,03,"Chen,Hua",1,,,,,,,,,,,,,1,4.000
Fall 2025,PHCA,7310,2,"Essien,Ekere James",1,,,,,,,,,,,,,1,4.000
Fall 2025,PHCA,7340,1,"Li,Jieni",2,,,,,,,,,,,,,2,4.000
Fall 2025,PHCA,8398,1,"Abughosh,Susan M",1,,,,,,,,,,,,,1,4.000
Fall 2025,PHCA,8398,2,"Essien,Ekere James",1,,,,,,,,,,,,,1,4.000
Fall 2025,PHCA,6198,3,"Abughosh,Susan M",1,,,,,,,,,,,,,1,4.000
Fall 2025,PHCA,6498,1,"Abughosh,Susan M",1,,,,,,,,,,,,,1,4.000
Fall 2025,PHCA,8198,03,"Chen,Hua",1,,,,,,,,,,,,,1,4.000
Fall 2025,PHCA,8199,1,"Abughosh,Susan M",1,,,,,,,,,,,,,1,4.000
Fall 2025,PHED,1306,01,"Brown,Korey J",27,6,,,2,,,,,,,,,35,3.905
Fall 2025,PHED,1306,02,"Brown,Korey J",21,8,2,2,1,,,,,,,1,,35,3.658
Fall 2025,PHED,1306,03,"Monreal,Daniel Joseph",29,5,,,1,,,,,,,,,35,3.934
Fall 2025,PHIL,1301,01,"Oliveira,Luis RG",187,20,8,4,14,,1,6,,,1,3,4,248,3.708
Fall 2025,PHIL,1301,07,"Haaga,Curtis W",53,45,31,10,15,5,,4,1,1,2,1,8,176,3.241
Fall 2025,PHIL,1301,6,"Oliveira,Luis RG",39,7,4,5,6,3,,4,,,4,5,3,80,3.096
Fall 2025,PHIL,1301,04,"Haaga,Curtis W",21,22,9,5,8,2,,1,,,,1,2,71,3.353
Fall 2025,PHIL,1301,05,"Aiman,Edwin E",19,12,2,,8,1,2,1,,,,1,1,47,3.412
Fall 2025,PHIL,1361,06,"Mag Uidhir,Christopher Domh",76,7,9,2,5,,1,1,1,,,1,3,106,3.620
Fall 2025,PHIL,1361,02,"Drapela,Nick Gerard",3,4,3,4,3,6,2,6,3,,5,2,9,50,1.906
Fall 2025,PHIL,1361,05,"Drapela,Nick Gerard",2,1,3,5,7,5,2,5,1,,1,3,14,49,1.728
Fall 2025,PHIL,1361,01,"Drapela,Nick Gerard",5,1,9,3,1,9,1,4,1,,3,4,7,48,2.000
Fall 2025,PHIL,1361,04,"Drapela,Nick Gerard",6,1,8,6,3,2,,1,2,1,1,5,12,48,1.834
Fall 2025,PHIL,1361,03,"Drapela,Nick Gerard",3,4,1,5,3,,,5,,1,1,8,14,45,1.482
Fall 2025,PHIL,1305,02,"Coates,Daniel J",147,,27,,27,11,,12,2,,,7,10,243,3.337
Fall 2025,PHIL,1305,01,"Aiman,Edwin E",21,11,5,2,5,3,,,,,,2,1,50,3.347
Fall 2025,PHIL,1321,01,"Loewenstein,Yael R",17,12,10,7,9,8,3,7,5,1,2,8,11,100,2.364
Fall 2025,PHIL,1321,03,"Haaga,Curtis W",21,5,9,,2,1,,4,,1,,1,7,51,2.902
Fall 2025,PHIL,1321,02,"Haaga,Curtis W",15,,2,9,5,2,3,5,,,,1,8,50,2.547
Fall 2025,PHIL,1334,01,"Weisberg,Joshua",13,6,23,9,14,8,5,5,3,1,1,6,5,99,2.572
Fall 2025,PHIL,6395,2,"Oliveira,Luis RG",12,2,,,,,,,,,,,,14,3.953
Fall 2025,PHIL,6395,3,"Weisberg,Joshua",14,,,,,,,,,,,,,14,4.000
Fall 2025,PHIL,6395,1,"Coates,Daniel J",13,,,,,,,,,,,,,13,4.000
Fall 2025,PHIL,3386,1,"Werner,Andrew Timothy",16,8,1,1,2,,,1,,,,,7,36,3.001
Fall 2025,PHIL,3333,1,"Loewenstein,Yael R",7,7,3,3,5,1,,1,,,,3,4,34,2.696
Fall 2025,PHIL,3359,1,"Vesga Plazas,Alejandro Jose",8,10,5,,7,,,,,2,,,2,34,3.187
Fall 2025,PHIL,3358,01,"Phillips,David K",12,5,5,2,5,1,,,,,,1,2,33,3.192
Fall 2025,PHIL,3371,1,"Mag Uidhir,Christopher Domh",16,3,3,2,3,2,,,,,,3,1,33,3.132
Fall 2025,PHIL,3395,1,"Vesga Plazas,Alejandro Jose",13,7,4,,3,,,,,1,,1,3,32,3.136
Fall 2025,PHIL,3305,1,"Morrison,Iain P D",7,,2,,7,2,,,,,,,1,19,3.227
Fall 2025,PHIL,3354,01,"Gallagher,Colleen Mary",16,,,,,,,,,,,,,16,4.000
Fall 2025,PHIL,6398,01,"Loewenstein,Yael R",2,,,,,,,,,,,,,2,4.000
Fall 2025,PHIL,6398,02,"Sommers,Tamler S",2,,,,,,,,,,,,,2,4.000
Fall 2025,PHIL,3399,2,"Vesga Plazas,Alejandro Jose",1,,,,,,,,,,,,,1,4.000
Fall 2025,PHIL,4398,01,"Phillips,David K",1,,,,,,,,,,,,,1,4.000
Fall 2025,PHLA,6100,1,"Varkey,Divya A",6,,7,,,,,,,,,,,13,3.462
Fall 2025,PHLA,6206,1,"Varkey,Divya A",7,,,,,,,,,,,,,7,4.000
Fall 2025,PHLA,6221,1,"Varkey,Divya A",7,,,,,,,,,,,,,7,4.000
Fall 2025,PHLA,6250,1,"Eubank,Taryn Ashley",7,,,,,,,,,,,,,7,4.000
Fall 2025,PHLA,7320,1,"Varkey,Divya A",5,,1,,,,,,,,,,,6,3.833
Fall 2025,PHLS,6330,03,"Whitaker,Rachael Gwin",14,,,,,,,,,,,,,14,4.000
Fall 2025,PHLS,6330,01,"Whitaker,Rachael Gwin",12,,,,,,,,,,,,,12,4.000
Fall 2025,PHLS,6330,04,"Whitaker,Rachael Gwin",11,,,,,,,,,,,,,11,4.000
Fall 2025,PHLS,6325,01,"Lee,Jungeun",11,,,1,,,,,,,,,,12,3.889
Fall 2025,PHLS,6325,02,"Lee,Jungeun",6,4,,,2,,,,,,,,,12,3.778
Fall 2025,PHLS,6325,03,"Lee,Jungeun",9,3,,,,,,,,,,,,12,3.918
Fall 2025,PHLS,6311,01,"Hurt,Kara Marie",15,,,,,,,,,,,,,15,4.000
Fall 2025,PHLS,6311,02,"Hurt,Kara Marie",13,,,,,,,,,,,,,13,4.000
Fall 2025,PHLS,8324,01,"Wiesner,Margit F",9,2,,,1,,,1,,,,,,13,3.769
Fall 2025,PHLS,8324,02,"Fan,Weihua",10,,,,,,,,,,,,,10,4.000
Fall 2025,PHLS,8302,01,"Matta,Michael",19,1,,,,,,,,,,,,20,3.984
Fall 2025,PHLS,6324,01,"Hurt,Kara Marie",18,,,,,,,,,,,,,18,4.000
Fall 2025,PHLS,6343,02,"Smith,Nathaniel Lewis",11,,,,,,,,,,,,,11,4.000
Fall 2025,PHLS,6343,03,"Smith,Nathaniel Lewis",7,,,,,,,,,,,,,7,4.000
Fall 2025,PHLS,6345,01,"Hurt,Kara Marie",10,,,,,,,,,,,,,10,4.000
Fall 2025,PHLS,6345,02,"Hurt,Kara Marie",8,,,,,,,,,,,,,8,4.000
Fall 2025,PHLS,8319,01,"Fan,Weihua",18,,,,,,,,,,,,,18,4.000
Fall 2025,PHLS,8337,02,"Tavakoli,Niloofar",17,,,,1,,,,,,,,,18,3.963
Fall 2025,PHLS,7375,01,"Whitaker,Rachael Gwin",12,3,1,,,1,,,,,,,,17,3.765
Fall 2025,PHLS,6334,01,"Hendricker,Elise N",14,2,,,,,,,,,,,,16,3.959
Fall 2025,PHLS,6323,01,"Viola,Shannon B",14,,1,,,,,,,,,,,15,3.933
Fall 2025,PHLS,6329,01,"Hendricker,Elise N",8,4,1,1,1,,,,,,,,,15,3.712
Fall 2025,PHLS,7317,01,"Lukingbeal,Patrick Livingston",12,,,,,,,,,,,,,12,4.000
Fall 2025,PHLS,6337,01,"Viola,Shannon B",9,,2,,,,,,,,,,,11,3.818
Fall 2025,PHLS,8342,01,"Master,Allison",11,,,,,,,,,,,,,11,4.000
Fall 2025,PHLS,7193,02,"Margulis,Milena A",8,,,,,,,,,,,,,8,4.000
Fall 2025,PHLS,7193,01,"Smith,Bradley",1,,,,,,,,,,,,,1,4.000
Fall 2025,PHLS,8321,01,"Wiesner,Margit F",9,,,,,,,,,,,,,9,4.000
Fall 2025,PHLS,7393,01,"Wang,Jiayi",5,,,,,,,,,,,,,5,4.000
Fall 2025,PHLS,7393,02,"Wang,Jiayi",3,,,,,,,,,,,,,3,4.000
Fall 2025,PHLS,8241,01,"Margulis,Milena A",3,2,2,,1,,,,,,,,,8,3.584
Fall 2025,PHLS,8398,01,"Matta,Michael",6,,,,,,,,,,,,,6,4.000
Fall 2025,PHLS,8398,02,"Hurt,Kara Marie",2,,,,,,,,,,,,,2,4.000
Fall 2025,PHLS,8361,01,"McPherson,Robert Harlan",7,,,,,,,,,,,,,7,4.000
Fall 2025,PHLS,8363,01,"Smith,Bradley",5,1,,,1,,,,,,,,,7,3.857
Fall 2025,PHLS,8341,01,"Allan,Blake A",6,,,,,,,,,,,,,6,4.000
Fall 2025,PHLS,8348,01,"Wright,Haley A",5,1,,,,,,,,,,,,6,3.945
Fall 2025,PHLS,8306,01,"Carmack,Chakema",5,,,,,,,,,,,,,5,4.000
Fall 2025,PHLS,7350,01,"Master,Allison",3,,,,,,,,,,,,,3,4.000
Fall 2025,PHLS,6322,02,"Adams,Monica Nichole",1,,,,1,,,,,,,,,2,3.665
Fall 2025,PHLS,7398,01,"Master,Allison",1,,,,,,,,,,,,,1,4.000
Fall 2025,PHLS,7398,03,"Fan,Weihua",1,,,,,,,,,,,,,1,4.000
Fall 2025,PHLS,8699,05,"Margulis,Milena A",2,,,,,,,,,,,,,2,4.000
Fall 2025,PHLS,8199,04,"Dunsmore,Julie C",1,,,,,,,,,,,,,1,4.000
Fall 2025,PHLS,8399,03,"Correa-Fernandez,Virmarie",1,,,,,,,,,,,,,1,4.000
Fall 2025,PHOP,6198,17,"Meier,Kimberly",4,,,,,,,,,,,,,4,4.000
Fall 2025,PHOP,6198,7,"Patel,Nimesh Bhikhu",3,,,,,,,,,,,,,3,4.000
Fall 2025,PHOP,6198,1,"Sapoznik,Kaitlyn Anne",1,,1,,,,,,,,,,,2,3.500
Fall 2025,PHOP,6198,4,"Harrison,Wendy W",2,,,,,,,,,,,,,2,4.000
Fall 2025,PHOP,6198,03,"Ribelayga,Christophe Pierre",1,,,,,,,,,,,,,1,4.000
Fall 2025,PHOP,6198,10,"Plaumann,Maureen Daley",1,,,,,,,,,,,,,1,4.000
Fall 2025,PHOP,6198,12,"Matynia,Anna",1,,,,,,,,,,,,,1,4.000
Fall 2025,PHOP,6198,13,"Ferreira,Tarsis Gesteira",1,,,,,,,,,,,,,1,4.000
Fall 2025,PHOP,6198,15,"Della Santina,Luca",1,,,,,,,,,,,,,1,4.000
Fall 2025,PHOP,6198,19,"O'Brien,John",1,,,,,,,,,,,,,1,4.000
Fall 2025,PHOP,6198,2,"Frishman,Laura J",1,,,,,,,,,,,,,1,4.000
Fall 2025,PHOP,6198,20,"Walker,Maria Kelly",1,,,,,,,,,,,,,1,4.000
Fall 2025,PHOP,6198,6,"Ostrin,Lisa",1,,,,,,,,,,,,,1,4.000
Fall 2025,PHOP,6257,1,"Walker,Maria Kelly",2,,,,,,,,,,,,,2,4.000
Fall 2025,PHOP,6257,10,"Ferreira,Tarsis Gesteira",1,,,,,,,,,,,,,1,4.000
Fall 2025,PHOP,6257,13,"Della Santina,Luca",1,,,,,,,,,,,,,1,4.000
Fall 2025,PHOP,6257,18,"Twa,Michael D",,,1,,,,,,,,,,,1,3.000
Fall 2025,PHOP,6257,2,"Harrison,Wendy W",1,,,,,,,,,,,,,1,4.000
Fall 2025,PHOP,6257,20,"Sayah,Diane Noel",1,,,,,,,,,,,,,1,4.000
Fall 2025,PHOP,6257,3,"Marsack,Jason",1,,,,,,,,,,,,,1,4.000
Fall 2025,PHOP,6257,4,"Ostrin,Lisa",1,,,,,,,,,,,,,1,4.000
Fall 2025,PHOP,6257,8,"Plaumann,Maureen Daley",1,,,,,,,,,,,,,1,4.000
Fall 2025,PHOP,6157,1,"Harrison,Wendy W",1,,,,,,,,,,,,,1,4.000
Fall 2025,PHOP,6157,2,"Patel,Nimesh Bhikhu",1,,,,,,,,,,,,,1,4.000
Fall 2025,PHOP,6157,3,"Ferreira,Tarsis Gesteira",1,,,,,,,,,,,,,1,4.000
Fall 2025,PHOP,6157,4,"Ostrin,Lisa",1,,,,,,,,,,,,,1,4.000
Fall 2025,PHOP,6157,5,"Plaumann,Maureen Daley",1,,,,,,,,,,,,,1,4.000
Fall 2025,PHOP,6157,6,"Sapoznik,Kaitlyn Anne",1,,,,,,,,,,,,,1,4.000
Fall 2025,PHOP,6241,01,"Frishman,Laura J",3,2,,,1,,,,,,,,,6,3.778
Fall 2025,PHOP,6242,01,"Frishman,Laura J",5,1,,,,,,,,,,,,6,3.945
Fall 2025,PHOP,6243,1,"Frishman,Laura J",6,,,,,,,,,,,,,6,4.000
Fall 2025,PHOP,6275,1,"Porter,Jason",6,,,,,,,,,,,,,6,4.000
Fall 2025,PHOP,7275,1,"Della Santina,Luca",3,2,,,,,,,,,,,,5,3.868
Fall 2025,PHOP,8798,1,"Ritchey,Eric R",1,,,,,,,,,,,,,1,4.000
Fall 2025,PHOP,8798,2,"Yoon,Geunyoung",,1,,,,,,,,,,,,1,3.670
Fall 2025,PHOP,8798,3,"Ribelayga,Christophe Pierre",1,,,,,,,,,,,,,1,4.000
Fall 2025,PHOP,8798,4,"Patel,Nimesh Bhikhu",1,,,,,,,,,,,,,1,4.000
Fall 2025,PHOP,8798,5,"Das,Vallabh E",1,,,,,,,,,,,,,1,4.000
Fall 2025,PHOP,6267,8,"Sapoznik,Kaitlyn Anne",2,,,,,,,,,,,,,2,4.000
Fall 2025,PHOP,6267,2,"Porter,Jason",1,,,,,,,,,,,,,1,4.000
Fall 2025,PHOP,6767,7,"Ribelayga,Christophe Pierre",1,,,,,,,,,,,,,1,4.000
Fall 2025,PHOP,6767,8,"Meier,Kimberly",1,,,,,,,,,,,,,1,4.000
Fall 2025,PHOP,6767,9,"Ferreira,Tarsis Gesteira",1,,,,,,,,,,,,,1,4.000
Fall 2025,PHOP,8199,10,"Rump,Rachel",1,,,,,,,,,,,,,1,4.000
Fall 2025,PHOP,8199,2,"Das,Vallabh E",1,,,,,,,,,,,,,1,4.000
Fall 2025,PHOP,8199,7,"Ribelayga,Christophe Pierre",1,,,,,,,,,,,,,1,4.000
Fall 2025,PHOP,8299,8,"Patel,Nimesh Bhikhu",2,,,,,,,,,,,,,2,4.000
Fall 2025,PHOP,8299,2,"Ritchey,Eric R",1,,,,,,,,,,,,,1,4.000
Fall 2025,PHOP,8398,1,"Twa,Michael D",1,,,,,,,,,,,,,1,4.000
Fall 2025,PHOP,8398,2,"Walker,Maria Kelly",1,,,,,,,,,,,,,1,4.000
Fall 2025,PHOP,8398,6,"Ribelayga,Christophe Pierre",1,,,,,,,,,,,,,1,4.000
Fall 2025,PHOP,8698,1,"Yoon,Geunyoung",,1,,,,,,,,,,,,1,3.670
Fall 2025,PHOP,8698,2,"Ostrin,Lisa",1,,,,,,,,,,,,,1,4.000
Fall 2025,PHOP,8698,3,"Patel,Nimesh Bhikhu",1,,,,,,,,,,,,,1,4.000
Fall 2025,PHOP,6567,1,"O'Brien,John",1,,,,,,,,,,,,,1,4.000
Fall 2025,PHOP,6567,2,"Ostrin,Lisa",1,,,,,,,,,,,,,1,4.000
Fall 2025,PHOP,6667,10,"Rump,Rachel",1,,,,,,,,,,,,,1,4.000
Fall 2025,PHOP,6667,3,"Coulson-Thomas,Vivien J",1,,,,,,,,,,,,,1,4.000
Fall 2025,PHOP,6867,1,"Porter,Jason",1,,,,,,,,,,,,,1,4.000
Fall 2025,PHOP,6867,3,"Ferreira,Tarsis Gesteira",1,,,,,,,,,,,,,1,4.000
Fall 2025,PHOP,8198,3,"Ostrin,Lisa",1,,,,,,,,,,,,,1,4.000
Fall 2025,PHOP,8198,4,"Burns,Alan R",1,,,,,,,,,,,,,1,4.000
Fall 2025,PHOP,8399,01,"Yoon,Geunyoung",1,,,,,,,,,,,,,1,4.000
Fall 2025,PHOP,8399,3,"Ribelayga,Christophe Pierre",1,,,,,,,,,,,,,1,4.000
Fall 2025,PHOP,8498,1,"Marsack,Jason",1,,,,,,,,,,,,,1,4.000
Fall 2025,PHOP,8498,2,"Ostrin,Lisa",1,,,,,,,,,,,,,1,4.000
Fall 2025,PHOP,8598,05,"Ribelayga,Christophe Pierre",1,,,,,,,,,,,,,1,4.000
Fall 2025,PHOP,8598,3,"Yoon,Geunyoung",1,,,,,,,,,,,,,1,4.000
Fall 2025,PHOP,8599,3,"Marsack,Jason",1,,,,,,,,,,,,,1,4.000
Fall 2025,PHOP,8599,4,"Ribelayga,Christophe Pierre",1,,,,,,,,,,,,,1,4.000
Fall 2025,PHOP,8898,1,"Ribelayga,Christophe Pierre",1,,,,,,,,,,,,,1,4.000
Fall 2025,PHOP,8898,3,"Rump,Rachel",1,,,,,,,,,,,,,1,4.000
Fall 2025,PHOP,6167,1,"Coates,Daniel R",1,,,,,,,,,,,,,1,4.000
Fall 2025,PHOP,6377,1,"Larin,Kirill",1,,,,,,,,,,,,,1,4.000
Fall 2025,PHOP,6457,3,"Harrison,Wendy W",1,,,,,,,,,,,,,1,4.000
Fall 2025,PHOP,6557,3,"Harrison,Wendy W",1,,,,,,,,,,,,,1,4.000
Fall 2025,PHOP,8298,1,"Della Santina,Luca",1,,,,,,,,,,,,,1,4.000
Fall 2025,PHOP,8499,4,"Ostrin,Lisa",1,,,,,,,,,,,,,1,4.000
Fall 2025,PHOP,8899,1,"Ostrin,Lisa",1,,,,,,,,,,,,,1,4.000
Fall 2025,PHYS,1301,05,"Maric,Sladjana",6,15,34,26,31,16,15,22,1,4,3,9,11,193,2.434
Fall 2025,PHYS,1301,03,"Fan,Wenqing",10,17,17,15,12,17,29,17,15,,,7,29,185,2.002
Fall 2025,PHYS,1301,04,"Portillo Vazquez,Israel",6,9,14,15,10,19,12,23,10,10,9,8,26,171,1.829
Fall 2025,PHYS,1301,02,"Renshaw,Andrew",4,10,11,9,8,19,19,7,6,4,7,,5,109,2.206
Fall 2025,PHYS,1301,01,"Portillo Vazquez,Israel",7,2,7,6,,10,8,8,7,,2,2,12,71,1.888
Fall 2025,PHYS,1301,06,"Wang,Dawei",,2,3,2,2,8,12,5,3,,,3,13,53,1.491
Fall 2025,PHYS,1301,07,"Wang,Dawei",1,2,7,4,1,3,5,9,2,,,3,10,47,1.780
Fall 2025,PHYS,1101,05,"Wood,Lowell T",2,1,4,4,1,4,,4,,1,,1,2,24,2.320
Fall 2025,PHYS,1101,07,"Maric,Sladjana",1,,3,9,5,4,1,1,,,,,,24,2.737
Fall 2025,PHYS,1101,11,"Maric,Sladjana",1,2,4,4,2,5,3,3,,,,,,24,2.612
Fall 2025,PHYS,1101,15,"Wood,Lowell T",,,8,7,2,3,1,2,,,,,1,24,2.570
Fall 2025,PHYS,1101,18,"Maric,Sladjana",,1,5,5,2,5,1,2,,,,,3,24,2.292
Fall 2025,PHYS,1101,20,"Maric,Sladjana",1,6,3,2,1,3,3,3,1,,,,1,24,2.612
Fall 2025,PHYS,1101,22,"Maric,Sladjana",2,,8,,6,5,,1,,1,,1,,24,2.708
Fall 2025,PHYS,1101,23,"Maric,Sladjana",,,11,4,4,3,,1,,,,1,,24,2.722
Fall 2025,PHYS,1101,01,"Wood,Lowell T",,4,2,9,1,1,2,4,,,,,,23,2.726
Fall 2025,PHYS,1101,03,"Wood,Lowell T",,,1,4,6,7,,2,,,,,3,23,2.275
Fall 2025,PHYS,1101,17,"Wood,Lowell T",1,2,1,5,3,2,,6,1,,,,2,23,2.463
Fall 2025,PHYS,1101,21,"Maric,Sladjana",,3,5,4,3,1,1,2,1,1,,,1,22,2.576
Fall 2025,PHYS,1101,09,"Wood,Lowell T",1,1,4,5,4,,,2,1,,1,1,1,21,2.540
Fall 2025,PHYS,1101,13,"Wood,Lowell T",2,,4,3,2,4,,2,,,2,,2,21,2.380
Fall 2025,PHYS,1101,19,"Maric,Sladjana",,1,6,3,2,3,,3,,,,,3,21,2.349
Fall 2025,PHYS,1101,02,"Maric,Sladjana",1,,5,3,1,2,,3,,,1,,,16,2.666
Fall 2025,PHYS,1101,04,"Wood,Lowell T",1,,2,1,3,3,,2,,,,,4,16,2.083
Fall 2025,PHYS,1101,06,"Wood,Lowell T",1,,4,5,,1,,2,,,,,3,16,2.251
Fall 2025,PHYS,1101,12,"Maric,Sladjana",1,1,1,6,4,1,2,,,,,,,16,2.834
Fall 2025,PHYS,1101,16,"Maric,Sladjana",,,2,12,1,,,1,,,,,,16,2.731
Fall 2025,PHYS,1101,08,"Wood,Lowell T",1,,1,3,3,4,1,1,,,,,1,15,2.467
Fall 2025,PHYS,1101,14,"Wood,Lowell T",,,5,1,2,1,,2,1,1,,,1,14,2.333
Fall 2025,PHYS,1101,10,"Maric,Sladjana",1,,2,4,1,2,1,2,,,,,,13,2.642
Fall 2025,PHYS,2325,01,"Deng,Liangzi",19,18,40,,39,8,,,9,,,9,27,169,2.467
Fall 2025,PHYS,2325,05,"Chen,Xiaojia",6,9,19,35,15,35,,,11,,,6,14,150,2.256
Fall 2025,PHYS,2325,03,"Portillo Vazquez,Israel",8,3,3,9,5,13,12,5,5,,11,15,32,121,1.405
Fall 2025,PHYS,2326,01,"Forrest,Rebecca L",21,3,30,,15,48,21,8,9,6,,6,16,183,2.173
Fall 2025,PHYS,2326,03,"Varghese,Oomman K",26,6,15,13,9,33,5,33,2,,5,4,20,171,2.313
Fall 2025,PHYS,2326,05,"Forrest,Rebecca L",11,,15,1,,8,2,,,,,1,3,41,2.708
Fall 2025,PHYS,2326,09,"Su,Wu-Pei",1,4,4,,1,,1,,2,,,1,6,20,1.884
Fall 2025,PHYS,1302,04,"Schmookler,Barak Abraham",39,9,6,6,15,10,12,17,8,,,4,7,133,2.712
Fall 2025,PHYS,1302,03,"Vovchenko,Volodymyr",34,4,4,7,10,10,17,10,7,4,6,5,11,129,2.357
Fall 2025,PHYS,1302,01,"Curran,Seamus A",37,6,5,7,12,11,5,3,4,2,3,5,9,109,2.664
Fall 2025,PHYS,1302,02,"Cardoso Barato,Andre",10,4,2,,2,6,1,2,,,2,,5,34,2.598
Fall 2025,PHYS,1102,01,"Maric,Sladjana",1,1,4,9,3,1,1,1,1,,,,2,24,2.529
Fall 2025,PHYS,1102,04,"Maric,Sladjana",,2,8,,1,2,4,4,,,,,2,23,2.377
Fall 2025,PHYS,1102,05,"Maric,Sladjana",1,1,3,8,4,5,,1,,,,,,23,2.769
Fall 2025,PHYS,1102,09,"Maric,Sladjana",,1,7,4,2,2,2,4,,,,,1,23,2.551
Fall 2025,PHYS,1102,11,"Wood,Lowell T",3,2,2,5,3,2,2,2,1,,,,1,23,2.682
Fall 2025,PHYS,1102,12,"Wood,Lowell T",,1,1,7,7,2,1,2,1,,,,1,23,2.609
Fall 2025,PHYS,1102,06,"Wood,Lowell T",2,,3,4,2,1,1,7,,1,,,1,22,2.500
Fall 2025,PHYS,1102,07,"Wood,Lowell T",1,1,4,9,1,1,,1,,,,3,1,22,2.335
Fall 2025,PHYS,1102,13,"Wood,Lowell T",,1,1,7,3,2,2,4,,,,,2,22,2.364
Fall 2025,PHYS,1102,14,"Maric,Sladjana",1,2,,9,1,1,,7,1,,,,,22,2.637
Fall 2025,PHYS,1102,03,"Wood,Lowell T",1,,2,4,3,2,,6,,,,,3,21,2.317
Fall 2025,PHYS,1102,08,"Maric,Sladjana",2,,7,4,2,3,,1,,,2,,,21,2.730
Fall 2025,PHYS,1102,10,"Wood,Lowell T",,1,7,5,1,5,,2,,,,,,21,2.667
Fall 2025,PHYS,1102,15,"Wood,Lowell T",1,1,2,5,3,1,1,6,,,,,1,21,2.603
Fall 2025,PHYS,1102,02,"Maric,Sladjana",1,1,5,3,1,2,2,5,,,,,,20,2.650
Fall 2025,PHYS,1304,01,"Li,Liming",59,60,30,18,46,8,2,6,,,,,7,236,3.308
Fall 2025,PHYS,2126,02,"Wood,Lowell T",1,4,3,4,3,1,1,5,,,,1,1,24,2.653
Fall 2025,PHYS,2126,05,"Wood,Lowell T",3,,6,2,4,5,1,3,,,,,,24,2.805
Fall 2025,PHYS,2126,06,"Wood,Lowell T",4,4,1,3,3,4,2,3,,,,,,24,2.917
Fall 2025,PHYS,2126,04,"Maric,Sladjana",1,3,1,7,3,1,,4,,,,1,2,23,2.522
Fall 2025,PHYS,2126,07,"Wood,Lowell T",2,1,4,8,1,,2,4,,,,,1,23,2.653
Fall 2025,PHYS,2126,03,"Maric,Sladjana",3,3,1,5,2,2,2,2,,,,,1,21,2.763
Fall 2025,PHYS,2125,01,"Wood,Lowell T",,4,3,6,,,,5,,,2,,4,24,2.250
Fall 2025,PHYS,2125,02,"Wood,Lowell T",,,5,7,5,1,,3,,,1,,1,23,2.637
Fall 2025,PHYS,2125,03,"Maric,Sladjana",,1,4,10,2,,,,,1,1,,3,22,2.320
Fall 2025,PHYS,2125,05,"Maric,Sladjana",,2,5,6,2,2,,2,,,1,1,1,22,2.500
Fall 2025,PHYS,2125,06,"Maric,Sladjana",1,1,2,4,5,4,,1,1,,,1,2,22,2.379
Fall 2025,PHYS,2125,04,"Maric,Sladjana",1,,8,3,2,1,2,1,,,,1,2,21,2.397
Fall 2025,PHYS,1303,01,"Bellwied,Rene",16,6,10,7,9,10,7,7,6,,2,1,18,99,2.236
Fall 2025,PHYS,3315,01,"Miller,John H",21,9,4,1,4,1,1,,,,1,,,42,3.572
Fall 2025,PHYS,6319,01,"Papaj,Michal",4,4,6,3,7,,,,1,,,,1,26,3.115
Fall 2025,PHYS,6315,01,"Koerner,Lisa Whitehead",9,5,3,2,3,,,,1,,,,,23,3.464
Fall 2025,PHYS,6313,01,"Gunaratne,Gemunu",5,5,4,,7,,,,1,,,,,22,3.394
Fall 2025,PHYS,3309,01,"Wood,Lowell T",4,1,,2,2,3,4,2,1,,,,2,21,2.381
Fall 2025,PHYS,3313,01,"Forrest,Rebecca L",10,,4,,2,3,1,,,,,,,20,3.317
Fall 2025,PHYS,3110,01,"Forrest,Rebecca L",14,2,1,,,1,,,,,,,,18,3.797
Fall 2025,PHYS,3316,01,"Ordonez,Carlos",8,1,,1,2,1,,2,,,1,,2,18,2.944
Fall 2025,PHYS,4321,01,"Weglein,Arthur B",9,4,2,,2,1,,,,,,,,18,3.630
Fall 2025,PHYS,4356,01,"Cherdack,Daniel David",3,3,3,1,1,1,,,1,,,1,1,15,2.734
Fall 2025,PHYS,3214,01,"Das,Mini",1,3,,2,4,,,,,,,,,10,3.367
Fall 2025,PHYS,4421,01,"Freelon,Byron Kendall",9,,,,,1,,,,,,,,10,3.800
Fall 2025,PHYS,4360,01,"Bering,Edgar A",6,,2,,1,,,,,,,,,9,3.703
Fall 2025,PHYS,6365,01,"Ting,Chin Sen",2,1,1,,5,,,,,,,,,9,3.480
Fall 2025,PHYS,8399,13,"Freelon,Byron Kendall",2,,,,,,,,,,,,,2,4.000
Fall 2025,PHYS,8399,21,"Koerner,Lisa Whitehead",2,,,,,,,,,,,,,2,4.000
Fall 2025,PHYS,8399,06,"Cherdack,Daniel David",1,,,,,,,,,,,,,1,4.000
Fall 2025,PHYS,8399,18,"Hosur,Pavan R",1,,,,,,,,,,,,,1,4.000
Fall 2025,PHYS,8399,40,"Varghese,Oomman K",1,,,,,,,,,,,,,1,4.000
Fall 2025,PHYS,8399,50,"Bose,Anima B",1,,,,,,,,,,,,,1,4.000
Fall 2025,PHYS,7397,01,"Bittner,Eric R",7,,,,,,,,,,,,,7,4.000
Fall 2025,PHYS,6378,01,"Morrison,Gregory C",4,1,1,,,,,,,,,,,6,3.778
Fall 2025,PHYS,4340,03,"Ekeoba,Jacqueline Njideka",3,,,,,,,,,,,,,3,4.000
Fall 2025,PHYS,4340,05,"Ekeoba,Jacqueline Njideka",1,,,,,,,,,,,,,1,4.000
Fall 2025,PHYS,7350,01,"Bassler,Kevin E",4,,,,,,,,,,,,,4,4.000
Fall 2025,PHYS,4398,02,"Miller,John H",2,,,,,,,,,,,,,2,4.000
Fall 2025,PHYS,4398,03,"Gunaratne,Gemunu",1,,,,,,,,,,,,,1,4.000
Fall 2025,PHYS,4298,01,"Miller,John H",1,,,,,,,,,,,,,1,4.000
Fall 2025,PHYS,8999,25,"Ratti,Claudia",1,,,,,,,,,,,,,1,4.000
Fall 2025,POLC,3313,1,"Williams,Brandon",18,7,1,,,,,1,2,,,,1,30,3.501
Fall 2025,POLC,3313,2,"Reikosky,Nora",4,3,3,2,2,,,,,,,,,14,3.429
Fall 2025,POLC,1311,1,"Williams,Brandon",4,6,1,2,3,2,1,,,,,,,19,3.264
Fall 2025,POLC,1311,2,"Williams,Brandon",8,3,1,,,,,,,,,2,,14,3.286
Fall 2025,POLC,2312,1,"Heath,Katelyn",3,1,5,3,2,2,,1,,,,,2,19,2.719
Fall 2025,POLC,2312,2,"Heath,Katelyn",2,2,,1,2,,,3,,,,,1,11,2.878
Fall 2025,POLC,6312,1,"Obregon,Alexander Wade",17,10,,,,,,,,,,,,27,3.878
Fall 2025,POLC,6311,2,"Witt,Lawrence A",25,,,1,,,,,,,,,,26,3.949
Fall 2025,POLC,6313,1,"Wong,Man Chiu",11,3,7,,3,1,,,,,,,1,26,3.385
Fall 2025,POLC,6314,1,"Vallejo,Agustin",22,3,,,1,,,,,,,,,26,3.936
Fall 2025,POLC,4390,1,"Cross,Renee Danielle",14,1,2,3,2,,1,,,1,,1,,25,3.307
Fall 2025,POLC,6316,1,"Atsusaka,Yuki",10,6,2,2,1,2,,,,,,,1,24,3.362
Fall 2025,POLC,6331,1,"Engster,Daniel A",9,5,1,5,1,,,2,,,,,,23,3.421
Fall 2025,POLC,3314,1,"Witt,Lawrence A",18,,1,1,,,,,,,,2,,22,3.530
Fall 2025,POLC,3315,1,"Gottlieb,Jessica Anne",3,4,1,1,,2,,2,1,1,1,2,1,19,2.316
Fall 2025,POLC,3341,1,"Bronk,Robert C",7,4,2,,,,,,,,,,,13,3.745
Fall 2025,POLC,4325,1,"Atsusaka,Yuki",7,1,,1,3,,,,,,,,1,13,3.410
Fall 2025,POLC,4323,1,"Yuasa,Toshiyuki",3,,,2,1,1,2,,,3,,,,12,2.335
Fall 2025,POLC,6391,1,"Koelling,Peter",4,1,,,1,,,,,,,,,6,3.833
Fall 2025,POLC,4398,1,"Cross,Renee Danielle",2,,,,,,,,,,,1,,3,2.667
Fall 2025,POLC,4397,2,"Koelling,Peter",,1,,,1,,,,,,,,,2,3.500
Fall 2025,POLS,3313,01,"Chatagnier,John Tyson",34,14,10,4,18,3,5,8,,1,,2,1,100,3.217
Fall 2025,POLS,3313,02,"Fox,Amos Carl",9,13,6,,1,2,,4,2,,,3,,40,3.009
Fall 2025,POLS,3313,03,"Zwald,Zachary J",17,9,3,2,1,1,1,1,,,1,,4,40,3.151
Fall 2025,POLS,3312,01,"Ollerenshaw,Trent",13,6,5,3,7,1,,2,1,,,,2,40,3.200
Fall 2025,POLS,3312,02,"Allamong,Maxwell Bennett",17,9,4,3,3,1,,1,,1,,,1,40,3.401
Fall 2025,POLS,3312,03,"Austin,Amanda T",19,1,3,3,6,1,,2,1,,,3,1,40,3.108
Fall 2025,POLS,3312,04,"Kim,Hyeongmyeong",4,1,2,4,4,2,1,4,3,,1,9,3,38,1.816
Fall 2025,POLS,3310,02,"Ridge,Martin",11,5,5,3,3,2,4,1,,,,2,2,38,2.852
Fall 2025,POLS,3310,03,"Freed,Joshua",8,7,9,7,4,,,,,,,1,2,38,3.071
Fall 2025,POLS,3310,04,"Sack,Anton",24,12,,1,,,,,,,,,,37,3.857
Fall 2025,POLS,3310,50,"Cooper,Carol B",9,7,2,1,3,,,,,,,,3,25,3.214
Fall 2025,POLS,3311,02,"Pineda,Paula C",10,16,2,,6,3,,1,,,1,1,,40,3.359
Fall 2025,POLS,3311,01,"Bagashka,Tanya G",10,2,3,4,3,2,3,8,,,,3,1,39,2.684
Fall 2025,POLS,3311,03,"Aleman,Eduardo",9,6,4,3,3,3,1,3,1,1,,4,1,39,2.676
Fall 2025,POLS,3316,02,"Basinger,Scott J",14,8,8,2,5,1,,,,,,,2,40,3.334
Fall 2025,POLS,3316,03,"Basinger,Scott J",15,6,5,1,5,2,,,,,,1,3,38,3.167
Fall 2025,POLS,3316,01,"Zhu,Ling",5,1,,4,5,,3,1,1,,,3,11,34,1.745
Fall 2025,POLS,3349,2,"Freed,Joshua",9,5,5,6,1,,2,3,,,1,1,6,39,2.573
Fall 2025,POLS,3349,50,"Gish,Dustin",8,9,1,,5,,,,,,,,1,24,3.528
Fall 2025,POLS,3309,01,"Ozsut,Melda",39,3,,,,,,1,,,,,,43,3.938
Fall 2025,POLS,3322,01,"Aleman,Eduardo",6,3,9,5,5,1,4,5,,,2,,1,41,2.805
Fall 2025,POLS,3319,01,"Shor,Boris",5,5,2,6,3,3,3,2,2,1,3,3,2,40,2.317
Fall 2025,POLS,3340,01,"Ridge,Martin",13,11,5,3,1,2,1,2,,,,1,1,40,3.226
Fall 2025,POLS,3344,01,"Littlepage,Kelley G",5,2,6,7,5,,,1,1,,,,13,40,2.100
Fall 2025,POLS,3346,01,"Fleming II,Robert B.",5,16,7,3,9,,,,,,,,,40,3.443
Fall 2025,POLS,3365,01,"Allamong,Maxwell Bennett",19,9,4,1,3,,,1,,,,2,1,40,3.401
Fall 2025,POLS,3369,1,"Rottinghaus,Brandon J",5,6,4,9,6,,2,3,,,2,3,,40,2.776
Fall 2025,POLS,3390,01,"Sims,Nancy Lou",20,4,7,,4,2,,,,,,1,2,40,3.325
Fall 2025,POLS,3318,01,"Cortina,Jeronimo",28,2,1,2,2,,,,,,,2,2,39,3.445
Fall 2025,POLS,3331,01,"Heinrich,Tobias",10,6,2,3,7,3,,6,,,,,2,39,3.059
Fall 2025,POLS,3336,1,"Vardy,Ronald V",22,6,3,2,2,1,,1,,1,,,1,39,3.488
Fall 2025,POLS,3360,1,"Archer,Allison Michelle Nam",8,13,8,2,5,,3,,,,,,,39,3.352
Fall 2025,POLS,3366,01,"Cole,Jeffrey Bryan",1,3,5,8,8,4,1,2,,,,3,4,39,2.368
Fall 2025,POLS,3387,01,"Contractor,Cyrus Ali",9,6,9,3,4,3,1,1,,,,1,2,39,2.983
Fall 2025,POLS,3345,01,"Abbott Jr,Kenneth Wayne",18,6,5,2,5,,,,,,,,2,38,3.448
Fall 2025,POLS,3397,1,"Guerra,Cristina",13,6,3,2,4,1,2,2,,1,,,2,36,3.121
Fall 2025,POLS,3381,01,"Austin,Amanda T",23,2,1,,3,1,1,1,,,,1,2,35,3.381
Fall 2025,POLS,4396,1,"Lubotzky,Asher",20,3,2,1,2,,1,1,1,1,,,,32,3.500
Fall 2025,POLS,3333,1,"Kharmats,Polina Gennadievna",24,4,,,2,,,,,,,,1,31,3.785
Fall 2025,POLS,3352,50,"Belco,Michelle Helene",26,1,,,,,,,,,,,,27,3.988
Fall 2025,POLS,3395,1,"Spranger,Avery",17,,3,,,4,,,1,,,,,25,3.440
Fall 2025,POLS,4390,01,"Cross,Renee Danielle",23,,1,,,,,,,,,,1,25,3.800
Fall 2025,POLS,3393,1,"Spranger,Avery",21,,,,,,,,,,,,,21,4.000
Fall 2025,POLS,6369,1,"Rottinghaus,Brandon J",6,6,,,1,,,,,,,,,13,3.796
Fall 2025,POLS,6308,1,"Bagashka,Tanya G",5,5,,,1,,,,,,,,,11,3.789
Fall 2025,POLS,6318,1,"Cortina,Jeronimo",6,5,,,,,,,,,,,,11,3.850
Fall 2025,POLS,6380,01,"Ollerenshaw,Trent",7,2,1,,1,,,,,,,,,11,3.788
Fall 2025,POLS,6389,1,"Basinger,Scott J",7,2,,,1,,,,,,,,,10,3.867
Fall 2025,POLS,6382,01,"Zhu,Ling",7,1,,,1,,,,,,,,,9,3.889
Fall 2025,POLS,4398,1,"Cross,Renee Danielle",6,,,,,,,,,,,,1,7,3.429
Fall 2025,POLS,6340,1,"Nathan,Charles",7,,,,,,,,,,,,,7,4.000
Fall 2025,POLS,6344,01,"Scarrow,Susan E",6,,,,,,,,,,,,,6,4.000
Fall 2025,POLS,6313,1,"Heinrich,Tobias",4,,,,1,,,,,,,,,5,3.866
Fall 2025,POLS,6331,1,"Tiede,Lydia B",1,1,1,1,1,,,,,,,,,5,3.334
Fall 2025,POLS,4391,01,"Davis,Jenna",2,,,,,,,,,,,,,2,4.000
Fall 2025,POLS,3399,03,"LeVeaux,Christine",1,,,,,,,,,,,,,1,4.000
Fall 2025,POLS,6398,01,"Freed,Joshua",1,,,,,,,,,,,,,1,4.000
Fall 2025,POPH,2300,1,"Bruce,Marino A",1,4,1,,2,,,,,,,1,2,11,2.576
Fall 2025,PSYC,2301,01,"Agan,Herb W",106,44,26,18,26,5,6,4,3,,1,4,3,246,3.381
Fall 2025,PSYC,2301,02,"Agan,Herb W",138,35,15,6,16,4,1,2,,,,7,2,226,3.580
Fall 2025,PSYC,2301,04,"Grossberg,Ivy Rae",68,3,4,1,1,2,,,,,,1,,80,3.813
Fall 2025,PSYC,2301,09,"Babalola,Olusegun",26,14,8,7,9,4,4,3,,,3,,2,80,3.171
Fall 2025,PSYC,2301,10,"Armenti,Nicholas Anthony",57,1,4,7,1,1,1,3,,,,4,1,80,3.454
Fall 2025,PSYC,2301,06,"Saiyed,Amna Shabbir",62,5,,4,5,1,,1,,,,1,,79,3.772
Fall 2025,PSYC,2301,08,"Babalola,Olusegun",37,11,7,1,7,3,,2,2,,4,4,1,79,3.207
Fall 2025,PSYC,2301,12,"Armenti,Nicholas Anthony",57,1,2,7,,2,1,4,2,,,2,1,79,3.460
Fall 2025,PSYC,2301,05,"Ayers,Zachary Scott",61,9,3,1,2,1,,,,,,,1,78,3.812
Fall 2025,PSYC,2301,03,"Jaramillo,Kristen",45,7,7,1,6,3,2,3,1,1,,,1,77,3.472
Fall 2025,PSYC,2301,11,"Armenti,Nicholas Anthony",60,3,2,6,,1,,,,,2,2,1,77,3.606
Fall 2025,PSYC,2301,50,"Saiyed,Amna Shabbir",21,5,,,1,,,,,,,1,,28,3.774
Fall 2025,PSYC,2301,51,"Saiyed,Amna Shabbir",21,6,,1,,,,,,,,,,28,3.882
Fall 2025,PSYC,2317,07,"Le,Giang Xuan",57,7,4,3,5,1,1,2,,,,,,80,3.734
Fall 2025,PSYC,2317,12,"Vahedi,Meisam",61,1,6,2,4,1,1,,2,,,1,1,80,3.625
Fall 2025,PSYC,2317,13,"Vahedi,Meisam",61,,8,1,,3,,2,1,,,2,2,80,3.529
Fall 2025,PSYC,2317,14,"Saiyed,Amna Shabbir",40,16,10,2,5,,2,2,,,1,1,1,80,3.501
Fall 2025,PSYC,2317,08,"Daly,Emily E",58,,7,,,9,,,,,,2,3,79,3.430
Fall 2025,PSYC,2317,06,"Pestilos,Cristy Cajeda",34,13,8,2,11,5,,3,1,,,,1,78,3.432
Fall 2025,PSYC,2317,09,"Nault,Evan Olivia-Arline",22,15,10,5,8,1,2,2,,1,2,1,9,78,2.902
Fall 2025,PSYC,2317,11,"Vahedi,Meisam",67,,4,,2,1,2,1,,,,,1,78,3.773
Fall 2025,PSYC,2317,10,"Vahedi,Meisam",70,1,,,2,,,1,,,,2,1,77,3.801
Fall 2025,PSYC,2317,02,"Steinberg,Lynne",10,,7,,,4,,,6,,,3,14,44,1.705
Fall 2025,PSYC,2317,01,"Steinberg,Lynne",3,,8,,,8,,,2,,,5,17,43,1.256
Fall 2025,PSYC,2317,04,"Mehta,Paras D",5,,3,3,,2,4,2,5,,2,1,3,30,2.000
Fall 2025,PSYC,2317,03,"Mehta,Paras D",2,,2,2,,2,1,2,1,3,2,10,2,29,1.219
Fall 2025,PSYC,2317,05,"Mehta,Paras D",3,3,5,2,1,2,2,4,1,,,4,2,29,2.219
Fall 2025,PSYC,2305,13,"Vahedi,Meisam",52,6,3,1,9,2,2,,2,,,1,2,80,3.513
Fall 2025,PSYC,2305,19,"Harlan,Pamela Kay",66,9,4,,,,,,,,,1,,80,3.863
Fall 2025,PSYC,2305,21,"Harlan,Pamela Kay",59,6,2,,2,2,2,1,,,2,4,,80,3.538
Fall 2025,PSYC,2305,05,"Senger,Amy",51,3,3,2,4,,3,4,,1,,1,7,79,3.262
Fall 2025,PSYC,2305,08,"Laughlin,Haley Marie",40,12,5,3,7,1,1,3,1,,,4,2,79,3.317
Fall 2025,PSYC,2305,11,"Baltes,Hannah G",55,8,1,1,2,,,1,,,,4,7,79,3.342
Fall 2025,PSYC,2305,15,"Vahedi,Meisam",52,10,2,4,5,3,1,,,,,,,77,3.710
Fall 2025,PSYC,2305,23,"Avci,Gunes",25,9,14,5,9,3,1,2,,2,2,3,2,77,3.048
Fall 2025,PSYC,2305,17,"Vahedi,Meisam",46,12,2,3,6,1,,3,2,,,,1,76,3.592
Fall 2025,PSYC,2316,01,"Inman,Tonya N",23,15,7,5,8,7,2,2,1,,3,2,3,78,3.013
Fall 2025,PSYC,2316,02,"Shah,Tanya Vikram",27,14,6,5,12,2,2,4,,,,2,3,77,3.212
Fall 2025,PSYC,2316,05,"Quadri,Tobiloba",22,16,11,5,11,3,3,2,2,,,,2,77,3.213
Fall 2025,PSYC,2316,04,"Ge,Jacqueline L",56,4,3,5,5,1,,1,,,,,,75,3.760
Fall 2025,PSYC,2316,09,"Snead,Alexandra L",53,8,4,3,2,2,,,,,1,,,73,3.745
Fall 2025,PSYC,2316,10,"Snead,Alexandra L",48,10,3,4,2,2,,1,,,,2,1,73,3.580
Fall 2025,PSYC,2316,03,"Snyder,Anna G",47,7,4,2,4,2,1,,,,,2,,69,3.623
Fall 2025,PSYC,2316,08,"Harlan,Pamela Kay",23,14,5,1,9,2,,1,,,,2,2,59,3.345
Fall 2025,PSYC,2316,06,"Damian,Rodica Ioana",20,12,3,,5,2,1,3,1,,1,,2,50,3.294
Fall 2025,PSYC,2316,07,"Damian,Rodica Ioana",14,10,4,5,8,2,1,2,,1,1,1,1,50,3.140
Fall 2025,PSYC,4344,01,"Cotton,Mallory R",61,,5,,9,,,,,,,2,3,80,3.612
Fall 2025,PSYC,4344,02,"Phillips,Morgan",68,,4,,4,,,,1,,,1,2,80,3.729
Fall 2025,PSYC,4344,03,"Murphy,Elijah Rayvon",78,,,,,,,1,,,,1,,80,3.929
Fall 2025,PSYC,4344,05,"Haddad,Sana",25,13,14,2,8,7,2,2,2,,2,3,,80,3.104
Fall 2025,PSYC,4344,04,"Rodarte,Evelyn Dianne",2,3,17,19,9,5,4,10,2,,2,3,3,79,2.473
Fall 2025,PSYC,4344,06,"Haddad,Sana",33,8,14,3,5,5,,,4,1,2,4,,79,3.106
Fall 2025,PSYC,4344,07,"Haddad,Sana",37,9,12,1,5,5,,5,,2,,2,1,79,3.283
Fall 2025,PSYC,4344,08,"Haddad,Sana",21,10,10,2,5,3,,3,1,1,,2,2,60,3.123
Fall 2025,PSYC,4344,09,"Kilani,Mohamed Hechmi",16,1,,,1,1,,,,,,1,,20,3.650
Fall 2025,PSYC,2330,04,"Lopez,Mariana Selene",41,18,3,3,10,,,1,,2,1,,1,80,3.567
Fall 2025,PSYC,2330,02,"Little,Kaitlyn Marie",33,9,13,5,9,1,,2,,1,,1,5,79,3.224
Fall 2025,PSYC,2330,03,"Jackson,Lillian Reed",24,23,7,7,10,,,5,,,,2,1,79,3.355
Fall 2025,PSYC,2330,08,"Khafizova,Galina",50,12,4,2,3,1,,1,,,,4,2,79,3.490
Fall 2025,PSYC,2330,01,"Leasure,Jennifer Leigh",8,6,19,12,15,7,,2,1,,,6,1,77,2.762
Fall 2025,PSYC,2330,06,"Franklin,Brooke",24,19,7,7,5,1,4,1,,1,2,3,2,76,3.111
Fall 2025,PSYC,2330,05,"Gomez,Elliott Michael",23,12,3,12,8,3,5,2,3,,,4,,75,3.010
Fall 2025,PSYC,2330,07,"Khafizova,Galina",17,10,2,,5,,,1,,,1,4,,40,3.275
Fall 2025,PSYC,3310,06,"Thomas,Kalifa Nailah",55,,7,,9,1,,2,1,,1,1,3,80,3.500
Fall 2025,PSYC,3310,08,"Babalola,Olusegun",32,22,3,2,9,3,1,1,,,2,3,2,80,3.321
Fall 2025,PSYC,3310,09,"Babalola,Olusegun",23,12,8,2,7,4,3,2,3,1,1,6,5,77,2.745
Fall 2025,PSYC,3310,03,"Hsu,Chia-Hao",59,1,3,1,2,1,,,,,1,3,5,76,3.439
Fall 2025,PSYC,3310,04,"Ortega,Alyssa",33,,10,,11,8,,4,4,,1,1,4,76,3.017
Fall 2025,PSYC,3310,05,"Mehta,Nandini M",52,,9,,6,5,,1,,,,1,,74,3.612
Fall 2025,PSYC,3310,07,"Reyes,Denise Lucia",40,,4,,10,1,,1,,,2,,1,59,3.598
Fall 2025,PSYC,3310,01,"Babalola,Olusegun",36,6,6,2,2,1,,,,,,1,3,57,3.474
Fall 2025,PSYC,2319,04,"Boada,Cristina Elise",56,8,3,,5,1,1,1,1,,1,1,2,80,3.592
Fall 2025,PSYC,2319,05,"Harlan,Pamela Kay",41,17,6,2,5,2,1,,,,,2,2,78,3.488
Fall 2025,PSYC,2319,07,"Saiyed,Amna Shabbir",55,6,7,3,3,1,,1,1,,,1,,78,3.671
Fall 2025,PSYC,2319,08,"Armenti,Nicholas Anthony",42,12,5,6,3,2,,5,,1,,2,,78,3.453
Fall 2025,PSYC,2319,09,"Armenti,Nicholas Anthony",43,6,5,5,2,1,1,3,3,2,1,5,1,78,3.146
Fall 2025,PSYC,2319,03,"Amarneh,Dania Y",51,11,6,,5,2,2,,,,,,,77,3.719
Fall 2025,PSYC,2319,02,"Fetterman,Adam Kent",9,5,12,4,3,6,3,1,3,,2,,3,51,2.667
Fall 2025,PSYC,2319,01,"Fetterman,Adam Kent",1,3,13,4,3,5,2,5,,,1,1,2,40,2.525
Fall 2025,PSYC,3350,03,"Racioppo,Keith",36,16,10,3,9,2,1,,,,1,,1,79,3.515
Fall 2025,PSYC,3350,04,"Paredes Raquel,Sara Abigail",49,18,5,,5,1,,,,,,,,78,3.791
Fall 2025,PSYC,3350,05,"Harlan,Pamela Kay",31,23,8,1,6,3,,2,,,,,,74,3.591
Fall 2025,PSYC,3350,06,"Harlan,Pamela Kay",24,26,4,1,13,2,1,2,,,1,,,74,3.528
Fall 2025,PSYC,3350,07,"Xu,Yinan",31,9,6,3,4,3,,2,,,,5,1,64,3.235
Fall 2025,PSYC,3350,01,"Yoshida,Hanako",34,9,3,4,8,,,1,,1,,,,60,3.639
Fall 2025,PSYC,3350,08,"Saiyed,Amna Shabbir",27,10,9,1,8,1,,1,1,,,1,,59,3.497
Fall 2025,PSYC,3350,02,"Yoshida,Hanako",36,10,1,3,5,1,,1,,,,,1,58,3.667
Fall 2025,PSYC,4363,01,"Vieira,Alyssa Marie",27,11,13,6,10,5,1,3,,,,2,2,80,3.192
Fall 2025,PSYC,4363,02,"Wall,Juliana",44,22,3,2,5,1,1,1,,,,,,79,3.718
Fall 2025,PSYC,4363,03,"Bautista,Ashley",42,21,4,2,5,3,,1,,,,,1,79,3.638
Fall 2025,PSYC,4363,06,"Salentine,Cassidy",30,19,6,,12,4,2,1,,,,1,3,78,3.351
Fall 2025,PSYC,3331,01,"Pathak,Neha",31,,24,,10,3,,2,1,,3,4,1,79,3.101
Fall 2025,PSYC,3331,02,"Snead,Alexandra L",27,24,6,1,13,2,1,1,,,,1,,76,3.527
Fall 2025,PSYC,3331,03,"Snead,Alexandra L",30,17,10,3,7,2,1,3,1,,1,1,,76,3.404
Fall 2025,PSYC,3339,01,"Szafranski,Derek D",28,4,12,6,6,3,3,4,,4,,2,5,77,2.879
Fall 2025,PSYC,3339,02,"Szafranski,Derek D",13,13,17,4,6,6,2,8,1,,,5,2,77,2.810
Fall 2025,PSYC,3339,03,"Szafranski,Derek D",15,16,4,7,5,7,3,5,,1,1,5,8,77,2.581
Fall 2025,PSYC,3335,01,"Anderson,Jill Annette",44,15,2,1,7,,,,,,,1,,70,3.758
Fall 2025,PSYC,3335,02,"Anderson,Jill Annette",42,21,1,,6,,,,,,,,,70,3.829
Fall 2025,PSYC,3335,03,"Anderson,Jill Annette",33,20,7,3,7,,,,,,,,,70,3.682
Fall 2025,PSYC,3347,01,"Anderson,Jill Annette",32,18,3,3,11,,,,,,,1,2,70,3.539
Fall 2025,PSYC,3347,03,"Anderson,Jill Annette",17,29,8,4,11,,,1,,,,,,70,3.544
Fall 2025,PSYC,3347,02,"Anderson,Jill Annette",25,21,6,1,12,2,1,,,,,,,68,3.579
Fall 2025,PSYC,2308,02,"Miller,Brittany Maleia",28,12,4,9,11,1,,4,1,1,,4,4,79,3.059
Fall 2025,PSYC,2308,01,"Perkovich,Elizabeth Susan",63,2,1,1,2,1,1,5,,,1,1,,78,3.696
Fall 2025,PSYC,4354,02,"Dobrynin,Pavel",29,5,4,6,8,2,,3,3,1,1,8,6,76,2.697
Fall 2025,PSYC,4354,01,"Leasure,Jennifer Leigh",4,4,9,6,5,2,1,8,1,,,1,2,43,2.690
Fall 2025,PSYC,4354,03,"Dobrynin,Pavel",3,,8,,,1,1,,1,,,1,2,17,2.392
Fall 2025,PSYC,4397,03,"Jou,Yu-wen Aka Cynthia",9,11,4,11,9,5,8,8,,,2,2,,69,2.788
Fall 2025,PSYC,4397,01,"Hernandez,Arturo E",28,,,,,1,,,,,,,3,32,3.563
Fall 2025,PSYC,4343,02,"Tamber-Rosenau,Benjamin J",6,5,7,10,5,4,2,2,,,,2,4,47,2.611
Fall 2025,PSYC,4343,01,"Tamber-Rosenau,Benjamin J",8,3,9,5,4,4,,6,1,,,1,4,45,2.659
Fall 2025,PSYC,3338,01,"Snead,Alexandra L",47,19,,,7,1,,,1,1,1,,1,78,3.667
Fall 2025,PSYC,2320,01,"Harlan,Pamela Kay",31,23,5,3,6,1,,1,1,1,,,3,75,3.432
Fall 2025,PSYC,2307,01,"Martin,Rebecca B",30,9,10,2,11,2,2,3,2,,,,2,73,3.306
Fall 2025,PSYC,3334,01,"Capuozzo,Kristen Irene",15,4,6,4,9,3,,5,1,,,1,,48,3.166
Fall 2025,PSYC,4371,01,"Brummel,Bradley James",25,3,2,1,1,,,,,,,,1,33,3.728
Fall 2025,PSYC,4355,01,"Williams,Michael W",16,2,5,2,1,,,1,,,1,1,,29,3.402
Fall 2025,PSYC,6338,01,"Knee,Clifford R",10,17,,,,,,,,,,,,27,3.792
Fall 2025,PSYC,6300,01,"Lai,Keke",15,3,4,,3,1,,,,,,,,26,3.654
Fall 2025,PSYC,7342,01,"Williams,Michael W",16,,1,,2,,,,,,,,,19,3.877
Fall 2025,PSYC,4398,02,"Zvolensky,Michael J",5,,,,,,,,,,,,,5,4.000
Fall 2025,PSYC,4398,06,"Borjon,Jeremy Isaac",3,,,,,,,,,,,,,3,4.000
Fall 2025,PSYC,4398,03,"Derrick,Jaye L",2,,,,,,,,,,,,,2,4.000
Fall 2025,PSYC,4398,01,"Bick,Johanna R",1,,,,,,,,,,,,,1,4.000
Fall 2025,PSYC,4398,04,"Neighbors,Clayton T",1,,,,,,,,,,,,,1,4.000
Fall 2025,PSYC,4398,05,"Knee,Clifford R",1,,,,,,,,,,,,,1,4.000
Fall 2025,PSYC,4398,07,"Hernandez,Arturo E",1,,,,,,,,,,,,,1,4.000
Fall 2025,PSYC,4398,08,"Sabat,Isaac Emmanuel",1,,,,,,,,,,,,,1,4.000
Fall 2025,PSYC,4398,09,"Fetterman,Adam Kent",1,,,,,,,,,,,,,1,4.000
Fall 2025,PSYC,4398,10,"Kieffer,Suzanne C",1,,,,,,,,,,,,,1,4.000
Fall 2025,PSYC,8399,01,"Sharp,Carla",3,,,,,,,,,,,,,3,4.000
Fall 2025,PSYC,8399,16,"Gallagher,Matthew Ward",3,,,,,,,,,,,,,3,4.000
Fall 2025,PSYC,8399,07,"Walker,Rheeda L",2,,,,,,,,,,,,,2,4.000
Fall 2025,PSYC,8399,18,"Bick,Johanna R",2,,,,,,,,,,,,,2,4.000
Fall 2025,PSYC,8399,04,"Viana,Andres G",1,,,,,,,,,,,,,1,4.000
Fall 2025,PSYC,8399,08,"Witt,Lawrence A",1,,,,,,,,,,,,,1,4.000
Fall 2025,PSYC,8399,13,"Hernandez,Arturo E",1,,,,,,,,,,,,,1,4.000
Fall 2025,PSYC,8399,14,"Sabat,Isaac Emmanuel",1,,,,,,,,,,,,,1,4.000
Fall 2025,PSYC,8399,22,"Babcock,Julia",1,,,,,,,,,,,,,1,4.000
Fall 2025,PSYC,8399,26,"Tamber-Rosenau,Benjamin J",1,,,,,,,,,,,,,1,4.000
Fall 2025,PSYC,8399,27,"Venta,Amanda Cristina",1,,,,,,,,,,,,,1,4.000
Fall 2025,PSYC,7392,10,"Griffin,Jason",3,,,,,,,,,,,,,3,4.000
Fall 2025,PSYC,7392,01,"Derrick,Jaye L",2,,,,,,,,,,,,,2,4.000
Fall 2025,PSYC,7392,02,"Kosten,Therese A",2,,,,,,,,,,,,,2,4.000
Fall 2025,PSYC,7392,06,"Hernandez,Arturo E",2,,,,,,,,,,,,,2,4.000
Fall 2025,PSYC,7392,07,"Neighbors,Clayton T",2,,,,,,,,,,,,,2,4.000
Fall 2025,PSYC,7392,03,"Fetterman,Adam Kent",1,,,,,,,,,,,,,1,4.000
Fall 2025,PSYC,7392,05,"Tamber-Rosenau,Benjamin J",1,,,,,,,,,,,,,1,4.000
Fall 2025,PSYC,7392,09,"Leasure,Jennifer Leigh",1,,,,,,,,,,,,,1,4.000
Fall 2025,PSYC,7392,12,"Bick,Johanna R",1,,,,,,,,,,,,,1,4.000
Fall 2025,PSYC,7392,13,"Bick,Johanna R",1,,,,,,,,,,,,,1,4.000
Fall 2025,PSYC,6397,01,"Kosten,Therese A",3,4,,,,,,,,,,,,7,3.811
Fall 2025,PSYC,6397,03,"Neighbors,Clayton T",7,,,,,,,,,,,,,7,4.000
Fall 2025,PSYC,6303,01,"Babcock,Julia",11,2,,,,,,,,,,,,13,3.949
Fall 2025,PSYC,6317,01,"Woods,Steven Paul",11,2,,,,,,,,,,,,13,3.949
Fall 2025,PSYC,6356,01,"Cirino,Paul",7,1,2,2,,,,,,,,,,12,3.584
Fall 2025,PSYC,7306,01,"Francis,David J",10,,,,,,,,,,,1,,11,3.636
Fall 2025,PSYC,8393,01,"Brummel,Bradley James",10,,,,,,,,,,,,,10,4.000
Fall 2025,PSYC,6365,01,"Hernandez,Arturo E",3,,,,,,,,,,,,,3,4.000
Fall 2025,PSYC,6365,10,"Griffin,Jason",3,,,,,,,,,,,,,3,4.000
Fall 2025,PSYC,6365,06,"Tamber-Rosenau,Benjamin J",2,,,,,,,,,,,,,2,4.000
Fall 2025,PSYC,6365,04,"Bick,Johanna R",1,,,,,,,,,,,,,1,4.000
Fall 2025,PSYC,6393,08,"Sharp,Carla",2,,,,,,,,,,,,,2,4.000
Fall 2025,PSYC,6393,12,"Gallagher,Matthew Ward",2,,,,,,,,,,,,,2,4.000
Fall 2025,PSYC,6393,06,"Viana,Andres G",1,,,,,,,,,,,,,1,4.000
Fall 2025,PSYC,6393,07,"Zvolensky,Michael J",1,,,,,,,,,,,,,1,4.000
Fall 2025,PSYC,6393,10,"Venta,Amanda Cristina",1,,,,,,,,,,,,,1,4.000
Fall 2025,PSYC,6393,11,"Babcock,Julia",1,,,,,,,,,,,,,1,4.000
Fall 2025,PSYC,6393,14,"Ratcliff,Chelsea Gilts",1,,,,,,,,,,,,,1,4.000
Fall 2025,PSYC,7339,01,"Medina,Luis Daniel",5,2,1,,,,,,,,,,,8,3.793
Fall 2025,PSYC,6344,01,"Leasure,Jennifer Leigh",2,2,,,2,1,,,,,,,,7,3.429
Fall 2025,PSYC,6398,18,"Tamber-Rosenau,Benjamin J",2,,,,,,,,,,,,,2,4.000
Fall 2025,PSYC,6398,04,"Sabat,Isaac Emmanuel",1,,,,,,,,,,,,,1,4.000
Fall 2025,PSYC,6398,05,"Witt,Lawrence A",1,,,,,,,,,,,,,1,4.000
Fall 2025,PSYC,6398,12,"Hernandez,Arturo E",1,,,,,,,,,,,,,1,4.000
Fall 2025,PSYC,6398,13,"Gallagher,Matthew Ward",1,,,,,,,,,,,,,1,4.000
Fall 2025,PSYC,6398,14,"Neighbors,Clayton T",1,,,,,,,,,,,,,1,4.000
Fall 2025,PSYC,7399,01,"Bick,Johanna R",1,,,,,,,,,,,,,1,4.000
Fall 2025,PSYC,7399,03,"Cirino,Paul",1,,,,,,,,,,,,,1,4.000
Fall 2025,PSYC,7399,07,"Leasure,Jennifer Leigh",1,,,,,,,,,,,,,1,4.000
Fall 2025,PSYC,7399,08,"Gallagher,Matthew Ward",1,,,,,,,,,,,,,1,4.000
Fall 2025,PSYC,7399,09,"Sharp,Carla",1,,,,,,,,,,,,,1,4.000
Fall 2025,PSYC,7399,19,"Babcock,Julia",1,,,,,,,,,,,,,1,4.000
Fall 2025,PSYC,7399,20,"Venta,Amanda Cristina",1,,,,,,,,,,,,,1,4.000
Fall 2025,PSYC,6308,01,"Medina,Luis Daniel",3,2,,,1,,,,,,,,,6,3.778
Fall 2025,PSYC,6336,02,"Derrick,Jaye L",2,,,,,,,,,,,,,2,4.000
Fall 2025,PSYC,6336,05,"Neighbors,Clayton T",2,,,,,,,,,,,,,2,4.000
Fall 2025,PSYC,6336,04,"Knee,Clifford R",1,,,,,,,,,,,,,1,4.000
Fall 2025,PSYC,6336,06,"Fetterman,Adam Kent",1,,,,,,,,,,,,,1,4.000
Fall 2025,PSYC,6370,01,"Reyes,Denise Lucia",5,,,,,,,,,,,,,5,4.000
Fall 2025,PSYC,3399,02,"Sharp,Carla",1,,,,,,,,,,,,,1,4.000
Fall 2025,PSYC,3399,09,"Venta,Amanda Cristina",1,,,,,,,,,,,,,1,4.000
Fall 2025,PSYC,3399,11,"Knee,Clifford R",1,,,,,,,,,,,,,1,4.000
Fall 2025,PSYC,4298,01,"Borjon,Jeremy Isaac",1,,,,,,,,,,,,,1,4.000
Fall 2025,PSYC,4298,02,"Sabat,Isaac Emmanuel",1,,,,,,,,,,,,,1,4.000
Fall 2025,PSYC,4298,03,"Zvolensky,Michael J",1,,,,,,,,,,,,,1,4.000
Fall 2025,PSYC,6352,04,"Sabat,Isaac Emmanuel",2,,,,,,,,,,,,,2,4.000
Fall 2025,PSYC,6352,05,"Witt,Lawrence A",1,,,,,,,,,,,,,1,4.000
Fall 2025,PSYC,4399,01,"Yoshida,Hanako",2,,,,,,,,,,,,,2,4.000
Fall 2025,PSYC,6359,03,"Zvolensky,Michael J",1,,,,,,,,,,,,,1,4.000
Fall 2025,PSYC,6359,04,"Venta,Amanda Cristina",1,,,,,,,,,,,,,1,4.000
Fall 2025,PSYC,6399,20,"Kosten,Therese A",2,,,,,,,,,,,,,2,4.000
Fall 2025,PSYC,6498,01,"Tamber-Rosenau,Benjamin J",1,,,,,,,,,,,,,1,4.000
Fall 2025,PSYC,6498,11,"Sabat,Isaac Emmanuel",1,,,,,,,,,,,,,1,4.000
Fall 2025,PSYC,6598,01,"Tamber-Rosenau,Benjamin J",1,,,,,,,,,,,,,1,4.000
Fall 2025,PSYC,6598,11,"Sabat,Isaac Emmanuel",1,,,,,,,,,,,,,1,4.000
Fall 2025,PSYC,7397,03,"Sharp,Carla",2,,,,,,,,,,,,,2,4.000
Fall 2025,PSYC,8999,03,"Alward,Beau Andrew",2,,,,,,,,,,,,,2,4.000
Fall 2025,PSYC,4198,01,"Sabat,Isaac Emmanuel",1,,,,,,,,,,,,,1,4.000
Fall 2025,PSYC,6198,01,"Zvolensky,Michael J",1,,,,,,,,,,,,,1,4.000
Fall 2025,PSYC,8699,02,"Neighbors,Clayton T",1,,,,,,,,,,,,,1,4.000
Fall 2025,PUBL,6314,1,"Vallejo,Agustin",11,5,2,,,,,,,,,2,,20,3.418
Fall 2025,PUBL,6310,1,"Bronk,Robert C",13,1,,1,1,,,,,,,,,16,3.854
Fall 2025,PUBL,6345,1,"Koelling,Peter",10,5,,,,,,,,,,,,15,3.890
Fall 2025,PUBL,6312,1,"Obregon,Alexander Wade",10,2,,,,,,,,,,,,12,3.945
Fall 2025,PUBL,6332,1,"Hopkins,Seth",11,,,,,1,,,,,,,,12,3.833
Fall 2025,PUBL,6355,1,"Koelling,Peter",11,,,,,,,,,,,,,11,4.000
Fall 2025,PUBL,6346,1,"Sanchez,Francisco",3,,,,,,,,,,,,,3,4.000
Fall 2025,RELS,1301,01,"Borkataky-Varma,Sravana",24,19,14,7,7,3,4,3,,2,,3,9,95,2.850
Fall 2025,RELS,1301,2,"Stephan,Corey John",50,2,,,2,3,,2,,,,2,3,64,3.510
Fall 2025,RELS,1301,3,"Stephan,Corey John",56,3,,,1,,,,1,,,1,1,63,3.799
Fall 2025,RELS,2350,1,"Amos,Sophia",29,6,5,2,6,,1,,1,,,4,5,59,3.068
Fall 2025,RELS,2310,01,"Tamber-Rosenau,Caryn M",11,3,8,3,5,2,1,4,,,,2,1,40,2.967
Fall 2025,RELS,2380,1,"Clark,Laura B",19,12,,,2,2,1,,,,,1,3,40,3.309
Fall 2025,RELS,3380,1,"Goddard,Eileen Lucille",18,3,2,2,8,1,,2,2,,,2,,40,3.241
Fall 2025,RELS,3339,1,"Pegoda,Andrew Joseph",5,,4,2,6,5,,4,,,1,6,5,38,2.052
Fall 2025,RELS,3370,01,"Ott,Aaron Frederick",6,4,4,2,2,2,,5,1,1,1,5,5,38,2.140
Fall 2025,RELS,2360,1,"Borkataky-Varma,Sravana",5,11,1,5,5,,1,,1,,,1,1,31,3.098
Fall 2025,RELS,3366,01,"Rainbow,Jesse J",16,6,3,,4,,,,,,,,,29,3.736
Fall 2025,RELS,3330,1,"Eberhart,Christian",9,7,2,3,2,1,,,,,,,1,25,3.374
Fall 2025,RELS,2336,1,"Tamber-Rosenau,Caryn M",3,,,1,1,,,1,,,,1,,7,2.904
Fall 2025,SAER,8370,01,"Zhang,Jie",12,,,,,,,,,,,,,12,4.000
Fall 2025,SCLT,2362,32,"Hollis,Thomas Edward",56,28,7,7,13,3,,5,2,,,1,,122,3.520
Fall 2025,SCLT,2380,30,"Hollis,Thomas Edward",59,13,5,4,5,6,3,1,3,,,3,,102,3.415
Fall 2025,SCLT,4312,30,"Kennedy,Elizabeth Heyn",61,11,1,,5,,,,,,,,,78,3.898
Fall 2025,SCLT,3387,30,"Velarde,Jose Manuel",40,8,4,5,7,3,,2,,,,,2,71,3.503
Fall 2025,SCLT,4387,30,"Reyes,Jorge",28,7,9,4,8,5,,4,,,1,1,1,68,3.274
Fall 2025,SCLT,4375,30,"Velarde,Jose Manuel",43,6,7,1,4,2,,1,,,,1,,65,3.651
Fall 2025,SCLT,4380,31,"Singh,Gulshan",8,18,7,4,13,,4,4,1,,,1,,60,3.167
Fall 2025,SCLT,4389,30,"Kennedy,Elizabeth Heyn",24,5,,,1,,,,,,,,,30,3.923
Fall 2025,SCLT,4389,31,"Chopra,Anuj",22,6,2,,,,,,,,,,,30,3.867
Fall 2025,SCLT,3384,31,"Wang,Kailai",8,11,12,4,7,6,,7,,2,,1,1,59,2.915
Fall 2025,SCLT,3385,30,"Kidd,Margaret A",2,9,17,17,5,2,1,3,,,,,2,58,2.875
Fall 2025,SCLT,3389,31,"Kidd,Margaret A",5,23,8,4,9,2,1,,1,,,1,,54,3.254
Fall 2025,SCLT,3341,30,"Henson,Alfred Bernard",13,14,3,3,7,4,1,1,2,,,1,,49,3.218
Fall 2025,SCLT,3381,32,"Kennedy,Elizabeth Heyn",26,14,,2,5,,,1,,,,1,,49,3.667
Fall 2025,SCLT,3375,20,"Chopra,Anuj",24,11,2,1,5,1,,,,1,,1,2,48,3.424
Fall 2025,SCLT,6316,30,"Wang,Kailai",19,3,,,,,,,,,,,,22,3.955
Fall 2025,SCLT,6316,31,"Wang,Kailai",6,2,,,2,,,,,,,,,10,3.800
Fall 2025,SCLT,6316,40,"Wang,Kailai",1,,,,,,,,,,,,,1,4.000
Fall 2025,SCLT,6318,30,"Bian,Zheyong",13,,2,,9,,,,,,,,,24,3.665
Fall 2025,SCLT,6318,31,"Bian,Zheyong",1,,,,2,,,,,,,,,3,3.553
Fall 2025,SCLT,6318,40,"Bian,Zheyong",2,,,,1,,,,,,,,,3,3.777
Fall 2025,SCLT,3340,30,"Henson,Alfred Bernard",14,8,2,,1,1,,,,,,1,,27,3.581
Fall 2025,SCLT,4386,20,"Poisler,Marco A",23,,1,,,,,,,,,1,1,26,3.654
Fall 2025,SCLT,3376,30,"Crockett,Brianne",2,8,6,6,2,,,,,,,,,24,3.252
Fall 2025,SCLT,4385,20,"Kidd,Margaret A",1,8,3,5,3,1,1,,1,,,,1,24,2.932
Fall 2025,SCLT,6397,30,"Bian,Zheyong",4,,,,,,,,,,,,,4,4.000
Fall 2025,SCLT,6397,31,"Bian,Zheyong",2,,,,,,,,,,,,,2,4.000
Fall 2025,SCLT,6396,30,"Wang,Kailai",2,,,,,,,,,,,,,2,4.000
Fall 2025,SCM,3301,01,"Miller,Bradley D",124,53,63,36,50,22,23,31,10,19,18,12,27,488,2.753
Fall 2025,SCM,3301,02,"Miller,Bradley D",73,32,37,38,33,32,17,30,16,12,16,9,32,377,2.492
Fall 2025,SCM,3301,05,"Miller,Bradley D",25,11,8,1,6,3,3,4,1,2,,1,5,70,2.996
Fall 2025,SCM,3301,06,"Jittamai,Amolwan",5,5,4,1,2,1,,4,,,2,1,,25,2.946
Fall 2025,SCM,3301,03,"Armaghan,Milad",5,1,5,,5,2,1,1,,,,,,20,3.166
Fall 2025,SCM,3301,04,"Armaghan,Milad",6,4,4,4,,1,1,,,,,,,20,3.252
Fall 2025,SCM,4330,02,"Cossick,Kathy L",29,2,8,4,2,7,,1,2,,,,10,65,2.816
Fall 2025,SCM,4330,03,"Cossick,Kathy L",24,6,7,4,2,3,2,3,,,,1,3,55,3.140
Fall 2025,SCM,4330,01,"Cossick,Kathy L",12,1,4,,,1,,4,,,,,1,23,3.260
Fall 2025,SCM,4330,04,"Cossick,Kathy L",4,,1,,2,2,1,,,,,1,5,16,1.958
Fall 2025,SCM,4301,02,"Tibodeau,Dale",8,4,11,9,10,7,4,12,2,,1,,,68,2.779
Fall 2025,SCM,4301,01,"Tibodeau,Dale",8,5,10,7,9,9,4,6,4,,1,,,63,2.746
Fall 2025,SCM,4301,03,"Tibodeau,Dale",1,1,4,2,2,1,,,,,,,1,12,2.806
Fall 2025,SCM,4350,01,"Schrage,Frances Marie",25,17,29,18,19,,,13,,,,,2,123,3.179
Fall 2025,SCM,4350,02,"Schrage,Frances Marie",8,3,,,1,,,,,,,1,1,14,3.310
Fall 2025,SCM,4367,02,"Miller,Bradley D",10,11,3,8,7,3,1,7,,,1,1,,52,3.064
Fall 2025,SCM,4367,01,"Miller,Bradley D",12,6,5,4,4,7,,9,,1,1,1,,50,2.920
Fall 2025,SCM,4367,03,"Miller,Bradley D",1,,2,1,3,,,,,,2,,,9,2.813
Fall 2025,SCM,4390,01,"Smith,Gordon D",4,14,13,6,13,1,2,5,,,,,1,59,3.096
Fall 2025,SCM,4390,03,"Smith,Gordon D",,8,11,5,13,3,,,,,,,,40,3.125
Fall 2025,SCM,4390,04,"Smith,Gordon D",,2,3,1,1,,1,,,,,,,8,3.001
Fall 2025,SCM,4302,01,"Kamal,Saiyid Zafar",12,31,10,5,15,1,1,2,,,,,,77,3.421
Fall 2025,SCM,4362,02,"Khumawala,Basheer M",4,9,5,3,6,1,,3,,,,,,31,3.258
Fall 2025,SCM,4362,04,"Khumawala,Basheer M",7,5,7,2,3,1,,,,,,,,25,3.387
Fall 2025,SCM,4362,01,"Khumawala,Basheer M",1,,1,,2,,,,,,,,,4,3.415
Fall 2025,SCM,4380,01,"Schrage,Frances Marie",15,17,4,,18,,,,,,,,,54,3.599
Fall 2025,SCM,4351,03,"Miller,Bradley D",39,6,,,1,,,,,,,,,46,3.942
Fall 2025,SCM,4351,04,"Miller,Bradley D",6,,,,,,,,,,,,,6,4.000
Fall 2025,SCM,   6A01,04,"Sahin,Funda",7,2,6,,2,2,,,,,,,1,20,3.200
Fall 2025,SCM,   6A01,05,"Sahin,Funda",3,,2,,2,,1,,1,,,1,,10,2.733
Fall 2025,SCM,   6A01,03,"Sahin,Funda",2,2,3,,1,,,,,,,,1,9,3.074
Fall 2025,SCM,   7A01,03,"Tibodeau,Dale",9,9,,,2,,,,,,,,,20,3.785
Fall 2025,SCM,   7A01,01,"Tibodeau,Dale",6,1,,1,1,,,,,,,,,9,3.741
Fall 2025,SCM,7380,02,"Murray,Michael J",1,3,6,,3,,,,,,,,,13,3.308
Fall 2025,SCM,7380,01,"Murray,Michael J",1,2,2,,5,,,,,,,,,10,3.399
Fall 2025,SCM,7325,02,"Robinson Jr,Powell Ersell",4,3,1,,3,,,,,,,,,11,3.636
Fall 2025,SCM,7325,03,"Robinson Jr,Powell Ersell",5,2,1,,2,,,,,,,,,10,3.700
Fall 2025,SCM,4385,01,"Murray,Michael J",6,5,1,2,2,1,,,,,,,2,19,3.124
Fall 2025,SCM,6301,1,"Hosseinabadi Farahani,Mehdi",2,6,,,2,,,,,,,,,10,3.668
Fall 2025,SCM,6301,2,"Smith,Gordon D",6,,,,,,,,,,,,,6,4.000
Fall 2025,SCM,7350,01,"Smith,Gordon D",2,1,6,,3,,,3,,,,,1,16,2.916
Fall 2025,SCM,7390,01,"Smith,Gordon D",,5,1,,3,,,,,,,,,9,3.482
Fall 2025,SCM,7390,02,"Smith,Gordon D",,2,,,2,,,,,,,,,4,3.500
Fall 2025,SEDE,4311,01,"Ukandu,Leslie",19,,,1,1,,,1,,,,,,22,3.833
Fall 2025,SEDE,4312,01,"Stubbs,Susan",13,1,,,,,,,,,,,,14,3.976
Fall 2025,SEDE,7335,01,"Russell IV,Glen Curtis",6,,,,,,,,,,,,,6,4.000
Fall 2025,SGNL,1301,9,"Brittain,Terrell",1,4,1,3,2,3,3,1,,1,,,2,21,2.398
Fall 2025,SGNL,1301,03,"Brittain,Robyn Michelle",,,,3,3,3,4,2,1,,1,,3,20,1.884
Fall 2025,SGNL,1301,6,"Brittain,Terrell",,4,1,2,1,3,2,2,,1,,,4,20,2.051
Fall 2025,SGNL,1301,01,"Brittain,Robyn Michelle",,1,2,2,1,1,3,,1,3,,1,4,19,1.493
Fall 2025,SGNL,1301,8,"Brittain,Terrell",3,,4,,,3,2,2,2,,,1,2,19,2.105
Fall 2025,SGNL,2301,01,"Brittain,Terrell",1,6,3,2,3,1,1,1,1,,,,1,20,2.868
Fall 2025,SGNL,2301,2,"Mann,Lyman Joseph",2,4,1,4,3,2,,1,,,,,,17,3.099
Fall 2025,SGNL,1302,3,"Mann,Lyman Joseph",,2,,6,1,2,,2,,,1,,2,16,2.293
Fall 2025,SGNL,1302,02,"Mann,Lyman Joseph",,7,,3,2,,1,,,1,,,,14,3.050
Fall 2025,SGNL,2302,01,"Gietz,Merrilee Ruth",5,3,2,1,2,1,2,2,,,,,1,19,2.965
Fall 2025,SOC,3314,2,"Gallo,Joseph Ralph",41,,4,,,2,,,2,,,,,49,3.714
Fall 2025,SOC,3314,1,"Gallo,Joseph Ralph",34,,6,,,1,,,,,,1,1,43,3.628
Fall 2025,SOC,3382,2,"Colbert,Sharla Stettnisch",27,2,1,2,2,1,1,1,3,,,2,4,46,3.029
Fall 2025,SOC,3382,1,"Adams,Jennifer Lauren",21,6,1,3,8,1,1,,1,,1,2,,45,3.326
Fall 2025,SOC,3300,4,"Grigorian,Stella",8,5,5,3,9,3,1,,1,,1,4,,40,2.833
Fall 2025,SOC,3300,5,"Grigorian,Stella",5,6,8,3,2,,,,1,,1,2,1,29,2.863
Fall 2025,SOC,3400,01,"Savage,Scott Vandenburgh",1,7,10,2,1,2,3,6,2,,1,1,2,38,2.492
Fall 2025,SOC,3400,6,"Mykhailyshyna,Dariia",3,1,3,2,1,2,,1,,,,,,13,3.052
Fall 2025,SOC,3311,2,"Nelson,Steven M",19,8,8,5,5,2,,,1,,,,1,49,3.354
Fall 2025,SOC,3313,1,"Nelson,Steven M",19,3,10,4,3,5,1,2,,,1,,1,49,3.170
Fall 2025,SOC,3350,1,"Kwan,Samantha S",14,7,6,7,4,3,,1,1,1,1,3,1,49,2.919
Fall 2025,SOC,3353,1,"Anderson,Kathryn",21,3,8,5,3,3,1,,,2,1,1,1,49,3.116
Fall 2025,SOC,3380,1,"Monserud,Maria Aleksandrovna",32,6,3,,3,2,1,1,1,,,,,49,3.633
Fall 2025,SOC,3326,1,"Lee,Shayne",21,5,7,1,6,4,,4,,,,,,48,3.403
Fall 2025,SOC,3363,1,"Katz,Sheila",26,8,2,1,6,3,1,1,,,,,,48,3.584
Fall 2025,SOC,3373,1,"Monserud,Maria Aleksandrovna",27,6,6,1,2,3,,,,,,1,2,48,3.403
Fall 2025,SOC,3395,1,"Katz,Sheila",22,1,3,6,7,2,1,,2,1,,1,2,48,3.090
Fall 2025,SOC,3315,1,"Haltom,Trenton Matthews",20,5,4,7,2,,1,,1,1,1,2,3,47,2.987
Fall 2025,SOC,3342,1,"Brailey,Carla",42,,,,,,,,,,,1,4,47,3.574
Fall 2025,SOC,3328,1,"Gallo,Joseph Ralph",35,,4,,,4,,,,,,2,1,46,3.478
Fall 2025,SOC,3316,1,"Haltom,Trenton Matthews",15,9,8,1,4,1,2,1,1,,1,,2,45,3.178
Fall 2025,SOC,3357,1,"Brailey,Carla",40,,1,,,,,,,,,1,3,45,3.622
Fall 2025,SOC,3336,1,"Colbert,Sharla Stettnisch",27,2,5,,4,1,,2,,,,2,,43,3.496
Fall 2025,SOC,3339,1,"Langa,Neema Michael",14,4,4,2,3,,,,1,,,1,1,30,3.300
Fall 2025,SOC,3301,1,"Tuthill,Zelma",25,,1,,2,1,,,,,,,,29,3.850
Fall 2025,SOC,3319,1,"Tuthill,Zelma",26,,,,,,,,,,,,,26,4.000
Fall 2025,SOC,6302,1,"Kwan,Samantha S",5,1,1,,,1,,,,1,,,,9,3.260
Fall 2025,SOC,6391,1,"Baumle,Amanda K",4,3,,,2,,,,,,,,,9,3.741
Fall 2025,SOC,6397,1,"Purdum,Jordan Carlee",4,4,,,,,,,,,,,,8,3.835
Fall 2025,SOC,6300,01,"Lee,Shayne",6,,,,1,,,,,,,,,7,3.904
Fall 2025,SOC,6304,01,"Anderson,Kathryn",3,,1,2,,1,,,,,,,,7,3.191
Fall 2025,SOC,6399,8,"Tuthill,Zelma",2,,,,,,,,,,,,,2,4.000
Fall 2025,SOC,6399,9,"Katz,Sheila",2,,,,,,,,,,,,,2,4.000
Fall 2025,SOC,6399,01,"Langa,Neema Michael",1,,,,,,,,,,,,,1,4.000
Fall 2025,SOC,7399,2,"Anderson,Kathryn",1,,,,,,,,,,,,,1,4.000
Fall 2025,SOCI,1301,4,"Smith,Chance Adam",36,11,6,2,6,,,,,,,,,61,3.733
Fall 2025,SOCI,1301,1,"Nelson,Steven M",18,7,8,4,8,4,2,4,,,2,1,2,60,3.039
Fall 2025,SOCI,1301,14,"Smith,Chance Adam",27,13,9,,6,,,1,,,,2,2,60,3.417
Fall 2025,SOCI,1301,3,"Nelson,Steven M",22,8,9,4,3,8,,1,1,1,,3,,60,3.084
Fall 2025,SOCI,1301,7,"Cooper,Chelsey Wells",30,12,3,4,4,1,,3,,,1,,,58,3.575
Fall 2025,SOCI,1301,26,"Adams,Jennifer Lauren",25,6,5,7,1,1,4,,,1,1,1,3,55,3.086
Fall 2025,SOCI,1301,17,"Cooper,Chelsey Wells",29,10,6,2,1,,1,1,,1,1,,2,54,3.433
Fall 2025,SOCI,1301,22,"Cooper,Chelsey Wells",18,10,8,4,5,3,,3,,,1,,2,54,3.229
Fall 2025,SOCI,1301,6,"Cooper,Chelsey Wells",32,10,5,,4,,1,1,1,,,,,54,3.667
Fall 2025,SOCI,1301,21,"Smith,Chance Adam",27,11,4,,3,1,,,1,,1,1,1,50,3.494
Fall 2025,SOCI,1301,05,"Smith,Chance Adam",31,5,1,1,4,,1,1,1,3,,1,,49,3.436
Fall 2025,SOCI,1301,09,"Smith,Chance Adam",31,5,2,1,2,,2,,3,,1,2,,49,3.374
Fall 2025,SOCI,1301,11,"Davis,Mary A",37,5,,2,1,3,1,,,,,,,49,3.728
Fall 2025,SOCI,1301,12,"Davis,Mary A",38,2,4,,2,,,1,,,,2,,49,3.680
Fall 2025,SOCI,1301,10,"Adams,Jennifer Lauren",27,7,1,1,1,4,,1,,,,1,5,48,3.188
Fall 2025,SOCI,1301,15,"Cooper,Chelsey Wells",36,3,4,2,1,,,1,,,,,1,48,3.709
Fall 2025,SOCI,1301,16,"Davis,Mary A",32,5,4,1,2,1,,2,,,,,1,48,3.632
Fall 2025,SOCI,1301,18,"Adams,Jennifer Lauren",17,6,4,5,4,3,,2,2,1,,1,3,48,2.959
Fall 2025,SOCI,1301,2,"Colbert,Sharla Stettnisch",26,3,4,1,7,2,1,1,,,1,2,,48,3.382
Fall 2025,SOCI,1301,8,"Adams,Jennifer Lauren",10,6,6,5,3,2,1,,1,1,,8,5,48,2.306
Fall 2025,SOCI,1301,20,"Colbert,Sharla Stettnisch",24,1,8,,10,1,,2,1,,,,,47,3.503
Fall 2025,SOCW,7356,09,"Parks,Steven Lee",24,,,,,1,,,,,,1,1,27,3.630
Fall 2025,SOCW,7356,3,"Brown,Marcus D",27,,,,,,,,,,,,,27,4.000
Fall 2025,SOCW,7356,2,"Norvell,Jeremiah Wesley",25,,1,,,,,,,,,,,26,3.962
Fall 2025,SOCW,7356,01,"Lucas,Virginia",25,,,,,,,,,,,,,25,4.000
Fall 2025,SOCW,7356,8,"Lucas,Virginia",22,,1,,,,,,,,,,,23,3.957
Fall 2025,SOCW,7356,10,"Cheung,Poi Ten Ada",20,,1,,,,,,,,,,,21,3.952
Fall 2025,SOCW,7356,6,"Carter,Cynthia J",19,,,,,,,,,,,,,19,4.000
Fall 2025,SOCW,7356,4,"Robinson,Demetria L",17,,1,,,,,,,,,,,18,3.944
Fall 2025,SOCW,7356,7,"Carter,Cynthia J",17,,1,,,,,,,,,,,18,3.944
Fall 2025,SOCW,7356,5,"Robinson,Demetria L",16,,,,,,,,,,,,,16,4.000
Fall 2025,SOCW,7367,2,"Webb,Ann E",26,,,,,,,,,,,,,26,4.000
Fall 2025,SOCW,7367,7,"Hartley,Jessica",25,,,,,,,,,,,,,25,4.000
Fall 2025,SOCW,7367,3,"Borja,Sharon G",24,,,,,,,,,,,,,24,4.000
Fall 2025,SOCW,7367,6,"Ortiz,Lillian Aguirre",23,,,,,,,,,,,,,23,4.000
Fall 2025,SOCW,7367,1,"Kennedy,Priscilla P",21,,1,,,,,,,,,,,22,3.955
Fall 2025,SOCW,7367,4,"Borja,Sharon G",20,,1,,,,,,,,,1,,22,3.773
Fall 2025,SOCW,7367,5,"LaChapelle-Friday,Alicia Renee",22,,,,,,,,,,,,,22,4.000
Fall 2025,SOCW,7367,9,"Vogel,Alicia Nicole",20,,1,,,,,,,,,,,21,3.952
Fall 2025,SOCW,7367,8,"Vogel,Alicia Nicole",19,,,,,,,,,,,,,19,4.000
Fall 2025,SOCW,6306,6,"Gonzales,Shelley A",30,,3,,,,,,,,,,,33,3.909
Fall 2025,SOCW,6306,4,"White,Tamika Alonzo",28,,2,,,,,,,,,,,30,3.933
Fall 2025,SOCW,6306,1,"Gonzales,Shelley A",29,,,,,,,,,,,,,29,4.000
Fall 2025,SOCW,6306,3,"Parker,Jamie Lynne",26,,,,,1,,,,,,,1,28,3.786
Fall 2025,SOCW,6306,2,"Gonzales,Shelley A",27,,,,,,,,,,,,,27,4.000
Fall 2025,SOCW,6306,5,"White,Tamika Alonzo",25,,1,,,,,,,,,,1,27,3.815
Fall 2025,SOCW,6308,4,"Malbrough,Joy J",33,,,,,,,,,,,,,33,4.000
Fall 2025,SOCW,6308,5,"Alexander,Michelle",25,,,,3,2,,,,,,,,30,3.800
Fall 2025,SOCW,6308,2,"Scott Jr,Edward Douglas",28,,,,,,,,,,,,,28,4.000
Fall 2025,SOCW,6308,3,"Bagneris,Jessica Rene'",24,,3,,,,,,,,,,1,28,3.750
Fall 2025,SOCW,6308,1,"Bagneris,Jessica Rene'",25,,2,,,,,,,,,,,27,3.926
Fall 2025,SOCW,6308,6,"Rollins,Tanya Nicolle",24,,2,,,,,,,,,,,26,3.923
Fall 2025,SOCW,7337,1,"Berger Cardoso,Jodi A",25,,,,,,,,,,,,1,26,3.846
Fall 2025,SOCW,7337,3,"Parks,Steven Lee",20,,2,,,,,,,,,,,22,3.909
Fall 2025,SOCW,7337,2,"Campbell PhD,Rosalyn Denise",18,,2,,,1,,,,,,,,21,3.810
Fall 2025,SOCW,7337,4,"Mayes,Kimberly",17,,2,,,,,,,,,,,19,3.895
Fall 2025,SOCW,7337,6,"Parks,Steven Lee",18,,1,,,,,,,,,,,19,3.947
Fall 2025,SOCW,7337,7,"McMorris,Saralyn Dionne",16,,,,,,,,,,,,,16,4.000
Fall 2025,SOCW,7337,5,"Taylor,Patricia G",8,,2,,,,,,,,,,,10,3.800
Fall 2025,SOCW,7343,5,"Parks,Steven Lee",22,,5,,,,,,,,,,,27,3.815
Fall 2025,SOCW,7343,1,"Norvell,Jeremiah Wesley",23,,2,,,,,,,,,,,25,3.920
Fall 2025,SOCW,7343,4,"Amtsberg,Donna K",24,,1,,,,,,,,,,,25,3.960
Fall 2025,SOCW,7343,3,"Campbell PhD,Rosalyn Denise",19,,3,,,,,,,,,1,,23,3.696
Fall 2025,SOCW,7343,2,"Amtsberg,Donna K",22,,,,,,,,,,,,,22,4.000
Fall 2025,SOCW,6305,2,"Davies,Holly",21,,7,,,1,,,,,,,,29,3.690
Fall 2025,SOCW,6305,1,"Leung,Yuk-Hi Patrick",27,,,,,,,,,,,,1,28,3.857
Fall 2025,SOCW,6305,3,"Strohl,Katyayani Rao",25,2,,,,,,,,,,,1,28,3.834
Fall 2025,SOCW,6307,1,"Ortiz,Lillian Aguirre",29,,,,,,,,,,,,,29,4.000
Fall 2025,SOCW,6307,3,"Sanchez,Chelsea Marie",27,,,,,,,,,,,,1,28,3.857
Fall 2025,SOCW,6307,2,"LaChapelle-Friday,Alicia Renee",27,,,,,,,,,,,,,27,4.000
Fall 2025,SOCW,7371,1,"O'Neal,Vaughn",25,,1,,,,,,,,,,,26,3.962
Fall 2025,SOCW,7371,2,"O'Neal,Vaughn",23,,,,,,,,,,,,,23,4.000
Fall 2025,SOCW,7302,1,"Charles,Janea Nicole Adams",24,,4,,,,,,,,,,,28,3.857
Fall 2025,SOCW,7302,2,"Viverette,April C",16,,2,,,,,,,,,,,18,3.889
Fall 2025,SOCW,7335,2,"LaChapelle-Friday,Alicia Renee",17,,,,,,,,,,,,,17,4.000
Fall 2025,SOCW,7335,1,"LaHood-Emmerson,Margaret",15,1,,,,,,,,,,,,16,3.979
Fall 2025,SOCW,7340,1,"Cheung,Monit",18,,7,,,,,,,,,,1,26,3.577
Fall 2025,SOCW,7339,1,"Stagg,Helen Ruth",20,,,,,,,,,,,,1,21,3.810
Fall 2025,SOCW,7301,1,"Mendoza,Yvonne Anette",19,,,,,,,,,,,,,19,4.000
Fall 2025,SOCW,7310,1,"Guzman,Paola E",18,,,,,,,,,,,,,18,4.000
Fall 2025,SOCW,7320,1,"Dettlaff,Alan J",18,,,,,,,,,,,,,18,4.000
Fall 2025,SOCW,7319,1,"Stagg,Helen Ruth",17,,,,,,,,,,,,,17,4.000
Fall 2025,SOCW,7334,1,"LaChapelle-Friday,Alicia Renee",11,,1,,,,,,,,,,,12,3.917
Fall 2025,SOCW,8323,1,"Scott Jr,Edward Douglas",12,,,,,,,,,,,,,12,4.000
Fall 2025,SOCW,6354,01,"Battle,Jennifer Alene",10,,,,,,,,,,,,1,11,3.636
Fall 2025,SOCW,7397,1,"Carter,Cynthia J",10,,,,,,,,,,,1,,11,3.636
Fall 2025,SOCW,8424,01,"Leung,Yuk-Hi Patrick",9,,,,,,,,,,,,,9,4.000
Fall 2025,SOCW,8335,1,"Barthelemy,Juan",7,,,,,,,,,,,,,7,4.000
Fall 2025,SOCW,8345,01,"Borja,Sharon G",7,,,,,,,,,,,,,7,4.000
Fall 2025,SOCW,8333,01,"Borja,Sharon G",5,,,,,,,,,,,,,5,4.000
Fall 2025,SOCW,6193,1,"Parker,Jamie Lynne",,,,,,,,,,,,,3,3,0.000
Fall 2025,SOCW,8999,05,"Walton,Quenette",2,,,,,,,,,,,,,2,4.000
Fall 2025,SOCW,8999,04,"Leung,Yuk-Hi Patrick",1,,,,,,,,,,,,,1,4.000
Fall 2025,SOCW,3354,01,"Battle,Jennifer Alene",1,,,,,,,,,,,1,,2,2.000
Fall 2025,SOCW,6201,01,"Gonzales,Shelley A",,,,,,,,,,,,,2,2,0.000
Fall 2025,SOCW,8311,01,"Davies,Holly",2,,,,,,,,,,,,,2,4.000
Fall 2025,SOCW,8398,01,"Ali,Samira Bano",1,,,,,,,,,,,,,1,4.000
Fall 2025,SOCW,8398,02,"Lucas,Virginia",1,,,,,,,,,,,,,1,4.000
Fall 2025,SOCW,7184,1,"Gonzales,Shelley A",,,,,,,,,,,,,1,1,0.000
Fall 2025,SOCW,7398,01,"Amtsberg,Donna K",1,,,,,,,,,,,,,1,4.000
Fall 2025,SOCW,8699,01,"Ali,Samira Bano",1,,,,,,,,,,,,,1,4.000
Fall 2025,SPAC,6201,01,"Toups,Larry David",13,,,,,,,,,,,,,13,4.000
Fall 2025,SPAC,6401,01,"Bannova,Olga",5,3,,1,3,,,1,,,,,,13,3.538
Fall 2025,SPAC,6298,01,"Bell,Larry S",6,,1,,2,,,,,,,,,9,3.740
Fall 2025,SPAC,6398,01,"Netti,Vittorio",4,5,,,,,,,,,,,,9,3.817
Fall 2025,SPAC,6405,01,"Bannova,Olga",1,4,,,3,,,,,,,,,8,3.584
Fall 2025,SPAC,7410,01,"Bell,Larry S",4,,,,1,,,,,,,,,5,3.866
Fall 2025,SPAN,1501,05,"Ruiz Rivera,Gaddiel Francisco",,3,3,3,4,2,1,3,,1,2,1,3,26,2.205
Fall 2025,SPAN,1501,09,"Reyes Neira,Javier Alfonso",2,3,5,3,3,1,4,1,2,,1,1,,26,2.552
Fall 2025,SPAN,1501,07,"Herbas Loureiro,Florencia",2,2,6,2,4,,2,2,,1,,1,2,24,2.528
Fall 2025,SPAN,1501,13,"Fleecs,Sandra",4,3,4,3,1,3,,1,,,,1,3,23,2.551
Fall 2025,SPAN,1501,21,"Obando Valbuena,Diana Lorena",2,1,5,2,4,2,,2,,,2,1,2,23,2.463
Fall 2025,SPAN,1501,01,"Falahasl,Hamideh",1,,2,1,1,4,2,2,1,1,,4,3,22,1.530
Fall 2025,SPAN,1501,03,"Morales Utria,Yordanis",1,1,4,,1,6,1,2,,1,1,,4,22,1.970
Fall 2025,SPAN,1501,11,"del Castillo Garza,Alejandro",,3,5,1,,1,1,4,,,,4,3,22,1.894
Fall 2025,SPAN,1501,23,"Torres-Calle,Maria Jose",3,3,3,3,3,1,1,1,,,1,1,1,21,2.730
Fall 2025,SPAN,1501,27,"Caula,Ana Maria",1,1,,3,,1,1,,,,2,2,9,20,1.101
Fall 2025,SPAN,1501,25,"Martinez,Raquel",1,3,4,1,3,1,,1,,,,1,4,19,2.316
Fall 2025,SPAN,2311,04,"Guimaraes Cardozo,Luiz Paulo",5,1,3,5,1,4,2,3,,,,2,,26,2.603
Fall 2025,SPAN,2311,08,"Serrano,Paloma A",1,,6,3,3,4,1,3,,,1,1,3,26,2.230
Fall 2025,SPAN,2311,07,"Lumbierres Pallas,Maria Pilar",3,1,3,3,1,4,2,4,1,1,,,2,25,2.334
Fall 2025,SPAN,2311,01,"Scalzo,Dillon S",4,3,4,4,4,1,,1,,,,1,1,23,2.928
Fall 2025,SPAN,2311,03,"Serrano,Paloma A",,1,8,2,3,1,1,2,1,,,3,1,23,2.275
Fall 2025,SPAN,2311,06,"Lumbierres Pallas,Maria Pilar",1,4,7,1,4,1,,,,,,,4,22,2.621
Fall 2025,SPAN,2311,09,"Scalzo,Dillon S",3,5,4,1,4,3,,2,,,,,,22,3.136
Fall 2025,SPAN,2311,02,"Guimaraes Cardozo,Luiz Paulo",2,2,6,,5,1,,3,,,,1,,20,2.949
Fall 2025,SPAN,2312,01,"Jager Lopezllera,Valentina Kathe",2,1,3,2,3,3,3,1,2,,1,1,4,26,2.026
Fall 2025,SPAN,2312,02,"Nieves Cabrera,Wendy",1,,3,4,,2,4,3,,5,1,,3,26,1.770
Fall 2025,SPAN,2312,03,"Miranda Moreno,Sujaila Abigail",,3,1,4,1,3,2,4,,1,,3,3,25,1.894
Fall 2025,SPAN,2312,06,"Nieves Cabrera,Wendy",1,1,4,3,1,5,2,4,1,,,1,2,25,2.187
Fall 2025,SPAN,2312,04,"Jager Lopezllera,Valentina Kathe",1,4,1,4,,5,2,3,,1,,1,2,24,2.223
Fall 2025,SPAN,2312,07,"Miranda Moreno,Sujaila Abigail",3,2,,2,3,4,1,1,,,,3,3,22,2.121
Fall 2025,SPAN,1502,07,"Bello Malagon,Ana Maribel",6,3,2,5,3,2,,4,,,,1,,26,2.987
Fall 2025,SPAN,1502,05,"Cruz Lopez,Maria Elena",4,1,5,3,1,,4,4,1,,,,2,25,2.520
Fall 2025,SPAN,1502,15,"Chavez,Maria Margarita",,4,2,2,2,4,3,1,,1,,3,3,25,1.948
Fall 2025,SPAN,1502,11,"Iniguez Alba,Marco Octavio",3,,3,2,3,4,1,6,,1,1,,,24,2.583
Fall 2025,SPAN,1502,03,"Molina Vargas,Oscar Ivan",2,2,5,2,1,1,,7,,,,1,2,23,2.492
Fall 2025,SPAN,1502,09,"Borroto Lopez,Cecilia De La Caridad",2,3,2,1,4,3,2,2,,,,,4,23,2.391
Fall 2025,SPAN,1507,01,"Rodriguez Mora,Camilo Andres",2,3,3,4,2,3,3,2,,,,,1,23,2.653
Fall 2025,SPAN,1507,03,"Ruiz,Eugenia Maria",,2,4,2,2,4,,1,,,,3,2,20,2.084
Fall 2025,SPAN,1507,05,"Lopez Otero,Julio Cesar",5,4,5,1,,2,,2,,,,,1,20,3.051
Fall 2025,SPAN,2308,01,"Navarro,Elias David",1,3,6,2,3,1,,3,,,,1,,20,2.867
Fall 2025,SPAN,2308,02,"Ruiz,Eugenia Maria",2,3,1,2,1,3,3,2,,1,,,,18,2.612
Fall 2025,SPAN,3386,01,"Solino,Maria Elena",19,5,4,4,2,,1,,,,2,1,,38,3.369
Fall 2025,SPAN,2307,01,"Malacara Sanchez,Jonathan Jorge",6,9,3,1,7,1,,2,1,1,1,1,,33,3.081
Fall 2025,SPAN,3305,01,"Gutierrez,Manuel J",12,3,2,1,5,1,,,,,,,1,25,3.453
Fall 2025,SPAN,2610,02,"Reyes Ferrufino,Diana Eufemia",,1,2,4,2,3,3,1,2,,1,2,2,23,1.899
Fall 2025,SPAN,3331,01,"Ventura,Gabriela Baeza",11,3,,1,3,,1,,,,,1,2,22,3.152
Fall 2025,SPAN,3302,01,"Cuesta,Mabel",15,1,1,,1,,,,,,,,2,20,3.500
Fall 2025,SPAN,2615,01,"Carrion Rivera,Lydiette",3,3,5,1,3,1,,3,,,,,,19,3.140
Fall 2025,SPAN,6344,1,"Kanellos,Nicolas",2,3,3,,1,1,,,,,,,,10,3.334
Fall 2025,SPAN,6344,2,"Kanellos,Nicolas",9,,,,,,,,,,,,,9,4.000
Fall 2025,SPAN,3312,01,"Arboleda,Paola",7,7,2,1,1,,,,,,,,,18,3.649
Fall 2025,SPAN,3339,01,"Zubiate,Maria Laura",9,2,2,,2,,,1,1,,,,1,18,3.296
Fall 2025,SPAN,3343,01,"Zubiate,Maria Laura",10,1,1,1,4,,,,1,,,,,18,3.537
Fall 2025,SPAN,4365,1,"Gutierrez,Manuel J",5,3,3,1,2,2,,1,,,,,,17,3.275
Fall 2025,SPAN,3301,01,"Sisk,Christina L",9,2,,1,1,,1,1,,,,,1,16,3.334
Fall 2025,SPAN,3307,03,"Cuesta,Mabel",8,5,,1,1,,,,,,,,1,16,3.522
Fall 2025,SPAN,6395,2,"Ruisanchez Serra,Jose Ramon",4,2,,,1,1,,,,,,,,8,3.584
Fall 2025,SPAN,6395,1,"Goodin-Mayeda,Carrie Elizabeth",5,,,,,,,,,,,,,5,4.000
Fall 2025,SPAN,6397,1,"De Los Reyes Heredia,Jose Guillermo",9,4,,,,,,,,,,,,13,3.898
Fall 2025,SPAN,3306,01,"Goodin-Mayeda,Carrie Elizabeth",4,2,1,,1,1,,,,,,,3,12,2.639
Fall 2025,SPAN,3308,02,"Hasbun,Rodrigo",6,,1,1,2,,1,,,,,1,,12,3.167
Fall 2025,SPAN,3384,03,"Hasbun,Rodrigo",8,1,,,1,1,,,,,,,1,12,3.417
Fall 2025,SPAN,6390,1,"Fairclough,Marta A",8,1,1,,1,,,,,,,,,11,3.818
Fall 2025,SPAN,6398,09,"Cuesta,Mabel",1,,,,,,,,,,,,,1,4.000
Fall 2025,SPAN,6398,1,"Lopez Otero,Julio Cesar",1,,,,,,,,,,,,,1,4.000
Fall 2025,SPAN,6398,2,"Ventura,Gabriela Baeza",1,,,,,,,,,,,,,1,4.000
Fall 2025,SPAN,6398,3,"Kanellos,Nicolas",1,,,,,,,,,,,,,1,4.000
Fall 2025,SPAN,6398,4,"Rivera Garza,Cristina",,,1,,,,,,,,,,,1,3.000
Fall 2025,SPAN,6398,5,"De Los Reyes Heredia,Jose Guillermo",1,,,,,,,,,,,,,1,4.000
Fall 2025,SPAN,6398,7,"Gutierrez,Manuel J",1,,,,,,,,,,,,,1,4.000
Fall 2025,SPAN,7391,1,"Cruz,Jose Roberto",7,,,,,,,,,,,,,7,4.000
Fall 2025,SPAN,7302,1,"Hasbun,Rodrigo",6,,,,,,,,,,,,,6,4.000
Fall 2025,SPAN,6305,1,"Gellon,Sofia",4,1,,,,,,,,,,,,5,3.934
Fall 2025,SPAN,4343,01,"Zubiate,Maria Laura",1,2,,,,,,,,,,,1,4,2.835
Fall 2025,SPAN,6399,1,"Kanellos,Nicolas",1,,,,,,,,,,,,,1,4.000
Fall 2025,SPAN,7399,1,"Kanellos,Nicolas",1,,,,,,,,,,,,,1,4.000
Fall 2025,SPAN,8399,06,"Goodin-Mayeda,Carrie Elizabeth",1,,,,,,,,,,,,,1,4.000
Fall 2025,SPAN,8699,01,"Sisk,Christina L",1,,,,,,,,,,,,,1,4.000
Fall 2025,SPCH,1318,01,"Uhrick,Jan",15,4,2,4,2,,,1,,,1,,,29,3.506
Fall 2025,SPEC,4364,01,"Govan,Kordney J",29,5,1,1,3,,,1,,,,,,40,3.809
Fall 2025,SPEC,7340,01,"Cole,Jana Belinda",24,,,,,,,,,,,,,24,4.000
Fall 2025,SPEC,7340,2,"Gomez,Mertie",8,,,,,,,,,,,,1,9,3.556
Fall 2025,SPEC,6340,01,"Santi,Kristi L",17,3,,,,,,,,,,1,,21,3.762
Fall 2025,SPEC,3370,1,"Carp,Charlotte Lynn",10,4,2,2,,,,1,,1,,,,20,3.451
Fall 2025,SPEC,3371,1,"Carp,Charlotte Lynn",7,5,,2,1,,,,,,,,,15,3.668
Fall 2025,SPEC,4363,02,"Rigby-Wills,Hope",7,3,,1,1,,,1,,,,1,,14,3.381
Fall 2025,SPEC,6361,01,"Rigby-Wills,Hope",4,5,2,1,2,,,,,,,,,14,3.549
Fall 2025,SPEC,6363,01,"Rigby-Wills,Hope",1,3,2,1,2,1,,2,,,,,,12,3.083
Fall 2025,SPEC,8375,2,"Dulas,Heather",7,,,2,1,,,,,,,,,10,3.667
Fall 2025,SPEC,3361,01,"Richardson,Amy Renee",5,1,1,,1,,,,,,,1,,9,3.333
Fall 2025,SPEC,6370,1,"Carp,Charlotte Lynn",4,1,1,,,,1,,,,,1,,8,3.043
Fall 2025,SPEC,6371,2,"Carp,Charlotte Lynn",5,1,,,,,,,,,,1,,7,3.381
Fall 2025,SPEC,6360,01,"Dulas,Heather",3,,,,1,,,,,,,,,4,3.833
Fall 2025,SPEC,7341,01,"Hassett,Kristen Spring",2,,,,,,,,,,,,1,3,2.667
Fall 2025,SPEC,7394,01,"Hassett,Kristen Spring",,,,,,,,,,,,,1,1,0.000
Fall 2025,STAT,3331,03,"Wiley,Briceon C",44,50,26,23,35,20,16,16,15,14,14,4,17,294,2.593
Fall 2025,STAT,3331,01,"Wiley,Briceon C",42,41,30,21,22,23,11,15,13,4,5,6,26,259,2.546
Fall 2025,STAT,3331,02,"Wiley,Briceon C",3,10,12,5,6,7,,6,4,4,3,2,6,68,2.304
Fall 2025,SYSE,3315,01,"Larif,Oumaima",3,1,2,4,2,,,,,,,,,12,3.251
Fall 2025,SYSE,3301,01,"Larif,Oumaima",6,2,1,,2,,,,,,,,,11,3.727
Fall 2025,SYSE,4320,01,"Rypien,David V",7,,,,2,,,,,,,,,9,3.851
Fall 2025,SYSE,4330,01,"Govindu,Nirathi Keerthi",1,2,,2,,,,,,,,,,5,3.336
Fall 2025,SYSE,4330,02,"Govindu,Nirathi Keerthi",,,,,1,,,,,,,,,1,3.330
Fall 2025,SYSE,4111,01,"Peng,Jiming Ouyang",2,,,,,,,,,,,,,2,4.000
Fall 2025,TECH,1301,30,"Roberts,Phyllis Rayburn",15,3,2,6,5,7,5,1,,,,1,2,47,2.859
Fall 2025,TECH,1301,32,"Shin,Daeun",21,7,2,2,6,1,1,1,,,,1,3,45,3.267
Fall 2025,TECH,3365,30,"Vega-Hernandez,Cynthia",11,2,2,8,2,1,4,3,2,2,,6,,43,2.427
Fall 2025,TECH,3365,31,"Thornton,Brandon Latroy",10,2,3,1,1,1,3,1,,,,1,1,24,2.987
Fall 2025,TECH,6360,30,"Thornton,Brandon Latroy",11,,,,,,,,,,,,,11,4.000
Fall 2025,TECH,6360,40,"Thornton,Brandon Latroy",5,,,,1,,,1,,,,,,7,3.666
Fall 2025,TEPM,6301,20,"Sherman,Dennis Louis",47,,4,,,,,,,,,,,51,3.922
Fall 2025,TEPM,6301,40,"Sherman,Dennis Louis",19,,10,,,,,,,,,1,1,31,3.419
Fall 2025,TEPM,6301,30,"Sherman,Dennis Louis",23,,5,,,,,,,,,1,1,30,3.567
Fall 2025,TEPM,6307,20,"Sherman,Dennis Louis",11,,1,,1,,,,,,,,,13,3.872
Fall 2025,TEPM,6307,30,"Sherman,Dennis Louis",7,2,,,,,,,,,,,,9,3.927
Fall 2025,TEPM,6307,40,"Sherman,Dennis Louis",1,,,1,,,,,,,,,,2,3.335
Fall 2025,TEPM,6304,30,"Kovach,Jamison",11,,1,,,1,,,,,,,,13,3.769
Fall 2025,TEPM,6304,40,"Kovach,Jamison",7,,,,,1,,,,,,,,8,3.750
Fall 2025,TEPM,6304,20,"Kovach,Jamison",1,,1,,,,,,,,,,,2,3.500
Fall 2025,TEPM,6391,30,"Carden,Lila L",11,1,,,,,,,,,,,,12,3.973
Fall 2025,TEPM,6391,20,"Carden,Lila L",6,,,,,,,,,,,,,6,4.000
Fall 2025,TEPM,6391,40,"Carden,Lila L",2,,,,,,,,,,,,,2,4.000
Fall 2025,TEPM,6302,20,"Hopkins,Ronald K",8,3,,,,,,,,,,,,11,3.910
Fall 2025,TEPM,6302,40,"Hopkins,Ronald K",3,,,,,,,,,,,1,,4,3.000
Fall 2025,TEPM,6303,30,"Hopkins,Ronald K",6,,,,,,,,,,,,,6,4.000
Fall 2025,TEPM,6303,20,"Hopkins,Ronald K",3,1,1,,,,,,,,,,,5,3.734
Fall 2025,TEPM,6303,40,"Hopkins,Ronald K",2,1,,,,,,,,,,,,3,3.890
Fall 2025,TEPM,6306,20,"Rypien,David V",9,,,,,,,,,,,,,9,4.000
Fall 2025,TEPM,6306,30,"Rypien,David V",4,1,,,,,,,,,,,,5,3.934
Fall 2025,TEPM,6395,30,"Carden,Lila L",3,2,,1,,,,,,,,,,6,3.668
Fall 2025,TEPM,6395,20,"Carden,Lila L",3,,,,,,1,,,,,,,4,3.418
Fall 2025,TEPM,6395,40,"Carden,Lila L",2,,,,1,,,,,,,,,3,3.777
Fall 2025,TEPM,6305,30,"Sherman,Dennis Louis",4,1,,,,,,,,,,,,5,3.934
Fall 2025,TEPM,6305,40,"Sherman,Dennis Louis",4,,,,,,,,,,,,,4,4.000
Fall 2025,TEPM,6305,20,"Sherman,Dennis Louis",2,,,,,,,,,,,,,2,4.000
Fall 2025,TEPM,6308,40,"Conover,Sharon Cecilia",4,,,,,,,,,,,,,4,4.000
Fall 2025,TEPM,6308,20,"Conover,Sharon Cecilia",2,,,,,,,,,,,,,2,4.000
Fall 2025,TEPM,6308,30,"Conover,Sharon Cecilia",2,,,,,,,,,,,,,2,4.000
Fall 2025,THEA,1111,02,"Kenyon,Aurora Willow",26,5,1,,2,,,,,,,,,34,3.883
Fall 2025,THEA,1111,01,"Jansen,Joshua Stephen",9,,,,,,,,,,,,,9,4.000
Fall 2025,THEA,1332,01,"Bush,Rachel R",26,2,8,1,5,,,,,,,,1,43,3.597
Fall 2025,THEA,2342,01,"Coen,Elizabeth Manya",13,7,2,2,2,1,,1,,,,,,28,3.572
Fall 2025,THEA,3335,01,"Coen,Elizabeth Manya",8,7,4,5,,,,,,,,1,,25,3.322
Fall 2025,THEA,2334,01,"Kenyon,Aurora Willow",5,1,3,,2,1,2,1,,,3,2,,20,2.550
Fall 2025,THEA,1220,01,"Majkowski,Vivian",13,1,3,,,1,,,,,,,1,19,3.509
Fall 2025,THEA,2332,01,"Clark,Kyle Richard",13,1,,,2,,,,,,,,,16,3.896
Fall 2025,THEA,6175,01,"Young,John M",,,16,,,,,,,,,,,16,3.000
Fall 2025,THEA,2373,01,"Niederer,Barbara",4,5,2,1,3,,,,,,,,,15,3.534
Fall 2025,THEA,3322,01,"Steele,Zachary Jordan",13,1,,,1,,,,,,,,,15,3.933
Fall 2025,THEA,3332,01,"Watt,Sophia M",6,6,2,,1,,,,,,,,,15,3.690
Fall 2025,THEA,2390,01,"Vintu,Tatiana",10,,1,,,,,,,,,,1,12,3.583
Fall 2025,THEA,3350,01,"Clark,Kyle Richard",10,1,,,1,,,,,,,,,12,3.917
Fall 2025,THEA,3380,01,"Wetzel,Molly Elizabeth",9,2,1,,,,,,,,,,,12,3.862
Fall 2025,THEA,1112,01,"Kenyon,Aurora Willow",11,,,,,,,,,,,,,11,4.000
Fall 2025,THEA,1340,01,"Minshew,James O.W.",7,3,1,,,,,,,,,,,11,3.819
Fall 2025,THEA,3320,01,"Pistorius,Allison Marie",7,2,1,,1,,,,,,,,,11,3.788
Fall 2025,THEA,6362,01,"Tyler,James Anthony",11,,,,,,,,,,,,,11,4.000
Fall 2025,THEA,4320,01,"Pistorius,Allison Marie",7,3,,,,,,,,,,,,10,3.901
Fall 2025,THEA,6180,01,"Ferrarone,Jessica",7,,1,,1,,,,,,,,,9,3.814
Fall 2025,THEA,6182,01,"Willson,Paige A",9,,,,,,,,,,,,,9,4.000
Fall 2025,THEA,3304,01,"Tyler,James Anthony",4,,,2,2,,,,,,,,,8,3.500
Fall 2025,THEA,6198,01,"Majkowski,Vivian",8,,,,,,,,,,,,,8,4.000
Fall 2025,THEA,6201,01,"Young,John M",,,7,,1,,,,,,,,,8,3.041
Fall 2025,THEA,7211,01,"Noble,Adam S",8,,,,,,,,,,,,,8,4.000
Fall 2025,THEA,7213,01,"Noble,Adam S",8,,,,,,,,,,,,,8,4.000
Fall 2025,THEA,7221,01,"Majkowski,Vivian",8,,,,,,,,,,,,,8,4.000
Fall 2025,THEA,7223,01,"Majkowski,Vivian",8,,,,,,,,,,,,,8,4.000
Fall 2025,THEA,7251,01,"Wetzel,Molly Elizabeth",6,1,,,1,,,,,,,,,8,3.875
Fall 2025,THEA,7303,01,"Young,John M",,4,2,,2,,,,,,,,,8,3.418
Fall 2025,THEA,3362,01,"Willson,Paige A",4,3,,,,,,,,,,,,7,3.859
Fall 2025,THEA,4307,01,"Hickman,Margo Louise",6,,1,,,,,,,,,,,7,3.857
Fall 2025,THEA,3387,01,"Allen,Clint",6,,,,,,,,,,,,,6,4.000
Fall 2025,THEA,4398,2,"Niederer,Barbara",2,1,,,,,,,,,,,,3,3.890
Fall 2025,THEA,4398,1,"Willson,Paige A",2,,,,,,,,,,,,,2,4.000
Fall 2025,THEA,4398,3,"Tyler,James Anthony",1,,,,,,,,,,,,,1,4.000
Fall 2025,THEA,1113,01,"Pistorius,Allison Marie",4,,,,,,,,,,,,1,5,3.200
Fall 2025,THEA,2383,01,"Bush,Rachel R",1,2,1,,1,,,,,,,,,5,3.534
Fall 2025,THEA,3379,01,"Minor,Blake",2,3,,,,,,,,,,,,5,3.802
Fall 2025,THEA,6394,01,"Hawkes,Christopher",4,,,,1,,,,,,,,,5,3.866
Fall 2025,THEA,3283,01,"Bush,Rachel R",4,,,,,,,,,,,,,4,4.000
Fall 2025,THEA,4305,01,"Hickman,Margo Louise",4,,,,,,,,,,,,,4,4.000
Fall 2025,THEA,4306,01,"Hickman,Margo Louise",4,,,,,,,,,,,,,4,4.000
Fall 2025,THEA,3374,01,"Allen,Clint",2,,,,,,,,,,,,,2,4.000
Fall 2025,THEA,6309,01,"Hawkes,Christopher",2,,,,,,,,,,,,,2,4.000
Fall 2025,THEA,6354,01,"Willson,Paige A",1,1,,,,,,,,,,,,2,3.835
Fall 2025,THEA,6389,01,"Willson,Paige A",2,,,,,,,,,,,,,2,4.000
Fall 2025,THEA,3372,01,"Vintu,Tatiana",,,,,,,,,,,,,1,1,0.000
Fall 2025,THEA,4345,01,"Coen,Elizabeth Manya",1,,,,,,,,,,,,,1,4.000
Fall 2025,THEA,6359,01,"Niederer,Barbara",1,,,,,,,,,,,,,1,4.000
Fall 2025,THEA,6373,01,"Niederer,Barbara",1,,,,,,,,,,,,,1,4.000
Fall 2025,TLIM,3363,35,"Piercy,Penelope Junker",15,12,3,3,4,,,,,,,,,37,3.632
Fall 2025,TLIM,3363,20,"Piercy,Penelope Junker",12,17,3,3,,,,1,,,,,,36,3.604
Fall 2025,TLIM,3363,21,"Piercy,Penelope Junker",13,6,7,1,5,2,1,1,,,,,,36,3.398
Fall 2025,TLIM,3363,22,"Tangeman,Anthony C",13,6,2,1,8,3,,3,,,,,,36,3.398
Fall 2025,TLIM,3363,23,"Piercy,Penelope Junker",12,9,4,3,4,,,1,,2,,1,,36,3.279
Fall 2025,TLIM,3363,24,"Tangeman,Anthony C",11,5,6,1,8,2,,1,,1,,1,,36,3.241
Fall 2025,TLIM,3363,25,"Peterson,Kathryn Marie",32,1,1,,1,,,,,,,1,,36,3.833
Fall 2025,TLIM,3363,26,"Peterson,Kathryn Marie",31,1,2,,1,1,,,,,,,,36,3.861
Fall 2025,TLIM,3363,31,"Tangeman,Anthony C",11,5,5,2,6,1,,1,,,,3,1,35,3.057
Fall 2025,TLIM,3363,32,"Tangeman,Anthony C",13,2,5,1,6,4,,1,1,,,2,,35,3.095
Fall 2025,TLIM,3363,33,"Freedkin,Aaron Samuel",3,11,2,3,8,,,4,,,1,3,,35,2.962
Fall 2025,TLIM,3363,30,"Piercy,Penelope Junker",15,8,2,4,1,,,1,,,1,2,,34,3.324
Fall 2025,TLIM,3340,20,"Evans,Gerald S",170,45,,,1,3,4,2,,,,3,1,229,3.781
Fall 2025,TLIM,3340,30,"Cerna-Bell,Vicki",60,41,,4,11,3,2,3,2,,4,,,130,3.549
Fall 2025,TLIM,3360,31,"Feriante,Chris",67,18,3,4,22,1,1,1,,,,,2,119,3.639
Fall 2025,TLIM,3360,32,"Feriante,Chris",45,10,5,1,9,,1,2,,,,,1,74,3.658
Fall 2025,TLIM,4342,32,"O'kelley,Donna K",4,18,4,6,8,1,,3,,,,2,,46,3.168
Fall 2025,TLIM,4342,20,"O'kelley,Donna K",3,3,7,8,7,2,2,3,1,,3,,3,42,2.571
Fall 2025,TLIM,4342,30,"O'kelley,Donna K",7,5,9,5,6,2,1,6,,,1,,,42,3.040
Fall 2025,TLIM,4342,21,"Chance,Michael Dean",9,8,5,1,5,2,,1,,,,,,31,3.420
Fall 2025,TLIM,4342,60,"Chance,Michael Dean",4,3,7,2,1,1,,,,,,,,18,3.260
Fall 2025,TLIM,4341,20,"Freedkin,Aaron Samuel",15,10,3,3,7,,,1,,,,,,39,3.573
Fall 2025,TLIM,4341,31,"Cao,Shun",26,8,1,,3,,,,1,,,,,39,3.778
Fall 2025,TLIM,4341,33,"Cao,Shun",27,9,1,,2,,,,,,,,,39,3.864
Fall 2025,TLIM,4341,34,"Chance,Michael Dean",2,5,4,,4,,,,,,,,,15,3.445
Fall 2025,TLIM,4341,60,"Chance,Michael Dean",1,2,,1,1,,,,,,,,,5,3.468
Fall 2025,TLIM,3345,30,"Mehring,Brian George",4,23,16,6,24,2,,10,3,1,,,2,91,3.025
Fall 2025,TLIM,3371,30,"Burns,Maria",68,2,2,1,,1,,,,,,,1,75,3.867
Fall 2025,TLIM,3300,20,"Evans,Gerald S",4,18,4,1,15,,,2,,,,,,44,3.440
Fall 2025,TLIM,3300,21,"Merrifield,Warren",9,9,,,2,,,,,,,,,20,3.785
Fall 2025,TLIM,3330,30,"Zouridakis,George",3,1,4,,2,2,1,1,,,,2,2,18,2.352
Fall 2025,TLIM,3330,35,"Crawley,David L",4,4,5,1,,,2,,,,,1,,17,3.041
Fall 2025,TLIM,3330,33,"Crawley,David L",3,2,2,3,,1,1,2,,,,,1,15,2.779
Fall 2025,TLIM,3330,60,"Crawley,David L",2,1,1,,1,1,1,,,,,,,7,3.096
Fall 2025,TLIM,3350,20,"Freedkin,Aaron Samuel",20,18,1,,9,1,1,,,,,1,2,53,3.447
Fall 2025,TLIM,4371,30,"Mehring,Brian George",1,5,3,6,3,1,1,2,2,,,3,,27,2.507
Fall 2025,TLIM,4371,60,"Mehring,Brian George",,2,2,2,2,,3,1,,,,1,2,15,2.179
Fall 2025,TLIM,4350,20,"Freedkin,Aaron Samuel",5,15,4,1,14,,,,,,,,1,40,3.409
Fall 2025,TLIM,3355,20,"Chance,Michael Dean",10,9,4,1,4,2,,,,,,2,,32,3.282
Fall 2025,TLIM,3355,60,"Chance,Michael Dean",1,,,,2,,,,1,,,,,4,2.915
Fall 2025,TLIM,4372,20,"Thomas,Jamie M",4,2,4,4,3,5,5,2,2,,,1,,32,2.532
Fall 2025,TLIM,3365,30,"Feriante,Chris",10,6,1,1,3,1,1,2,,,,,,25,3.440
Fall 2025,TLIM,4390,30,"Mehring,Brian George",3,11,4,3,2,,,,,,,,,23,3.437
Fall 2025,TLIM,4378,30,"Feriante,Chris",15,,,,,,,,,,,,,15,4.000
Fall 2025,TLIM,4378,60,"Feriante,Chris",7,,,,,,,,,,,,,7,4.000
Fall 2025,TLIM,3331,20,"Crawley,David L",6,2,3,,,1,1,,,,,1,2,16,2.751
Fall 2025,TLIM,4396,30,"Burns,Maria",3,,,,,,,,,,,,,3,4.000
Fall 2025,TMTH,3360,30,"Thornton,Brandon Latroy",28,4,7,4,,2,1,,,,1,,2,49,3.375
Fall 2025,TMTH,3360,32,"Thornton,Brandon Latroy",27,5,7,2,,4,,,,,1,1,2,49,3.307
Fall 2025,TMTH,3360,31,"Thornton,Brandon Latroy",28,5,7,2,,2,,,,,1,2,,47,3.447
Fall 2025,TMTH,3360,34,"Daniel,Patrick Nathanial",2,2,5,2,2,2,,1,,,,4,4,24,2.028
Fall 2025,USS,1301,8,"Ware,Amanda Wynn",17,,,,,,,1,,,,2,,20,3.517
Fall 2025,USS,1301,2,"Floyd,Monica",9,1,2,2,,2,,1,,,,1,,18,3.186
Fall 2025,USS,1301,4,"Phan,Trang Anh Thuc",18,,,,,,,,,,,,,18,4.000
Fall 2025,USS,1301,9,"Rivera,Grace HaEun Kim",12,1,,,1,1,,,1,1,,,1,18,3.259
Fall 2025,USS,1301,5,"Thomas,Trever LeAnn",9,1,,3,1,,,,,1,,1,1,17,3.040
Fall 2025,USS,1301,6,"Walker,ShaTriece",5,1,3,1,2,1,,2,,,2,,,17,3.019
Fall 2025,USS,1301,3,"Young,Carrie Reid",15,,,,,,1,,,,,,,16,3.854
Fall 2025,USS,1301,1,"Price,Chelsea T",13,1,,,,,,1,,,,,,15,3.867
Fall 2025,USS,1101,51,"Shamblin,Angel Ann",,,5,,,6,,,3,,,6,,20,1.500
Fall 2025,USS,1101,13,"Simpson,James Keir",2,1,1,2,2,1,,3,,,2,,1,15,2.555
Fall 2025,USS,1101,50,"Banjeglav,Tatjana",10,,2,,,1,,,1,,,1,,15,3.267
Fall 2025,USS,1101,24,"Vernon-Harrison,Miranda Angelena",8,,1,1,1,2,,,,,1,,,14,3.309
Fall 2025,USS,1101,36,"Guidry,Vanessa Lynn",10,,1,,,,,,1,,,1,,13,3.385
Fall 2025,USS,1101,15,"Hamilton,Jenell",5,2,2,1,,1,1,,,,,,,12,3.307
Fall 2025,USS,1101,11,"King,Kelly N",5,1,1,,,1,,,,1,,1,,10,2.934
Fall 2025,USS,1101,12,"Williams,Kimberly",7,1,,1,,,,,,,,,1,10,3.434
Fall 2025,USS,1101,19,"Reed,Erin A",6,1,1,,,,,,,,,1,1,10,3.067
Fall 2025,USS,1101,22,"Yendell,Kialyn Beth",5,2,,1,,,,,,,,,,8,3.751
Fall 2025,USS,1101,25,"Johnson,Whitney Nicole",2,,,1,,,,2,,,,,2,7,2.190
Fall 2025,VIET,1501,01,"DANG,THONG Q",21,3,,,2,,,,,,,,1,27,3.766
Fall 2025,VIET,2301,01,"DANG,THONG Q",16,,,,,,,,,,,,,16,4.000
Fall 2025,WCL,2352,02,"Centeno,Daniel",4,17,5,10,8,,1,2,,,2,,,49,3.178
Fall 2025,WCL,2352,01,"Bandmann,Tanya",7,2,8,5,8,3,,5,1,,1,1,4,45,2.651
Fall 2025,WCL,2351,01,"Gnanwo Hounfodji,Raymond",4,8,8,2,4,2,,1,1,,,2,2,34,2.804
Fall 2025,WCL,3377,1,"Pelletier,Michael Peter",16,2,,,3,,,,,,,,1,22,3.697
Fall 2025,WCL,3380,01,"Weiss,Kenneth Scott",4,3,1,,5,1,1,2,,,1,1,,19,2.964
Fall 2025,WCL,4354,1,"Ramirez,Marie Theresa",4,1,,1,,,,,,1,1,1,,9,2.704
Fall 2025,WCL,3385,01,"Majumder,Sarasij",,2,1,1,3,,,,,,,,,7,3.286
Fall 2025,WCL,3376,1,"Ramirez,Marie Theresa",3,1,,,,,,,,,,,,4,3.918
Fall 2025,WCL,2380,01,"Tamber-Rosenau,Caryn M",2,,,,,,,,,,,1,,3,2.667
Fall 2025,WCL,3397,5,"Murphy,Lacy Annette",,,,,1,,,,,,,,,1,3.330
Fall 2025,WCL,4399,1,"Behr,Francesca D",1,,,,,,,,,,,,,1,4.000
Fall 2025,WGSS,2350,18,"Ford,Devan",31,,1,,,,,,,,,,,32,3.969
Fall 2025,WGSS,2350,1,"Fernandes,Bridget Yvonne Diggs",29,,,,,1,,,,,,,,30,3.933
Fall 2025,WGSS,2350,10,"Fernandes,Bridget Yvonne Diggs",27,1,1,,1,,,,,,,,,30,3.933
Fall 2025,WGSS,2350,11,"Fernandes,Bridget Yvonne Diggs",28,,1,,1,,,,,,,,,30,3.944
Fall 2025,WGSS,2350,12,"Bustillo,Anneliese Medellin",15,2,5,1,3,,,,,,1,2,1,30,3.211
Fall 2025,WGSS,2350,14,"Fernandes,Bridget Yvonne Diggs",27,1,,,1,,1,,,,,,,30,3.889
Fall 2025,WGSS,2350,17,"Fernandes,Bridget Yvonne Diggs",25,,,,4,1,,,,,,,,30,3.844
Fall 2025,WGSS,2350,19,"Ford,Devan",26,,1,,,,,,1,,,2,,30,3.600
Fall 2025,WGSS,2350,3,"Slatton,Brittany Chevon",16,1,3,4,3,1,1,,,,,1,,30,3.367
Fall 2025,WGSS,2350,4,"Pegoda,Andrew Joseph",3,,3,5,,5,2,2,,,,4,6,30,1.745
Fall 2025,WGSS,2350,5,"Martinez,Itzel Areli",26,2,1,,,,,,,,,,1,30,3.811
Fall 2025,WGSS,2350,8,"Martinez,Itzel Areli",26,,1,,1,,2,,,,,,,30,3.789
Fall 2025,WGSS,2350,9,"Slatton,Brittany Chevon",21,5,1,,1,1,,,,,,,1,30,3.689
Fall 2025,WGSS,2350,03,"Fernandes,Bridget Yvonne Diggs",24,,1,1,2,,,,,,,1,,29,3.736
Fall 2025,WGSS,2350,20,"Ford,Devan",27,1,1,,,,,,,,,,,29,3.954
Fall 2025,WGSS,2350,6,"Deremer,Melissa Gale",10,11,2,1,,,2,1,,,,,2,29,3.266
Fall 2025,WGSS,2350,7,"Pegoda,Andrew Joseph",3,2,2,4,4,3,3,3,,,,1,4,29,2.322
Fall 2025,WGSS,2350,21,"Pegoda,Andrew Joseph",1,,4,1,,4,4,4,,,,2,8,28,1.524
Fall 2025,WGSS,2350,22,"Deremer,Melissa Gale",11,12,1,2,1,,1,,,,,,,28,3.621
Fall 2025,WGSS,2350,25,"Pegoda,Andrew Joseph",,1,6,1,2,2,5,4,,,,3,3,27,1.951
Fall 2025,WGSS,2360,2,"Stone,Lauren Michelle",8,3,5,6,1,1,1,2,,,,2,1,30,2.856
Fall 2025,WGSS,2360,3,"Stone,Lauren Michelle",8,2,7,4,7,,,,,,,1,1,30,3.144
Fall 2025,WGSS,2360,7,"Boffone,Trevor James",24,1,1,,1,1,,1,,,,1,,30,3.678
Fall 2025,WGSS,2360,8,"Boffone,Trevor James",23,2,2,,,1,,,,,,1,,29,3.701
Fall 2025,WGSS,2360,4,"Pegoda,Andrew Joseph",3,1,1,2,4,3,1,1,,,,2,10,28,1.690
Fall 2025,WGSS,3322,1,"Pegoda,Andrew Joseph",4,1,4,,6,6,,4,,,,2,4,31,2.354
Fall 2025,WGSS,3360,1,"Boffone,Trevor James",17,2,3,,3,3,,,,,,,,28,3.583
Fall 2025,WGSS,3321,1,"Yildirim,Ali",5,2,,1,4,,2,,3,,,1,,18,2.759
Fall 2025,WGSS,3350,1,"Gregory,Elizabeth",11,1,2,,2,,,,,,,,,16,3.771
Fall 2025,WGSS,3319,1,"Tuthill,Zelma",11,,,1,,,,,,,,2,,14,3.334
Fall 2025,WGSS,4360,1,"Quinn,Rachel Afi",7,,,,,,,,,,,,,7,4.000
Fall 2025,WGSS,3395,1,"Shakir,Ameenah",2,,,,1,1,,1,,,,,,5,3.132
Fall 2025,WGSS,6398,2,"Gregory,Elizabeth",1,,,,,,,,,,,,,1,4.000
Spring 2026,AAMS,2300,01,"Nguyen,An",2,4,2,4,4,3,2,,,,,,3,24,2.584
Spring 2026,AAMS,3340,1,"Nguyen,An",6,3,3,2,3,,,,,,,,3,20,2.967
Spring 2026,AAS,2320,4,"Muhammad Murphy,Wilma Denae",52,50,3,,5,2,,,,3,,3,,118,3.586
Spring 2026,AAS,2320,7,"Gray,Biko Mandela",29,11,2,2,2,1,,,1,,,2,,50,3.547
Spring 2026,AAS,2320,1,"Wright,Kelechi Chinyere",24,2,3,1,4,3,4,2,1,,2,1,2,49,3.048
Spring 2026,AAS,2320,8,"Thompson,Kevin Bernard",34,,,,,,,,,,,,1,35,3.886
Spring 2026,AAS,2320,9,"Muhammad Murphy,Wilma Denae",17,12,1,,2,1,,,,,,,,33,3.748
Spring 2026,AAS,2320,2,"Shakir,Ameenah",8,3,1,3,2,1,,3,1,,1,2,,25,2.880
Spring 2026,AAS,3301,1,"Gray,Biko Mandela",31,,,,,,,,,,,,,31,4.000
Spring 2026,AAS,3349,1,"Wright,Kelechi Chinyere",21,,1,,3,2,,3,,,,,,30,3.599
Spring 2026,AAS,4370,2,"Green,Tara T",6,4,2,1,2,1,1,3,,1,1,,1,23,2.899
Spring 2026,AAS,2330,1,"Johnson,Alexander Emmitt Maurice",10,3,1,,,,1,,,,,3,,18,3.093
Spring 2026,AAS,4373,1,"Shakir,Ameenah",2,1,,1,2,2,2,,,,,1,1,12,2.362
Spring 2026,AAS,3323,1,"Langa,Neema Michael",3,,1,,,,,,,,,1,,5,3.000
Spring 2026,AAS,3340,1,"Mills,Monique T",2,1,,,1,,,,,,,1,,5,3.000
Spring 2026,AAS,3350,1,"Horne,Gerald",1,1,,,1,,,,,,,,,3,3.667
Spring 2026,ACCT,2301,11,"Parthasarathy,Kiran M",13,,34,,24,34,,26,17,,16,23,61,248,1.616
Spring 2026,ACCT,2301,09,"Parthasarathy,Kiran M",21,,38,,30,22,,21,20,,17,16,61,246,1.762
Spring 2026,ACCT,2301,06,"Newman,Michael Ray",18,,25,,11,18,,6,10,,21,23,46,178,1.526
Spring 2026,ACCT,2301,01,"Simms,John Edward",2,,3,,2,10,,3,11,,5,27,12,75,0.911
Spring 2026,ACCT,2301,03,"Sykes,Mary Reeves",6,,13,,5,13,,3,3,,2,8,13,66,1.792
Spring 2026,ACCT,2301,04,"Sykes,Mary Reeves",17,,12,,7,7,,7,2,,4,3,7,66,2.499
Spring 2026,ACCT,2301,14,"Sykes,Mary Reeves",11,,9,,6,4,,9,,,7,5,15,66,1.958
Spring 2026,ACCT,2301,15,"Sykes,Mary Reeves",11,,6,,9,4,,8,5,,5,6,12,66,1.974
Spring 2026,ACCT,2301,10,"Sykes,Mary Reeves",11,,2,,4,,,3,1,,1,2,4,28,2.594
Spring 2026,ACCT,2302,14,"Weber,Catherine K",43,,60,,18,38,,14,9,,3,5,8,198,2.695
Spring 2026,ACCT,2302,08,"Weber,Catherine K",44,,60,,14,31,,10,10,,7,5,15,196,2.588
Spring 2026,ACCT,2302,12,"Weber,Catherine K",56,,59,,18,29,,13,3,,3,4,9,194,2.867
Spring 2026,ACCT,2302,02,"Weber,Catherine K",31,,19,,2,8,,3,1,,,,2,66,3.207
Spring 2026,ACCT,2302,07,"Seltz,Joe D",15,,21,,7,16,,2,1,,,1,3,66,2.787
Spring 2026,ACCT,2302,05,"Seltz,Joe D",14,,15,,9,8,,2,3,,,3,8,62,2.494
Spring 2026,ACCT,2302,10,"Seltz,Joe D",11,,13,,2,9,,3,5,,,1,4,48,2.493
Spring 2026,ACCT,2302,03,"Zhu,Limin",3,,13,,2,7,,6,5,,2,,3,41,2.276
Spring 2026,ACCT,2302,11,"Seltz,Joe D",9,,7,,3,2,,3,1,,1,5,2,33,2.434
Spring 2026,ACCT,2302,09,"Zhu,Limin",5,,8,,2,6,,3,1,,,3,,28,2.523
Spring 2026,ACCT,2302,01,"Newman,Michael Ray",19,,5,,1,,,,,,,,1,26,3.628
Spring 2026,ACCT,2302,04,"Newman,Michael Ray",15,5,5,,,,,,,,,,1,26,3.590
Spring 2026,ACCT,2302,06,"Newman,Michael Ray",22,2,1,,,,,,,,,,,25,3.934
Spring 2026,ACCT,3366,01,"Harris,Kathleen L",19,1,5,,3,8,,4,3,,,2,24,69,1.927
Spring 2026,ACCT,3366,02,"Harris,Kathleen L",11,,8,,5,6,,3,4,,,5,27,69,1.560
Spring 2026,ACCT,3366,06,"Harris,Kathleen L",9,3,6,,5,6,,4,1,,,6,28,68,1.529
Spring 2026,ACCT,3366,04,"Harris,Kathleen L",23,1,5,,2,5,,,3,,,3,25,67,1.945
Spring 2026,ACCT,3366,05,"Parthasarathy,Kiran M",9,2,9,,3,1,,,5,,,2,13,44,1.985
Spring 2026,ACCT,3367,01,"Kilic,Emre",15,1,13,4,1,7,,4,3,,,,7,55,2.600
Spring 2026,ACCT,3367,05,"Kilic,Emre",16,1,9,,1,7,,1,1,,,4,12,52,2.218
Spring 2026,ACCT,3367,02,"Ramaswamy,Vinita",10,1,4,,2,7,,3,5,,,5,13,50,1.766
Spring 2026,ACCT,3367,03,"Gamble,George O",7,,7,,2,2,,,6,,,4,18,46,1.427
Spring 2026,ACCT,3367,06,"Kilic,Emre",3,2,8,,,12,,,2,,,11,7,45,1.541
Spring 2026,ACCT,3367,08,"Kilic,Emre",11,,6,2,2,4,,1,2,,,3,6,37,2.333
Spring 2026,ACCT,3367,07,"Ramaswamy,Vinita",,,2,,,,,,,,,,,2,3.000
Spring 2026,ACCT,3377,04,"Serrato,Darlene Marie  Bohac",1,4,9,4,3,11,1,4,2,,2,5,9,55,1.891
Spring 2026,ACCT,3377,01,"Serrato,Darlene Marie  Bohac",2,2,7,6,2,11,5,2,2,1,2,4,8,54,1.840
Spring 2026,ACCT,3377,02,"Serrato,Darlene Marie  Bohac",5,4,7,7,4,6,2,6,1,,2,4,4,52,2.321
Spring 2026,ACCT,3377,06,"Lin,Haijin",5,4,8,6,3,6,5,1,6,,1,2,3,50,2.294
Spring 2026,ACCT,3377,03,"Serrato,Darlene Marie  Bohac",8,2,5,1,4,7,,2,3,,4,2,7,45,2.162
Spring 2026,ACCT,4331,01,"Ruseva,Marina Yordanova",7,2,6,,5,3,,6,4,,1,5,6,45,2.118
Spring 2026,ACCT,4331,06,"Ruseva,Marina Yordanova",5,,11,,6,7,,8,3,,1,,4,45,2.443
Spring 2026,ACCT,4331,04,"Small,Randolph Christopher",5,,8,,3,11,2,3,2,,3,1,4,42,2.198
Spring 2026,ACCT,4331,02,"Small,Randolph Christopher",8,,11,,6,6,1,3,2,,2,1,1,41,2.690
Spring 2026,ACCT,4331,03,"Small,Randolph Christopher",9,,7,,4,6,,7,1,,,,4,38,2.622
Spring 2026,ACCT,4331,05,"Ruseva,Marina Yordanova",6,,6,,1,3,,3,2,,10,3,3,37,1.990
Spring 2026,ACCT,3371,02,"Seijas,Nuria S",27,5,7,2,11,4,1,2,,,,1,,60,3.394
Spring 2026,ACCT,3371,05,"Seijas,Nuria S",22,5,4,3,9,2,,2,,,,,2,49,3.367
Spring 2026,ACCT,3371,06,"Seijas,Nuria S",14,9,10,5,6,1,1,1,,,,,1,48,3.299
Spring 2026,ACCT,3371,03,"Seijas,Nuria S",16,9,5,2,3,1,1,4,,,,,2,43,3.264
Spring 2026,ACCT,3371,08,"George,Jessie",,3,9,11,4,3,3,6,1,,,1,1,42,2.540
Spring 2026,ACCT,4335,04,"Rousseau,Linette Marie",14,3,13,2,3,2,1,4,2,,,,1,45,3.074
Spring 2026,ACCT,4335,03,"Rousseau,Linette Marie",7,3,10,2,6,9,2,1,1,,,1,1,43,2.767
Spring 2026,ACCT,4335,06,"Rousseau,Linette Marie",11,1,10,1,5,8,,3,2,,,1,1,43,2.837
Spring 2026,ACCT,4335,05,"Kuruvilla,Mohan",3,3,7,1,5,6,,2,3,,,4,4,38,2.184
Spring 2026,ACCT,4335,01,"Seltz,Joe D",14,,13,,1,1,,2,1,,,,1,33,3.212
Spring 2026,ACCT,3368,05,"Wang,Yu",3,2,4,6,9,7,2,9,3,,,2,3,50,2.373
Spring 2026,ACCT,3368,02,"Wang,Yu",5,3,7,9,5,6,2,8,,,,1,,46,2.754
Spring 2026,ACCT,3368,06,"Wang,Yu",5,,4,4,3,7,3,8,2,,,2,3,41,2.252
Spring 2026,ACCT,3368,03,"Sun,Xue",6,3,13,1,,8,,1,3,,,1,2,38,2.579
Spring 2026,ACCT,6331,02,"Zhu,Limin",14,,1,4,2,4,,,2,,,1,,28,3.084
Spring 2026,ACCT,6331,01,"Zhu,Limin",9,,3,3,3,2,,1,2,,,,,23,3.101
Spring 2026,ACCT,6331,4,"Weber,Catherine K",3,,1,,1,,,,,,,,,5,3.666
Spring 2026,ACCT,6331,3,"Weber,Catherine K",2,,1,,,,,,,,,,,3,3.667
Spring 2026,ACCT,7320,03,"George,Jessie",8,15,5,,4,,,,,,,,,32,3.605
Spring 2026,ACCT,7320,01,"George,Jessie",9,,,1,1,,,,,,,,,11,3.818
Spring 2026,ACCT,7390,01,"Aziz,A S M Tanvir",1,,5,10,1,7,,,1,,,,,25,2.561
Spring 2026,ACCT,7390,02,"Bhakthavachalam,Aimee Tara",7,,8,,,1,,,,,,,,16,3.375
Spring 2026,ACCT,4375,02,"Neely,Gregory Wayne",10,,6,,5,,,2,,,,,,23,3.448
Spring 2026,ACCT,4375,01,"Neely,Gregory Wayne",6,,4,,3,,,2,,,,,,15,3.377
Spring 2026,ACCT,7372,03,"Evetts,Nancy Zalmanek",13,1,,,6,,,,,,,,,20,3.783
Spring 2026,ACCT,7372,01,"Evetts,Nancy Zalmanek",14,1,,,,,,,,,,,,15,3.978
Spring 2026,ACCT,7370,02,"Zhao,Yuping",9,3,2,2,6,2,,,,,,,,24,3.430
Spring 2026,ACCT,7370,01,"Zhao,Yuping",7,1,,,1,,,,,,,,,9,3.889
Spring 2026,ACCT,7340,03,"Crawford,Steven",7,3,2,,10,,,,,,,,,22,3.560
Spring 2026,ACCT,7340,02,"Crawford,Steven",4,2,1,,2,,,,,,,,,9,3.667
Spring 2026,ACCT,7330,01,"Ramaswamy,Vinita",4,,3,,1,1,,4,,,,,,13,3.050
Spring 2026,ACCT,7330,05,"Ramaswamy,Vinita",4,,4,1,2,1,,1,,,,,,13,3.205
Spring 2026,ACCT,7362,02,"Vinson,James Michael",4,2,4,1,3,,,,,,,,,14,3.429
Spring 2026,ACCT,7362,03,"Vinson,James Michael",4,3,1,,2,,1,,,,,,,11,3.485
Spring 2026,ACCT,7375,04,"Chen,Xi",3,2,4,1,2,1,,,,,,1,,14,3.048
Spring 2026,ACCT,7375,03,"Chen,Xi",5,1,,,2,1,,1,1,,,,,11,3.242
Spring 2026,ACCT,5331,07,"Ruseva,Marina Yordanova",7,1,4,1,6,1,1,2,,,,,1,24,3.110
Spring 2026,ACCT,5301,02,"Kuruvilla,Mohan",9,,2,1,2,,,3,,,,2,4,23,2.536
Spring 2026,ACCT,7385,02,"Yeriazarian,Ruben",10,,2,,,,,,,,,,,12,3.833
Spring 2026,ACCT,7385,01,"Yeriazarian,Ruben",9,,,,,,,,,,,,,9,4.000
Spring 2026,ACCT,7384,02,"Neely,Gregory Wayne",10,,,,,,,,,,,,1,11,3.636
Spring 2026,ACCT,7384,01,"Neely,Gregory Wayne",9,,,,,,,,,,,,,9,4.000
Spring 2026,ACCT,4332,06,"Chen,Xi",5,2,3,2,2,1,,1,,,,,,16,3.292
Spring 2026,ACCT,4332,02,"Chen,Xi",2,,,,1,,,,,,,,,3,3.777
Spring 2026,ACCT,5368,06,"Ramaswamy,Vinita",8,,5,,3,1,,,,,,,1,18,3.277
Spring 2026,ACCT,5368,04,"Wang,Yu",1,,,,,,,,,,,,,1,4.000
Spring 2026,ACCT,5371,01,"Seijas,Nuria S",8,2,1,,3,,,,,,,,3,17,3.078
Spring 2026,ACCT,5371,04,"Seijas,Nuria S",1,,,,1,,,,,,,,,2,3.665
Spring 2026,ACCT,7380,02,"Chen,Xi",3,1,3,1,1,,,,,,1,,,10,3.200
Spring 2026,ACCT,7380,01,"Chen,Xi",1,3,2,,1,1,,,,,,1,,9,2.927
Spring 2026,ACCT,5367,01,"Ramaswamy,Vinita",7,1,3,1,1,,,,,,,,3,16,2.917
Spring 2026,ACCT,5367,04,"Kilic,Emre",,,,,,1,,,,,,,,1,2.000
Spring 2026,ACCT,5337,01,"Serrato,Darlene Marie  Bohac",1,1,1,1,2,2,,,1,,,,4,13,1.923
Spring 2026,ACCT,5337,02,"Serrato,Darlene Marie  Bohac",,,,,,,,,,,,,1,1,0.000
Spring 2026,ACCT,5335,01,"Kuruvilla,Mohan",3,2,1,1,1,1,,,,,,2,2,13,2.334
Spring 2026,ACCT,4379,02,"Neely,Gregory Wayne",7,,1,,,1,,,,,,,,9,3.667
Spring 2026,ACCT,4379,01,"Neely,Gregory Wayne",2,,,,,,,,,,,,,2,4.000
Spring 2026,ACCT,4330,03,"Ramaswamy,Vinita",2,1,2,,4,,,,,,,,,9,3.443
Spring 2026,ACCT,5332,02,"Chen,Xi",4,,1,1,,,,,1,,,,2,9,2.519
Spring 2026,ACCT,7397,02,"Lu,Tong",5,,,,,,,,,,,,,5,4.000
Spring 2026,ACCT,7397,01,"Crawford,Steven",1,,2,,,,,,,,,,,3,3.333
Spring 2026,ACCT,5375,02,"Neely,Gregory Wayne",4,,,,1,,,1,,,,,,6,3.610
Spring 2026,ACCT,5372,01,"George,Jessie",,1,,,1,1,,,,,,,,3,3.000
Spring 2026,ACCT,5372,03,"George,Jessie",,2,,,,,,,,,,,,2,3.670
Spring 2026,ACCT,4380,03,"Bhakthavachalam,Aimee Tara",2,,2,,,,,,,,,,,4,3.500
Spring 2026,ACCT,8337,01,"Zhao,Yuping",2,2,,,,,,,,,,,,4,3.835
Spring 2026,ACCT,5330,02,"Ramaswamy,Vinita",1,,,,1,,,,,,,,,2,3.665
Spring 2026,ACCT,5330,01,"Ramaswamy,Vinita",,,,,1,,,,,,,,,1,3.330
Spring 2026,ACCT,8332,01,"Sun,Xue",3,,,,,,,,,,,,,3,4.000
Spring 2026,ACCT,8999,01,"Lobo,Gerald",1,,,,,,,,,,,,,1,4.000
Spring 2026,ACCT,8999,03,"Larson,Chad R",1,,,,,,,,,,,,,1,4.000
Spring 2026,ACCT,8999,04,"Crawford,Steven",1,,,,,,,,,,,,,1,4.000
Spring 2026,ACCT,5376,01,"Zhao,Yuping",2,,,,,,,,,,,,,2,4.000
Spring 2026,ACCT,8397,01,"Lu,Tong",2,,,,,,,,,,,,,2,4.000
Spring 2026,ACCT,8398,02,"Wang,Yu",1,,,,,,,,,,,,,1,4.000
Spring 2026,ACCT,8398,03,"Zhao,Yuping",1,,,,,,,,,,,,,1,4.000
Spring 2026,ACCT,5378,01,"Aziz,A S M Tanvir",,,1,,,,,,,,,,,1,3.000
Spring 2026,ACCT,5379,01,"Neely,Gregory Wayne",,,,,,,,,,,,,1,1,0.000
Spring 2026,AFSC,1202,01,"Dingle,Jarious",27,,,,,,,,,,,,,27,4.000
Spring 2026,AFSC,1202,02,"Dingle,Jarious",12,,,,,,,,,,,,,12,4.000
Spring 2026,AFSC,2202,01,"Dingle,Jarious",11,,,,,,,,,,,,1,12,3.667
Spring 2026,AFSC,2202,02,"Dingle,Jarious",6,,,,,,,,,,,,,6,4.000
Spring 2026,AFSC,3302,01,"Koontz,Savanah",8,5,,,3,,,,,,,,,16,3.771
Spring 2026,AFSC,4302,01,"McDonough,Megan",5,,,,,,,,,,,,,5,4.000
Spring 2026,ANTH,2304,01,"Majumder,Sarasij",168,24,7,4,8,9,2,5,1,1,1,,8,238,3.590
Spring 2026,ANTH,2301,1,"McElvaney,Katherine Anne",23,9,13,7,11,7,3,5,6,1,5,6,5,101,2.607
Spring 2026,ANTH,2346,01,"Routon,Erin Danielle",21,11,11,8,14,4,,3,2,,2,2,5,83,2.952
Spring 2026,ANTH,2351,01,"Hannaford,Dinah Rebecca",35,10,9,2,2,2,1,1,4,,1,3,,70,3.272
Spring 2026,ANTH,2302,01,"Raymond,Amy Lynn",17,7,6,6,6,1,1,4,,,,2,2,52,3.090
Spring 2026,ANTH,3342,1,"Sen,Debarati",11,7,2,,4,2,2,,,,1,1,4,34,2.873
Spring 2026,ANTH,4310,01,"McNeal,Keith E.",12,8,5,1,3,1,,2,,,,,1,33,3.384
Spring 2026,ANTH,4364,1,"McNeal,Keith E.",2,2,8,1,6,4,,1,,,,,4,28,2.583
Spring 2026,ANTH,4338,1,"Routon,Erin Danielle",14,7,,,1,1,,,,,,2,2,27,3.223
Spring 2026,ANTH,4331,01,"Ghazali,Marwa",19,,,,3,,,,,,,3,1,26,3.307
Spring 2026,ANTH,3347,1,"Quinn,Rachel Afi",11,2,1,,3,1,,1,,,,,1,20,3.433
Spring 2026,ANTH,3396,3,"Tiwari,Bhavya",9,1,,1,1,1,,,2,,3,,1,19,2.824
Spring 2026,ANTH,3316,1,"Majumder,Sarasij",6,3,7,,,,,,,,,,2,18,3.112
Spring 2026,ANTH,3384,1,"Ambikaipaker,Mohan",10,4,,,3,,,1,,,,,,18,3.722
Spring 2026,ANTH,3375,1,"Gorczyk,John",11,2,1,1,1,,,,,,,,1,17,3.549
Spring 2026,ANTH,6315,1,"Ghazali,Marwa",7,,,,,,,,,,,,,7,4.000
Spring 2026,ANTH,6322,1,"Ghazali,Marwa",4,,,,,,,,,,,,,4,4.000
Spring 2026,ANTH,4380,1,"Chase,Arlen F",3,,,,,,,,,,,,,3,4.000
Spring 2026,ANTH,4382,1,"Chase,Arlen F",3,,,,,,,,,,,,,3,4.000
Spring 2026,ANTH,4391,1,"Chase,Arlen F",3,,,,,,,,,,,,,3,4.000
Spring 2026,ANTH,4392,1,"Chase,Arlen F",3,,,,,,,,,,,,,3,4.000
Spring 2026,ANTH,7399,3,"Chase,Arlen F",2,,,,,,,,,,,,,2,4.000
Spring 2026,ANTH,7399,01,"Routon,Erin Danielle",1,,,,,,,,,,,,,1,4.000
Spring 2026,ANTH,6342,1,"Sen,Debarati",2,,,,,,,,,,,,,2,4.000
Spring 2026,ANTH,3399,1,"Hannaford,Dinah Rebecca",1,,,,,,,,,,,,,1,4.000
Spring 2026,ANTH,4398,1,"Chase,Arlen F",1,,,,,,,,,,,,,1,4.000
Spring 2026,ANTH,4399,1,"McNeal,Keith E.",1,,,,,,,,,,,,,1,4.000
Spring 2026,ANTH,6395,1,"McNeal,Keith E.",1,,,,,,,,,,,,,1,4.000
Spring 2026,ANTH,6399,1,"Chase,Arlen F",1,,,,,,,,,,,,,1,4.000
Spring 2026,ARAB,1502,01,"Hefter,Thomas H",1,2,2,,,2,1,,,1,,,1,10,2.368
Spring 2026,ARAB,1502,03,"Hefter,Thomas H",1,,2,,1,,,,,,,,1,5,2.666
Spring 2026,ARAB,2312,01,"Hefter,Thomas H",6,1,,2,1,,2,,,,,1,1,14,2.834
Spring 2026,ARCH,3397,5,"Kudless,Andrew Justin",13,3,2,,5,2,,1,1,1,,1,2,31,3.021
Spring 2026,ARCH,3397,1,"Kudless,Andrew Justin",7,3,4,5,2,1,1,2,,,1,2,,28,2.881
Spring 2026,ARCH,3397,4,"Kudless,Andrew Justin",2,5,7,5,2,3,,1,,,,3,,28,2.703
Spring 2026,ARCH,3397,3,"Kudless,Andrew Justin",2,3,4,5,2,3,2,1,,,,2,2,26,2.411
Spring 2026,ARCH,3397,2,"Kudless,Andrew Justin",6,2,2,5,,,1,1,1,2,,1,1,22,2.592
Spring 2026,ARCH,3397,7,"Truitt,William C",9,3,2,,,,,,,,,1,1,16,3.313
Spring 2026,ARCH,3397,6,"Kacmar,Donna",8,5,,,,1,,1,,,,,,15,3.645
Spring 2026,ARCH,3397,8,"Bell,Larry S",5,,,,,,,,,,,,,5,4.000
Spring 2026,ARCH,5500,07,"Beneytez-Duran,Rafael",14,3,,,9,,,,,,,,,26,3.730
Spring 2026,ARCH,5500,15,"Johnson,Matthew W",19,,,,,,,,,,,,1,20,3.800
Spring 2026,ARCH,5500,05,"Krahe Marina,Enrique Javier",,,4,4,6,3,1,,,,,,,18,2.796
Spring 2026,ARCH,5500,25,"Logan,Jason",4,2,2,4,5,,,,,,,,,17,3.334
Spring 2026,ARCH,5500,03,"Truitt,William C",9,,4,1,,1,,1,,,,,,16,3.438
Spring 2026,ARCH,5500,19,"Louterbach Rippe,Melanie Barbara",7,,,2,4,,,3,,,,,,16,3.353
Spring 2026,ARCH,5500,11,"Story,Jon Kevin",,1,2,3,5,1,1,,,,,,1,14,2.714
Spring 2026,ARCH,5500,23,"Battaglia,Christopher Andrew",6,4,,,4,,,,,,,,,14,3.714
Spring 2026,ARCH,1501,01,"Gonzales,Michael A",8,3,,1,2,1,,,,,,,1,16,3.396
Spring 2026,ARCH,1501,13,"Olwi,Asmaa",6,3,1,,2,2,1,,,,,,1,16,3.146
Spring 2026,ARCH,1501,20,"Murray,Cara",3,3,2,,2,1,1,1,1,,,,2,16,2.667
Spring 2026,ARCH,1501,26,"Greene,Lauren",4,3,2,3,3,,,1,,,,,,16,3.334
Spring 2026,ARCH,1501,30,"Plauche',Roya",4,3,4,,4,,1,,,,,,,16,3.375
Spring 2026,ARCH,1501,07,"Wienert,Ross George",5,2,1,,3,1,,3,,,,,,15,3.288
Spring 2026,ARCH,1501,24,"Woodfill,Celeste Ponce",,1,3,4,4,2,,,,,,,1,15,2.711
Spring 2026,ARCH,1501,28,"Lutz,Shawn M",5,1,2,1,2,2,1,1,,,,,,15,3.133
Spring 2026,ARCH,1501,22,"Lee,Seo Hee",2,2,2,,1,1,1,,1,,,,2,12,2.445
Spring 2026,ARCH,3328,01,"Kyropoulou,Amygdalia",38,26,9,5,20,6,5,3,,,2,9,2,125,3.075
Spring 2026,ARCH,3501,03,"Diehl,Tom",2,2,1,3,2,,,2,2,,,2,,16,2.479
Spring 2026,ARCH,3501,07,"Jacobs,Daniel",3,8,2,1,,,,2,,,,,,16,3.418
Spring 2026,ARCH,3501,09,"Clovis,Sam",4,3,3,1,3,,,2,,,,,,16,3.333
Spring 2026,ARCH,3501,21,"Lutz,Shawn M",4,2,4,1,4,1,,,,,,,,16,3.333
Spring 2026,ARCH,3501,5,"Davis,Curtis M",2,3,,3,,2,1,4,1,,,,,16,2.688
Spring 2026,ARCH,3501,01,"Krahe Marina,Enrique Javier",3,3,3,4,,,,1,1,,,,,15,3.068
Spring 2026,ARCH,3501,11,"Turner,Cass",2,5,,,7,1,,,,,,,,15,3.444
Spring 2026,ARCH,3501,19,"Story,Jon Kevin",2,2,5,2,3,,,,,,,,1,15,3.045
Spring 2026,ARCH,2351,01,"Ramaswamy,Deepa",40,20,12,4,21,4,2,5,,1,2,1,1,113,3.330
Spring 2026,ARCH,2328,01,"Taylor,Rives",23,36,8,1,13,1,1,4,,1,,1,5,94,3.274
Spring 2026,ARCH,4373,1,"Lo,Ruth W",5,3,5,2,5,,,,,,,,,20,3.400
Spring 2026,ARCH,4373,2,"Louterbach Rippe,Melanie Barbara",6,2,1,2,7,1,,,,,,,,19,3.421
Spring 2026,ARCH,4373,3,"Munenzon Titelboim,Dalia",8,11,,,,,,,,,,,,19,3.809
Spring 2026,ARCH,4373,4,"Ramaswamy,Deepa",8,2,1,2,4,1,,1,,,,,,19,3.438
Spring 2026,ARCH,4328,01,"Jacobs,Daniel",36,7,3,7,10,1,3,5,2,,,,1,75,3.351
Spring 2026,ARCH,2501,25,"Olwi,Asmaa",4,2,1,2,2,,2,,,,,,2,15,2.779
Spring 2026,ARCH,2501,27,"Murray,Cara",2,1,2,2,5,,,,1,,,,2,15,2.711
Spring 2026,ARCH,2501,5,"Soto,Carlos E",,8,2,1,3,,,,,,,1,,15,3.201
Spring 2026,ARCH,2501,11,"Lee,Seo Hee",2,2,2,,5,1,,1,,,,,1,14,3.023
Spring 2026,ARCH,2501,7,"Woodfill,Celeste Ponce",1,3,5,,4,,1,,,,,,,14,3.214
Spring 2026,ARCH,3312,3,"Logan,Jason",,12,5,,6,,2,,,,,,,25,3.294
Spring 2026,ARCH,3312,7,"Smith,Joshua S",14,2,,,1,,,,,,,,,17,3.922
Spring 2026,ARCH,3312,8,"Clovis,Sam",3,8,,,3,,,,,,,,1,15,3.423
Spring 2026,ARCH,3112,04,"Noldt,Peter",4,5,2,,2,1,,1,,,,,,15,3.423
Spring 2026,ARCH,3112,06,"Noldt,Peter",7,6,2,,,,,,,,,,,15,3.735
Spring 2026,ARCH,3112,07,"Noldt,Peter",5,6,1,1,,,,1,,,,,1,15,3.335
Spring 2026,ARCH,4312,1,"Roldan Caballero,Jose Manuel",1,4,3,2,8,3,,,,,,,,21,3.127
Spring 2026,ARCH,4312,2,"Roldan Caballero,Jose Manuel",,5,3,3,2,1,,1,,,,,,15,3.090
Spring 2026,ARCH,7601,05,"Froehlich,Dietmar",7,3,,,1,,,,,,,,,11,3.849
Spring 2026,ARCH,7601,01,"Borden,Gail",3,2,1,,4,,,,,,,,,10,3.566
Spring 2026,ARCH,7601,03,"Longoria,Rafael R",5,2,,,2,,,,,,,,,9,3.778
Spring 2026,ARCH,7601,07,"Zweig,Peter J",5,,,,,,,,,,,,1,6,3.333
Spring 2026,ARCH,5508,5,"Brune,Geoffrey",5,6,4,,3,,,,,,,,,18,3.556
Spring 2026,ARCH,5508,3,"Rogers,Susan",2,3,4,3,3,,1,,,,,,,16,3.168
Spring 2026,ARCH,   6A51,01,"Thaddeus,David J",5,3,6,10,5,,,2,,,,,,31,3.130
Spring 2026,ARCH,6604,01,"Schuster,Kristin",1,2,2,5,2,,1,2,,,,,,15,2.912
Spring 2026,ARCH,6604,03,"Hager,Jesse",10,1,1,,,1,,,1,,,,1,15,3.311
Spring 2026,ARCH,   6A49,01,"Kyropoulou,Amygdalia",11,3,5,2,6,,,,,,,,2,29,3.287
Spring 2026,ARCH,6304,1,"Plauche',Roya",7,13,,,8,,,,,,,,1,29,3.529
Spring 2026,ARCH,3311,01,"Bassi Cendra,Giovanna Maria",2,3,1,4,1,1,,,,,,,1,13,2.925
Spring 2026,ARCH,3311,5,"Rodriguez Fernandez,Marta",3,4,1,1,,,,,,,,1,3,13,2.488
Spring 2026,ARCH,6357,01,"Bassi Cendra,Giovanna Maria",6,6,2,2,5,,2,3,,,,,,26,3.244
Spring 2026,ARCH,6376,01,"Rogers,Susan",15,8,,,3,,,,,,,,,26,3.821
Spring 2026,ARCH,6397,8,"Johnson,Matthew W",14,,,,,,,,,,,,,14,4.000
Spring 2026,ARCH,6397,3,"Bell,Larry S",4,,,,,,,,,,,,,4,4.000
Spring 2026,ARCH,6397,1,"Story,Jon Kevin",1,1,,,1,,,,,,,,,3,3.667
Spring 2026,ARCH,4321,01,"Story,Jon Kevin",1,6,2,3,1,2,1,1,,,,,,17,3.021
Spring 2026,ARCH,3198,1,"Phan,Trang Anh Thuc",14,,,,,,,,,,,,1,15,3.733
Spring 2026,ARCH,3198,2,"Phan,Trang Anh Thuc",1,,,,,,,,,,,,,1,4.000
Spring 2026,ARCH,4351,01,"Turner,Drexel",8,5,,2,1,,,,,,,,,16,3.689
Spring 2026,ARCH,3342,01,"Turner,Drexel",5,6,2,1,,,,,,,,,1,15,3.379
Spring 2026,ARCH,6112,4,"Noldt,Peter",2,2,,,1,,,,,,,,,5,3.734
Spring 2026,ARCH,6112,6,"Noldt,Peter",2,3,,,,,,,,,,,,5,3.802
Spring 2026,ARCH,6112,7,"Noldt,Peter",1,3,,,,,,,,,,,1,5,3.002
Spring 2026,ARCH,4355,01,"Fox,Stephen",10,3,,,1,,,,,,,,,14,3.881
Spring 2026,ARCH,4367,01,"Taylor,Rives",7,4,1,,2,,,,,,,,,14,3.739
Spring 2026,ARCH,6302,1,"Olwi,Asmaa",7,4,1,,2,,,,,,,,,14,3.739
Spring 2026,ARCH,   6A21,1,"Kyropoulou,Amygdalia",8,5,,,,,,,,,,,,13,3.873
Spring 2026,ARCH,   6A23,1,"Thaddeus,David J",8,,1,1,3,,,,,,,,,13,3.666
Spring 2026,ARCH,6341,01,"Ramaswamy,Deepa",5,3,4,,,,1,,,,,,,13,3.437
Spring 2026,ARCH,6601,01,"Peters,Patrick A",5,2,3,,3,,,,,,,,,13,3.564
Spring 2026,ARCH,3371,1,"Johnson,Matthew W",10,,,,,,,,,,,,1,11,3.636
Spring 2026,ARCH,5593,15,"Johnson,Matthew W",10,,,,1,,,,,,,,,11,3.939
Spring 2026,ARCH,3391,01,"Brune,Geoffrey",4,4,,,2,,,,,,,,,10,3.734
Spring 2026,ARCH,6198,1,"Phan,Trang Anh Thuc",9,,,,,,,,,,,,,9,4.000
Spring 2026,ARCH,6360,01,"Jacobs,Daniel",5,1,1,,1,,,1,,,,,,9,3.592
Spring 2026,ARCH,6312,8,"Clovis,Sam",2,3,,,,,,,,,,,,5,3.802
Spring 2026,ARCH,6312,7,"Smith,Joshua S",3,,,,,,,,,,,,,3,4.000
Spring 2026,ARCH,6324,01,"Colaco,Joseph P",,5,,1,2,,,,,,,,,8,3.460
Spring 2026,ARCH,6311,1,"Bassi Cendra,Giovanna Maria",2,2,,,1,,,,,,,,,5,3.734
Spring 2026,ARCH,6311,5,"Rodriguez Fernandez,Marta",1,,,,,,,,,,,,1,2,2.000
Spring 2026,ARCH,6367,01,"Taylor,Rives",6,1,,,,,,,,,,,,7,3.953
Spring 2026,ARCH,4324,01,"Colaco,Joseph P",,2,1,1,,,,,,,,,1,5,2.602
Spring 2026,ARCH,6355,01,"Fox,Stephen",4,,,,,,,,,,,,,4,4.000
Spring 2026,ARCH,6351,01,"Turner,Drexel",2,,1,,,,,,,,,,,3,3.667
Spring 2026,ARCH,3398,1,"Phan,Trang Anh Thuc",2,,,,,,,,,,,,,2,4.000
Spring 2026,ARED,2310,03,"Chung,Sheng Kuan",11,1,,2,1,,,1,,,,1,3,20,2.934
Spring 2026,ARED,2310,01,"Chung,Sheng Kuan",10,4,1,2,,,,,,,,1,1,19,3.317
Spring 2026,ARED,2310,04,"Sheykhlar,Saeideh",7,3,,2,,1,1,,2,1,1,1,,19,2.738
Spring 2026,ARED,2310,02,"Sheykhlar,Saeideh",3,2,1,4,1,1,,,,,,4,,16,2.397
Spring 2026,ARED,3305,01,"Boyaki wilson,Amanda Rose",18,2,,,,,,,,,,,,20,3.967
Spring 2026,ARED,4345,02,"Burgess,Theresa Michelle",16,,,,,,,,,,,,,16,4.000
Spring 2026,ARED,7350,01,"Chung,Sheng Kuan",6,,,,,,,,,,,,,6,4.000
Spring 2026,ARED,6345,03,"Burgess,Theresa Michelle",3,,,,,,,,,,,,,3,4.000
Spring 2026,ARLD,4397,40,"Escobedo,Theresa Renee",11,2,2,,1,,,2,,,,,,18,3.629
Spring 2026,ARLD,4397,01,"Girardot,Michelle",7,,1,2,1,,,,,,,2,1,14,2.834
Spring 2026,ARLD,3300,01,"Wilson,Paula Michelle",10,,1,1,8,1,,2,1,,1,,,25,3.252
Spring 2026,ARLD,6340,01,"Payne,Brendettae",14,,,,,,,,,,,,,14,4.000
Spring 2026,ARLD,6395,40,"Escobedo,Theresa Renee",11,,,,,,,,,,,,,11,4.000
Spring 2026,ARLD,6315,01,"Luks Jacobs,Joel",10,,,,,,,,,,,,,10,4.000
Spring 2026,ARLD,6372,01,"Veneman,Katherine A",10,,,,,,,,,,,,,10,4.000
Spring 2026,ARLD,6325,01,"Dallas,Marci R",5,3,,,,,,,,,,,,8,3.876
Spring 2026,ARLD,6300,01,"Hainley,Lauren",4,2,,,1,,,,,,,,,7,3.810
Spring 2026,ARLD,6371,01,"DeHoyos-Sauder,Ashley Delara",7,,,,,,,,,,,,,7,4.000
Spring 2026,ARLD,6398,01,"Fernando,Fleurette S",3,,,,,,,,,,,,,3,4.000
Spring 2026,ARLD,6691,01,"Fernando,Fleurette S",2,,,,,,,,,,,,,2,4.000
Spring 2026,ARLD,6391,01,"Fernando,Fleurette S",1,,,,,,,,,,,,,1,4.000
Spring 2026,ARTH,3337,01,"Harren,Natilee O",23,11,8,5,7,,1,3,,1,,5,4,68,2.976
Spring 2026,ARTH,4383,01,"Rubinstein,Raphael",6,12,1,4,19,,,,,,,,2,44,3.295
Spring 2026,ARTH,4394,05,"Murphy,Lacy Annette",3,3,2,,2,,,,,,,,1,11,3.243
Spring 2026,ARTH,4394,04,"Harren,Natilee O",4,2,1,,2,,1,,,,,,,10,3.467
Spring 2026,ARTH,4394,06,"Burandt,Janice",6,1,1,,1,,,,,,,,,9,3.778
Spring 2026,ARTH,4394,02,"Rodriguez,Leticia Rios",1,1,,,1,,,,,,,1,,4,2.750
Spring 2026,ARTH,4394,01,"Koontz,Rex A",2,,,,,,,,,,,,,2,4.000
Spring 2026,ARTH,6394,05,"Murphy,Lacy Annette",4,4,,,,1,,,,,,,,9,3.631
Spring 2026,ARTH,6394,01,"Koontz,Rex A",7,,,,1,,,,,,,,,8,3.916
Spring 2026,ARTH,6394,02,"Rodriguez,Leticia Rios",4,,,,1,1,,1,,,,,,7,3.380
Spring 2026,ARTH,6394,04,"Harren,Natilee O",4,1,,,,,,,,,,,,5,3.934
Spring 2026,ARTH,6394,06,"Burandt,Janice",4,1,,,,,,,,,,,,5,3.934
Spring 2026,ARTH,3311,01,"Rodriguez,Leticia Rios",5,3,4,4,3,3,,2,,,,1,1,26,2.859
Spring 2026,ARTH,3302,01,"Rubinstein,Raphael",,1,3,,4,2,,,1,,,,1,12,2.583
Spring 2026,ARTH,4380,01,"Zalman,Sandra",1,3,5,,,1,1,,,,,,,11,3.062
Spring 2026,ARTH,6302,01,"Rubinstein,Raphael",6,,,,,,,,,,,,,6,4.000
Spring 2026,ARTH,6331,01,"Rubinstein,Raphael",3,1,,,1,,,,,,,,,5,3.800
Spring 2026,ARTH,6337,01,"Harren,Natilee O",3,,,,1,,,,,,,,,4,3.833
Spring 2026,ARTH,6380,01,"Zalman,Sandra",3,1,,,,,,,,,,,,4,3.918
Spring 2026,ARTH,7393,01,"Harren,Natilee O",3,,,,1,,,,,,,,,4,3.833
Spring 2026,ARTH,7399,01,"Tejada,Roberto Jose",1,,,,,,,,,,,,,1,4.000
Spring 2026,ARTH,7399,02,"Harren,Natilee O",,1,,,,,,,,,,,,1,3.670
Spring 2026,ARTH,7399,03,"Zalman,Sandra",1,,,,,,,,,,,,,1,4.000
Spring 2026,ARTH,7398,01,"Zalman,Sandra",1,,,,,,,,,,,,,1,4.000
Spring 2026,ARTH,7398,02,"Koontz,Rex A",1,,,,,,,,,,,,,1,4.000
Spring 2026,ARTS,1303,02,"Olmos,Jessica Taylor",3,25,17,15,34,4,5,5,2,1,3,3,4,121,2.832
Spring 2026,ARTS,1303,01,"Koontz,Rex A",42,13,7,7,8,3,8,5,1,4,,3,8,109,2.906
Spring 2026,ARTS,1304,02,"Olmos,Jessica Taylor",8,29,17,12,30,3,4,7,1,,2,4,2,119,2.975
Spring 2026,ARTS,1304,01,"Zalman,Sandra",19,10,17,7,4,7,4,8,3,2,4,5,4,94,2.603
Spring 2026,ARTS,1316,01,"Lee,Erica Reed",8,2,2,1,,1,,,,,,3,1,18,2.778
Spring 2026,ARTS,1316,03,"Santee,Esther Robbins",11,5,,,,,,1,,,,,1,18,3.593
Spring 2026,ARTS,1316,04,"Bakhshi,Zohreh",11,1,,1,3,,,,,1,,,1,18,3.389
Spring 2026,ARTS,1316,02,"Hernandez-Vargas,Saul",7,2,2,3,3,,,,,,,,,17,3.491
Spring 2026,ARTS,1316,05,"Walker,Cooper West",8,2,1,,2,,,2,,,,,2,17,3.156
Spring 2026,ARTS,1311,01,"Williams,Celeste",7,7,1,2,5,,,,,,,,1,23,3.421
Spring 2026,ARTS,1311,03,"Mousner,James David",2,2,11,,1,1,,2,1,,,,1,21,2.825
Spring 2026,ARTS,1311,02,"Williams,Celeste",7,3,1,1,2,,,1,1,,,,2,18,3.037
Spring 2026,ARTS,2326,02,"Campbell,Hannah C",13,,,,,,,,,,,,,13,4.000
Spring 2026,ARTS,2326,01,"VanMeter,Charles Edward",11,,,,,,,,,,,,1,12,3.667
Spring 2026,ARTS,2326,03,"Reed,Macon",6,1,1,,2,1,,1,,,,,,12,3.472
Spring 2026,ARTS,2326,04,"Gonzalez,Jessica Carolina",5,4,1,,,,,1,,,,,1,12,3.334
Spring 2026,ARTS,2326,05,"Gonzalez,Jessica Carolina",4,5,,1,1,,,,,,,,1,12,3.363
Spring 2026,ARTS,2311,02,"Williams,Celeste",8,10,1,,3,,,,,,,,,22,3.713
Spring 2026,ARTS,2311,03,"Coakley,Fiona",5,,1,1,4,,1,1,,,,3,2,18,2.388
Spring 2026,ARTS,2311,01,"Bootwala,Jennifer Elizabeth",1,2,1,5,,2,1,2,,,1,,1,16,2.459
Spring 2026,ARTS,2316,02,"Evin,Tyler Jeffrey",6,2,4,,2,1,,,,,,,,15,3.467
Spring 2026,ARTS,2316,03,"Hatter,Makenna Kathryn",13,1,,1,,,,,,,,,,15,3.889
Spring 2026,ARTS,2316,01,"Herndon,Ashley Anika",4,,1,3,4,,,,,,,2,,14,2.881
Spring 2026,ARTS,2316,04,"Mellor,Jade Elizabeth",7,,1,,,,,,,,,1,1,10,3.100
Spring 2026,ARTS,3300,01,"Willis,William H",18,,,,,,,,,,,,,18,4.000
Spring 2026,ARTS,3300,02,"Siddiq,Sajeela",18,,,,,,,,,,,,,18,4.000
Spring 2026,ARTS,3300,03,"Luo,Maisie Yixuan Guoguo",4,4,5,,3,1,,,,,,,,17,3.392
Spring 2026,ARTS,3304,01,"Willis,William H",16,,,,,,,,,,,,2,18,3.556
Spring 2026,ARTS,3304,03,"Luo,Maisie Yixuan Guoguo",8,4,1,,4,,,1,,,,,,18,3.629
Spring 2026,ARTS,3304,02,"Siddiq,Sajeela",16,,,1,,,,,,,,,,17,3.922
Spring 2026,ARTS,3334,02,"Gamble,Travis Hunter",7,3,1,3,4,1,,2,,,,1,2,24,2.917
Spring 2026,ARTS,3334,01,"Gabbiani,Sibylle",2,4,5,5,1,1,1,2,,,2,,,23,2.841
Spring 2026,ARTS,3330,02,"Unikel,Joshua",5,1,,5,4,,,3,3,,1,1,1,24,2.569
Spring 2026,ARTS,3330,03,"Lopez,Jonathan Christopher",,6,3,6,2,1,,1,,,,,1,20,2.902
Spring 2026,ARTS,3313,01,"Masterson,Patrick D",12,2,,,,1,,,,,,,,15,3.823
Spring 2026,ARTS,3313,03,"Bender,Hannah Marie",14,,,,,,,,,,,,1,15,3.733
Spring 2026,ARTS,3313,02,"Masterson,Patrick D",7,5,,,,,,,,,,,1,13,3.565
Spring 2026,ARTS,2333,01,"Alderson,Saran",14,,,,,,,,,,,,1,15,3.733
Spring 2026,ARTS,2333,02,"Hernandez-Vargas,Saul",9,,2,,,,,1,,,,,2,14,3.166
Spring 2026,ARTS,2333,03,"Hernandez-Vargas,Saul",10,1,,,1,,,,,,,,,12,3.917
Spring 2026,ARTS,3374,01,"Chen,Shang-Yee Mark",7,4,2,2,2,2,1,1,,,,3,1,25,2.747
Spring 2026,ARTS,3374,02,"Thomas,Britt",5,7,2,2,,,,,,,,,,16,3.564
Spring 2026,ARTS,2356,02,"Bacon,Andrew",12,1,,,2,,,,,,,,1,16,3.646
Spring 2026,ARTS,2356,04,"Boncy,Jean Sebastien",12,1,,,2,,,,,,,,1,16,3.646
Spring 2026,ARTS,2356,03,"King,Rachel",4,1,,,,,,1,,1,,,1,8,2.834
Spring 2026,ARTS,4392,01,"Meza,Abinadi",32,,3,,,4,,,,,,1,,40,3.625
Spring 2026,ARTS,3301,01,"Forse,John",17,3,,,,,,,,,,,,20,3.951
Spring 2026,ARTS,3301,02,"Souvorova,Daria",10,3,3,,1,,,,,,,,1,18,3.519
Spring 2026,ARTS,4387,01,"Meza,Abinadi",20,,7,,,1,,,1,,,2,1,32,3.250
Spring 2026,ARTS,2346,01,"Oloshove,Angel",9,,1,1,2,2,,,,,,,1,16,3.271
Spring 2026,ARTS,2346,02,"Oloshove,Angel",7,2,1,1,1,,,,2,,,,1,15,3.089
Spring 2026,ARTS,3370,01,"Bossen,WIlliam Brooks",11,1,1,,1,,,,,,,,1,15,3.600
Spring 2026,ARTS,3370,02,"Casagranda,Madison Anne",11,1,1,,,1,,,,,,,,14,3.762
Spring 2026,ARTS,4396,01,"Bui,Joseph",15,,,1,,,,,,,,,,16,3.917
Spring 2026,ARTS,4396,02,"Meza,Abinadi",7,,4,,,,,,1,,,,,12,3.417
Spring 2026,ARTS,1383,01,"Reed,John G",7,2,1,,1,3,,1,,,,2,8,25,2.000
Spring 2026,ARTS,2348,02,"Clarke,Chelsea",11,3,,,3,,,,,,,,1,18,3.611
Spring 2026,ARTS,2348,01,"Coulter,Crystal L",2,1,,1,,1,,,,,,,1,6,2.723
Spring 2026,ARTS,3335,01,"Beckett,Cheryl A",5,5,4,1,8,,,1,,,,,,24,3.416
Spring 2026,ARTS,3337,01,"Unikel,Joshua",17,5,1,,1,,,,,,,,,24,3.862
Spring 2026,ARTS,4333,01,"Gabbiani,Sibylle",12,4,1,,6,1,,,,,,,,24,3.653
Spring 2026,ARTS,4335,01,"Barajas,Flor Alexandra",24,,,,,,,,,,,,,24,4.000
Spring 2026,ARTS,3331,01,"Rose,Sierra",12,8,1,,,,1,1,,,,,,23,3.668
Spring 2026,ARTS,3336,01,"Gabbiani,Sibylle",6,7,1,2,7,,,,,,,,,23,3.537
Spring 2026,ARTS,4334,01,"Beckett,Cheryl A",9,1,8,2,2,,,1,,,,,,23,3.391
Spring 2026,ARTS,4381,01,"Reed,John G",8,6,1,,1,2,,,,,,2,1,21,3.064
Spring 2026,ARTS,3397,01,"Hillerbrand,Stephan C",19,,,,,,,,,,,,,19,4.000
Spring 2026,ARTS,1372,01,"Hillerbrand,Stephan C",7,3,1,1,,1,,,,,1,2,2,18,2.667
Spring 2026,ARTS,3358,01,"Oloshove,Angel",14,1,1,,,,,,,,,,,16,3.917
Spring 2026,ARTS,3360,01,"Reed,Macon",2,6,5,1,2,,,,,,,,,16,3.397
Spring 2026,ARTS,3361,01,"Giampietro,Francis A",9,7,,,,,,,,,,,,16,3.856
Spring 2026,ARTS,4300,01,"Parazette,Aaron",9,3,1,,,1,,,,,,,,14,3.715
Spring 2026,ARTS,4301,01,"Suber,Anthony",9,3,1,,,1,,,,,,,,14,3.715
Spring 2026,ARTS,4302,01,"Parazette,Aaron",9,3,1,,,1,,,,,,,,14,3.715
Spring 2026,ARTS,4373,01,"Anderson-Staley,Keliy",5,8,,,1,,,,,,,,,14,3.764
Spring 2026,ARTS,4374,01,"Lee,Min Woo",10,4,,,,,,,,,,,,14,3.906
Spring 2026,ARTS,4375,01,"Boncy,Jean Sebastien",14,,,,,,,,,,,,,14,4.000
Spring 2026,ARTS,6300,01,"Parazette,Aaron",14,,,,,,,,,,,,,14,4.000
Spring 2026,ARTS,3315,01,"Alderson,Saran",11,,,1,,,,,,,,,1,13,3.590
Spring 2026,ARTS,3372,01,"Lee,Min Woo",3,2,2,,6,,,,,,,,,13,3.486
Spring 2026,ARTS,4303,01,"Parazette,Aaron",10,2,,,,1,,,,,,,,13,3.795
Spring 2026,ARTS,4304,01,"Suber,Anthony",10,2,,,,1,,,,,,,,13,3.795
Spring 2026,ARTS,4305,01,"Parazette,Aaron",10,2,,,,1,,,,,,,,13,3.795
Spring 2026,ARTS,3309,01,"Frankfort,Dana M",9,2,,,1,,,,,,,,,12,3.889
Spring 2026,ARTS,3310,01,"Luo,Maisie Yixuan Guoguo",9,2,,,1,,,,,,,,,12,3.889
Spring 2026,ARTS,3311,01,"Frankfort,Dana M",9,2,,,1,,,,,,,,,12,3.889
Spring 2026,ARTS,3375,01,"Hernandez-Vargas,Saul",4,2,2,1,3,,,,,,,,,12,3.500
Spring 2026,ARTS,3376,01,"Anderson-Staley,Keliy",2,6,2,,1,,1,,,,,,,12,3.418
Spring 2026,ARTS,3377,01,"Boncy,Jean Sebastien",10,2,,,,,,,,,,,,12,3.945
Spring 2026,ARTS,3383,01,"Clarke,Chelsea",7,3,1,1,,,,,,,,,,12,3.723
Spring 2026,ARTS,4397,01,"Forse,John",8,2,,1,1,,,,,,,,,12,3.778
Spring 2026,ARTS,6305,01,"Suber,Anthony",12,,,,,,,,,,,,,12,4.000
Spring 2026,ARTS,6308,01,"Rubinstein,Raphael",9,3,,,,,,,,,,,,12,3.918
Spring 2026,ARTS,6385,01,"Lowe,Rick",12,,,,,,,,,,,,,12,4.000
Spring 2026,ARTS,3312,01,"Masterson,Patrick D",11,,,,,,,,,,,,,11,4.000
Spring 2026,ARTS,3384,01,"Cone,Marcus Andrew",11,,,,,,,,,,,,,11,4.000
Spring 2026,ARTS,3396,01,"Dupre,Roslyn M",6,3,2,,,,,,,,,,,11,3.728
Spring 2026,ARTS,6360,01,"Conrad,Jillian",11,,,,,,,,,,,,,11,4.000
Spring 2026,ARTS,4398,02,"Parazette,Aaron",5,,,,,,,,,,,,,5,4.000
Spring 2026,ARTS,4398,01,"Suber,Anthony",3,,,,,,,,,,,,,3,4.000
Spring 2026,ARTS,4398,03,"Anderson-Staley,Keliy",,,,,1,,,,,,,,,1,3.330
Spring 2026,ARTS,4398,04,"Girardot,Michelle",1,,,,,,,,,,,,,1,4.000
Spring 2026,ARTS,6370,01,"Lee,Min Woo",8,1,,,,,,,,,,,,9,3.963
Spring 2026,ARTS,6330,01,"Unikel,Joshua",7,,,,,,,,,,,,,7,4.000
Spring 2026,ARTS,6397,01,"Clarke,Chelsea",6,,,,,,,,,,,,,6,4.000
Spring 2026,ARTS,6397,03,"Casagranda,Madison Anne",,,,,,,,,,1,,,,1,0.670
Spring 2026,ARTS,7381,01,"Reed,John G",6,,,,,,,,,,,1,,7,3.429
Spring 2026,ARTS,7310,04,"Masterson,Patrick D",3,,,,,,,,,,,,,3,4.000
Spring 2026,ARTS,7310,01,"Masterson,Patrick D",2,,,,,,,,,,,,,2,4.000
Spring 2026,ARTS,7310,03,"Alderson,Saran",1,,,,,,,,,,,,,1,4.000
Spring 2026,ARTS,4360,01,"Conrad,Jillian",2,2,,1,,,,,,,,,,5,3.602
Spring 2026,ARTS,4361,01,"Conrad,Jillian",5,,,,,,,,,,,,,5,4.000
Spring 2026,ARTS,4362,01,"Reed,Macon",3,1,1,,,,,,,,,,,5,3.734
Spring 2026,ARTS,4363,01,"Conrad,Jillian",2,1,1,,1,,,,,,,,,5,3.600
Spring 2026,ARTS,4364,01,"Conrad,Jillian",2,1,1,,1,,,,,,,,,5,3.600
Spring 2026,ARTS,4365,01,"Reed,Macon",3,,,,2,,,,,,,,,5,3.732
Spring 2026,ARTS,7398,02,"Suber,Anthony",2,,,,,,,,,,,,,2,4.000
Spring 2026,ARTS,7398,01,"Boncy,Jean Sebastien",1,,,,,,,,,,,,,1,4.000
Spring 2026,ARTS,7398,03,"Anderson-Staley,Keliy",1,,,,,,,,,,,,,1,4.000
Spring 2026,ARTS,7398,04,"Dupre,Roslyn M",1,,,,,,,,,,,,,1,4.000
Spring 2026,ARTS,3365,01,"Conrad,Jillian",1,2,,,,,,,,,,,,3,3.780
Spring 2026,ARTS,3366,01,"Conrad,Jillian",3,,,,,,,,,,,,,3,4.000
Spring 2026,ARTS,3367,01,"Reed,Macon",2,1,,,,,,,,,,,,3,3.890
Spring 2026,ARTS,6371,01,"Lee,Min Woo",2,,,,1,,,,,,,,,3,3.777
Spring 2026,ARTS,6361,01,"Giampietro,Francis A",2,,,,,,,,,,,,,2,4.000
Spring 2026,ARTS,6384,01,"Cone,Marcus Andrew",2,,,,,,,,,,,,,2,4.000
Spring 2026,ARTS,6396,01,"Forse,John",2,,,,,,,,,,,,,2,4.000
Spring 2026,ARTS,6372,01,"Thomas,Britt",,,1,,,,,,,,,,,1,3.000
Spring 2026,ARTS,6398,01,"Clarke,Chelsea",1,,,,,,,,,,,,,1,4.000
Spring 2026,ATP,6123,1,"Harrison,Layci",20,,,,,,,,,,,,,20,4.000
Spring 2026,ATP,6293,1,"Harrison,Layci",19,,1,,,,,,,,,,,20,3.950
Spring 2026,ATP,6323,1,"Harrison,Layci",11,,9,,,,,,,,,,,20,3.550
Spring 2026,ATP,6324,1,"Knoblauch,Mark Alan",16,,4,,,,,,,,,,,20,3.800
Spring 2026,ATP,7196,1,"Elliott,Ashlyne Paige",14,,,,,,,,,,,,,14,4.000
Spring 2026,ATP,7297,01,"Elliott,Ashlyne Paige",14,,,,,,,,,,,,,14,4.000
Spring 2026,ATP,7321,1,"Elliott,Ashlyne Paige",13,,,,,1,,,,,,,,14,3.857
Spring 2026,ATP,7322,1,"Knoblauch,Mark Alan",14,,,,,,,,,,,,,14,4.000
Spring 2026,BCHS,3304,04,"Scott,Sean-Patrick",17,23,18,24,26,21,11,26,3,6,8,8,10,201,2.466
Spring 2026,BCHS,3304,01,"Amaral Antunes,Dinler",70,,24,16,22,7,3,4,1,,,,1,148,3.360
Spring 2026,BCHS,3304,03,"Vicens,Quentin",30,10,25,10,5,31,11,9,6,,,4,6,147,2.601
Spring 2026,BCHS,3304,02,"Liu,Yu",53,8,7,3,8,10,,4,3,,,1,6,103,3.197
Spring 2026,BCHS,3201,01,"Pattison,Donna",10,2,4,,2,2,,1,1,,,1,1,24,3.055
Spring 2026,BCHS,3201,02,"Pattison,Donna",11,4,4,,2,1,1,1,,,,,,24,3.473
Spring 2026,BCHS,3201,03,"Pattison,Donna",5,2,7,3,1,2,,3,1,,,,,24,2.986
Spring 2026,BCHS,3201,06,"Pattison,Donna",15,5,1,,3,,,,,,,,,24,3.806
Spring 2026,BCHS,3201,07,"Pattison,Donna",10,2,5,1,4,1,,,,1,,,,24,3.375
Spring 2026,BCHS,3201,04,"Pattison,Donna",10,4,5,,2,1,,,,,1,,,23,3.464
Spring 2026,BCHS,3201,05,"Pattison,Donna",12,5,3,,1,2,,,,,,,,23,3.595
Spring 2026,BCHS,3201,09,"Pattison,Donna",5,6,5,,3,,,2,,1,,,1,23,3.145
Spring 2026,BCHS,4311,01,"Pattison,Donna",19,10,19,3,13,6,1,2,1,,,3,,77,3.121
Spring 2026,BCHS,3305,01,"Yi,Ping",14,18,9,7,8,1,2,3,1,,1,,4,68,3.074
Spring 2026,BCHS,4306,01,"Bawa-Khalfe,Tasneem",8,14,7,1,12,,,2,3,,,1,2,50,3.093
Spring 2026,BCHS,4313,02,"Rea,Michael A",7,,3,,1,7,,,2,1,,,3,24,2.375
Spring 2026,BCHS,4313,03,"Khurana,Seema",3,,3,,,4,,,2,,,2,2,16,1.938
Spring 2026,BCHS,4313,50,"Sharp,Rita Evelyn",4,,,,2,,,,,,,,,6,3.777
Spring 2026,BCHS,4304,01,"Sen,Mehmet",31,5,,,,,,,,,,,1,37,3.847
Spring 2026,BCHS,6297,02,"Fujita,Masaya",11,,,,3,,,,,,,,,14,3.856
Spring 2026,BCHS,6297,01,"Widger,William R",4,2,2,,,2,,,,,,,,10,3.334
Spring 2026,BCHS,6297,03,"Schwartz,Robert J",3,,,,,,,,,,,,,3,4.000
Spring 2026,BCHS,4314,01,"Yeo,Hye-Jeong",2,6,5,1,2,2,,1,,,,,3,22,2.758
Spring 2026,BCHS,4397,01,"Gunaratne,Preethi H",15,2,1,,2,,,,,,,,,20,3.850
Spring 2026,BCHS,4355,01,"Schwartz,Robert J",12,4,,1,2,,,,,,,,,19,3.790
Spring 2026,BCHS,6397,01,"Gunaratne,Preethi H",8,2,,,,,,,,,,,,10,3.934
Spring 2026,BCHS,4396,01,"Davis,Tiffany J",6,,,,,,,,,,,,,6,4.000
Spring 2026,BCHS,6231,01,"Widger,William R",1,,1,,1,,,,,,,,,3,3.443
Spring 2026,BCHS,8999,08,"Gunaratne,Preethi H",2,,,,,,,,,,,,,2,4.000
Spring 2026,BCHS,8999,01,"Wang,Yuhong",1,,,,,,,,,,,,,1,4.000
Spring 2026,BCHS,4398,01,"Yeo,Hye-Jeong",1,,,,,,,,,,,,,1,4.000
Spring 2026,BCHS,4398,2,"Widger,William R",1,,,,,,,,,,,,,1,4.000
Spring 2026,BCHS,3396,02,"Meisel,Richard P",1,,,,,,,,,,,,,1,4.000
Spring 2026,BCHS,3399,03,"Meisel,Richard P",1,,,,,,,,,,,,,1,4.000
Spring 2026,BCHS,4399,01,"Widger,William R",1,,,,,,,,,,,,,1,4.000
Spring 2026,BCHS,8399,06,"Schwartz,Robert J",1,,,,,,,,,,,,,1,4.000
Spring 2026,BCIS,1305,01,"Felvegi,Emese",149,26,11,10,10,3,3,9,1,3,4,12,8,249,3.312
Spring 2026,BCIS,1305,02,"Felvegi,Emese",109,19,22,17,14,8,4,9,2,2,2,20,13,241,2.960
Spring 2026,BCIS,1305,5,"Felvegi,Emese",88,16,11,8,8,5,3,15,6,5,2,17,13,197,2.811
Spring 2026,BCIS,1305,04,"Felvegi,Emese",16,,3,2,,1,1,,,,,1,,24,3.417
Spring 2026,BCIS,1305,03,"Felvegi,Emese",15,,,,,,,,,,,,1,16,3.750
Spring 2026,BIOE,3140,01,"Roh,Jinsook",16,1,,,2,,,,1,,,,1,21,3.587
Spring 2026,BIOE,3140,02,"Roh,Jinsook",13,2,1,,1,,1,3,,,,,,21,3.540
Spring 2026,BIOE,3340,1,"Roh,Jinsook",15,3,5,5,5,3,1,4,,,,,1,42,3.167
Spring 2026,BIOE,3341,1,"Kazemi,Tina",33,4,,1,,,,1,,,,,,39,3.889
Spring 2026,BIOE,4150,4,"Wu,Tianfu",15,2,2,,3,2,,,,,,,,24,3.639
Spring 2026,BIOE,4150,3,"Wu,Tianfu",10,1,,1,2,1,,,,,,,,15,3.667
Spring 2026,BIOE,4336,1,"Du,Yuncheng",38,,,1,,,,,,,,,,39,3.966
Spring 2026,BIOE,4350,1,"Wu,Tianfu",31,4,3,,1,,,,,,,,,39,3.872
Spring 2026,BIOE,4302,1,"An,Ran",36,2,,,,,,,,,,,,38,3.983
Spring 2026,BIOE,2201,01,"Li,Zhengwei",5,5,6,4,10,,,,,,,,,30,3.344
Spring 2026,BIOE,2100,01,"Akay,Yasemin M",24,1,,,,,,,,,,,1,26,3.833
Spring 2026,BIOE,2331,01,"Shevkoplyas,Sergey",15,5,,,5,,,,,,,,1,26,3.654
Spring 2026,BIOE,4349,1,"Kazemi,Tina",22,3,,,,,,,,,,,1,26,3.808
Spring 2026,BIOE,6300,2,"Wang,Lu",13,,,,,,,,,,,,,13,4.000
Spring 2026,BIOE,6300,1,"Wang,Lu",8,1,,,,,,,,,,,,9,3.963
Spring 2026,BIOE,6300,3,"Wang,Lu",1,,,,,,,,,,,,1,2,2.000
Spring 2026,BIOE,6343,1,"Akay,Yasemin M",12,,,,,,,,,,,,,12,4.000
Spring 2026,BIOE,6343,3,"Akay,Yasemin M",8,,,,,,,,,,,,,8,4.000
Spring 2026,BIOE,6343,2,"Akay,Yasemin M",3,,,,,,,,,,,,,3,4.000
Spring 2026,BIOE,6345,1,"Akay,Metin",4,5,,,,,,,,,,,,9,3.817
Spring 2026,BIOE,6345,3,"Akay,Metin",4,4,,,,,,,,,,,,8,3.835
Spring 2026,BIOE,6345,2,"Akay,Metin",4,1,,,,,,,,,,,,5,3.934
Spring 2026,BIOE,6349,1,"Kazemi,Tina",13,,,,,,,,,,,,,13,4.000
Spring 2026,BIOE,6349,3,"Kazemi,Tina",5,,,,,,,,,,,,,5,4.000
Spring 2026,BIOE,6349,2,"Kazemi,Tina",3,,,,,,,,,,,,,3,4.000
Spring 2026,BIOE,6309,3,"Akay,Metin",1,4,,,3,,,,,,,,,8,3.584
Spring 2026,BIOE,6309,2,"Akay,Metin",3,4,,,,,,,,,,,,7,3.811
Spring 2026,BIOE,6309,1,"Akay,Metin",4,,,,,,,,,,,,,4,4.000
Spring 2026,BIOE,4348,1,"Horton,Renita Elillian",4,,8,,,5,,,1,,,,,18,2.833
Spring 2026,BIOE,4305,1,"Francis,Joseph Thachil",8,3,2,,2,1,,,,,,,,16,3.604
Spring 2026,BIOE,4397,2,"Mohan,Chandra",8,2,,,2,,,,,,,,,12,3.833
Spring 2026,BIOE,4397,1,"Akay,Yasemin M",4,,,,,,,,,,,,,4,4.000
Spring 2026,BIOE,6307,4,"Akay,Yasemin M",10,,,,,,,,,,,,,10,4.000
Spring 2026,BIOE,6307,1,"Akay,Yasemin M",5,,,,,,,,,,,,,5,4.000
Spring 2026,BIOE,6342,2,"Nordin,Andrew David",8,,2,,1,,,,,,,,,11,3.757
Spring 2026,BIOE,6342,01,"Nordin,Andrew David",2,,1,,1,,,,,,,,,4,3.583
Spring 2026,BIOE,6305,1,"Francis,Joseph Thachil",3,2,,,,,,,,,,,1,6,3.223
Spring 2026,BIOE,6305,3,"Francis,Joseph Thachil",4,1,,,,,,,,,,,,5,3.934
Spring 2026,BIOE,6305,2,"Francis,Joseph Thachil",2,,,,,,,,,,,,,2,4.000
Spring 2026,BIOE,6350,1,"Wu,Tianfu",5,,1,,,,,,,,,,,6,3.833
Spring 2026,BIOE,6350,3,"Wu,Tianfu",4,1,,,,1,,,,,,,,6,3.612
Spring 2026,BIOE,5319,1,"Akay,Yasemin M",10,,,,,,,,,,,,,10,4.000
Spring 2026,BIOE,8699,10,"Larin,Kirill",3,,,,,,,,,,,,,3,4.000
Spring 2026,BIOE,8699,05,"Francis,Joseph Thachil",1,,1,,,,,,,,,,,2,3.500
Spring 2026,BIOE,8699,02,"Mohan,Chandra",1,,,,,,,,,,,,,1,4.000
Spring 2026,BIOE,8699,15,"Shevkoplyas,Sergey",1,,,,,,,,,,,,,1,4.000
Spring 2026,BIOE,8699,24,"Nordin,Andrew David",1,,,,,,,,,,,,,1,4.000
Spring 2026,BIOE,8699,25,"An,Ran",1,,,,,,,,,,,,,1,4.000
Spring 2026,BIOE,8699,26,"Pollonini,Luca",1,,,,,,,,,,,,,1,4.000
Spring 2026,BIOE,6301,2,"Yousefi,Ali",1,2,,1,,,,,,,,,,4,3.503
Spring 2026,BIOE,6301,3,"Yousefi,Ali",,1,,,,,,1,,,,,1,3,2.000
Spring 2026,BIOE,6315,1,"Kumar,Vivek",6,,,,1,,,,,,,,,7,3.904
Spring 2026,BIOE,8399,06,"Larin,Kirill",2,,,,,,,,,,,,,2,4.000
Spring 2026,BIOE,8399,07,"Francis,Joseph Thachil",1,,1,,,,,,,,,,,2,3.500
Spring 2026,BIOE,8399,12,"Naash,Muna",1,,,,,,,,,,,,,1,4.000
Spring 2026,BIOE,8399,16,"Pollonini,Luca",1,,,,,,,,,,,,,1,4.000
Spring 2026,BIOE,8399,20,"An,Ran",1,,,,,,,,,,,,,1,4.000
Spring 2026,BIOE,4309,1,"Akay,Metin",2,4,,,,,,,,,,,,6,3.780
Spring 2026,BIOE,4347,1,"Akay,Yasemin M",6,,,,,,,,,,,,,6,4.000
Spring 2026,BIOE,4115,2,"Sajja,Aaryani",5,,,,,,,,,,,,,5,4.000
Spring 2026,BIOE,4315,1,"Sajja,Aaryani",3,1,,,1,,,,,,,,,5,3.800
Spring 2026,BIOE,5315,1,"Kumar,Vivek",2,3,,,,,,,,,,,,5,3.802
Spring 2026,BIOE,6397,2,"Akay,Yasemin M",2,,,,,,,,,,,,,2,4.000
Spring 2026,BIOE,6397,3,"Mohan,Chandra",1,1,,,,,,,,,,,,2,3.835
Spring 2026,BIOE,6397,4,"Akay,Yasemin M",1,,,,,,,,,,,,,1,4.000
Spring 2026,BIOE,4342,01,"Nordin,Andrew David",4,,,,,,,,,,,,,4,4.000
Spring 2026,BIOE,4366,01,"Varadarajan,Navin",,1,,1,,,,,,,,,,2,3.170
Spring 2026,BIOE,5318,1,"Akay,Metin",1,1,,,,,,,,,,,,2,3.835
Spring 2026,BIOE,6320,1,"Horton,Renita Elillian",,,2,,,,,,,,,,,2,3.000
Spring 2026,BIOE,7399,10,"Li,Zhengwei",,1,,,,,,,,,,,,1,3.670
Spring 2026,BIOE,7399,11,"Du,Yuncheng",1,,,,,,,,,,,,,1,4.000
Spring 2026,BIOE,3399,1,"Mohan,Chandra",1,,,,,,,,,,,,,1,4.000
Spring 2026,BIOE,8398,15,"Larin,Kirill",,,,,,,,,,,,,1,1,0.000
Spring 2026,BIOE,8999,01,"Akay,Metin",1,,,,,,,,,,,,,1,4.000
Spring 2026,BIOL,1307,02,"Cheek,Ann Oliver",63,34,49,21,41,24,8,20,3,1,7,5,8,284,2.948
Spring 2026,BIOL,1307,03,"Dimarco,Romina",57,23,37,22,36,24,11,18,5,9,9,9,24,284,2.582
Spring 2026,BIOL,1307,04,"Dimarco,Romina",68,34,44,22,34,11,7,20,5,3,7,5,24,284,2.808
Spring 2026,BIOL,1307,05,"Kramer,Marianne Catherine",68,34,38,29,17,26,11,17,6,1,7,8,20,282,2.733
Spring 2026,BIOL,1307,01,"Medrano,Ana I",47,26,25,18,14,24,6,10,8,4,11,17,20,230,2.434
Spring 2026,BIOL,1307,51,"Sharp,Rita Evelyn",15,9,5,1,3,1,,,,,,,,34,3.609
Spring 2026,BIOL,1307,52,"Hanke,Marc H",10,4,7,,3,3,1,2,,1,1,1,1,34,2.941
Spring 2026,BIOL,1307,53,"Hanke,Marc H",3,2,6,4,5,2,2,2,,,1,1,1,29,2.690
Spring 2026,BIOL,1307,50,"Cheek,Ann Oliver",14,5,3,2,1,,1,,,,,1,,27,3.470
Spring 2026,BIOL,1107,01,"Medrano,Ana I",16,1,3,,2,2,,,,,,,,24,3.639
Spring 2026,BIOL,1107,02,"Medrano,Ana I",17,3,2,,2,,,,,,,,,24,3.820
Spring 2026,BIOL,1107,03,"Medrano,Ana I",24,,,,,,,,,,,,,24,4.000
Spring 2026,BIOL,1107,04,"Medrano,Ana I",16,4,1,,,1,,,1,,,1,,24,3.528
Spring 2026,BIOL,1107,05,"Medrano,Ana I",18,1,,,2,1,,,,,,1,1,24,3.514
Spring 2026,BIOL,1107,06,"Medrano,Ana I",15,,2,,1,,,1,1,,,,4,24,3.028
Spring 2026,BIOL,1107,08,"Medrano,Ana I",20,1,,,,1,,,,,,1,1,24,3.570
Spring 2026,BIOL,1107,10,"Medrano,Ana I",18,2,1,,1,,,,,,,,2,24,3.570
Spring 2026,BIOL,1107,11,"Medrano,Ana I",21,2,,,1,,,,,,,,,24,3.945
Spring 2026,BIOL,1107,12,"Medrano,Ana I",18,2,,,1,1,,,,,1,,1,24,3.583
Spring 2026,BIOL,1107,13,"Medrano,Ana I",17,4,,,1,,,,,,1,,1,24,3.639
Spring 2026,BIOL,1107,14,"Medrano,Ana I",20,,1,,1,2,,,,,,,,24,3.764
Spring 2026,BIOL,1107,15,"Medrano,Ana I",14,3,2,1,1,,,,,,,1,2,24,3.292
Spring 2026,BIOL,1107,16,"Medrano,Ana I",18,3,1,,1,1,,,,,,,,24,3.806
Spring 2026,BIOL,1107,17,"Medrano,Ana I",15,1,4,,1,1,1,,,,,1,,24,3.445
Spring 2026,BIOL,1107,18,"Medrano,Ana I",14,3,,,3,1,,,1,,1,,1,24,3.389
Spring 2026,BIOL,1107,19,"Medrano,Ana I",22,1,,,,,,,,,,,1,24,3.820
Spring 2026,BIOL,1107,20,"Medrano,Ana I",18,,1,,1,1,,,,,,1,2,24,3.347
Spring 2026,BIOL,1107,22,"Medrano,Ana I",19,1,1,2,1,,,,,,,,,24,3.806
Spring 2026,BIOL,1107,23,"Medrano,Ana I",10,2,7,1,3,1,,,,,,,,24,3.458
Spring 2026,BIOL,1107,25,"Medrano,Ana I",19,3,1,,1,,,,,,,,,24,3.889
Spring 2026,BIOL,1107,26,"Medrano,Ana I",16,1,3,,1,2,,,,,,,1,24,3.500
Spring 2026,BIOL,1107,30,"Medrano,Ana I",15,2,,,3,1,,1,,1,,,1,24,3.430
Spring 2026,BIOL,1107,32,"Medrano,Ana I",17,2,1,,3,,,,1,,,,,24,3.722
Spring 2026,BIOL,1107,33,"Medrano,Ana I",15,,2,,4,,,,1,,,,2,24,3.347
Spring 2026,BIOL,1107,36,"Medrano,Ana I",15,2,3,,2,,,,,,,,2,24,3.458
Spring 2026,BIOL,1107,38,"Medrano,Ana I",19,1,,,1,,,,,,,,3,24,3.458
Spring 2026,BIOL,1107,39,"Medrano,Ana I",16,2,5,,1,,,,,,,,,24,3.736
Spring 2026,BIOL,1107,40,"Medrano,Ana I",12,2,4,1,4,1,,,,,,,,24,3.555
Spring 2026,BIOL,1107,41,"Medrano,Ana I",17,3,2,,1,,,,1,,,,,24,3.723
Spring 2026,BIOL,1107,42,"Medrano,Ana I",17,2,2,,2,,1,,,,,,,24,3.736
Spring 2026,BIOL,1107,43,"Medrano,Ana I",18,1,4,,,,,1,,,,,,24,3.750
Spring 2026,BIOL,1107,44,"Medrano,Ana I",6,2,1,5,5,4,,,,,1,,,24,3.070
Spring 2026,BIOL,1107,45,"Medrano,Ana I",13,3,2,,2,,,1,1,,,,2,24,3.292
Spring 2026,BIOL,1107,51,"Medrano,Ana I",6,4,9,,2,1,,,1,,,,1,24,3.139
Spring 2026,BIOL,1107,07,"Medrano,Ana I",19,2,1,1,,,,,,,,,,23,3.870
Spring 2026,BIOL,1107,21,"Medrano,Ana I",16,2,3,,,1,,,,,,,1,23,3.580
Spring 2026,BIOL,1107,24,"Medrano,Ana I",17,1,1,,2,,,,,,,,2,23,3.536
Spring 2026,BIOL,1107,27,"Medrano,Ana I",18,2,2,,1,,,,,,,,,23,3.855
Spring 2026,BIOL,1107,28,"Medrano,Ana I",19,,1,,2,,,,,,,,1,23,3.724
Spring 2026,BIOL,1107,29,"Medrano,Ana I",19,,3,,,1,,,,,,,,23,3.783
Spring 2026,BIOL,1107,31,"Medrano,Ana I",9,4,5,1,1,1,1,,,,,,1,23,3.276
Spring 2026,BIOL,1107,34,"Medrano,Ana I",21,1,,,1,,,,,,,,,23,3.957
Spring 2026,BIOL,1107,35,"Medrano,Ana I",16,,,1,3,1,,,,,2,,,23,3.536
Spring 2026,BIOL,1107,46,"Medrano,Ana I",18,1,1,,,1,,,,,,,2,23,3.507
Spring 2026,BIOL,1107,47,"Medrano,Ana I",7,7,5,1,,2,,,,,,,1,23,3.277
Spring 2026,BIOL,1107,52,"Medrano,Ana I",15,1,1,1,,2,1,1,,,,1,,23,3.363
Spring 2026,BIOL,1107,09,"Medrano,Ana I",14,2,3,,1,,,,,,,,2,22,3.440
Spring 2026,BIOL,1107,37,"Medrano,Ana I",21,,1,,,,,,,,,,,22,3.955
Spring 2026,BIOL,1107,48,"Medrano,Ana I",13,,1,,3,1,,,2,,,1,1,22,3.136
Spring 2026,BIOL,2102,01,"Gill,Tejendra",5,2,4,1,1,4,1,1,2,1,1,,1,24,2.556
Spring 2026,BIOL,2102,02,"Gill,Tejendra",2,3,5,3,2,4,1,,,,1,3,,24,2.487
Spring 2026,BIOL,2102,05,"Gill,Tejendra",4,,8,,4,5,,,1,,,,2,24,2.680
Spring 2026,BIOL,2102,06,"Gill,Tejendra",2,,14,2,2,3,1,,,,,,,24,2.903
Spring 2026,BIOL,2102,07,"Gill,Tejendra",5,1,7,2,3,2,,1,2,,,,1,24,2.847
Spring 2026,BIOL,2102,11,"Gill,Tejendra",7,1,7,2,1,2,,,1,,,,3,24,2.764
Spring 2026,BIOL,2102,13,"Gill,Tejendra",3,1,8,4,,2,2,,1,1,,1,1,24,2.473
Spring 2026,BIOL,2102,15,"Gill,Tejendra",5,1,8,1,4,2,,,,,,1,2,24,2.819
Spring 2026,BIOL,2102,16,"Gill,Tejendra",3,4,3,3,2,5,,,1,,1,2,,24,2.612
Spring 2026,BIOL,2102,17,"Gill,Tejendra",8,1,3,,1,3,1,,4,,1,,2,24,2.542
Spring 2026,BIOL,2102,18,"Gill,Tejendra",2,2,6,5,2,1,,,3,,,,3,24,2.431
Spring 2026,BIOL,2102,19,"Gill,Tejendra",,2,8,2,4,4,,,1,,1,2,,24,2.514
Spring 2026,BIOL,2102,20,"Gill,Tejendra",4,1,10,2,2,3,1,,1,,,,,24,2.931
Spring 2026,BIOL,2102,21,"Gill,Tejendra",2,3,10,2,,,2,2,2,,,,1,24,2.681
Spring 2026,BIOL,2102,23,"Gill,Tejendra",2,1,14,,,3,1,,1,1,,1,,24,2.625
Spring 2026,BIOL,2102,24,"Gill,Tejendra",7,4,5,,2,3,1,1,,,,1,,24,3.098
Spring 2026,BIOL,2102,25,"Gill,Tejendra",2,1,12,2,4,,1,1,,,1,,,24,2.986
Spring 2026,BIOL,2102,26,"Gill,Tejendra",,3,8,2,1,5,1,1,1,,2,,,24,2.556
Spring 2026,BIOL,2102,27,"Gill,Tejendra",4,,9,1,3,3,,1,1,,,,2,24,2.708
Spring 2026,BIOL,2102,28,"Gill,Tejendra",5,1,10,,1,1,1,,1,,,1,3,24,2.570
Spring 2026,BIOL,2102,29,"Gill,Tejendra",4,,9,2,1,5,,,,,1,1,1,24,2.625
Spring 2026,BIOL,2102,30,"Gill,Tejendra",3,1,8,2,2,3,,,3,,,,2,24,2.528
Spring 2026,BIOL,2102,03,"Gill,Tejendra",6,1,5,,2,3,,,2,,,,4,23,2.493
Spring 2026,BIOL,2102,04,"Gill,Tejendra",4,4,3,2,2,2,2,,1,1,,,2,23,2.639
Spring 2026,BIOL,2102,09,"Gill,Tejendra",1,2,5,2,2,2,,,2,,1,3,3,23,1.986
Spring 2026,BIOL,2102,10,"Gill,Tejendra",2,2,12,2,1,1,,1,,,1,,1,23,2.855
Spring 2026,BIOL,2102,12,"Gill,Tejendra",3,4,7,,2,3,,,,2,1,1,,23,2.740
Spring 2026,BIOL,2102,14,"Gill,Tejendra",4,1,4,2,2,5,,,2,,3,,,23,2.594
Spring 2026,BIOL,2102,22,"Gill,Tejendra",4,3,7,,,5,,,1,,,2,1,23,2.566
Spring 2026,BIOL,2102,08,"Gill,Tejendra",2,,7,,3,3,1,,,2,1,1,2,22,2.242
Spring 2026,BIOL,2302,03,"Ziburkus,Jokubas",31,37,29,31,17,25,32,23,,,,,16,241,2.669
Spring 2026,BIOL,2302,01,"Gill,Tejendra",18,15,85,17,19,16,20,8,5,,9,6,10,228,2.595
Spring 2026,BIOL,2302,02,"Ogletree-Hughes,Monique L",41,18,18,17,18,15,18,16,12,7,6,5,25,216,2.368
Spring 2026,BIOL,2321,01,"Knapp,Richard D",74,19,27,21,24,21,18,32,8,,11,4,27,286,2.629
Spring 2026,BIOL,2321,02,"Knapp,Richard D",39,15,20,20,13,12,16,15,15,,9,10,31,215,2.234
Spring 2026,BIOL,3301,03,"Lekven,Arne",13,10,30,16,17,17,17,16,7,,10,6,14,173,2.301
Spring 2026,BIOL,3301,02,"Stuckert,Adam",23,28,28,24,12,13,12,9,2,,3,4,8,166,2.746
Spring 2026,BIOL,3301,01,"Lin,Chin-Yo",23,15,26,23,16,11,10,14,2,,2,5,14,161,2.582
Spring 2026,BIOL,2301,01,"Wayne,Chad M",21,22,27,26,30,35,31,34,25,,,38,81,370,1.733
Spring 2026,BIOL,3306,01,"Frankino,William A",45,4,52,3,2,56,3,1,21,,1,9,6,203,2.498
Spring 2026,BIOL,3306,02,"Frankino,William A",33,,38,1,2,25,1,3,5,,,3,2,113,2.823
Spring 2026,BIOL,2121,01,"Knapp,Richard D",9,2,3,,5,2,1,,1,,,,1,24,3.153
Spring 2026,BIOL,2121,03,"Knapp,Richard D",11,3,3,3,1,1,,1,,,,,1,24,3.320
Spring 2026,BIOL,2121,04,"Knapp,Richard D",5,5,3,2,6,1,,1,1,,,,,24,3.250
Spring 2026,BIOL,2121,05,"Knapp,Richard D",8,1,3,4,2,,,2,,,,2,2,24,2.778
Spring 2026,BIOL,2121,07,"Knapp,Richard D",6,2,7,1,2,,1,5,,,,,,24,3.125
Spring 2026,BIOL,2121,08,"Knapp,Richard D",7,2,3,4,6,1,,1,,,,,,24,3.305
Spring 2026,BIOL,2121,09,"Knapp,Richard D",10,1,2,3,2,3,,2,,,,,1,24,3.125
Spring 2026,BIOL,2121,10,"Knapp,Richard D",4,7,1,2,9,,,1,,,,,,24,3.430
Spring 2026,BIOL,2121,11,"Knapp,Richard D",10,2,4,4,4,,,,,,,,,24,3.473
Spring 2026,BIOL,2121,06,"Knapp,Richard D",5,2,2,5,2,1,2,3,,,,,1,23,2.856
Spring 2026,BIOL,2121,12,"Knapp,Richard D",5,2,3,3,5,1,1,3,,,,,,23,3.116
Spring 2026,BIOL,2121,02,"Knapp,Richard D",2,2,3,3,1,5,,2,,,1,1,1,21,2.460
Spring 2026,BIOL,2121,13,"Knapp,Richard D",1,1,3,,1,3,,1,,,,,,10,2.833
Spring 2026,BIOL,4374,02,"Rea,Michael A",28,,34,,3,44,,,13,1,,1,4,128,2.544
Spring 2026,BIOL,4374,03,"Khurana,Seema",25,,38,,,36,,,16,,,,4,119,2.538
Spring 2026,BIOL,4374,50,"Sharp,Rita Evelyn",14,2,5,,8,1,,,,,,,,30,3.566
Spring 2026,BIOL,1309,01,"Jaffery,Roshni Trujillo",26,14,19,13,15,18,6,6,6,1,2,10,4,140,2.617
Spring 2026,BIOL,1309,02,"Jaffery,Roshni Trujillo",27,12,19,22,9,15,4,9,1,2,2,6,6,134,2.690
Spring 2026,BIOL,4315,02,"Kang,Myoung goo",29,64,12,9,23,2,,4,1,,1,,,145,3.470
Spring 2026,BIOL,4315,01,"Ziburkus,Jokubas",25,22,12,4,13,5,10,3,,,,,6,100,3.044
Spring 2026,BIOL,3311,01,"Kramer,Marianne Catherine",45,14,15,4,14,7,1,5,,1,,5,,111,3.258
Spring 2026,BIOL,3311,02,"Kramer,Marianne Catherine",49,15,11,10,11,,,8,,,,4,,108,3.389
Spring 2026,BIOL,4103,01,"Wayne,Chad M",63,1,6,9,10,5,,2,,,,,,96,3.601
Spring 2026,BIOL,4103,02,"Wayne,Chad M",68,,6,6,11,3,,1,,,,,,95,3.695
Spring 2026,BIOL,4103,03,"Wayne,Chad M",11,,2,2,1,2,,1,,,,1,,20,3.250
Spring 2026,BIOL,3324,01,"Ogletree-Hughes,Monique L",35,12,19,7,12,10,7,8,2,3,7,1,7,130,2.795
Spring 2026,BIOL,3324,50,"Dryer,Stuart E",17,11,8,3,3,3,2,,1,,,,1,49,3.280
Spring 2026,BIOL,3368,01,"Pennings,Steven C",19,8,16,5,6,40,13,4,8,,,7,8,134,2.281
Spring 2026,BIOL,3341,01,"Xu,Wangchao",28,30,29,9,17,7,2,3,1,,1,,1,128,3.253
Spring 2026,BIOL,2120,03,"Knapp,Richard D",9,2,2,5,4,,1,,,,,,1,24,3.237
Spring 2026,BIOL,2120,04,"Knapp,Richard D",1,3,1,3,6,3,1,1,1,,1,,2,23,2.536
Spring 2026,BIOL,2120,01,"Knapp,Richard D",4,2,2,4,4,2,2,,,,1,1,,22,2.819
Spring 2026,BIOL,2120,02,"Knapp,Richard D",,,1,1,,2,,,1,,,1,,6,1.778
Spring 2026,BIOL,1125,02,"Ogletree-Hughes,Monique L",24,6,3,,,2,1,,,,,2,2,40,3.317
Spring 2026,BIOL,1125,01,"Ogletree-Hughes,Monique L",24,6,2,,,,,,,,1,1,,34,3.687
Spring 2026,BIOL,4206,01,"Cheek,Ann Oliver",18,3,3,,,,,,,,,,,24,3.834
Spring 2026,BIOL,4206,02,"Cheek,Ann Oliver",14,7,2,,1,,,,,,,,,24,3.793
Spring 2026,BIOL,4206,03,"Cheek,Ann Oliver",18,2,,,4,,,,,,,,,24,3.861
Spring 2026,BIOL,4323,01,"Peng,Weiyi",9,16,11,7,15,3,2,2,1,,,,2,68,3.108
Spring 2026,BIOL,4384,01,"Sater,Amy",8,9,6,4,7,6,2,2,1,,,2,1,48,2.875
Spring 2026,BIOL,3224,04,"Gill,Tejendra",12,12,10,,11,1,,,,,,,1,47,3.419
Spring 2026,BIOL,4354,01,"Gill,Tejendra",4,4,13,4,7,6,1,,,,,1,3,43,2.729
Spring 2026,BIOL,4397,01,"Albecker,Molly A",40,,,,,,,,,,,,,40,4.000
Spring 2026,BIOL,4326,01,"Wayne,Chad M",39,,,,,,,,,,,,,39,4.000
Spring 2026,BIOL,4301,01,"Crawford,Kerri M",27,2,3,,2,1,2,,,,,,,37,3.685
Spring 2026,BIOL,4347,01,"Cole,Blaine J",4,6,2,4,,6,,,,,,2,6,30,2.223
Spring 2026,BIOL,3350,50,"Sharp,Rita Evelyn",19,3,1,,2,,,,,,,,,25,3.867
Spring 2026,BIOL,3361,01,"Nunez,Martin A",21,,,,,,,,,,,,3,24,3.500
Spring 2026,BIOL,6323,01,"Peng,Weiyi",6,9,3,1,4,,,,,,,,,23,3.566
Spring 2026,BIOL,6350,01,"Lin,Chin-Yo",19,,,,,,,,,,,,,19,4.000
Spring 2026,BIOL,6222,01,"Rea,Michael A",16,,,,,,,,,,,,,16,4.000
Spring 2026,BIOL,4340,1,"Ekeoba,Jacqueline Njideka",12,,,,,,,,,,,,,12,4.000
Spring 2026,BIOL,6223,01,"Chung,Sanghyuk",12,,,,,,,,,,,,,12,4.000
Spring 2026,BIOL,6397,03,"Daane,Jacob",11,,,,,,,,,,,,,11,4.000
Spring 2026,BIOL,6397,02,"Wayne,Chad M",1,,,,,,,,,,,,,1,4.000
Spring 2026,BIOL,4396,01,"Frankino,William A",5,,,,,,,,,,,,1,6,3.333
Spring 2026,BIOL,4396,06,"Frankino,William A",2,,,,,,,,,,,,,2,4.000
Spring 2026,BIOL,4396,5,"Yi,Ping",1,,,,,,,,,,,,,1,4.000
Spring 2026,BIOL,4398,01,"Frankino,William A",3,,,,,,,,,,,,,3,4.000
Spring 2026,BIOL,4398,02,"Hanke,Marc H",2,,,,,,,,,,,,,2,4.000
Spring 2026,BIOL,4398,03,"Peng,Weiyi",1,,,,,,,,,,,,,1,4.000
Spring 2026,BIOL,4398,04,"Nunez,Martin A",1,,,,,,,,,,,,,1,4.000
Spring 2026,BIOL,4398,5,"Crawford,Kerri M",1,,,,,,,,,,,,,1,4.000
Spring 2026,BIOL,6315,01,"Ziburkus,Jokubas",,2,1,1,2,,,2,,,,,,8,3.041
Spring 2026,BIOL,6354,01,"Gill,Tejendra",6,,,,,,,,,,,,,6,4.000
Spring 2026,BIOL,6374,02,"Rea,Michael A",2,,2,,,,,,,,,,,4,3.500
Spring 2026,BIOL,6374,03,"Khurana,Seema",1,,,,,,,,,,,,,1,4.000
Spring 2026,BIOL,4309,01,"Azevedo,Ricardo",1,2,,,,,,,,,,,1,4,2.835
Spring 2026,BIOL,6240,01,"Dauwalder,Brigitte",4,,,,,,,,,,,,,4,4.000
Spring 2026,BIOL,6356,01,"Gallagher,Colleen Mary",4,,,,,,,,,,,,,4,4.000
Spring 2026,BIOL,4399,5,"Chung,Sanghyuk",1,,,,,,,,,,,,,1,4.000
Spring 2026,BIOL,4399,6,"Liu,Yu",1,,,,,,,,,,,,,1,4.000
Spring 2026,BIOL,4399,7,"Albecker,Molly A",1,,,,,,,,,,,,,1,4.000
Spring 2026,BIOL,6241,01,"Feng,Qin",3,,,,,,,,,,,,,3,4.000
Spring 2026,BIOL,6384,01,"Sater,Amy",2,1,,,,,,,,,,,,3,3.890
Spring 2026,BIOL,8999,06,"Peng,Weiyi",1,,,,,,,,,,,,,1,4.000
Spring 2026,BIOL,8999,11,"Mohan,Chandra",1,,,,,,,,,,,,,1,4.000
Spring 2026,BIOL,8999,12,"Khan,Abdul Latif",1,,,,,,,,,,,,,1,4.000
Spring 2026,BIOL,3396,01,"Knapp,Richard D",1,,,,,,,,,,,,,1,4.000
Spring 2026,BIOL,3396,02,"Frankino,William A",1,,,,,,,,,,,,,1,4.000
Spring 2026,BIOL,8399,08,"Zufall,Rebecca A",1,,,,,,,,,,,,,1,4.000
Spring 2026,BIOL,8399,21,"Liu,Xinli",1,,,,,,,,,,,,,1,4.000
Spring 2026,BIOL,6309,01,"Azevedo,Ricardo",,1,,,,,,,,,,,,1,3.670
Spring 2026,BTEC,3317,30,"Flavier,Albert B",4,11,10,6,7,4,2,8,1,1,,3,2,59,2.667
Spring 2026,BTEC,1322,1,"Ibrahim,Eman Refaat",9,5,4,2,3,2,,2,,,,4,1,32,2.823
Spring 2026,BTEC,1322,30,"Ibrahim,Eman Refaat",3,5,3,3,3,2,,,,,,,,19,3.229
Spring 2026,BTEC,3321,30,"Aghoghovbia-Pugh,Alero",9,5,11,5,5,6,1,4,1,,,2,,49,2.884
Spring 2026,BTEC,3301,30,"Flavier,Albert B",5,4,5,4,7,4,4,4,1,1,,1,1,41,2.667
Spring 2026,BTEC,4350,30,"Khan,Abdul Latif",28,4,1,,6,,,,,,,1,,40,3.742
Spring 2026,BTEC,3302,30,"Lin,Yuheng",8,6,2,4,6,3,,5,,,3,,,37,3.036
Spring 2026,BTEC,4249,30,"Chitrala,Kumaraswamy Naidu",22,7,1,,,,,,,,,,,30,3.890
Spring 2026,BTEC,2322,20,"Chitrala,Kumaraswamy Naidu",22,4,1,,1,,,,,,,,,28,3.893
Spring 2026,BTEC,3200,31,"Ibrahim,Eman Refaat",10,2,,1,,,,1,,,,,,14,3.739
Spring 2026,BTEC,3200,30,"Ibrahim,Eman Refaat",11,,1,,,,,,,,,1,,13,3.615
Spring 2026,BTEC,4300,30,"Balan,Venkatesh",7,3,7,1,2,1,1,1,,,,1,,24,3.139
Spring 2026,BTEC,4319,30,"Flavier,Albert B",3,1,4,2,1,4,5,1,,,,,1,22,2.501
Spring 2026,BTEC,4100,30,"Balan,Venkatesh",18,,,,1,,,2,,,,,,21,3.809
Spring 2026,BTEC,4101,30,"Lin,Yuheng",6,6,2,,7,,,,,,,,,21,3.587
Spring 2026,BTEC,4301,30,"Lin,Yuheng",6,8,1,4,2,,,,,,,,,21,3.510
Spring 2026,BTEC,6325,30,"Khan,Abdul Latif",5,6,,,,,,,,,,,,11,3.820
Spring 2026,BTEC,6325,40,"Khan,Abdul Latif",2,5,,,1,,,,,,,,1,9,3.298
Spring 2026,BTEC,6397,30,"Khan,Abdul Latif",6,4,,,1,,,,,,,,,11,3.819
Spring 2026,BTEC,4320,30,"Barker,Donna Kay",,4,,2,2,,,,,,,,,8,3.335
Spring 2026,BTEC,4397,30,"Khan,Abdul Latif",3,4,,,,,,,,,,1,,8,3.335
Spring 2026,BTEC,6303,40,"Flavier,Albert B",,,,,1,,1,1,,,,,2,5,1.466
Spring 2026,BTEC,6303,30,"Flavier,Albert B",2,,,,,,,,,,,,1,3,2.667
Spring 2026,BTEC,6302,40,"Flavier,Albert B",,2,1,,1,1,,,,,,,1,6,2.612
Spring 2026,BTEC,6302,30,"Flavier,Albert B",,,,,1,,,,,,,,,1,3.330
Spring 2026,BTEC,6399,32,"Chitrala,Kumaraswamy Naidu",2,,,,,,,,,,,,,2,4.000
Spring 2026,BTEC,6399,31,"Khan,Abdul Latif",1,,,,,,,,,,,,,1,4.000
Spring 2026,BTEC,6399,33,"Lin,Yuheng",1,,,,,,,,,,,,,1,4.000
Spring 2026,BTEC,4398,30,"Khan,Abdul Latif",1,,,,,,,,,,,,,1,4.000
Spring 2026,BTEC,6398,30,"Balan,Venkatesh",,1,,,,,,,,,,,,1,3.670
Spring 2026,BUAF,4301,18,,1,1,,,,,,,,,,,,2,3.835
Spring 2026,BUAF,4301,1,,1,,,,,,,,,,,,,1,4.000
Spring 2026,BUAF,4301,3,,,,,,1,,,,,,,,,1,3.330
Spring 2026,BUAF,4301,40,,,1,,,,,,,,,,,,1,3.670
Spring 2026,BUAF,3301,2,,,1,,,,,,,,,,,,1,3.670
Spring 2026,BURE,4301,6,,2,,,,,,,,,,,,,2,4.000
Spring 2026,BURE,4301,7,,2,,,,,,,,,,,,,2,4.000
Spring 2026,BURE,4301,27,,1,,,,,,,,,,,,,1,4.000
Spring 2026,BURE,3301,5,,2,,,,,,,,,,,,,2,4.000
Spring 2026,BURE,3301,7,,2,,,,,,,,,,,,,2,4.000
Spring 2026,BUSI,3302,01,"Hopkins,Troy D",348,,52,,,14,,,4,,,1,3,422,3.744
Spring 2026,BUSI,3302,04,"Porras,Chris",375,,28,,,8,,,4,,,2,5,422,3.801
Spring 2026,BUSI,3302,03,"Porras,Chris",379,,30,,,5,,,2,,,,5,421,3.843
Spring 2026,BUSI,3302,02,"Porras,Chris",95,,17,,,2,,,,,,,1,115,3.783
Spring 2026,BUSI,4350,01,"Currie,Daniel David",205,31,10,7,11,4,2,3,,,,,2,275,3.772
Spring 2026,BUSI,4350,02,"Currie,Daniel David",186,36,12,11,13,7,4,1,2,,,2,1,275,3.672
Spring 2026,BUSI,4350,03,"Williams,John M",140,54,14,6,23,8,4,6,1,1,1,,6,264,3.532
Spring 2026,BUSI,4350,12,"Williams,John M",114,15,12,1,9,,1,2,,,,,3,157,3.733
Spring 2026,BUSI,4350,16,"Williams,John M",41,15,6,,12,,,1,,,1,2,1,79,3.553
Spring 2026,BUSI,4350,05,"Williams,John M",39,13,6,3,5,5,,4,,,,1,,76,3.496
Spring 2026,BUSI,4350,11,"Krylova,Ksenia O",14,5,2,,4,,,,,,,,,25,3.747
Spring 2026,BUSI,4350,14,"Whisenant,Lori Ann",10,3,,1,2,,,,,,,,,16,3.771
Spring 2026,BUSI,2305,02,"Patterson,Staci A",41,37,19,16,17,20,12,25,12,16,15,11,58,299,2.064
Spring 2026,BUSI,2305,01,"Patterson,Staci A",49,24,34,23,22,17,21,16,12,16,10,8,46,298,2.225
Spring 2026,BUSI,2305,05,"Wiley,Briceon C",14,13,23,16,16,19,12,12,14,19,15,14,46,233,1.723
Spring 2026,BUSI,2305,04,"Patterson,Staci A",7,5,5,3,7,3,4,3,1,2,2,2,8,52,2.257
Spring 2026,BUSI,2305,06,"Wiley,Briceon C",1,1,4,3,3,2,5,2,2,3,3,5,3,37,1.694
Spring 2026,BUSI,2305,03,"Wiley,Briceon C",10,6,,2,3,,,1,1,,,,3,26,3.103
Spring 2026,BUSI,1301,04,"Carvalho,Diogo",119,46,17,14,26,1,2,3,4,,,10,6,248,3.371
Spring 2026,BUSI,1301,05,"Carvalho,Diogo",67,54,12,17,31,8,6,10,1,5,3,9,5,228,3.107
Spring 2026,BUSI,1301,02,"Thompson,Joseph Lee",146,7,3,2,8,,,1,1,,2,8,8,186,3.530
Spring 2026,BUSI,1301,01,"Thompson,Joseph Lee",80,1,2,,,,,,,,,1,2,86,3.833
Spring 2026,BUSI,1301,08,"Farah,Elena",22,8,2,2,3,2,2,2,1,,,2,4,50,3.034
Spring 2026,BUSI,1301,07,"Johnson,Whitney Nicole",26,,2,,,,,,,,,1,1,30,3.667
Spring 2026,BUSI,1301,03,"Thompson,Joseph Lee",18,,,,,,,,,,,,1,19,3.789
Spring 2026,BUSI,3300,01,"Harvey,Danny",42,6,,,2,,,,,1,,6,1,58,3.403
Spring 2026,BUSI,3300,04,"Fellers,Vanessa",44,,1,,3,,,2,,,,2,2,54,3.586
Spring 2026,BUSI,3300,03,"Benoit,Chelsea",30,8,3,1,4,,,2,,1,,1,,50,3.594
Spring 2026,BUSI,3300,05,"Leal,Tyler",11,,,,,,,,1,,,1,1,14,3.214
Spring 2026,BUSI,3310,01,"Bean,Gregory S",40,,,,,,,,,,,,,40,4.000
Spring 2026,BUSI,4336,01,"Bailey-Rihawi,Esther Elizabeth",15,,2,,1,,,,,,,,1,19,3.649
Spring 2026,BUSI,4305,03,"Simms,John Edward",1,10,3,,1,,,,,,,,,15,3.535
Spring 2026,BUSI,4305,02,"Simms,John Edward",1,,1,,,,,,,,,,,2,3.500
Spring 2026,BUSI,4335,01,"Gurung,Sitanshu",2,1,2,1,,,,,,,,1,,7,2.906
Spring 2026,BUSI,4396,03,"Newman,Michael Ray",,,,,,,,,,,,,1,1,0.000
Spring 2026,BUSI,4396,04,"Newman,Michael Ray",,,,,,,,,,,,,1,1,0.000
Spring 2026,BZAN,6310,03,"Hou,Jinghui",35,6,,,1,,,1,,,,,,43,3.900
Spring 2026,BZAN,6310,01,"Chin,Wynne W",11,5,11,5,5,,,,,,,,2,39,3.214
Spring 2026,BZAN,6310,02,"Chin,Wynne W",10,7,7,3,5,,,,,,,,,32,3.480
Spring 2026,BZAN,6354,01,"Grimes,George M",11,,5,,,4,,,,,,,,20,3.350
Spring 2026,BZAN,6354,02,"Grimes,George M",11,,2,,,,,,,,,,,13,3.846
Spring 2026,BZAN,7320,04,"Hess,James D",10,3,1,,3,,,,,,,,,17,3.765
Spring 2026,BZAN,7320,02,"Murray,Michael J",1,2,,,1,1,,,,,,,,5,3.334
Spring 2026,BZAN,7320,3,"Wiley,Briceon C",,4,,,1,,,,,,,,,5,3.602
Spring 2026,BZAN,7320,05,"Murray,Michael J",,,,2,,,,,,,,,1,3,1.780
Spring 2026,BZAN,7320,1,"Wiley,Briceon C",1,,,,2,,,,,,,,,3,3.553
Spring 2026,BZAN,6353,02,"Aron,Ravi",1,,4,4,6,,,,,,,,,15,3.111
Spring 2026,BZAN,6353,01,"Aron,Ravi",2,1,3,,4,,,,,,,,,10,3.399
Spring 2026,BZAN,6355,01,"Singh,Raksha B",19,1,,,1,,1,,,,,,,22,3.849
Spring 2026,BZAN,6351,02,"Wang,Cheng",10,,,,,,,,,,,,2,12,3.333
Spring 2026,BZAN,6351,01,"Singh,Raksha B",8,,,,,,,,,,,,,8,4.000
Spring 2026,BZAN,6361,01,"Ma,Xiao",10,,,,,,,,,,,,,10,4.000
Spring 2026,BZAN,6361,02,"Lee,Ah Rum",10,,,,,,,,,,,,,10,4.000
Spring 2026,BZAN,6350,01,"Wang,Cheng",11,,,,,,,,,,,,1,12,3.667
Spring 2026,BZAN,6350,02,"Singh,Raksha B",6,,,,,,,,,,,,,6,4.000
Spring 2026,BZAN,6357,01,"Ma,Xiao",9,3,,1,,,,,,,,,,13,3.822
Spring 2026,BZAN,6360,01,"Aron,Ravi",5,,,,,,,,,,,,,5,4.000
Spring 2026,BZAN,6360,02,"Lee,Ah Rum",4,1,,,,,,,,,,,,5,3.934
Spring 2026,CAAF,2301,2,,1,,,,,,,,,,,,,1,4.000
Spring 2026,CAAF,3301,2,,,1,,,,,,,,,,,,1,3.670
Spring 2026,CEA,3421,01,"Ramachandran,Deepa",6,2,4,2,2,,,1,,,,,,17,3.392
Spring 2026,CEA,3312,02,"Meh Chu,Chu",9,,,,,4,,1,,,,,,14,3.309
Spring 2026,CEA,3323,01,"Meh Chu,Chu",7,,1,,1,3,,,,,,,,12,3.361
Spring 2026,CEA,4355,01,"Bopardikar,Ajit Shyamsunder",4,3,,,4,,,1,,,,,,12,3.555
Spring 2026,CEA,4341,01,"Bopardikar,Ajit Shyamsunder",2,5,,1,2,,,,,,,,,10,3.568
Spring 2026,CEA,4342,01,"Ramachandran,Deepa",4,1,,,1,1,,1,,,,,,8,3.416
Spring 2026,CEA,4336,01,"Ramachandran,Deepa",7,,,,,,,,,,,,,7,4.000
Spring 2026,CEA,3311,01,"Meh Chu,Chu",6,,,,,,,,,,,,,6,4.000
Spring 2026,CHEE,6397,01,"Abdelrahman,Omar Abdelrahman Ali",33,,,,,1,,,,,,,,34,3.941
Spring 2026,CHEE,6397,07,"Powell,Joseph Broun",20,,,,,,,,,,,,,20,4.000
Spring 2026,CHEE,6397,08,"Powell,Joseph Broun",9,,,,,,,,,,,,,9,4.000
Spring 2026,CHEE,6397,04,"Palmer,Jeremy",6,,,,,,,,,,,,,6,4.000
Spring 2026,CHEE,6397,06,"Kaspar,Michael",,1,1,2,1,,,,,,,,1,6,2.557
Spring 2026,CHEE,6397,11,"Sankaranarayanan,Krishnan",4,,,,,,,,,,,,,4,4.000
Spring 2026,CHEE,6397,05,"Gorugantu,Sri Bala",1,1,,,1,,,,,,,,,3,3.667
Spring 2026,CHEE,6397,03,"Conrad,Jacinta C",2,,,,,,,,,,,,,2,4.000
Spring 2026,CHEE,6397,02,"Rimer,Jeffrey",1,,,,,,,,,,,,,1,4.000
Spring 2026,CHEE,6397,09,"Conrad,Jacinta C",1,,,,,,,,,,,,,1,4.000
Spring 2026,CHEE,6397,12,"Palmer,Jeremy",,,,,1,,,,,,,,,1,3.330
Spring 2026,CHEE,6397,13,"Zerze,Hasan",,,,,1,,,,,,,,,1,3.330
Spring 2026,CHEE,6397,15,"Powell,Joseph Broun",1,,,,,,,,,,,,,1,4.000
Spring 2026,CHEE,4322,01,"Gopalakrishnan,Murali",25,33,2,1,12,,,,,,,,,73,3.695
Spring 2026,CHEE,3300,01,"Zerze,Hasan",28,9,5,1,13,1,1,7,1,,,,4,70,3.242
Spring 2026,CHEE,4366,01,"Varadarajan,Navin",10,11,18,10,8,4,2,7,,,,,,70,3.077
Spring 2026,CHEE,2332,01,"Kourentzi,Ekaterini D",10,4,5,5,7,8,5,8,,,,3,2,57,2.620
Spring 2026,CHEE,2332,02,"Kourentzi,Ekaterini D",1,,1,1,,2,,,,,,,1,6,2.278
Spring 2026,CHEE,3321,01,"Grabow,Lars C",5,8,2,4,2,6,3,1,9,,,1,12,53,1.906
Spring 2026,CHEE,3321,02,"Grabow,Lars C",2,,1,2,,2,,,,,,,1,8,2.543
Spring 2026,CHEE,3367,01,"Kaspar,Michael",10,10,6,5,8,7,1,9,,,,,2,58,2.954
Spring 2026,CHEE,3462,01,"Zerze,Hasan",19,10,5,9,3,3,1,7,,,,,,57,3.258
Spring 2026,CHEE,2331,01,"Henderson,Jerrod A",10,1,4,4,3,5,3,3,,,,7,13,53,1.855
Spring 2026,CHEE,3466,01,"Dooling,Lawrence Joseph",11,4,8,8,6,4,2,5,,1,1,,1,51,2.922
Spring 2026,CHEE,8399,09,"Karim,Alamgir",11,1,,,,,,,,,,,,12,3.973
Spring 2026,CHEE,8399,17,"Vekilov,Peter",6,,,,,,,,,,,,,6,4.000
Spring 2026,CHEE,8399,02,"Bollini,Praveen P",2,,3,,,,,,,,,,,5,3.400
Spring 2026,CHEE,8399,01,"Balakotaiah,Vemuri",4,,,,,,,,,,,,,4,4.000
Spring 2026,CHEE,8399,14,"Rimer,Jeffrey",4,,,,,,,,,,,,,4,4.000
Spring 2026,CHEE,8399,20,"Zerze,Gul",4,,,,,,,,,,,,,4,4.000
Spring 2026,CHEE,8399,16,"Varadarajan,Navin",3,,,,,,,,,,,,,3,4.000
Spring 2026,CHEE,8399,12,"Orman,Mehmet",2,,,,,,,,,,,,,2,4.000
Spring 2026,CHEE,8399,13,"Palmer,Jeremy",2,,,,,,,,,,,,,2,4.000
Spring 2026,CHEE,8399,22,"Powell,Joseph Broun",2,,,,,,,,,,,,,2,4.000
Spring 2026,CHEE,8399,25,"Henderson,Jerrod A",2,,,,,,,,,,,,,2,4.000
Spring 2026,CHEE,8399,05,"Donnelly,Vincent M",1,,,,,,,,,,,,,1,4.000
Spring 2026,CHEE,8399,07,"Grabow,Lars C",1,,,,,,,,,,,,,1,4.000
Spring 2026,CHEE,8399,11,"Nikolaou,Michael",1,,,,,,,,,,,,,1,4.000
Spring 2026,CHEE,8399,19,"Mountziaris,Triantafillos John",1,,,,,,,,,,,,,1,4.000
Spring 2026,CHEE,3369,01,"Gorugantu,Sri Bala",14,7,5,2,9,,,,,,,,3,40,3.300
Spring 2026,CHEE,3333,01,"Palmer,Jeremy",10,3,4,2,10,1,1,3,1,,,,2,37,3.062
Spring 2026,CHEE,6377,01,"Karim,Alamgir",3,13,,1,4,,,,,,,,,21,3.605
Spring 2026,CHEE,6377,02,"Karim,Alamgir",5,4,1,,5,,,,,,,,,15,3.622
Spring 2026,CHEE,4361,01,"Cirino,Patrick C",15,5,7,,8,,,,,,,,,35,3.600
Spring 2026,CHEE,3363,01,"Conrad,Jacinta C",2,4,5,,3,4,5,2,5,,,,4,34,2.167
Spring 2026,CHEE,3334,01,"Nikolaou,Michael",7,4,2,4,3,2,1,2,,,,3,1,29,2.748
Spring 2026,CHEE,5377,01,"Karim,Alamgir",4,6,5,1,4,,,,,,,,,20,3.451
Spring 2026,CHEE,6337,01,"Balakotaiah,Vemuri",6,6,,,,,,,,,,,,12,3.835
Spring 2026,CHEE,6337,02,"Balakotaiah,Vemuri",4,3,,,1,,,,,,,,,8,3.793
Spring 2026,CHEE,6375,01,"Donnelly,Vincent M",15,4,,,1,,,,,,,,,20,3.901
Spring 2026,CHEE,6368,02,"MatzakosDONOTUSEsee8027801,Andreas Nicholas",4,1,2,1,6,,,,,,,,,14,3.451
Spring 2026,CHEE,6368,01,"MatzakosDONOTUSEsee8027801,Andreas Nicholas",,,1,,,,,,,,,,,1,3.000
Spring 2026,CHEE,6360,01,"Willson,Richard",3,3,3,,3,,,,,,,,,12,3.500
Spring 2026,CHEE,4398,01,"Karim,Alamgir",2,,,,,,,,,,,,,2,4.000
Spring 2026,CHEE,4398,01,"Zerze,Hasan",2,,,,,,,,,,,,,2,4.000
Spring 2026,CHEE,4398,02,"Abdelrahman,Omar Abdelrahman Ali",1,,,,,,,,,,,,,1,4.000
Spring 2026,CHEE,4398,03,"Conrad,Jacinta C",1,,,,,,,,,,,,,1,4.000
Spring 2026,CHEE,5323,1,"Horton,Renita Elillian",1,,3,,,,,,,,,,,4,3.250
Spring 2026,CHEE,7399,01,"Nikolaou,Michael",1,,,,,,,,,,,,,1,4.000
Spring 2026,CHEE,7399,02,"Robertson,Megan L",1,,,,,,,,,,,,,1,4.000
Spring 2026,CHEE,7399,03,"Vekilov,Peter",1,,,,,,,,,,,,,1,4.000
Spring 2026,CHEE,4399,01,"Robertson,Megan L",1,,,,,,,,,,,,,1,4.000
Spring 2026,CHEE,6399,1,"Nikolaou,Michael",1,,,,,,,,,,,,,1,4.000
Spring 2026,CHEE,8699,03,"Willson,Richard",1,,,,,,,,,,,,,1,4.000
Spring 2026,CHEE,8999,02,"Karim,Alamgir",1,,,,,,,,,,,,,1,4.000
Spring 2026,CHEM,1312,2,"Larsen,Russell Gene",104,51,50,44,40,49,30,42,12,15,11,39,47,534,2.409
Spring 2026,CHEM,1312,5,"Chen,Tai-Yen",107,43,30,40,42,35,49,43,9,20,4,45,44,511,2.353
Spring 2026,CHEM,1312,1,"Halasyamani,P Shiv",31,28,14,17,26,27,24,21,7,4,6,48,43,296,1.897
Spring 2026,CHEM,1311,2,"Larsen,Russell Gene",27,20,20,29,24,24,27,46,7,4,6,31,37,302,2.042
Spring 2026,CHEM,1311,4,"Teets,Thomas",19,34,20,20,26,27,25,34,8,11,6,26,45,301,1.990
Spring 2026,CHEM,1311,3,"Czernuszewicz,Roman S",2,4,9,9,12,27,29,22,8,5,4,40,28,199,1.427
Spring 2026,CHEM,1311,5,"Yang,Ding-Shyue",7,5,9,14,7,12,17,11,4,2,2,21,41,152,1.448
Spring 2026,CHEM,1311,1,"Guloy,Arnold M",3,7,4,7,4,15,14,8,1,7,1,19,18,108,1.488
Spring 2026,CHEM,1112,42,"Zaitsev,Vladimir G",,2,6,5,6,1,,1,,,,,,21,3.000
Spring 2026,CHEM,1112,50,"Zaitsev,Vladimir G",1,3,8,2,2,2,,,,,,1,2,21,2.620
Spring 2026,CHEM,1112,01,"Zaitsev,Vladimir G",1,4,7,2,3,1,,,1,,,,1,20,2.901
Spring 2026,CHEM,1112,02,"Zaitsev,Vladimir G",1,1,4,1,6,2,1,1,,,,1,2,20,2.516
Spring 2026,CHEM,1112,03,"Zaitsev,Vladimir G",1,2,3,5,1,1,1,4,,,,1,1,20,2.501
Spring 2026,CHEM,1112,08,"Zaitsev,Vladimir G",,4,8,1,2,,,3,,,,1,1,20,2.750
Spring 2026,CHEM,1112,09,"Zaitsev,Vladimir G",,1,6,1,9,,,1,,,,1,1,20,2.832
Spring 2026,CHEM,1112,13,"Zaitsev,Vladimir G",,3,11,3,2,,,,,,,,1,20,2.934
Spring 2026,CHEM,1112,14,"Zaitsev,Vladimir G",4,,6,4,3,1,,2,,,,,,20,3.067
Spring 2026,CHEM,1112,20,"Zaitsev,Vladimir G",1,7,6,2,3,,,1,,,,,,20,3.268
Spring 2026,CHEM,1112,31,"Zaitsev,Vladimir G",2,1,6,5,,,,4,,,,1,1,20,2.617
Spring 2026,CHEM,1112,35,"Zaitsev,Vladimir G",,3,8,2,7,,,,,,,,,20,3.183
Spring 2026,CHEM,1112,37,"Zaitsev,Vladimir G",,3,12,,4,,,,,,1,,,20,3.083
Spring 2026,CHEM,1112,41,"Zaitsev,Vladimir G",,,11,3,5,,,1,,,,,,20,3.000
Spring 2026,CHEM,1112,52,"Zaitsev,Vladimir G",3,3,5,2,2,2,,1,,,,2,,20,2.817
Spring 2026,CHEM,1112,60,"Zaitsev,Vladimir G",,5,5,2,5,,1,1,,,1,,,20,3.034
Spring 2026,CHEM,1112,63,"Zaitsev,Vladimir G",5,3,2,4,3,,,1,1,,,1,,20,3.051
Spring 2026,CHEM,1112,67,"Zaitsev,Vladimir G",1,2,4,3,7,,1,,,1,,,1,20,2.850
Spring 2026,CHEM,1112,69,"Zaitsev,Vladimir G",1,4,7,1,6,,,1,,,,,,20,3.233
Spring 2026,CHEM,1112,73,"Zaitsev,Vladimir G",,1,7,6,,2,,4,,,,,,20,2.701
Spring 2026,CHEM,1112,07,"Zaitsev,Vladimir G",3,3,6,,2,2,,1,,,,,2,19,2.842
Spring 2026,CHEM,1112,10,"Zaitsev,Vladimir G",,4,4,2,6,,,1,,,1,,1,19,2.929
Spring 2026,CHEM,1112,12,"Zaitsev,Vladimir G",,5,4,2,6,,,2,,,,,,19,3.175
Spring 2026,CHEM,1112,15,"Zaitsev,Vladimir G",2,3,8,,4,,,,,,1,1,,19,3.035
Spring 2026,CHEM,1112,17,"Zaitsev,Vladimir G",2,1,9,1,,1,,4,,,,,1,19,2.772
Spring 2026,CHEM,1112,18,"Zaitsev,Vladimir G",1,4,4,,2,1,1,,,,,6,,19,2.158
Spring 2026,CHEM,1112,19,"Zaitsev,Vladimir G",,3,6,2,6,,,,,,1,1,,19,2.929
Spring 2026,CHEM,1112,22,"Zaitsev,Vladimir G",2,3,5,,6,1,,2,,,,,,19,3.192
Spring 2026,CHEM,1112,27,"Zaitsev,Vladimir G",4,2,6,1,5,,,1,,,,,,19,3.315
Spring 2026,CHEM,1112,30,"Zaitsev,Vladimir G",2,3,3,3,4,2,,1,,,,,1,19,2.930
Spring 2026,CHEM,1112,43,"Zaitsev,Vladimir G",,2,10,2,2,,,,,,1,1,1,19,2.667
Spring 2026,CHEM,1112,54,"Zaitsev,Vladimir G",,3,7,,8,,,,,,,,1,19,3.087
Spring 2026,CHEM,1112,61,"Zaitsev,Vladimir G",1,3,7,1,2,1,,2,,,,,2,19,2.737
Spring 2026,CHEM,1112,62,"Zaitsev,Vladimir G",2,3,6,2,3,,,1,,,,1,1,19,2.877
Spring 2026,CHEM,1112,66,"Zaitsev,Vladimir G",2,1,4,1,5,,,2,,,,,4,19,2.508
Spring 2026,CHEM,1112,70,"Zaitsev,Vladimir G",2,3,7,,6,1,,,,,,,,19,3.263
Spring 2026,CHEM,1112,71,"Zaitsev,Vladimir G",2,1,8,1,4,1,1,,,1,,,,19,2.947
Spring 2026,CHEM,1112,72,"Zaitsev,Vladimir G",2,1,6,,3,3,,1,,,,2,1,19,2.526
Spring 2026,CHEM,1112,76,"Zaitsev,Vladimir G",3,1,3,1,3,2,,1,,,1,1,3,19,2.368
Spring 2026,CHEM,1112,77,"Zaitsev,Vladimir G",3,1,8,2,2,,,1,,,1,1,,19,2.912
Spring 2026,CHEM,1112,04,"Zaitsev,Vladimir G",,5,4,3,3,1,,1,,,,1,,18,2.927
Spring 2026,CHEM,1112,23,"Zaitsev,Vladimir G",3,4,3,2,4,,,2,,,,,,18,3.278
Spring 2026,CHEM,1112,25,"Zaitsev,Vladimir G",1,3,6,2,5,,,1,,,,,,18,3.185
Spring 2026,CHEM,1112,29,"Zaitsev,Vladimir G",2,4,3,1,6,,,2,,,,,,18,3.277
Spring 2026,CHEM,1112,40,"Zaitsev,Vladimir G",1,4,6,1,6,,,,,,,,,18,3.296
Spring 2026,CHEM,1112,74,"Zaitsev,Vladimir G",3,2,5,1,5,1,,,,,,1,,18,3.092
Spring 2026,CHEM,1112,75,"Zaitsev,Vladimir G",3,2,3,2,3,1,,1,,,,2,1,18,2.667
Spring 2026,CHEM,1112,16,"Zaitsev,Vladimir G",3,3,3,1,4,,1,2,,,,,,17,3.196
Spring 2026,CHEM,1112,28,"Zaitsev,Vladimir G",3,2,3,,1,1,,,,,,,7,17,1.981
Spring 2026,CHEM,1112,34,"Zaitsev,Vladimir G",3,5,4,,2,,1,2,,,,,,17,3.255
Spring 2026,CHEM,1112,68,"Zaitsev,Vladimir G",,2,5,8,,,,1,,,,,1,17,2.708
Spring 2026,CHEM,1112,05,"Zaitsev,Vladimir G",,,7,2,3,,,,,,,,2,14,2.595
Spring 2026,CHEM,1112,051,"Zaitsev,Vladimir G",1,4,3,1,2,1,,,,,,,,12,3.251
Spring 2026,CHEM,1111,12,"Zaitsev,Vladimir G",,3,7,3,6,1,,,,,1,,,21,3.016
Spring 2026,CHEM,1111,13,"Zaitsev,Vladimir G",3,1,5,2,1,1,2,1,,,,3,2,21,2.239
Spring 2026,CHEM,1111,15,"Zaitsev,Vladimir G",2,,7,1,8,,,1,,,,,2,21,2.888
Spring 2026,CHEM,1111,01,"Zaitsev,Vladimir G",2,4,5,3,4,,,1,,,,,1,20,3.067
Spring 2026,CHEM,1111,05,"Zaitsev,Vladimir G",1,1,7,3,6,,,2,,,,,,20,3.066
Spring 2026,CHEM,1111,06,"Zaitsev,Vladimir G",2,2,8,,5,1,,,,,,,2,20,2.900
Spring 2026,CHEM,1111,07,"Zaitsev,Vladimir G",,2,6,,9,1,1,1,,,,,,20,3.066
Spring 2026,CHEM,1111,08,"Zaitsev,Vladimir G",,3,10,4,1,,,1,,,,,1,20,2.868
Spring 2026,CHEM,1111,14,"Zaitsev,Vladimir G",1,7,4,2,5,,,,,,,1,,20,3.184
Spring 2026,CHEM,1111,18,"Zaitsev,Vladimir G",1,2,9,2,5,,,,,,,,1,20,3.017
Spring 2026,CHEM,1111,19,"Zaitsev,Vladimir G",1,5,3,2,5,,1,1,,,,,2,20,2.867
Spring 2026,CHEM,1111,24,"Zaitsev,Vladimir G",,3,7,2,7,,,1,,,,,,20,3.150
Spring 2026,CHEM,1111,26,"Zaitsev,Vladimir G",1,2,7,3,4,,,2,,,,,1,20,2.917
Spring 2026,CHEM,1111,27,"Zaitsev,Vladimir G",,1,3,4,9,,,1,,,,,2,20,2.783
Spring 2026,CHEM,1111,31,"Zaitsev,Vladimir G",1,1,8,4,3,,,1,,,,,2,20,2.734
Spring 2026,CHEM,1111,36,"Zaitsev,Vladimir G",,7,6,2,4,,,1,,,,,,20,3.234
Spring 2026,CHEM,1111,37,"Zaitsev,Vladimir G",1,5,7,1,4,1,,,,,,,1,20,3.067
Spring 2026,CHEM,1111,38,"Zaitsev,Vladimir G",2,3,4,4,3,1,1,1,,,,,1,20,2.884
Spring 2026,CHEM,1111,39,"Zaitsev,Vladimir G",2,2,8,1,4,,1,,,,,,2,20,2.850
Spring 2026,CHEM,1111,40,"Zaitsev,Vladimir G",,5,6,3,4,1,,,1,,,,,20,3.034
Spring 2026,CHEM,1111,03,"Zaitsev,Vladimir G",1,2,3,2,10,1,,,,,,,,19,3.209
Spring 2026,CHEM,1111,04,"Zaitsev,Vladimir G",1,,10,4,,2,,2,,,,,,19,2.807
Spring 2026,CHEM,1111,09,"Zaitsev,Vladimir G",1,1,7,3,4,,,1,,,,,2,19,2.754
Spring 2026,CHEM,1111,10,"Zaitsev,Vladimir G",2,1,7,3,3,,1,,,,,,2,19,2.755
Spring 2026,CHEM,1111,11,"Zaitsev,Vladimir G",2,2,6,2,4,,,,,,,1,2,19,2.737
Spring 2026,CHEM,1111,22,"Zaitsev,Vladimir G",,1,4,5,8,,,,,,,,1,19,2.929
Spring 2026,CHEM,1111,25,"Zaitsev,Vladimir G",2,3,3,3,2,1,1,2,,,1,,1,19,2.755
Spring 2026,CHEM,1111,28,"Zaitsev,Vladimir G",3,2,5,1,5,2,,1,,,,,,19,3.157
Spring 2026,CHEM,1111,29,"Zaitsev,Vladimir G",,4,5,4,4,,,2,,,,,,19,3.071
Spring 2026,CHEM,1111,32,"Zaitsev,Vladimir G",1,2,7,1,2,1,,,,,,2,3,19,2.298
Spring 2026,CHEM,1111,33,"Zaitsev,Vladimir G",3,5,5,,6,,,,,,,,,19,3.438
Spring 2026,CHEM,1111,34,"Zaitsev,Vladimir G",2,3,5,2,4,2,,,,,,,1,19,2.983
Spring 2026,CHEM,1111,41,"Zaitsev,Vladimir G",,4,6,3,4,,1,,,,,,1,19,2.931
Spring 2026,CHEM,1111,43,"Zaitsev,Vladimir G",1,3,3,1,6,2,2,,,,1,,,19,2.912
Spring 2026,CHEM,1111,02,"Zaitsev,Vladimir G",2,3,4,2,4,,,2,,,,,1,18,3.018
Spring 2026,CHEM,1111,30,"Zaitsev,Vladimir G",,2,12,,2,,,1,,,,,1,18,2.907
Spring 2026,CHEM,1111,17,"Zaitsev,Vladimir G",,3,8,2,3,1,,,,,,,,17,3.079
Spring 2026,CHEM,1111,42,"Zaitsev,Vladimir G",,2,,1,4,1,,1,,,,1,7,17,1.627
Spring 2026,CHEM,2323,1,"Daugulis,Olafs",44,14,45,3,3,49,22,4,24,2,,21,69,300,1.833
Spring 2026,CHEM,2323,2,"Cai,Chengzhi",21,4,25,6,,27,9,,19,32,,41,58,242,1.236
Spring 2026,CHEM,2323,3,"Mills,Leo Reginald",7,,4,,1,6,3,1,2,3,,16,19,62,1.075
Spring 2026,CHEM,2325,1,"Young,Crystal Ann",30,3,40,7,2,45,8,7,26,3,,41,77,289,1.467
Spring 2026,CHEM,2325,2,"Young,Crystal Ann",25,4,36,4,5,34,8,5,30,4,,46,78,279,1.347
Spring 2026,CHEM,2325,3,"Carrow,Bradley",2,3,2,4,,,2,1,2,1,,,3,20,2.202
Spring 2026,CHEM,2325,4,"Comito,Robert Joseph",1,1,2,,,2,2,,1,,,2,5,16,1.376
Spring 2026,CHEM,2123,01,"Young,Crystal Ann",,4,2,7,,4,4,1,1,,,,1,24,2.391
Spring 2026,CHEM,2123,02,"Young,Crystal Ann",1,3,1,3,2,3,3,3,2,,,,3,24,2.195
Spring 2026,CHEM,2123,06,"Young,Crystal Ann",1,1,6,2,3,4,1,1,1,1,1,,2,24,2.333
Spring 2026,CHEM,2123,07,"Young,Crystal Ann",1,,8,5,1,3,1,5,,,,,,24,2.667
Spring 2026,CHEM,2123,08,"Young,Crystal Ann",,3,6,2,1,3,,9,,,,,,24,2.694
Spring 2026,CHEM,2123,10,"Young,Crystal Ann",2,1,3,2,3,3,4,5,1,,,,,24,2.555
Spring 2026,CHEM,2123,14,"Young,Crystal Ann",1,2,4,3,,2,3,4,,2,,,3,24,2.126
Spring 2026,CHEM,2123,15,"Young,Crystal Ann",2,1,3,6,2,3,2,3,,,1,,1,24,2.542
Spring 2026,CHEM,2123,05,"Young,Crystal Ann",1,1,3,4,2,4,,,1,2,,,5,23,1.928
Spring 2026,CHEM,2123,11,"Young,Crystal Ann",1,1,6,4,1,2,2,4,,,,,2,23,2.450
Spring 2026,CHEM,2123,12,"Young,Crystal Ann",,3,5,3,4,2,2,2,,,1,,1,23,2.638
Spring 2026,CHEM,2123,18,"Young,Crystal Ann",1,2,2,5,1,5,2,1,2,,1,,1,23,2.305
Spring 2026,CHEM,2123,13,"Young,Crystal Ann",1,2,2,7,1,5,1,1,,1,1,,,22,2.516
Spring 2026,CHEM,2123,16,"Young,Crystal Ann",2,1,3,2,1,,4,1,,2,,,5,21,1.890
Spring 2026,CHEM,2123,19,"Young,Crystal Ann",,2,5,3,2,3,1,2,,1,,,2,21,2.381
Spring 2026,CHEM,2123,9,"Young,Crystal Ann",1,3,1,2,1,4,4,3,,,,,2,21,2.302
Spring 2026,CHEM,2123,04,"Young,Crystal Ann",,2,1,4,1,4,2,3,,2,,,1,20,2.201
Spring 2026,CHEM,2123,17,"Young,Crystal Ann",4,1,1,3,2,1,3,1,1,,,,3,20,2.384
Spring 2026,CHEM,2125,01,"Young,Crystal Ann",,6,4,4,3,2,1,2,,,1,,1,24,2.765
Spring 2026,CHEM,2125,06,"Young,Crystal Ann",4,2,2,1,5,2,1,2,2,,,,2,23,2.652
Spring 2026,CHEM,2125,08,"Young,Crystal Ann",3,1,,6,3,1,3,4,1,1,,,,23,2.595
Spring 2026,CHEM,2125,09,"Young,Crystal Ann",3,1,3,4,1,2,4,2,,,,1,2,23,2.349
Spring 2026,CHEM,2125,10,"Young,Crystal Ann",1,1,7,1,2,3,2,2,1,1,,,2,23,2.333
Spring 2026,CHEM,2125,12,"Young,Crystal Ann",1,4,3,1,3,2,3,2,1,1,1,,1,23,2.479
Spring 2026,CHEM,2125,13,"Young,Crystal Ann",,4,6,5,,,,3,,1,2,,2,23,2.450
Spring 2026,CHEM,2125,14,"Young,Crystal Ann",1,2,4,3,4,1,3,4,,,,,1,23,2.652
Spring 2026,CHEM,2125,17,"Young,Crystal Ann",4,2,4,7,3,,,3,,,,,,23,3.087
Spring 2026,CHEM,2125,03,"Young,Crystal Ann",3,1,2,3,2,6,,2,1,,2,,,22,2.575
Spring 2026,CHEM,2125,04,"Young,Crystal Ann",1,2,6,1,3,4,,2,1,,1,,1,22,2.590
Spring 2026,CHEM,2125,11,"Young,Crystal Ann",3,3,3,1,1,1,2,2,1,1,2,,2,22,2.379
Spring 2026,CHEM,2125,15,"Young,Crystal Ann",2,3,4,3,3,4,1,2,,,,,,22,2.879
Spring 2026,CHEM,2125,19,"Young,Crystal Ann",2,3,1,4,1,2,3,,1,1,1,1,1,21,2.287
Spring 2026,CHEM,2125,02,"Young,Crystal Ann",2,2,2,3,1,4,2,1,2,,,,1,20,2.418
Spring 2026,CHEM,2125,16,"Young,Crystal Ann",2,1,1,2,4,2,3,2,,,,,2,19,2.474
Spring 2026,CHEM,2125,18,"Young,Crystal Ann",2,1,2,2,2,1,3,1,2,,,1,,17,2.412
Spring 2026,CHEM,2125,20,"Young,Crystal Ann",1,,3,2,4,1,1,,,,1,,1,14,2.619
Spring 2026,CHEM,1305,1,"Czernuszewicz,Roman S",12,8,9,18,7,8,12,12,4,3,2,17,29,141,1.762
Spring 2026,CHEM,1305,3,"St Hill,Lydia Ruth",,3,6,2,4,2,5,7,4,,3,12,36,84,1.004
Spring 2026,CHEM,1305,2,"Zaitsev,Vladimir G",2,1,3,4,4,8,3,4,2,1,2,11,14,59,1.362
Spring 2026,CHEM,1105,04,"Zaitsev,Vladimir G",,7,2,,5,,,1,,,,1,3,19,2.667
Spring 2026,CHEM,1105,02,"Zaitsev,Vladimir G",3,2,4,4,1,,,,,,,1,3,18,2.519
Spring 2026,CHEM,1105,03,"Zaitsev,Vladimir G",,1,3,,8,,,,,,,2,2,16,2.457
Spring 2026,CHEM,1105,01,"Zaitsev,Vladimir G",1,4,3,,3,,,1,,,,1,,13,3.077
Spring 2026,CHEM,4373,1,"Baldelli,Steve",3,9,5,,1,10,8,2,4,,,5,6,53,1.988
Spring 2026,CHEM,3333,1,"Zastrow,Melissa L",6,6,4,10,3,3,1,2,,,2,1,2,40,2.743
Spring 2026,CHEM,4370,1,"Xu,Shoujun",10,2,4,2,3,4,4,4,1,2,1,3,,40,2.559
Spring 2026,CHEM,3369,1,"Czader,Arkadiusz",3,6,5,2,1,3,3,9,,,1,1,5,39,2.333
Spring 2026,CHEM,4330,1,"Harth,Eva M",15,1,3,2,5,,1,1,2,,,1,5,36,2.796
Spring 2026,CHEM,4270,1,"Czader,Arkadiusz",3,,6,5,2,,,,,,,,,16,3.126
Spring 2026,CHEM,4270,2,"Czader,Arkadiusz",1,1,3,,3,,,2,2,,,,,12,2.777
Spring 2026,CHEM,1322,1,"Hoffman,David M",4,5,2,4,4,1,1,3,,1,,,,25,3.027
Spring 2026,CHEM,3133,1,"Zaitsev,Vladimir G",5,1,4,1,,1,1,1,,,,,,14,3.167
Spring 2026,CHEM,3133,2,"Zaitsev,Vladimir G",3,3,1,1,1,,,1,,,,,,10,3.434
Spring 2026,CHEM,3119,2,"Czader,Arkadiusz",3,1,4,,4,1,,2,,,,,1,16,2.978
Spring 2026,CHEM,3119,1,"Czader,Arkadiusz",1,,1,3,,,,,,,,,1,6,2.502
Spring 2026,CHEM,6376,1,"Daugulis,Olafs",5,,8,3,4,,,,2,,,,,22,3.060
Spring 2026,CHEM,6330,1,"Harth,Eva M",13,2,2,1,,,,,1,,,,,19,3.632
Spring 2026,CHEM,6375,1,"Brgoch,Jakoah",2,3,5,2,6,,,,,,,,,18,3.296
Spring 2026,CHEM,6332,1,"Brgoch,Jakoah",2,5,3,1,5,,,,,,,,,16,3.417
Spring 2026,CHEM,4336,1,"Wang,Yuhong",4,1,7,1,,2,,,,,,,,15,3.156
Spring 2026,CHEM,7325,1,"Chiang,Naihao",6,3,,,3,,,,,,,,,12,3.750
Spring 2026,CHEM,6322,1,"Lubchenko,Vassiliy",10,,,,,,,,,,,,,10,4.000
Spring 2026,CHEM,6394,1,"Miljanic,Ognjen S",2,4,2,,1,,,,,,,,,9,3.557
Spring 2026,CHEM,6321,1,"Cho,Yeongsu",2,1,2,1,2,,,,,,,,,8,3.375
Spring 2026,CHEM,8999,18,"Carrow,Bradley",1,,,,1,,,,,,,,,2,3.665
Spring 2026,CHEM,8999,07,"Guloy,Arnold M",1,,,,,,,,,,,,,1,4.000
Spring 2026,CHEM,8999,15,"May,Jeremy A",1,,,,,,,,,,,,,1,4.000
Spring 2026,CHEM,8999,16,"Miljanic,Ognjen S",1,,,,,,,,,,,,,1,4.000
Spring 2026,CHEM,8999,27,"Harth,Eva M",1,,,,,,,,,,,,,1,4.000
Spring 2026,CHEM,4340,01,"Ekeoba,Jacqueline Njideka",1,2,,,,,,,,,,,,3,3.780
Spring 2026,CHEM,6399,05,"Miljanic,Ognjen S",,,1,,,,,,,,,,,1,3.000
Spring 2026,CHEM,6399,22,"Cai,Chengzhi",,1,,,,,,,,,,,,1,3.670
Spring 2026,CHEM,7399,04,"Miljanic,Ognjen S",,,1,,,,,,,,,,,1,3.000
Spring 2026,CHEM,7399,05,"Cai,Chengzhi",,1,,,,,,,,,,,,1,3.670
Spring 2026,CHEM,8399,07,"Halasyamani,P Shiv",1,,,,,,,,,,,,,1,4.000
Spring 2026,CHEM,8399,13,"Xu,Shoujun",1,,,,,,,,,,,,,1,4.000
Spring 2026,CHEM,3396,01,"Latendresse,Trevor",1,,,,,,,,,,,,,1,4.000
Spring 2026,CHEM,4396,03,"Teets,Thomas",1,,,,,,,,,,,,,1,4.000
Spring 2026,CHEM,8199,1,"May,Jeremy A",1,,,,,,,,,,,,,1,4.000
Spring 2026,CHIN,3354,01,"Wang,Wei",4,3,6,8,13,7,2,5,1,,,1,,50,2.793
Spring 2026,CHIN,3360,02,"Wang,Wei",2,6,15,10,2,9,,2,,1,2,1,,50,2.687
Spring 2026,CHIN,1502,01,"Zhang,Jing",6,3,1,1,2,3,2,1,2,,,2,,23,2.653
Spring 2026,CHIN,1502,05,"Zhang,Jing",6,4,1,3,1,,,,,,,1,,16,3.314
Spring 2026,CHIN,1301,1,"Yan,Shuyu",9,7,,1,2,,,,,,,,3,22,3.228
Spring 2026,CHIN,2312,01,"Zhang,Jing",6,6,2,1,1,,,,,,1,,1,18,3.297
Spring 2026,CHIN,3302,01,"Yan,Shuyu",7,4,,1,2,,,1,,,,,,15,3.623
Spring 2026,CHIN,3304,01,"Wen,Xiaohong Sharon",8,,,1,1,1,,1,,,1,,,13,3.358
Spring 2026,CHIN,4302,01,"Wen,Xiaohong Sharon",7,1,2,,,,1,1,,,,,1,13,3.205
Spring 2026,CHIN,6397,01,"Zhang,Jing",,,,,,,,1,,,,,,1,2.330
Spring 2026,CIS,2334,20,"Ratner,Edward",47,16,13,8,3,5,,4,2,,,5,4,107,3.163
Spring 2026,CIS,2334,21,"Ratner,Edward",32,11,4,7,7,7,,6,3,,1,5,5,88,2.894
Spring 2026,CIS,3320,20,"Ratner,Edward",14,18,16,11,13,11,,7,,,,7,4,101,2.782
Spring 2026,CIS,3320,30,"Ratner,Edward",18,25,5,6,9,5,,5,,,,1,1,75,3.285
Spring 2026,CIS,1348,1,"Albayrak,Levent",41,1,1,3,3,,,2,1,,,4,4,60,3.239
Spring 2026,CIS,1348,32,"Albayrak,Levent",28,1,2,3,1,2,,2,1,,,2,7,49,2.912
Spring 2026,CIS,1348,31,"Albayrak,Levent",15,1,2,1,2,,,2,1,,,2,3,29,2.919
Spring 2026,CIS,1348,30,"Albayrak,Levent",18,3,2,,,,,,1,,,3,1,28,3.215
Spring 2026,CIS,2336,30,"Wu,Xuqing",54,12,3,,3,,,,1,,,2,,75,3.734
Spring 2026,CIS,2336,31,"Huang,Yueqin",49,4,,1,1,,,3,,,,3,1,62,3.608
Spring 2026,CIS,3343,31,"Detillier,Bret James",3,2,11,5,2,14,7,7,2,,3,1,12,69,1.947
Spring 2026,CIS,3343,30,"Detillier,Bret James",6,9,11,7,6,5,8,4,2,,3,,7,68,2.461
Spring 2026,CIS,2347,30,"Peddoju,Suresh Kumar",29,9,6,6,10,3,,7,,1,1,1,,73,3.297
Spring 2026,CIS,2347,31,"Banerjee,Tania",31,7,3,3,10,,1,3,,,,2,1,61,3.421
Spring 2026,CIS,2368,30,"Dobretsberger,Otto",27,3,1,1,3,,1,,,,,5,4,45,3.030
Spring 2026,CIS,2368,31,"Dobretsberger,Otto",26,3,4,2,,1,,,,,,1,7,44,3.053
Spring 2026,CIS,2368,32,"Peddoju,Suresh Kumar",34,2,1,2,1,,1,,,,,1,2,44,3.561
Spring 2026,CIS,3330,20,"Detillier,Bret James",4,2,16,12,7,7,9,7,2,,,1,2,69,2.522
Spring 2026,CIS,3330,30,"Detillier,Bret James",,4,7,9,9,7,4,7,4,,2,4,4,61,2.186
Spring 2026,CIS,4355,30,"Peddoju,Suresh Kumar",45,8,1,2,4,2,,3,,,,5,,70,3.457
Spring 2026,CIS,4355,31,"Peddoju,Suresh Kumar",37,5,4,5,2,1,,2,,,1,1,1,59,3.497
Spring 2026,CIS,4375,31,"Martinez,Jose C",21,1,21,,,,,,,,,,,43,3.504
Spring 2026,CIS,4375,32,"Martinez,Jose C",11,2,23,,2,3,1,,,,,,,42,3.206
Spring 2026,CIS,4375,30,"Martinez,Jose C",6,,14,,,2,1,,,,,1,,24,2.986
Spring 2026,CIS,4365,31,"Hu,Renjie",29,12,7,,4,2,,,,,,,1,55,3.607
Spring 2026,CIS,4365,30,"Hu,Renjie",24,18,5,,2,1,,,,,,1,1,52,3.572
Spring 2026,CIS,1376,30,"Aly,Heba",62,16,6,2,8,2,2,,,1,,2,2,103,3.541
Spring 2026,CIS,4374,20,"Dobretsberger,Otto",35,12,16,3,2,3,4,2,,,,2,2,81,3.260
Spring 2026,CIS,3339,31,"Wu,Xuqing",58,8,2,,,,,,,,,1,,69,3.875
Spring 2026,CIS,3339,60,"Wu,Xuqing",7,1,,,1,,,,,,,,,9,3.889
Spring 2026,CIS,2337,30,"Lee,Kyu In",42,11,7,3,7,,,2,,,,1,1,74,3.586
Spring 2026,CIS,3367,30,"Martinez,Jose C",23,2,22,,,3,2,,,,,1,1,54,3.235
Spring 2026,CIS,6322,20,"Burke,Ross",25,2,,1,1,,,,,,,,,29,3.908
Spring 2026,CIS,6322,40,"Burke,Ross",17,4,1,,2,1,,,,,,,,25,3.774
Spring 2026,CIS,6357,30,"Venkataramani,Suresh",20,7,1,,1,,,,,,,,,29,3.863
Spring 2026,CIS,6357,40,"Venkataramani,Suresh",9,4,,,3,,,,,,,,,16,3.792
Spring 2026,CIS,6326,30,"Conklin,William A",18,7,,,,,,,,,,,,25,3.908
Spring 2026,CIS,6326,40,"Conklin,William A",17,1,,,,,,,,,,,,18,3.982
Spring 2026,CIS,6324,30,"Conklin,William A",7,7,2,,3,2,,,,,,,,21,3.509
Spring 2026,CIS,6324,40,"Conklin,William A",2,1,3,,3,3,,,,,,,,12,3.055
Spring 2026,CIS,6371,30,"Luo,Changqing",15,,6,,1,,,,,,,,,22,3.697
Spring 2026,CIS,6371,40,"Luo,Changqing",1,,,,,,,,,,,,,1,4.000
Spring 2026,CIS,3337,60,"Nsoh,Jovita T",20,,,,,,,1,,1,,,,22,3.773
Spring 2026,CIS,6378,30,"Zhang,Yunpeng",15,1,1,,1,,,,,,,,,18,3.889
Spring 2026,CIS,6378,40,"Zhang,Yunpeng",3,,,,1,,,,,,,,,4,3.833
Spring 2026,CIS,6325,40,"Banerjee,Tania",7,,,,,,,,,,,,1,8,3.500
Spring 2026,CIS,6325,30,"Banerjee,Tania",5,,,,,,,,,,,,,5,4.000
Spring 2026,CIS,6321,40,"Lee,Kyu In",3,,,,,,,,,,,,,3,4.000
Spring 2026,CIS,6396,1,"Lee,Kyu In",2,,,,,,,,,,,,,2,4.000
Spring 2026,CIS,6399,1,"Lee,Kyu In",1,,,,,,,,,,,,,1,4.000
Spring 2026,CIS,6399,2,"Zhang,Yunpeng",1,,,,,,,,,,,,,1,4.000
Spring 2026,CIVE,2332,01,"Phatak,Tejasree Mohan",4,8,5,5,3,8,9,11,,7,,4,2,66,2.198
Spring 2026,CIVE,2332,02,"Zamiran,Siavash",9,,6,,,3,,,1,,,,,19,3.211
Spring 2026,CIVE,4363,01,"Belarbi,Abdeldjelil",11,12,6,2,12,3,3,9,3,,,2,,63,2.957
Spring 2026,CIVE,4363,03,"Chang,Chi Chung",3,2,,,,,,,,,,,,5,3.868
Spring 2026,CIVE,4369,01,"Phatak,Tejasree Mohan",7,6,4,8,6,11,13,4,1,1,,3,,64,2.470
Spring 2026,CIVE,3397,01,"Lee,Hyongki",14,8,7,5,4,8,4,6,1,,1,1,4,63,2.730
Spring 2026,CIVE,7397,07,"Zhang,Ruda",12,12,,,,,,,,,,,,24,3.835
Spring 2026,CIVE,7397,01,"Xie,Surui",11,4,,,,,,,,,,,,15,3.912
Spring 2026,CIVE,7397,09,"Ballarini,Roberto",8,,,,,,,,,,,,,8,4.000
Spring 2026,CIVE,7397,05,"Rahimi,Mohammad",5,,,,1,,,,,,,,,6,3.888
Spring 2026,CIVE,7397,06,"Rahimi,Mohammad",2,,,1,,,,,,,,,1,4,2.668
Spring 2026,CIVE,7397,10,"Ballarini,Roberto",2,,,,,,,,,,,,,2,4.000
Spring 2026,CIVE,3434,01,"Momen,Mostafa",10,11,8,4,10,,1,3,,,2,,2,51,3.131
Spring 2026,CIVE,4337,01,"Phatak,Tejasree Mohan",5,8,4,15,6,2,6,2,,,,1,,49,2.859
Spring 2026,CIVE,3331,01,"Shaffer,Devin",2,,13,5,3,15,4,2,,,,,4,48,2.327
Spring 2026,CIVE,3332,01,"Mo,Larry Yi-Lung",20,8,7,3,9,,,,,,,,1,48,3.507
Spring 2026,CIVE,4312,01,"Rifai,Hanadi S",36,,5,,2,1,,,,,,,,44,3.810
Spring 2026,CIVE,3337,01,"Beck,Abigail Louise",9,5,4,4,2,4,3,2,3,,1,2,4,43,2.458
Spring 2026,CIVE,3339,01,"Ferdowsi,Behrooz",14,9,4,,6,1,,,,,,,2,36,3.417
Spring 2026,CIVE,4311,01,"Herman,Reagan",6,15,,2,11,,,1,,,,,,35,3.524
Spring 2026,CIVE,4397,01,"Rahimi,Mohammad",17,4,1,2,3,1,,1,,,,,,29,3.632
Spring 2026,CIVE,4381,01,"Milillo,Pietro",2,1,4,2,4,,,2,,,,,2,17,2.764
Spring 2026,CIVE,6350,01,"Nakshatrala,Kalyana",2,2,4,,3,1,,,,,,,1,13,3.025
Spring 2026,CIVE,6350,02,"Nakshatrala,Kalyana",,,,,2,1,,1,,,,,,4,2.748
Spring 2026,CIVE,6382,01,"Glennie,Craig Len",3,7,2,1,3,,,,,,,,,16,3.522
Spring 2026,CIVE,5397,02,"Shaffer,Devin",3,1,1,4,1,1,1,,,,,,1,13,2.796
Spring 2026,CIVE,5397,01,"Kalliontzis,Dimitrios",,,2,,,,,,,,,,,2,3.000
Spring 2026,CIVE,6353,01,"Kalliontzis,Dimitrios",5,1,1,4,,,,,,,,,,11,3.395
Spring 2026,CIVE,6353,02,"Kalliontzis,Dimitrios",,,,1,1,,,,,,,,,2,3.000
Spring 2026,CIVE,6322,01,"Wang,Keh-Han",3,1,1,,3,,,,,,,,,8,3.583
Spring 2026,CIVE,6322,02,"Wang,Keh-Han",2,,1,,,,,,,,,,,3,3.667
Spring 2026,CIVE,6361,01,"Rifai,Hanadi S",2,,3,2,2,,,,,,,,,9,3.222
Spring 2026,CIVE,6361,02,"Rifai,Hanadi S",,,1,,,,,,,,,,1,2,1.500
Spring 2026,CIVE,8399,11,"Kalliontzis,Dimitrios",2,,,,,,,,,,,,,2,4.000
Spring 2026,CIVE,8399,15,"Rahimi,Mohammad",2,,,,,,,,,,,,,2,4.000
Spring 2026,CIVE,8399,04,"Mo,Larry Yi-Lung",1,,,,,,,,,,,,,1,4.000
Spring 2026,CIVE,8399,05,"Glennie,Craig Len",1,,,,,,,,,,,,,1,4.000
Spring 2026,CIVE,8399,12,"Lee,Hyongki",1,,,,,,,,,,,,,1,4.000
Spring 2026,CIVE,8399,13,"Momen,Mostafa",1,,,,,,,,,,,,,1,4.000
Spring 2026,CIVE,8399,16,"Hoskere,Vedhus",1,,,,,,,,,,,,,1,4.000
Spring 2026,CIVE,8399,18,"Belarbi,Abdeldjelil",1,,,,,,,,,,,,,1,4.000
Spring 2026,CIVE,6390,01,"Shaffer,Devin",3,4,,,,,,,,,,,,7,3.811
Spring 2026,CIVE,6390,02,"Shaffer,Devin",2,,,,,,,,,,,,,2,4.000
Spring 2026,CIVE,6338,02,"Herman,Reagan",3,2,,,,,,,,,,,,5,3.868
Spring 2026,CIVE,6338,01,"Herman,Reagan",,3,,,,,,,,,,,,3,3.670
Spring 2026,CIVE,8999,04,"Rahimi,Mohammad",3,,,,,,,,,,,,,3,4.000
Spring 2026,CIVE,8999,06,"Hoskere,Vedhus",3,,,,,,,,,,,,,3,4.000
Spring 2026,CIVE,8999,05,"Ferdowsi,Behrooz",2,,,,,,,,,,,,,2,4.000
Spring 2026,CIVE,6391,01,"Wang,Meng",3,1,,,,,,,,,,,,4,3.918
Spring 2026,CIVE,6391,03,"Wang,Meng",1,,,,,,,,,,,,,1,4.000
Spring 2026,CIVE,8699,05,"Momen,Mostafa",1,,,,,,,,,,,,,1,4.000
Spring 2026,CIVE,8699,06,"Xie,Surui",1,,,,,,,,,,,,,1,4.000
Spring 2026,CIVE,4398,01,"Zhang,Ruda",,,,,,,,,,,,,1,1,0.000
Spring 2026,CLAS,3308,1,"Armstrong,Richard H",34,16,9,3,12,1,,1,2,,,2,,80,3.450
Spring 2026,CLAS,3341,1,"Armstrong,Richard H",21,2,2,,1,,,,,,,,,26,3.872
Spring 2026,CLAS,4399,1,"Behr,Francesca D",1,,,,,,,,,,,,,1,4.000
Spring 2026,CNE,3301,01,"Zamiran,Siavash",5,,3,,,3,,,,,,,,11,3.182
Spring 2026,CNE,4322,02,"Safa,Mahdi",6,,2,,,1,,,,,,,,9,3.556
Spring 2026,CNE,2311,01,"Lyon,Eva Yaneth",4,2,1,1,,,,,,,,,,8,3.626
Spring 2026,CNE,3333,01,"Lyon,Eva Yaneth",2,,1,2,2,1,,,,,,,,8,3.125
Spring 2026,CNE,3322,01,"Safa,Mahdi",5,,1,,,,,,,,,,1,7,3.286
Spring 2026,CNE,4225,01,"Zamiran,Siavash",3,,2,,,,,,,,,,,5,3.600
Spring 2026,CNE,4312,1,"Safa,Mahdi",1,,,,,,,,,,,,,1,4.000
Spring 2026,CNST,2351,3,"Flowers,Darryl",15,7,9,16,6,10,,2,,,,1,2,68,2.942
Spring 2026,CNST,2351,2,"Sheppard,Travis",21,,20,,,3,,,2,,,1,4,51,2.980
Spring 2026,CNST,2351,1,"Sheppard,Travis",14,,18,,,3,,,2,,,6,3,46,2.565
Spring 2026,CNST,2341,01,"Murphy,Kevin Michael",54,63,4,8,16,1,,2,,,,1,2,151,3.580
Spring 2026,CNST,3331,1,"Ahmed,Israa",40,23,1,9,10,1,,1,,,,,1,86,3.594
Spring 2026,CNST,3331,2,"Ahmed,Israa",17,17,1,5,8,1,1,,,,1,,1,52,3.430
Spring 2026,CNST,2360,1,"Sheppard,Travis",73,,4,,,2,,,,,,,3,82,3.756
Spring 2026,CNST,2360,60,"Escobar,C Mauricio",11,2,3,1,9,2,,3,,,,2,1,34,3.058
Spring 2026,CNST,2360,2,"Presley,Christopher",,6,2,5,4,,,3,,,,,1,21,2.937
Spring 2026,CNST,1330,1,"Clark,Peter J",28,26,13,8,18,12,,6,1,,,4,4,120,3.056
Spring 2026,CNST,1330,60,"Ray,Kyle A",6,2,1,1,1,,,,,,,,1,12,3.362
Spring 2026,CNST,1301,1,"Zaheri,Mohammad J",9,42,16,5,32,5,5,3,6,2,,3,,128,3.053
Spring 2026,CNST,4302,1,"Ducran,Denis George",22,13,22,9,15,5,2,4,1,,,3,1,97,3.086
Spring 2026,CNST,4302,60,"Escobar,C Mauricio",14,8,5,1,3,,,,,,,,,31,3.646
Spring 2026,CNST,1361,1,"Beadle,Dwight D",87,,27,,,8,,,,,,2,1,125,3.560
Spring 2026,CNST,2321,1,"Gonzalez,Marcos G",65,25,6,,14,2,1,5,,,,2,1,121,3.584
Spring 2026,CNST,3372,1,"Meyer,Joseph Ray",96,1,1,1,5,1,,1,,,1,,,107,3.885
Spring 2026,CNST,3265,2,"Lupher,Jacob John",16,16,2,9,9,2,,4,,,,,,58,3.380
Spring 2026,CNST,3265,1,"Lupher,Jacob John",13,9,5,3,12,1,1,,,,,,,44,3.447
Spring 2026,CNST,4315,1,"Chang,Chi Chung",17,28,15,6,35,,,1,,,,,,102,3.438
Spring 2026,CNST,4345,1,"Chang,Chi Chung",12,25,23,15,23,,,,,,,,,98,3.320
Spring 2026,CNST,3351,1,"Siddiqui,Muhammad Ali",28,16,6,7,11,1,,4,,,,1,,74,3.451
Spring 2026,CNST,3351,2,"Siddiqui,Muhammad Ali",7,1,1,4,1,1,,1,,,,3,1,20,2.651
Spring 2026,CNST,4220,1,"Beadle,Dwight D",57,,35,,,2,,,,,,,,94,3.585
Spring 2026,CNST,4331,1,"Khan,Taimoor",8,21,12,1,,,,,,,,,,42,3.518
Spring 2026,CNST,4331,2,"Menendez,Daniel",4,8,6,7,8,,,2,,,,,,35,3.239
Spring 2026,CNST,4331,3,"Menendez,Daniel",,4,6,1,4,,,1,,,,,,16,3.188
Spring 2026,CNST,3205,1,"Hart,Lee J",55,,,,,,,,,,,,,55,4.000
Spring 2026,CNST,3205,2,"Hart,Lee J",35,,,,,,,,,,,,,35,4.000
Spring 2026,CNST,3185,1,"Gonzalez,Marcos G",58,5,2,1,4,,1,2,,,,2,,75,3.716
Spring 2026,CNST,3185,60,"Beadle,Dwight D",13,,,,,,,,,,,,,13,4.000
Spring 2026,CNST,6308,1,"Gao,Lu",44,,,,,,,,,,,,,44,4.000
Spring 2026,CNST,6308,2,"Gao,Lu",39,,,,,,,,,,,,,39,4.000
Spring 2026,CNST,6308,40,"Gao,Lu",2,,,,,,,,,,,,,2,4.000
Spring 2026,CNST,3301,1,"Al-Nahhas,Amer Faisal",23,,38,,,20,,,,,,,,81,3.037
Spring 2026,CNST,3355,1,"Hossain,Sk Amjad",37,,31,,,8,,,2,,,,1,79,3.278
Spring 2026,CNST,3155,1,"Meyer,Joseph Ray",29,22,2,5,8,3,,4,,,,,,73,3.535
Spring 2026,CNST,6320,2,"Kim,Kinam",20,3,1,2,3,1,,,,,,,,30,3.711
Spring 2026,CNST,6320,1,"Kim,Kinam",7,1,1,,3,,,2,,,,1,,15,3.288
Spring 2026,CNST,6320,40,"Kim,Kinam",,,3,1,2,1,,,,,,,,7,2.904
Spring 2026,CNST,4341,1,"Bouhou,Nour-El Imane",2,11,5,2,9,,,9,,,,,1,39,3.068
Spring 2026,CNST,6390,1,"Connors,Jayme P",29,,,,,,,,,,,,,29,4.000
Spring 2026,CNST,6390,40,"Connors,Jayme P",5,,,,,,,,,,,,,5,4.000
Spring 2026,CNST,6335,60,"Beadle,Dwight D",27,,,,,,,,,,,,,27,4.000
Spring 2026,CNST,6335,1,"Beadle,Dwight D",6,,,,,,,,,,,,,6,4.000
Spring 2026,CNST,2325,1,"Zayas,Frederick A",9,3,4,1,2,1,5,5,,,,,,30,3.011
Spring 2026,CNST,6330,1,"Velez,Ismael Damien",16,,1,,,,,,,,,,,17,3.941
Spring 2026,CNST,6330,40,"Velez,Ismael Damien",5,,,,2,,,,,,,,,7,3.809
Spring 2026,CNST,6330,2,"Velez,Ismael Damien",5,,,,,,,,,,,,,5,4.000
Spring 2026,CNST,4385,1,"Velez,Ismael Damien",19,,1,,6,,,,,,,,,26,3.807
Spring 2026,CNST,6397,1,"Gao,Lu",24,,,,,,,,,,,,,24,4.000
Spring 2026,CNST,6397,2,"Gao,Lu",2,,,,,,,,,,,,,2,4.000
Spring 2026,CNST,3365,1,"Glumac,Carmel",5,3,5,1,6,1,,,,,,,,21,3.365
Spring 2026,CNST,3210,1,"Zayas,Frederick A",2,3,,2,6,2,,5,,,,,,20,2.999
Spring 2026,CNST,6360,1,"Kim,Kinam",10,,,,,,,,,,,1,,11,3.636
Spring 2026,CNST,6360,2,"Kim,Kinam",3,1,,,,,,,,,,,,4,3.918
Spring 2026,CNST,6360,40,"Kim,Kinam",3,,1,,,,,,,,,,,4,3.750
Spring 2026,CNST,1325,1,"Ponnusamy,Ravi Chandran",6,,9,,,3,,,,,,,,18,3.167
Spring 2026,CNST,6375,1,"Din,Zia Ud",13,2,,,1,,,,,,,,,16,3.917
Spring 2026,CNST,6307,1,"Senouci,Ahmed",1,3,1,1,3,,,,,,,,,9,3.408
Spring 2026,CNST,6399,4,"Gao,Lu",2,,,,,,,,,,,,,2,4.000
Spring 2026,COMD,2376,1,"Daniels,Stephanie K",16,5,8,7,4,6,3,4,1,1,2,5,13,75,2.254
Spring 2026,COMD,3371,1,"Cizek,Laura S",10,11,7,5,4,,,,,,,,,37,3.461
Spring 2026,COMD,3371,2,"Ermgodts,Katherine Natalie",10,10,3,1,2,1,,,,,,,1,28,3.465
Spring 2026,COMD,3383,2,"Ivey,Michelle L",13,7,10,2,7,,,1,,,,,,40,3.467
Spring 2026,COMD,3383,1,"Ivey,Michelle L",7,4,2,3,1,2,1,,,,,,,20,3.285
Spring 2026,COMD,2339,01,"Schaff,Carrie Allyson",16,4,2,1,9,,1,1,,,,,1,35,3.466
Spring 2026,COMD,2339,02,"Ivey,Michelle L",3,4,2,1,5,3,,2,,,,,3,23,2.724
Spring 2026,COMD,4382,03,"Andrews,Chereece N",25,10,7,2,9,1,,,,,,1,,55,3.546
Spring 2026,COMD,3385,01,"Hein Machado,Sofia",19,19,3,4,8,,,1,,,,,,54,3.600
Spring 2026,COMD,1333,2,"Ross,Byron L",8,1,4,9,3,1,4,2,,,,,1,33,2.880
Spring 2026,COMD,1333,1,"Ross,Byron L",2,1,2,6,2,,4,1,,,,,1,19,2.598
Spring 2026,COMD,4333,02,"Bradbury-John,Kathleen E",29,2,7,3,6,1,,3,,,,,,51,3.555
Spring 2026,COMD,2338,2,"Schaff,Carrie Allyson",18,3,,3,7,,,,,,,2,,33,3.465
Spring 2026,COMD,2338,1,"Schaff,Carrie Allyson",13,,,,2,,,,,,,1,,16,3.666
Spring 2026,COMD,4489,02,"Ermgodts,Katherine Natalie",22,2,1,,,,,,,,,,,25,3.934
Spring 2026,COMD,4489,01,"Ivey,Michelle L",17,3,1,,1,,,,,,,,1,23,3.710
Spring 2026,COMD,7391,01,"Chapman,Amanda",1,,,,1,,,,,,,,,2,3.665
Spring 2026,COMD,7391,07,"Fitch,Jennifer",,2,,,,,,,,,,,,2,3.670
Spring 2026,COMD,7391,09,"Devore,Danielle R",1,1,,,,,,,,,,,,2,3.835
Spring 2026,COMD,7391,10,"Devore,Danielle R",,2,,,,,,,,,,,,2,3.670
Spring 2026,COMD,7391,11,"Devore,Danielle R",,2,,,,,,,,,,,,2,3.670
Spring 2026,COMD,7391,15,"Kazhuro,Katsiaryna",,1,,,1,,,,,,,,,2,3.500
Spring 2026,COMD,7391,16,"Walker,Dionne A",,2,,,,,,,,,,,,2,3.670
Spring 2026,COMD,7391,17,"BeCoats,Brandi Lailoni",,2,,,,,,,,,,,,2,3.670
Spring 2026,COMD,7391,18,"Cizek,Laura S",1,,,,,1,,,,,,,,2,3.000
Spring 2026,COMD,7391,19,"Ermgodts,Katherine Natalie",,1,,,1,,,,,,,,,2,3.500
Spring 2026,COMD,7391,2,"Bolling,Kenyetta",1,1,,,,,,,,,,,,2,3.835
Spring 2026,COMD,7391,21,"Schaff,Carrie Allyson",,1,,,1,,,,,,,,,2,3.500
Spring 2026,COMD,7391,4,"Watkins,Raven",1,1,,,,,,,,,,,,2,3.835
Spring 2026,COMD,7391,5,"Lebrun,Nathalie",1,1,,,,,,,,,,,,2,3.835
Spring 2026,COMD,7391,6,"Trevino,Alexandra Hanson",,2,,,,,,,,,,,,2,3.670
Spring 2026,COMD,7391,7,"Watkins,Raven",,1,,,1,,,,,,,,,2,3.500
Spring 2026,COMD,7391,8,"Watkins,Raven",1,1,,,,,,,,,,,,2,3.835
Spring 2026,COMD,7391,9,"Watkins,Raven",,1,1,,,,,,,,,,,2,3.335
Spring 2026,COMD,7391,20,"Andrews,Chereece N",,1,,,,,,,,,,,,1,3.670
Spring 2026,COMD,6321,01,"Daniels,Stephanie K",7,8,6,2,9,2,,1,,,,1,,36,3.250
Spring 2026,COMD,6387,1,"Goodwin,Maurice",32,2,,,,,,,,,,,,34,3.981
Spring 2026,COMD,6340,1,"Thiessen,Amber L",23,4,2,,3,,,,,,,,,32,3.833
Spring 2026,COMD,6230,3,"Ross,Byron L",18,7,3,,2,,,,,,,,,30,3.778
Spring 2026,COMD,3381,1,"Andrews,Chereece N",8,4,5,3,5,,,1,,,,,,26,3.410
Spring 2026,COMD,7221,1,"Thompson,Austin",17,4,,1,2,,,,,,,,,24,3.834
Spring 2026,COMD,7190,1,"Cizek,Laura S",18,3,2,,,,,,,,,,,23,3.870
Spring 2026,COMD,7392,02,"Bolling,Kenyetta",2,,,1,,,,,,,,,,3,3.557
Spring 2026,COMD,7392,03,"Cadavid,Kelsey Lee",3,,,,,,,,,,,,,3,4.000
Spring 2026,COMD,7392,04,"Kazhuro,Katsiaryna",2,1,,,,,,,,,,,,3,3.890
Spring 2026,COMD,7392,05,"Fitch,Jennifer",2,,1,,,,,,,,,,,3,3.667
Spring 2026,COMD,7392,07,"Walker,Dionne A",1,1,,,1,,,,,,,,,3,3.667
Spring 2026,COMD,7392,08,"Pate,Angelle",1,,1,,1,,,,,,,,,3,3.443
Spring 2026,COMD,7392,10,"Kazhuro,Katsiaryna",1,,1,,1,,,,,,,,,3,3.443
Spring 2026,COMD,7392,01,"Andrade,Michelle Lee",2,,,,,,,,,,,,,2,4.000
Spring 2026,COMD,3322,1,"Mills,Monique T",16,4,,,,,,,,,,,,20,3.934
Spring 2026,COMD,3301,1,"Mann,Lyman Joseph",3,3,3,2,1,2,,2,,,,,1,17,2.902
Spring 2026,COMD,7399,01,"Ivey,Michelle L",1,,,,,,,,,,,,,1,4.000
Spring 2026,COMD,7399,03,"Dial,Heather Raye",1,,,,,,,,,,,,,1,4.000
Spring 2026,COMD,7399,04,"Mills,Monique T",1,,,,,,,,,,,,,1,4.000
Spring 2026,COMD,8392,01,"Dial,Heather Raye",2,,,,,,,,,,,,,2,4.000
Spring 2026,COMD,6397,01,"Cizek,Laura S",1,,,,,,,,,,,,,1,4.000
Spring 2026,COMD,8198,01,"Dial,Heather Raye",1,,,,,,,,,,,,,1,4.000
Spring 2026,COMD,8199,01,"Dial,Heather Raye",1,,,,,,,,,,,,,1,4.000
Spring 2026,COMD,8398,01,"Dial,Heather Raye",1,,,,,,,,,,,,,1,4.000
Spring 2026,COMM,1307,2,"Olson,Beth M",16,25,21,13,16,6,7,10,4,7,11,15,10,161,2.342
Spring 2026,COMM,1307,4,"Lyn,Robyn",67,6,3,5,2,1,1,3,1,1,,6,3,99,3.347
Spring 2026,COMM,1307,1,"Ashley,Laura B",51,5,15,4,8,7,,1,5,,,2,,98,3.327
Spring 2026,COMM,1307,3,"Lyn,Robyn",16,,2,1,6,1,,,,,,1,,27,3.506
Spring 2026,COMM,1303,01,"Lyn,Robyn",59,13,6,1,8,2,,1,,,,4,3,97,3.478
Spring 2026,COMM,1303,02,"Lyn,Robyn",62,11,6,,3,3,1,2,,,,5,4,97,3.389
Spring 2026,COMM,1303,03,"Lyn,Robyn",53,5,4,7,6,3,,1,1,1,,7,4,92,3.163
Spring 2026,COMM,1303,5,"Lyn,Robyn",15,4,2,,5,1,,,,,,1,1,29,3.425
Spring 2026,COMM,1303,4,"Lyn,Robyn",14,1,1,1,2,,,1,,1,,3,,24,3.125
Spring 2026,COMM,2356,1,"Neal,Allyson Ward",198,38,11,14,13,2,4,2,,,,,14,296,3.583
Spring 2026,COMM,2311,05,"Radcliffe Andre,Jennifer",31,10,,,2,2,,,,,,3,2,50,3.427
Spring 2026,COMM,2311,10,"Ireri,Jackson Kioko",12,4,,2,2,1,1,2,,,,,1,25,3.320
Spring 2026,COMM,2311,8,"Roth,Geoffrey",17,,,2,,,,2,,,,2,2,25,3.120
Spring 2026,COMM,2311,03,"Crixell,Charles A",10,2,3,,1,,,,,,,1,1,18,3.315
Spring 2026,COMM,2311,01,"Butler,Bryan C",2,3,3,4,1,,,,,,,,,13,3.232
Spring 2026,COMM,4303,2,"Persaud,Kristina",74,,22,,,1,,,1,,,4,2,104,3.510
Spring 2026,COMM,4303,1,"Kirkland,Steven Earl",21,1,,,,,,,,,,1,2,25,3.507
Spring 2026,COMM,3360,01,"Ashley,Laura B",70,4,4,1,7,4,,5,1,,,1,3,100,3.533
Spring 2026,COMM,4378,2,"Ashley,Laura B",47,2,1,,2,4,1,,,,,1,1,59,3.638
Spring 2026,COMM,4378,01,"Ashley,Laura B",22,,1,,2,1,,,,,,1,2,29,3.437
Spring 2026,COMM,3369,01,"Williams,Uniqua Janae",6,11,2,1,8,,,1,,,,1,1,31,3.291
Spring 2026,COMM,3369,3,"Rougeau,Rose",8,10,6,,3,,,,,,,,2,29,3.334
Spring 2026,COMM,3369,2,"Emery II,Philip M",21,1,3,,2,,,,,,,,,27,3.827
Spring 2026,COMM,4397,1,"Houk,Keith R",41,,,,,,,,,,,,1,42,3.905
Spring 2026,COMM,4397,2,"Trupiano,Jerome",31,4,3,,1,,,,,,,,,39,3.872
Spring 2026,COMM,3311,3,"Crixell,Charles A",9,6,5,1,4,,,,,,,1,,26,3.423
Spring 2026,COMM,3311,01,"Crixell,Charles A",8,3,6,1,7,,,,,,,,,25,3.480
Spring 2026,COMM,3311,2,"Crixell,Charles A",11,3,6,1,3,,,1,,,,,,25,3.520
Spring 2026,COMM,3353,01,"Liu,Youmei",40,,4,,1,,,,,,,3,2,50,3.507
Spring 2026,COMM,3353,2,"Liu,Youmei",19,,2,,,1,,,,,,1,1,24,3.500
Spring 2026,COMM,3370,01,"Houk,Keith R",31,22,1,4,6,3,3,1,1,,,,1,73,3.462
Spring 2026,COMM,2320,01,"Crowe,Craig Warren",30,26,1,1,10,,,,,,,3,1,72,3.533
Spring 2026,COMM,3374,2,"Uhrick,Jan",16,10,,,4,,,1,,,,1,,32,3.636
Spring 2026,COMM,3374,01,"Choi,Ho Joon",21,3,1,,3,,,,,,,2,,30,3.600
Spring 2026,COMM,3368,4,"Neal,Allyson Ward",46,6,,2,1,,1,,,,,,,56,3.864
Spring 2026,COMM,3383,1,"Palacios-Plugge,Sandra Rochelle",5,1,1,1,2,4,,2,,1,,1,12,30,1.644
Spring 2026,COMM,3383,2,"Palacios-Plugge,Sandra Rochelle",2,5,2,6,,7,,,,,,,3,25,2.495
Spring 2026,COMM,4365,2,"Choi,Ho Joon",24,2,2,,1,,,,,,,,1,30,3.756
Spring 2026,COMM,4365,1,"Choi,Ho Joon",9,4,7,1,1,1,,1,,,,,1,25,3.280
Spring 2026,COMM,1302,01,"Lee,Jaesub",4,9,8,9,2,5,,2,1,4,1,2,3,50,2.468
Spring 2026,COMM,2327,2,"Vaughan,Thomas Michael",13,2,2,2,2,1,,1,1,,,1,,25,3.307
Spring 2026,COMM,2327,1,"Vaughan,Thomas Michael",12,3,3,1,3,,,,,,,,2,24,3.361
Spring 2026,COMM,3331,1,"Uhrick,Jan",32,12,1,1,,,,,,1,,,,47,3.795
Spring 2026,COMM,4360,02,"Tinnel,Jason Wayne",7,5,9,14,1,,,5,,,,3,1,45,2.794
Spring 2026,COMM,4331,01,"Huang,Yan",28,7,1,2,3,,,,,,,,,41,3.805
Spring 2026,COMM,2331,01,"Uhrick,Jan",7,6,4,6,14,,,2,,,,1,,40,3.233
Spring 2026,COMM,4317,01,"Ireri,Jackson Kioko",9,3,4,1,2,1,,,,,,,1,21,3.350
Spring 2026,COMM,4317,02,"Roth,Geoffrey",11,1,1,1,2,,,2,,,,1,,19,3.403
Spring 2026,COMM,3321,01,"Houk,Keith R",32,5,1,,,,,,,,,,,38,3.930
Spring 2026,COMM,2300,01,"Lyn,Robyn",21,5,3,,,1,,1,,,,1,3,35,3.305
Spring 2026,COMM,4381,01,"Houk,Keith R",31,1,,,,,,,,,,,,32,3.990
Spring 2026,COMM,3304,01,"Xiao,Zhiwen",18,2,5,,6,,,,,,,,,31,3.688
Spring 2026,COMM,3340,01,"Xiao,Zhiwen",16,3,3,,8,,,,,,,,1,31,3.569
Spring 2026,COMM,3328,1,"Crowe,Craig Warren",15,5,3,2,3,,,1,,,,,1,30,3.500
Spring 2026,COMM,3376,1,"Archer,Allison Michelle Nam",15,6,1,2,3,2,,1,,,,,,30,3.556
Spring 2026,COMM,4354,1,"Vardeman,Jennifer E",9,11,6,1,2,,,,,,,,1,30,3.457
Spring 2026,COMM,4355,1,"Graham,Catherine Burch",4,3,3,6,7,,1,2,,,,2,2,30,2.722
Spring 2026,COMM,4357,01,"Vaughn,Ginger Koto",24,4,,,,1,,,,,,,1,30,3.756
Spring 2026,COMM,2322,1,"Crowe,Craig Warren",1,11,4,2,9,,1,1,,,,,,29,3.299
Spring 2026,COMM,3361,01,"Tinnel,Jason Wayne",3,2,2,5,8,3,,4,1,,,1,,29,2.816
Spring 2026,COMM,3377,01,"Uhrick,Jan",23,5,,,1,,,,,,,,,29,3.920
Spring 2026,COMM,4370,2,"Houk,Keith R",26,,,,,,,,,,,,2,28,3.714
Spring 2026,COMM,3326,01,"Economou-Clarke,Ann M",17,2,2,2,2,,1,,,,,1,,27,3.519
Spring 2026,COMM,4368,1,"Ni,Lan",15,8,,1,1,1,1,,,,,,,27,3.668
Spring 2026,COMM,4372,1,"Bhat,Nandikoor R Prashanth",19,2,3,,2,,,,,,,,1,27,3.667
Spring 2026,COMM,4382,01,"Houk,Keith R",22,1,4,,,,,,,,,,,27,3.840
Spring 2026,COMM,3320,1,"Palacios-Plugge,Sandra Rochelle",6,7,1,4,,3,,2,1,,,1,1,26,2.886
Spring 2026,COMM,2326,1,"Trupiano,Jerome",20,,1,,3,,,,,,,,1,25,3.720
Spring 2026,COMM,3314,01,"Roth,Geoffrey",20,2,,,,,1,,,,,,2,25,3.560
Spring 2026,COMM,4366,01,"Tinnel,Jason Wayne",4,12,2,1,2,1,,1,,,,,2,25,3.188
Spring 2026,COMM,2328,1,"Crowe,Craig Warren",13,4,1,,,3,,2,,,,,1,24,3.348
Spring 2026,COMM,3315,2,"Bhat,Nandikoor R Prashanth",15,2,2,1,1,1,,,,1,,1,,24,3.417
Spring 2026,COMM,3358,1,"Lee,Jaesub",8,7,1,2,1,,1,,,,,1,1,22,3.229
Spring 2026,COMM,3382,01,"Crowe,Craig Warren",4,4,2,3,8,,,,,,,1,,22,3.242
Spring 2026,COMM,4380,1,"Crowe,Craig Warren",16,,2,,2,1,,,,,,,,21,3.746
Spring 2026,COMM,4383,1,"Palacios-Plugge,Sandra Rochelle",6,,2,,3,1,,1,,,,,8,21,2.110
Spring 2026,COMM,3380,01,"Crowe,Craig Warren",4,8,2,2,3,,,1,,,,,,20,3.451
Spring 2026,COMM,4328,1,"Vaughan,Thomas Michael",14,2,1,,1,1,,,,,1,,,20,3.650
Spring 2026,COMM,4384,01,"Williams,Uniqua Janae",10,4,,,2,,,,,,,,,16,3.834
Spring 2026,COMM,4361,01,"Tinnel,Jason Wayne",2,5,3,,4,,,,,1,,,,15,3.289
Spring 2026,COMM,6375,1,"Ni,Lan",8,5,,,2,,,,,,,,,15,3.801
Spring 2026,COMM,6339,1,"Yamasaki,Jill S",12,2,,,,,,,,,,,,14,3.953
Spring 2026,COMM,3316,01,"Platenburg,Gheni Nicole",,,,3,,2,1,,1,,1,2,3,13,1.232
Spring 2026,COMM,3363,1,"Choi,Ho Joon",4,2,2,1,2,1,,1,,,,,,13,3.308
Spring 2026,COMM,6362,1,"Platenburg,Gheni Nicole",5,4,1,,,,,1,,,,,,11,3.637
Spring 2026,COMM,6300,01,"Xiao,Zhiwen",6,2,1,,1,,,,,,,,,10,3.767
Spring 2026,COMM,7397,1,"Huang,Yan",6,1,,,,,,,,,,,,7,3.953
Spring 2026,COMM,4371,01,"Jowett,Garth Samuel",5,,,,,,,,,,,,1,6,3.333
Spring 2026,COMM,7399,01,"Bhat,Nandikoor R Prashanth",1,,,,,,,,,,,,,1,4.000
Spring 2026,COMM,7399,02,"Yamasaki,Jill S",1,,,,,,,,,,,,,1,4.000
Spring 2026,COMM,7399,06,"Platenburg,Gheni Nicole",1,,,,,,,,,,,,,1,4.000
Spring 2026,COMM,7399,5,"Ni,Lan",1,,,,,,,,,,,,,1,4.000
Spring 2026,COMM,4398,2,"Tinnel,Jason Wayne",,1,1,,,,,,,,,,,2,3.335
Spring 2026,COMM,4398,1,"Crowe,Craig Warren",1,,,,,,,,,,,,,1,4.000
Spring 2026,COMM,6398,01,"Yamasaki,Jill S",2,,,,,,,,,,,,,2,4.000
Spring 2026,COMM,6398,05,"Houk,Keith R",1,,,,,,,,,,,,,1,4.000
Spring 2026,COSC,3360,02,"Rincon Castro,Carlos Alberto",6,6,13,18,8,13,9,15,5,,2,3,16,114,2.135
Spring 2026,COSC,3360,03,"Rincon Castro,Carlos Alberto",8,11,10,13,9,14,6,12,1,,3,9,14,110,2.164
Spring 2026,COSC,3360,01,"Cheng,Albert M K",6,15,8,12,14,5,3,7,1,,4,5,15,95,2.309
Spring 2026,COSC,3320,04,"Pandurangan,Gopal",3,11,31,5,11,14,12,17,7,2,,9,24,146,1.995
Spring 2026,COSC,3320,01,"Biediger,Daniel Edward",39,21,19,20,14,4,4,7,,1,1,4,5,139,3.044
Spring 2026,COSC,3380,03,"Hilford,Victoria",11,19,31,14,29,5,1,7,1,,2,,,120,3.103
Spring 2026,COSC,3380,02,"Ramamurthy,Uma",9,5,15,5,,19,4,,9,,,3,10,79,2.106
Spring 2026,COSC,3380,01,"Ramamurthy,Uma",10,3,15,7,,13,3,,4,,,5,7,67,2.234
Spring 2026,COSC,2436,01,"Biediger,Daniel Edward",24,11,15,15,15,9,4,11,2,,,5,13,124,2.610
Spring 2026,COSC,2436,06,"Rizk,Nouhad J",10,4,15,9,7,15,5,7,7,,,16,22,117,1.784
Spring 2026,COSC,1437,01,"Rincon Castro,Carlos Alberto",33,3,6,7,4,5,,3,2,,,23,14,100,2.120
Spring 2026,COSC,1437,05,"Biediger,Daniel Edward",34,6,5,9,1,5,3,1,2,,2,7,14,89,2.499
Spring 2026,COSC,1437,09,"Chen,Guoning",8,4,3,3,5,2,2,2,4,,1,7,7,48,2.035
Spring 2026,COSC,3337,03,"Rizk,Nouhad J",20,4,10,4,12,6,3,10,2,,,8,6,85,2.560
Spring 2026,COSC,3337,01,"Ni,Jingchao",10,10,13,7,9,1,1,4,,,,1,4,60,2.956
Spring 2026,COSC,3337,04,"Sarbajna,Raunak",8,20,9,5,9,,,5,1,1,,,,58,3.259
Spring 2026,COSC,3337,902,"Sekar,Anusha",15,3,3,,,1,1,,,1,,,1,25,3.374
Spring 2026,COSC,4351,701,"Hilford,Victoria",23,18,23,13,22,4,2,5,1,,,,,111,3.234
Spring 2026,COSC,4351,702,"Hilford,Victoria",30,36,15,8,15,1,,3,,,1,,,109,3.475
Spring 2026,COSC,4368,02,"Eick,Christoph F",3,15,27,15,14,3,2,16,,,,,2,97,2.900
Spring 2026,COSC,4368,03,"Sarbajna,Raunak",20,22,5,7,13,2,1,2,,,,1,1,74,3.352
Spring 2026,COSC,4368,901,"Lin,Sen",17,4,5,5,7,,,3,,,,,1,42,3.365
Spring 2026,COSC,2425,03,"Mantini,Pranav",30,12,16,7,19,1,3,9,,1,1,2,8,109,2.972
Spring 2026,COSC,2425,801,"Long,Kevin B",29,12,15,5,13,2,1,1,,,1,6,9,94,2.883
Spring 2026,COSC,4353,802,"Singh,Raj Kumar",49,31,2,2,8,3,,1,,,,1,1,98,3.633
Spring 2026,COSC,4353,01,"Alipour,Amin",11,14,12,11,6,3,1,6,2,,3,3,5,77,2.706
Spring 2026,COSC,4353,803,"Subramaniam,Venkat",11,2,2,3,3,3,,3,,,,1,,28,3.155
Spring 2026,COSC,3340,01,"Leiss,Ernst L",4,10,15,14,19,6,4,16,2,,1,7,9,107,2.408
Spring 2026,COSC,3340,02,"Verma,Rakesh M",1,1,5,7,3,14,8,14,3,,5,5,21,87,1.551
Spring 2026,COSC,1336,02,"Subhlok,Jaspal",26,8,13,4,4,4,9,3,7,4,,2,19,103,2.292
Spring 2026,COSC,1336,03,"Phan,Nguyen Kim Khoi",24,8,5,6,6,2,1,2,,,3,5,5,67,2.846
Spring 2026,COSC,4393,01,"Mantini,Pranav",61,28,30,9,23,4,2,2,,1,1,,2,163,3.407
Spring 2026,COSC,4370,02,"Phan,Nguyen Kim Khoi",48,12,1,,3,,,,,,1,2,4,71,3.526
Spring 2026,COSC,4370,01,"Deng,Zhigang",25,5,8,2,13,1,,3,,,,,,57,3.508
Spring 2026,COSC,4337,01,"Yang,Jianyi",19,26,4,,14,,,,,,,,1,64,3.594
Spring 2026,COSC,4337,02,"Rizk,Nouhad J",6,3,9,12,4,6,6,8,2,,,1,6,63,2.381
Spring 2026,COSC,4348,01,"Yun,Changhoon",62,15,7,4,7,3,3,,1,2,,3,6,113,3.287
Spring 2026,COSC,3371,02,"Huang,Shou-Hsuan Stephen",7,8,7,4,9,4,4,4,1,,2,3,5,58,2.529
Spring 2026,COSC,3371,03,"Shi,Weidong",12,10,13,3,5,2,,,,,,1,2,48,3.174
Spring 2026,COSC,4377,01,"Zhang,Chengming",22,17,15,11,18,4,2,3,,,,1,,93,3.258
Spring 2026,COSC,4397,01,"Wu,Panruo",37,4,,2,1,3,,,,,,,2,49,3.619
Spring 2026,COSC,4397,02,"Ordonez,Carlos",1,3,3,1,3,2,,,,,1,,2,16,2.625
Spring 2026,COSC,4397,03,"Tsekos,Nikolaos V",13,,,,,,,,,,,,,13,4.000
Spring 2026,COSC,4364,01,"Johnsson,Lennart",7,26,9,1,21,1,2,,,,,,5,72,3.172
Spring 2026,COSC,2306,01,"Phan,Nguyen Kim Khoi",29,6,1,3,2,2,,2,,,,1,5,51,3.223
Spring 2026,COSC,4331,01,"Cheng,Albert M K",2,7,6,7,5,,2,1,,,2,1,12,45,2.119
Spring 2026,COSC,6364,01,"Tsekos,Nikolaos V",29,8,4,,3,,,,,,,,,44,3.803
Spring 2026,COSC,4354,01,"Yun,Changhoon",21,7,5,2,3,1,1,,,,,,2,42,3.421
Spring 2026,COSC,4321,01,"Yun,Changhoon",17,12,2,,8,,,,,,,1,1,41,3.529
Spring 2026,COSC,6335,01,"Eick,Christoph F",8,10,8,5,4,1,,,,,,,,36,3.371
Spring 2026,COSC,4359,01,"Yun,Changhoon",13,7,4,,,1,,,,,,2,1,28,3.275
Spring 2026,COSC,6376,01,"Yan,Feng",11,5,3,,2,,,1,,,,,1,23,3.493
Spring 2026,COSC,6342,01,"Mukherjee,Arjun",6,2,3,2,6,1,,,,,,,,20,3.383
Spring 2026,COSC,6386,01,"Shokri,Ali",9,1,,,1,,,,,,,,1,12,3.583
Spring 2026,COSC,6369,01,"Das,Rathish",2,2,2,2,3,,,,,,,,,11,3.334
Spring 2026,COSC,6372,01,"Deng,Zhigang",8,2,,,1,,,,,,,,,11,3.879
Spring 2026,COSC,6323,01,"Pavlidis,Ioannis T",5,2,1,2,,,,,,,,,,10,3.568
Spring 2026,COSC,6373,01,"Kakadiaris,Ioannis A",3,4,,,3,,,,,,,,,10,3.667
Spring 2026,COSC,6380,01,"Mantini,Pranav",7,1,2,,,,,,,,,,,10,3.767
Spring 2026,COSC,6339,01,"Ordonez,Carlos",1,3,,2,,,,,,,,,,6,3.392
Spring 2026,COSC,6348,01,"Yun,Changhoon",3,,,,1,,,,,,,,,4,3.833
Spring 2026,COSC,6384,01,"Cheng,Albert M K",2,,,,1,,,,,,,,1,4,2.833
Spring 2026,COSC,4399,02,"Subhlok,Jaspal",1,,,,,,,,,,,,,1,4.000
Spring 2026,COSC,4399,03,"Pandurangan,Gopal",1,,,,,,,,,,,,,1,4.000
Spring 2026,COSC,4399,04,"Lin,Sen",1,,,,,,,,,,,,,1,4.000
Spring 2026,COSC,6309,01,"Leiss,Ernst L",1,2,,,,,,,,,,,,3,3.780
Spring 2026,COSC,6359,01,"Yun,Changhoon",1,,1,,,,,,,,,,,2,3.500
Spring 2026,COSC,6305,01,"Rincon Castro,Carlos Alberto",,1,,,,,,,,,,,,1,3.670
Spring 2026,COSC,6310,01,"Rincon Castro,Carlos Alberto",,,,1,,,,,,,,,,1,2.670
Spring 2026,COSC,6398,103,"Cheng,Albert M K",,,,,,,,,,,,,1,1,0.000
Spring 2026,COSC,8399,113,"Kakadiaris,Ioannis A",1,,,,,,,,,,,,,1,4.000
Spring 2026,COSC,8699,113,"Kakadiaris,Ioannis A",1,,,,,,,,,,,,,1,4.000
Spring 2026,CUIN,4361,06,"Li,Miao",23,5,,2,,,,,,,,,,30,3.856
Spring 2026,CUIN,4361,01,"Burgess,Miguel",29,,,,,,,,,,,,,29,4.000
Spring 2026,CUIN,4361,03,"Cole,Mikel Walker",12,1,1,,4,,,,,,,1,,19,3.578
Spring 2026,CUIN,4361,04,"Leon,Maredil Josefina",6,1,4,3,2,,1,1,,,,1,,19,3.071
Spring 2026,CUIN,4361,10,"Latiolais,Cheryl S",5,,,,,,,,,,,,,5,4.000
Spring 2026,CUIN,3347,01,"Morris,Alana",23,6,1,1,2,,,1,,,,,1,35,3.677
Spring 2026,CUIN,3347,03,"Morris,Alana",27,4,1,,1,,1,,,,,,,34,3.844
Spring 2026,CUIN,3347,02,"Stubbs,Susan",25,1,,,1,,,,,,,,,27,3.963
Spring 2026,CUIN,4375,01,"Thompson,Alan M",25,3,2,,1,1,1,,,,,,,33,3.758
Spring 2026,CUIN,4375,05,"Castillo,Bernadette Marie",18,1,1,,2,,,,,,,,,22,3.879
Spring 2026,CUIN,4375,04,"Castillo,Bernadette Marie",13,,2,,1,,,,,,,,,16,3.833
Spring 2026,CUIN,4375,03,"Castillo,Bernadette Marie",15,,,,,,,,,,,,,15,4.000
Spring 2026,CUIN,4375,10,"Mateer,Ramona Caravella",5,1,,,,,,,,,,,,6,3.945
Spring 2026,CUIN,4315,06,"Henderson,Linda Fay",16,2,,1,2,1,,1,,,,1,,24,3.542
Spring 2026,CUIN,4315,01,"Wilson,Jahnette",15,4,1,,3,,,,,,,,,23,3.812
Spring 2026,CUIN,4315,05,"Katz,Denise Annette",17,3,1,,1,,,,,,,,,22,3.879
Spring 2026,CUIN,4315,03,"Hernandez,Berky",16,2,1,,1,,,,,,,,1,21,3.699
Spring 2026,CUIN,1103,01,"Culpepper,Shea Mosley",73,2,,2,,,,,,,,1,1,79,3.857
Spring 2026,CUIN,4332,04,"Schorzman,Emma",24,,1,,,2,,,,,,,,27,3.815
Spring 2026,CUIN,4332,02,"Reis,Nancy",24,,,,,,,,,,,,,24,4.000
Spring 2026,CUIN,4332,05,"Reis,Nancy",22,,,,,,,,,,,1,,23,3.826
Spring 2026,CUIN,7304,03,"Li,Xin",19,,,,,,,,,,1,,2,22,3.515
Spring 2026,CUIN,7304,01,"Castillo,Bernadette Marie",15,3,,1,,,,,,,1,1,,21,3.572
Spring 2026,CUIN,7304,02,"Wong,Sissy S",20,,,,1,,,,,,,,,21,3.968
Spring 2026,CUIN,7304,05,"Alarcon,Jeannette Driscoll",5,3,1,,,,,,,,,,,9,3.779
Spring 2026,CUIN,3317,05,"Henderson,Linda Fay",16,3,2,,1,,1,,,,,1,,24,3.584
Spring 2026,CUIN,3317,01,"Wilson,Jahnette",10,9,1,1,2,,,,,,,,,23,3.711
Spring 2026,CUIN,3317,04,"Mouton,Jocelyn Frances",11,7,1,,2,,1,,,,,,,22,3.683
Spring 2026,CUIN,1350,01,"Burris,Justin T",18,3,2,1,1,,,3,2,,,,,30,3.467
Spring 2026,CUIN,1350,02,"Burris,Justin T",16,9,2,1,2,,,,,,,,,30,3.745
Spring 2026,CUIN,3302,03,"Thomas,Dustine J",19,,1,1,,,1,,,,,,1,23,3.623
Spring 2026,CUIN,3302,04,"Thomas,Dustine J",20,,,2,,1,,,,,,,,23,3.797
Spring 2026,CUIN,3302,01,"Thomas,Dustine J",13,,1,,,,,,,,,,,14,3.929
Spring 2026,CUIN,3316,01,"Katz,Denise Annette",18,3,,,,,,,,,,,,21,3.953
Spring 2026,CUIN,3316,03,"Katz,Denise Annette",17,2,1,,1,,,,,,,,,21,3.889
Spring 2026,CUIN,3316,02,"Katz,Denise Annette",11,4,,,,,,,,,,,,15,3.912
Spring 2026,CUIN,3111,02,"Davis,Kelly M",18,2,,1,1,,1,,,,,,,23,3.783
Spring 2026,CUIN,3111,01,"Davis,Kelly M",16,1,,,,,,,,,,,,17,3.981
Spring 2026,CUIN,3111,04,"Davis,Kelly M",11,2,,2,,,,,,,,,,15,3.779
Spring 2026,CUIN,7390,02,"Dogan,Bulent",24,,1,1,,,,,,,,,,26,3.910
Spring 2026,CUIN,7390,03,"Gronseth,Susie L B",16,2,,,1,,,,,,,,,19,3.930
Spring 2026,CUIN,7390,01,"Dogan,Bulent",9,,1,,,,,,,,,,,10,3.900
Spring 2026,CUIN,3350,02,"Graham,Karen E",12,12,1,1,1,,1,1,,,,,1,30,3.501
Spring 2026,CUIN,3350,03,"Segura,Perri F",10,3,,,1,,,,,,,,1,15,3.623
Spring 2026,CUIN,3350,01,"Graham,Karen E",1,3,,,2,,,,,,,,1,7,3.096
Spring 2026,CUIN,3312,01,"Chavez Cubas,Nelson Wilfredo",17,6,,,1,,,,,,,,,24,3.890
Spring 2026,CUIN,3312,02,"Pertile,Montrey Jaron",15,4,,,2,,,1,,,,,,22,3.803
Spring 2026,CUIN,2300,02,"Manuel,Mariam A",21,1,,,1,1,,,,,,1,2,27,3.444
Spring 2026,CUIN,2300,03,"Ekeoba,Jacqueline Njideka",7,,1,,,1,1,,,,,1,,11,3.152
Spring 2026,CUIN,2300,01,"Mateer,Ramona Caravella",5,,,,,,,,,,,,1,6,3.333
Spring 2026,CUIN,3351,01,"Manuel,Mariam A",15,,,,1,,,1,,,,,1,18,3.648
Spring 2026,CUIN,3351,02,"Latiolais,Cheryl S",8,,1,,2,1,,,,,,,1,13,3.358
Spring 2026,CUIN,3351,03,"Mateer,Ramona Caravella",6,,,,,,,,,,,,1,7,3.429
Spring 2026,CUIN,4350,01,"Segura,Perri F",11,1,1,,,,,,,,,,1,14,3.619
Spring 2026,CUIN,4350,02,"Latiolais,Cheryl S",10,1,,,1,,,,,,,,,12,3.917
Spring 2026,CUIN,4350,03,"Mateer,Ramona Caravella",4,1,,,,,,1,,,,,1,7,3.143
Spring 2026,CUIN,3333,02,"Maalouf,Rania",18,5,1,,3,,,2,,,,,,29,3.724
Spring 2026,CUIN,7324,01,"Gronseth,Susie L B",23,2,,,,,,,,,,,,25,3.974
Spring 2026,CUIN,4341,01,"Cutler,Carrie Sybil",20,2,,,,,,,,,,,1,23,3.797
Spring 2026,CUIN,4351,01,"Delavari,Mandana",21,,,,,,,,,,,,1,22,3.818
Spring 2026,CUIN,7340,01,"Chauvot,Jennifer B",20,,,,,,,1,,,,,1,22,3.742
Spring 2026,CUIN,8372,01,"Lee,Mimi Miyoung",18,4,,,,,,,,,,,,22,3.940
Spring 2026,CUIN,4303,02,"Burgess,Miguel",20,,,,,,,,,,,1,,21,3.810
Spring 2026,CUIN,7316,01,"Ahlf,Michael",20,,,,,,,,,,,,,20,4.000
Spring 2026,CUIN,3346,01,"Hale,Margaret Ann",12,4,1,,1,,,1,,,,,,19,3.755
Spring 2026,CUIN,7355,01,"Hausmann,Robert Carl",18,,,,,,,,,,,,,18,4.000
Spring 2026,CUIN,3311,02,"Leon,Maredil Josefina",13,3,,,1,,,,,,,,,17,3.902
Spring 2026,CUIN,7312,01,"Burgess,Miguel",17,,,,,,,,,,,,,17,4.000
Spring 2026,CUIN,8352,01,"McNeil,Sara G",17,,,,,,,,,,,,,17,4.000
Spring 2026,CUIN,3321,01,"De Leon,Daniel",15,,,,,,,,,,,,,15,4.000
Spring 2026,CUIN,8398,02,"Zhang,Jie",2,,,,,,,,,,,,,2,4.000
Spring 2026,CUIN,8398,04,"Alarcon,Jeannette Driscoll",1,,,,1,,,,,,,,,2,3.665
Spring 2026,CUIN,8398,06,"Chauvot,Jennifer B",2,,,,,,,,,,,,,2,4.000
Spring 2026,CUIN,8398,08,"Gronseth,Susie L B",2,,,,,,,,,,,,,2,4.000
Spring 2026,CUIN,8398,12,"Zhang,Jie",2,,,,,,,,,,,,,2,4.000
Spring 2026,CUIN,8398,01,"Wong,Sissy S",1,,,,,,,,,,,,,1,4.000
Spring 2026,CUIN,8398,05,"Li,Miao",1,,,,,,,,,,,,,1,4.000
Spring 2026,CUIN,8398,07,"Lee,Mimi Miyoung",1,,,,,,,,,,,,,1,4.000
Spring 2026,CUIN,8398,09,"Li,Miao",1,,,,,,,,,,,,,1,4.000
Spring 2026,CUIN,6317,01,"Li,Miao",9,3,,,1,,,,,,,,,13,3.872
Spring 2026,CUIN,4337,03,"Campbell,Matthew",9,1,,,,,,1,,,,1,,12,3.500
Spring 2026,CUIN,7333,01,"Edosomwan,Kristian",9,1,,,,,,,,,,,1,11,3.606
Spring 2026,CUIN,3310,01,"Leon,Maredil Josefina",6,1,1,,1,,,,,,,,1,10,3.400
Spring 2026,CUIN,7301,01,"Reis,Nancy",10,,,,,,,,,,,,,10,4.000
Spring 2026,CUIN,7319,01,"Leon,Maredil Josefina",6,2,,1,,,,,,,,1,,10,3.401
Spring 2026,CUIN,7342,01,"Alarcon,Jeannette Driscoll",7,1,,,2,,,,,,,,,10,3.833
Spring 2026,CUIN,4304,01,"Burgess,Miguel",8,,,,,,,,,,,,,8,4.000
Spring 2026,CUIN,7361,01,"Hale,Margaret Ann",4,1,,1,1,,,,,,,1,,8,3.209
Spring 2026,CUIN,7383,01,"Li,Xin",8,,,,,,,,,,,,,8,4.000
Spring 2026,CUIN,8341,01,"Hutchison,Laveria F",6,,,,,,,,,,,,,6,4.000
Spring 2026,CUIN,8367,01,"McNeil,Sara G",6,,,,,,,,,,,,,6,4.000
Spring 2026,CUIN,4326,01,"Varnado,Jakarda Wiltz",3,1,,,,,,,,,,,,4,3.918
Spring 2026,CUIN,7337,01,"Campbell,Matthew",3,,,,,,,,,,,,,3,4.000
Spring 2026,CUIN,7398,02,"Hausmann,Robert Carl",2,,,,,,,,,,,,,2,4.000
Spring 2026,CUIN,7398,03,"McNeil,Sara G",1,,,,,,,,,,,,,1,4.000
Spring 2026,CUIN,6198,1,"Butcher,Keith",,,1,,,,,,,,,1,,2,1.500
Spring 2026,CUIN,8393,03,"Gronseth,Susie L B",1,,,,,,,,,,,,,1,4.000
Spring 2026,CUIN,8393,04,"Chauvot,Jennifer B",1,,,,,,,,,,,,,1,4.000
Spring 2026,CUIN,8699,02,"Zhang,Jie",1,,,,,,,,,,,,,1,4.000
Spring 2026,CUIN,8699,05,"Gronseth,Susie L B",1,,,,,,,,,,,,,1,4.000
Spring 2026,CUIN,6375,02,"Thompson,Alan M",1,,,,,,,,,,,,,1,4.000
Spring 2026,DANC,2303,02,"Bobet,Jacqueline A",9,7,3,2,6,4,5,4,,2,2,6,,50,2.514
Spring 2026,DANC,2303,01,"Bobet,Jacqueline A",15,8,4,10,3,,1,1,,1,,2,4,49,2.913
Spring 2026,DANC,2303,03,"Bobet,Jacqueline A",9,4,8,4,3,4,1,2,2,,2,6,3,48,2.382
Spring 2026,DANC,2323,01,"Estrada,Maria Gabriela",11,3,2,1,2,,,,,1,,,3,23,3.087
Spring 2026,DANC,4397,01,"Prokop,Travis Cooper",16,4,1,,,,,,,,,,,21,3.890
Spring 2026,DANC,3103,01,"Valle,Toni Leago",6,3,1,1,3,,,,,,,,,14,3.619
Spring 2026,DANC,4305,01,"Prokop,Travis Cooper",14,,,,,,,,,,,,,14,4.000
Spring 2026,DANC,4302,01,"Lockett,KeyAira",10,3,,,,,,,,,,,,13,3.924
Spring 2026,DANC,2111,01,"Valle,Toni Leago",9,1,,1,,,1,,,,,,,12,3.668
Spring 2026,DANC,3107,01,"Aguilera,Joel",8,,,,,,,,,,,2,2,12,2.667
Spring 2026,DANC,1202,01,"Estrada,Maria Gabriela",4,3,1,2,,,,1,,,,,,11,3.425
Spring 2026,DANC,2202,01,"Woodson,Elizabeth Ann",9,,,2,,,,,,,,,,11,3.758
Spring 2026,DANC,4110,01,"Lockett,KeyAira",10,1,,,,,,,,,,,,11,3.970
Spring 2026,DANC,1301,01,"Scates,Leslie Ann",8,,,,,,,,,,,,,8,4.000
Spring 2026,DANC,3305,01,"Lockett,KeyAira",5,1,1,,,,,,,,,,,7,3.810
Spring 2026,DANC,3302,01,"Lockett,KeyAira",5,1,,,,,,,,,,,,6,3.945
Spring 2026,DANC,3311,01,"Estrada,Maria Gabriela",3,1,1,,,,,,,,,,,5,3.734
Spring 2026,DANC,4398,01,"Valle,Toni Leago",,1,,,,,,,,,,,,1,3.670
Spring 2026,DANC,4398,02,"Prokop,Travis Cooper",1,,,,,,,,,,,,,1,4.000
Spring 2026,DANC,4298,01,"Valle,Toni Leago",1,,,,,,,,,,,,,1,4.000
Spring 2026,DIGM,4378,31,"Alters,Monika Joanna",16,12,,1,6,,,,,,,,,35,3.734
Spring 2026,DIGM,4378,32,"De Vega,Jaime M",22,7,3,,1,,2,,,,,,,35,3.696
Spring 2026,DIGM,3357,30,"Bennett,Spencer McLain",15,17,6,4,15,2,1,4,,,,3,2,69,3.131
Spring 2026,DIGM,1350,32,"De Vega,Jaime M",15,5,,1,2,2,1,,,,,2,3,31,3.011
Spring 2026,DIGM,1350,30,"Beyl,Charles Eugene",7,2,5,3,1,,,1,,,,,3,22,2.910
Spring 2026,DIGM,1350,60,"De Vega,Jaime M",3,,,2,3,,,,,,,1,2,11,2.485
Spring 2026,DIGM,4379,33,"Bennett,Spencer McLain",14,24,6,2,15,1,,,,,,,,62,3.538
Spring 2026,DIGM,1300,20,"Aly,Heba",27,5,5,1,3,,,2,1,,1,4,2,51,3.157
Spring 2026,DIGM,1376,30,"Rodwell,Elizabeth Ann",15,16,4,3,3,2,3,1,,,,2,1,50,3.201
Spring 2026,DIGM,3358,30,"Bennett,Spencer McLain",19,10,10,1,6,1,,1,,,,1,1,50,3.394
Spring 2026,DIGM,4372,30,"Hargrove,Mark Stephen",23,13,3,2,4,1,,1,,,,1,,48,3.577
Spring 2026,DIGM,2376,30,"Rodwell,Elizabeth Ann",29,5,2,1,4,,,,1,,,2,1,45,3.496
Spring 2026,DIGM,2353,30,"De Vega,Jaime M",14,12,2,,3,,1,,2,,,3,2,39,3.069
Spring 2026,DIGM,2357,30,"Alters,Monika Joanna",12,11,1,1,4,1,1,3,,,,2,1,37,3.190
Spring 2026,DIGM,4351,30,"Hargrove,Mark Stephen",15,15,2,2,1,,,1,,,,,,36,3.668
Spring 2026,DIGM,3356,31,"Alters,Monika Joanna",16,5,3,6,1,3,,,,,,,1,35,3.334
Spring 2026,DIGM,3370,30,"Beyl,Charles Eugene",5,13,3,2,5,2,,1,,,1,2,,34,3.128
Spring 2026,DIGM,2325,33,"Aly,Heba",18,3,1,1,,,,,,,,1,,24,3.695
Spring 2026,DIGM,2325,60,"Aly,Heba",4,1,,,,,,,,,,,,5,3.934
Spring 2026,DIGM,3354,30,"Dawson,Michael John",6,8,1,3,3,1,1,1,,,,2,2,28,2.870
Spring 2026,DIGM,4382,30,"Bennett,Spencer McLain",2,8,4,2,7,,,,,,,1,,24,3.250
Spring 2026,DIGM,3252,30,"Dawson,Michael John",5,4,3,1,2,1,1,,,,1,,,18,3.223
Spring 2026,DIGM,3374,30,"Molina,Carlos",3,7,2,,4,,,,1,,,,,17,3.412
Spring 2026,DIGM,3152,30,"Dawson,Michael John",7,,,,,,,,,,,,,7,4.000
Spring 2026,DIGM,3152,31,"Dawson,Michael John",5,,1,,,1,,,,,,,,7,3.571
Spring 2026,DIGM,4398,32,"Rodwell,Elizabeth Ann",5,,,,,,,,,,,,,5,4.000
Spring 2026,DRAM,1310,05,"Hinkel,Heidi Anne",337,89,29,23,26,7,4,13,1,3,1,7,6,546,3.599
Spring 2026,DRAM,1310,01,"Egging,Jon Leo",17,9,,3,6,,2,1,,1,1,4,6,50,2.734
Spring 2026,DRAM,1310,06,"Hinkel,Heidi Anne",38,3,2,,4,,,1,1,,,1,,50,3.713
Spring 2026,DRAM,1310,08,"Hinkel,Heidi Anne",34,6,3,3,1,1,1,1,,,,,,50,3.687
Spring 2026,DRAM,1310,09,"Young,Courtney Leigh",33,7,3,3,1,1,1,1,,,,,,50,3.681
Spring 2026,DRAM,1310,15,"Young,Courtney Leigh",28,10,1,2,2,5,1,,,,,1,,50,3.507
Spring 2026,DRAM,1310,16,"Brincks,Alan",21,12,3,,6,1,1,1,2,,1,1,1,50,3.327
Spring 2026,DRAM,1310,17,"Knight,Olivia Ross",21,9,1,4,7,1,2,,1,1,,1,2,50,3.221
Spring 2026,DRAM,1310,23,"Diamond,Nadia Rose",22,12,7,2,4,1,1,1,,,,,,50,3.554
Spring 2026,DRAM,1310,40,"Brincks,Alan",29,6,3,,2,1,,,,1,1,6,1,50,3.154
Spring 2026,DRAM,1310,10,"Young,Courtney Leigh",32,9,1,1,3,1,,1,,,,1,,49,3.694
Spring 2026,DRAM,1310,11,"Young,Courtney Leigh",30,4,2,1,6,1,,,,,1,3,1,49,3.401
Spring 2026,DRAM,1310,19,"Atkins,Douglas James",16,8,2,2,2,2,2,1,1,1,,2,10,49,2.504
Spring 2026,DRAM,1310,50,"Brincks,Alan",29,4,2,1,4,1,1,2,,,,4,1,49,3.286
Spring 2026,DRAM,1310,07,"Hinkel,Heidi Anne",41,1,,,2,,,1,1,,,1,1,48,3.701
Spring 2026,DRAM,1310,02,"Ostrow,Stuart",46,,,,,,,,,,,,1,47,3.915
Spring 2026,DRAM,1310,03,"Ostrow,Stuart",45,,,,,,,1,,,,,1,47,3.879
Spring 2026,DRAM,1310,04,"Ostrow,Stuart",43,,,,,,,,,,,,4,47,3.660
Spring 2026,DRAM,1310,12,"Egging,Jon Leo",28,,,3,3,,1,,1,,1,1,9,47,2.851
Spring 2026,DRAM,1310,13,"Egging,Jon Leo",25,3,3,1,4,2,1,,,,,6,1,46,3.080
Spring 2026,DRAM,1310,21,"Hanna,Austin Essa",26,4,2,,1,,,3,1,,,5,2,44,3.091
Spring 2026,DRAM,1310,14,"Egging,Jon Leo",16,3,2,1,6,,,,,,1,6,4,39,2.692
Spring 2026,DRAM,1352,02,"Ferrarone,Jessica",11,1,,,1,,,,,,,1,,14,3.643
Spring 2026,DRAM,1352,01,"Ferrarone,Jessica",9,3,,,,,,,,,,,,12,3.918
Spring 2026,DRAM,1330,01,"Barker,Lee",8,1,,1,,,,,,,,1,,11,3.485
Spring 2026,DRAM,2331,01,"Allen,Clint",5,,1,,,,,,,,,,,6,3.833
Spring 2026,ECE,3331,01,"Joardar,Biresh Kumar",14,24,14,6,25,7,1,6,,,,1,1,99,3.182
Spring 2026,ECE,3331,02,"Sheth,Bhavin R",23,1,,,2,,,,,,,1,1,28,3.655
Spring 2026,ECE,3331,03,"Sheth,Bhavin R",22,1,,,,,2,,,,,,,25,3.800
Spring 2026,ECE,3331,05,"Sheth,Bhavin R",17,,,,,,,,,,,1,,18,3.778
Spring 2026,ECE,2202,05,"Ramachandran,Deepa",17,9,9,13,16,6,,4,2,,,3,1,80,2.992
Spring 2026,ECE,2202,01,"Shan,Xiaonan",12,7,11,5,7,8,3,2,,,1,2,5,63,2.704
Spring 2026,ECE,2202,06,"Ramachandran,Deepa",3,4,4,2,1,,1,3,1,,,1,,20,2.851
Spring 2026,ECE,3441,03,"Sheth,Bhavin R",57,7,9,3,10,3,1,1,1,,,2,7,101,3.297
Spring 2026,ECE,3441,7,"Sun,Yufang",7,7,5,7,8,2,,4,1,,,,3,44,2.917
Spring 2026,ECE,2100,5,"Claydon,Frank J",8,8,5,4,8,6,1,1,1,,,1,2,45,2.904
Spring 2026,ECE,2100,01,"Claydon,Frank J",,2,7,3,1,7,2,,1,,,2,1,26,2.232
Spring 2026,ECE,2100,04,"Claydon,Frank J",2,3,7,1,1,9,,1,,,,1,,25,2.654
Spring 2026,ECE,2100,02,"Claydon,Frank J",2,3,3,,4,3,,,1,,,,1,17,2.843
Spring 2026,ECE,2100,06,"Ramachandran,Deepa",8,2,1,1,3,,,,,,,,,15,3.667
Spring 2026,ECE,2100,03,"Claydon,Frank J",7,,4,,2,,,1,,,,,,14,3.499
Spring 2026,ECE,3436,01,"De La Rosa-Pohl,Diana",47,14,5,1,6,1,,,,,,,,74,3.771
Spring 2026,ECE,3436,5,"Zheng,Jianfeng",42,3,1,,2,,,,,,,,2,50,3.773
Spring 2026,ECE,2201,01,"Ruchhoeft,Paul",13,,5,1,4,3,3,15,3,2,6,2,4,61,2.316
Spring 2026,ECE,2201,02,"Ershad,Faheem",9,,4,6,6,3,5,10,2,2,2,,10,59,2.164
Spring 2026,ECE,2201,05,"Ruchhoeft,Paul",,,,,,,1,,,,1,,1,3,1.000
Spring 2026,ECE,3337,03,"Roysam,Badrinath",4,6,6,5,6,9,9,10,4,,,4,1,64,2.339
Spring 2026,ECE,3337,01,"Reddy,Rohith Krishna",2,4,5,2,3,10,7,7,3,,,1,4,48,2.167
Spring 2026,ECE,3337,02,"Roysam,Badrinath",1,,2,,,,,,,,,,,3,3.333
Spring 2026,ECE,3317,01,"Sun,Yufang",6,14,13,9,11,3,4,11,1,,,,1,73,2.936
Spring 2026,ECE,3317,02,"Chen,Jiefu",6,10,9,1,10,,2,,,,,,,38,3.342
Spring 2026,ECE,3355,01,"Shattuck,David P",14,,5,6,4,,8,7,2,4,6,,5,61,2.339
Spring 2026,ECE,3355,02,"Litvinov,Dmitri",6,5,3,5,4,3,6,2,,,2,,3,39,2.599
Spring 2026,ECE,3340,01,"Mayerich,David Matthew",28,16,24,6,11,3,2,4,1,1,,1,1,98,3.221
Spring 2026,ECE,3155,01,"Shattuck,David P",65,9,7,2,9,,1,1,,,,1,1,96,3.681
Spring 2026,ECE,4336,05,"De La Rosa-Pohl,Diana",64,27,,,1,,,,,,,,,92,3.896
Spring 2026,ECE,5367,1,"Le,Hung Quang",22,27,8,2,15,,,1,,,,,1,76,3.536
Spring 2026,ECE,5357,01,"Pan,Miao",19,15,2,2,3,1,1,,,,,,1,44,3.547
Spring 2026,ECE,5357,02,"Pan,Miao",8,9,3,2,4,1,,1,,,,,,28,3.465
Spring 2026,ECE,5380,01,"Huang,Hao",34,11,6,5,8,1,,4,,,,,1,70,3.510
Spring 2026,ECE,3318,01,"Jackson,David R",9,15,10,4,15,2,2,3,3,,,,1,64,3.110
Spring 2026,ECE,3456,01,"Aksu,Gulin Tulunay",8,6,7,6,8,7,3,5,2,,,1,8,61,2.465
Spring 2026,ECE,4335,01,"Shih,Wei-Chuan",15,20,5,5,12,1,,,,,,,,58,3.512
Spring 2026,ECE,3364,01,"Sun,Yufang",9,7,6,12,8,4,2,6,,,,,,54,3.031
Spring 2026,ECE,6397,3,"Le,Hung Quang",5,3,6,3,3,2,3,2,,,,1,,28,2.881
Spring 2026,ECE,6397,5,"Becker,Aaron T",4,1,1,,1,2,,1,,,,,1,11,2.939
Spring 2026,ECE,6397,4,"Zhao,Lihong",6,2,,,,,,,,,,,,8,3.918
Spring 2026,ECE,6397,1,"Canepa,Pieremanuele",2,1,1,,2,,,,,,,,,6,3.555
Spring 2026,ECE,4363,01,"Viswanath,Padmavati Aparna",29,3,2,2,8,1,,1,1,1,,,,48,3.562
Spring 2026,ECE,4113,01,"Viswanath,Padmavati Aparna",37,6,2,1,,,1,,,,,,,47,3.837
Spring 2026,ECE,6348,01,"Wolfe,John C",46,,,,,,,,,,,,,46,4.000
Spring 2026,ECE,6370,01,"Chen,Yuhua",25,4,2,,,,,,,,,,1,32,3.771
Spring 2026,ECE,6370,3,"Chen,Yuhua",6,2,,,,,,,,,,,,8,3.918
Spring 2026,ECE,5440,3,"Chen,Yuhua",16,7,4,,2,,,,,,,,,29,3.736
Spring 2026,ECE,5440,1,"Chen,Yuhua",7,1,,,2,,,,,,,,,10,3.833
Spring 2026,ECE,3366,01,"Sheth,Bhavin R",12,7,3,1,3,1,,,,,1,,2,30,3.289
Spring 2026,ECE,5436,01,"Le,Hung Quang",5,7,3,2,8,2,1,1,,,,,1,30,3.156
Spring 2026,ECE,4115,01,"Provence,Robert S",7,3,9,6,,,1,1,,,,,2,29,2.967
Spring 2026,ECE,5180,01,"Viswanath,Padmavati Aparna",27,,1,,,,,,,,,,,28,3.964
Spring 2026,ECE,6357,02,"Pan,Miao",9,7,1,,,,,,,,,,,17,3.805
Spring 2026,ECE,6357,01,"Pan,Miao",6,3,,,,,,,,,,1,,10,3.501
Spring 2026,ECE,4375,01,"Provence,Robert S",3,4,2,3,,3,7,3,,,,,1,26,2.514
Spring 2026,ECE,6353,01,"Chen,Jinghong",12,3,4,1,6,,,,,,,,,26,3.602
Spring 2026,ECE,5318,01,"Long,Stuart A",2,4,6,3,4,1,,3,,,,,1,24,2.958
Spring 2026,ECE,6327,01,"Li,Xingpeng",9,,2,1,,1,,,,,,,,13,3.590
Spring 2026,ECE,6327,02,"Li,Xingpeng",4,3,,1,,1,1,,,,,,1,11,3.032
Spring 2026,ECE,6364,01,"Prasad,Saurabh",4,13,2,1,2,,,,,,,,,22,3.593
Spring 2026,ECE,7373,01,"Fu,Xin",9,7,1,1,3,1,,,,,,,,22,3.607
Spring 2026,ECE,8399,06,"Chen,Jiefu",3,,,,,,,,,,,,,3,4.000
Spring 2026,ECE,8399,35,"Shireen,Wajiha",1,2,,,,,,,,,,,,3,3.780
Spring 2026,ECE,8399,20,"Bao,Jiming",2,,,,,,,,,,,,,2,4.000
Spring 2026,ECE,8399,22,"Nguyen,Hien V",2,,,,,,,,,,,,,2,4.000
Spring 2026,ECE,8399,32,"Chen,Ji",1,1,,,,,,,,,,,,2,3.835
Spring 2026,ECE,8399,39,"Canepa,Pieremanuele",2,,,,,,,,,,,,,2,4.000
Spring 2026,ECE,8399,41,"Zhao,Lihong",2,,,,,,,,,,,,,2,4.000
Spring 2026,ECE,8399,03,"Becker,Aaron T",1,,,,,,,,,,,,,1,4.000
Spring 2026,ECE,8399,09,"Pan,Miao",1,,,,,,,,,,,,,1,4.000
Spring 2026,ECE,8399,11,"Rajashekara,Kaushik",1,,,,,,,,,,,,,1,4.000
Spring 2026,ECE,8399,19,"Shih,Wei-Chuan",,1,,,,,,,,,,,,1,3.670
Spring 2026,ECE,8399,37,"Joardar,Biresh Kumar",1,,,,,,,,,,,,,1,4.000
Spring 2026,ECE,8399,42,"Lin,Qin",1,,,,,,,,,,,,,1,4.000
Spring 2026,ECE,4198,01,"Chen,Yuhua",19,1,1,,,,,,,,,,,21,3.937
Spring 2026,ECE,6329,02,"Viswanath,Padmavati Aparna",11,1,,,,,,,,,,,,12,3.973
Spring 2026,ECE,6329,01,"Viswanath,Padmavati Aparna",4,2,,,,,,,,,,,,6,3.890
Spring 2026,ECE,6352,01,"Long,Stuart A",6,4,2,,3,,,1,,,,,2,18,3.167
Spring 2026,ECE,6333,01,"Han,Zhu",9,,5,,,2,,1,,,,,,17,3.372
Spring 2026,ECE,6336,01,"Le,Hung Quang",3,4,1,,7,,,1,,,,,,16,3.458
Spring 2026,ECE,5338,01,"Becker,Aaron T",2,3,1,1,1,3,,2,,,,,2,15,2.578
Spring 2026,ECE,6343,01,"Rajashekara,Kaushik",,7,,,2,1,,1,,,,,1,12,3.057
Spring 2026,ECE,5114,01,"Long,Stuart A",1,1,3,,2,,,,,,,,4,11,2.121
Spring 2026,ECE,8699,15,"Han,Zhu",4,,,,,,,,,,,,,4,4.000
Spring 2026,ECE,8699,02,"Shan,Xiaonan",1,,,,,,,,,,,,,1,4.000
Spring 2026,ECE,8699,04,"Chen,Ji",,1,,,,,,,,,,,,1,3.670
Spring 2026,ECE,8699,24,"Bao,Jiming",1,,,,,,,,,,,,,1,4.000
Spring 2026,ECE,8699,25,"Pan,Miao",1,,,,,,,,,,,,,1,4.000
Spring 2026,ECE,8699,26,"Hu,Renjie",1,,,,,,,,,,,,,1,4.000
Spring 2026,ECE,8699,27,"Zhao,Lihong",1,,,,,,,,,,,,,1,4.000
Spring 2026,ECE,6318,01,"Krishnamoorthy,Harish Sarma",3,1,1,,3,,,,,,,,,8,3.583
Spring 2026,ECE,5320,01,"Bao,Jiming",1,2,2,1,1,,,,,,,,,7,3.334
Spring 2026,ECE,4398,01,"Bering,Edgar A",2,2,1,,,,,,,,,,,5,3.668
Spring 2026,ECE,4398,3,"Chen,Yuhua",1,,,,,,,,,,,,,1,4.000
Spring 2026,ECE,5319,1,"Brankovic,Stanko R",2,2,,,,,,,,,,,,4,3.835
Spring 2026,ECE,7399,9,"Chen,Yuhua",2,,,,,,,,,,,,,2,4.000
Spring 2026,ECE,7399,07,"Contreras-Vidal,Jose Luis",1,,,,,,,,,,,,,1,4.000
Spring 2026,ECE,7399,10,"Joardar,Biresh Kumar",1,,,,,,,,,,,,,1,4.000
Spring 2026,ECE,5397,3,"Le,Hung Quang",,,,,,,1,1,,,,,,2,2.000
Spring 2026,ECE,5397,2,"Canepa,Pieremanuele",,,,1,,,,,,,,,,1,2.670
Spring 2026,ECE,6306,1,"Brankovic,Stanko R",2,,,,1,,,,,,,,,3,3.777
Spring 2026,ECE,6307,01,"Bao,Jiming",2,1,,,,,,,,,,,,3,3.890
Spring 2026,ECE,6399,08,"Contreras-Vidal,Jose Luis",1,,,,,,,,,,,,,1,4.000
Spring 2026,ECE,6399,21,"Rajashekara,Kaushik",1,,,,,,,,,,,,,1,4.000
Spring 2026,ECE,6399,28,"Joardar,Biresh Kumar",1,,,,,,,,,,,,,1,4.000
Spring 2026,ECE,3399,1,"Roysam,Badrinath",1,,,,,,,,,,,,,1,4.000
Spring 2026,ECE,4399,2,"Roysam,Badrinath",1,,,,,,,,,,,,,1,4.000
Spring 2026,ECON,2302,1,"Hossain,Md Shahadath",104,65,67,39,42,33,23,26,1,,4,3,13,420,3.026
Spring 2026,ECON,2302,2,"Hossain,Md Shahadath",84,59,66,21,38,22,42,26,11,,2,8,25,404,2.776
Spring 2026,ECON,2302,3,"Callicott,Erika",82,38,27,15,25,7,3,10,3,2,2,2,8,224,3.219
Spring 2026,ECON,2302,4,"Patwardhan,Ashutosh Anant",17,,1,,2,2,,,,,,,3,25,3.266
Spring 2026,ECON,2301,1,"Maden,Bitaran Jang",99,83,70,29,70,29,9,32,4,1,16,13,15,470,2.967
Spring 2026,ECON,2301,2,"Maden,Bitaran Jang",74,59,59,32,46,25,21,26,10,1,16,22,13,404,2.737
Spring 2026,ECON,2301,3,"Maden,Bitaran Jang",5,4,3,4,1,2,,1,1,,2,2,2,27,2.507
Spring 2026,ECON,3320,1,"Troncoso,Pablo A",40,10,25,8,10,7,2,3,1,1,1,6,21,135,2.620
Spring 2026,ECON,3320,2,"Troncoso,Pablo A",8,2,4,4,4,2,2,2,1,,,2,5,36,2.454
Spring 2026,ECON,3334,2,"Kuipers,Sterre Hannah",5,4,3,4,4,3,2,1,4,1,3,1,5,40,2.200
Spring 2026,ECON,3334,3,"Silva Gomez,Santiago Alejandro",3,2,6,5,1,2,3,7,3,1,2,2,3,40,2.142
Spring 2026,ECON,3334,4,"Callicott,Erika",12,1,3,3,4,3,3,5,2,,,,4,40,2.667
Spring 2026,ECON,3334,1,"Thornton,Rebecca Achee",3,3,1,,,7,2,4,,1,,4,8,33,1.616
Spring 2026,ECON,3332,1,"Yang,Xiaolin",5,3,3,3,1,6,3,5,,2,1,4,4,40,2.067
Spring 2026,ECON,3332,2,"Troncoso,Pablo A",10,4,3,5,,1,2,3,3,1,,7,1,40,2.326
Spring 2026,ECON,3332,3,"Bernini,Andrea",6,6,5,1,4,2,2,,1,1,,10,2,40,2.151
Spring 2026,ECON,3332,4,"Murphy,Brian M",3,2,3,4,2,1,2,,3,1,,,3,24,2.279
Spring 2026,ECON,3370,1,"Zhivan,Natalia A",1,4,1,,1,6,6,3,4,2,3,9,3,43,1.473
Spring 2026,ECON,3370,2,"Zhivan,Natalia A",5,2,2,1,2,2,4,4,3,2,1,9,2,39,1.752
Spring 2026,ECON,3370,3,"Peru Durayalage,Dhanushka Arunasiri",4,5,5,4,3,3,2,1,3,2,,4,3,39,2.206
Spring 2026,ECON,3347,1,"Peru Durayalage,Dhanushka Arunasiri",15,14,11,6,17,3,2,10,,,,1,1,80,3.121
Spring 2026,ECON,3385,1,"Hirs,Edward A",29,13,8,5,5,1,,,,,,4,12,77,2.853
Spring 2026,ECON,3371,1,"Troncoso,Pablo A",10,3,11,7,4,6,11,6,5,,2,1,4,70,2.400
Spring 2026,ECON,6394,2,"Verchenko,Olesia",12,1,3,,3,,,,,,,,,19,3.719
Spring 2026,ECON,6394,4,"Nivievskyi,Oleg",2,5,3,,7,,,,,,,,,17,3.451
Spring 2026,ECON,6394,1,"Obrizan,Maksym",4,,1,,1,,,,,,,,,6,3.722
Spring 2026,ECON,6394,5,"Obrizan,Maksym",4,,1,,,,,,,,,,,5,3.800
Spring 2026,ECON,6394,6,"Verchenko,Olesia",4,,,,1,,,,,,,,,5,3.866
Spring 2026,ECON,6394,7,"Nivievskyi,Oleg",1,2,2,,,,,,,,,,,5,3.468
Spring 2026,ECON,6394,3,"Nivievskyi,Oleg",1,1,,,,,,,,,,,,2,3.835
Spring 2026,ECON,6394,8,"Besedina,Elena",,1,,,,,,,,,,,,1,3.670
Spring 2026,ECON,6394,9,"Verchenko,Olesia",,1,,,,,,,,,,,,1,3.670
Spring 2026,ECON,4374,1,"Friedman,Willa H",10,8,2,3,7,7,2,4,,,,2,1,46,2.899
Spring 2026,ECON,3377,1,"Craig,Steven G",10,3,15,2,5,2,4,1,,,,1,2,45,2.911
Spring 2026,ECON,4345,1,"Maheshri,Vikram",2,8,8,4,7,4,,8,,,,,1,42,2.905
Spring 2026,ECON,3357,1,"Peru Durayalage,Dhanushka Arunasiri",12,3,2,6,8,1,,4,,3,,,,39,3.103
Spring 2026,ECON,4368,1,"Callicott,Erika",3,4,7,5,4,4,2,3,2,,3,2,,39,2.530
Spring 2026,ECON,4335,1,"Vollrath,Dietrich E",7,2,2,1,3,12,1,2,3,,,3,2,38,2.298
Spring 2026,ECON,4385,1,"Papell,David H",7,8,6,6,6,,,1,,,,,3,37,3.073
Spring 2026,ECON,3362,1,"Saboury,Piruz",16,2,5,1,4,2,,3,,,,1,1,35,3.238
Spring 2026,ECON,4389,1,"Rana,Saumya",1,8,4,4,6,1,,,1,,,,2,27,2.927
Spring 2026,ECON,4389,2,"Barrett,Thomas R",1,2,1,,1,,3,,,,,,,8,2.835
Spring 2026,ECON,4325,1,"Hossain,Md Shahadath",6,5,3,1,11,,,,,,,,5,31,2.924
Spring 2026,ECON,3344,1,"Saboury,Piruz",4,5,4,8,3,1,1,3,,,,,1,30,2.945
Spring 2026,ECON,3368,1,"Arenberg,Samuel",13,4,2,2,3,,,,,,,,,24,3.667
Spring 2026,ECON,6395,1,"Prokopovych,Pavlo",7,1,5,2,5,,,,,,,,,20,3.433
Spring 2026,ECON,6351,1,"Maden,Bitaran Jang",4,6,,,4,,,,,,,,,14,3.667
Spring 2026,ECON,7335,1,"Chin,Aimee",4,4,1,,3,,,,,,,,,12,3.639
Spring 2026,ECON,6345,1,"Kelly,Robert C",10,,,,,,,,,,,,,10,4.000
Spring 2026,ECON,6340,1,"Arenberg,Samuel",9,,,,,,,,,,,,,9,4.000
Spring 2026,ECON,7342,1,"Maheshri,Vikram",2,2,2,1,2,,,,,,,,,9,3.408
Spring 2026,ECON,8365,1,"Juhn,Chinhui",9,,,,,,,,,,,,,9,4.000
Spring 2026,ECON,3389,1,"Barrett,Thomas R",3,1,1,1,,2,,,,,,,,8,3.168
Spring 2026,ECON,8396,1,"Yi,Kei-Mu",4,4,,,,,,,,,,,,8,3.835
Spring 2026,ECON,6397,1,"Saboury,Piruz",,1,3,2,1,,,,,,,,,7,3.049
Spring 2026,ECON,7331,1,"Montero,Sergio",2,1,1,,3,,,,,,,,,7,3.523
Spring 2026,ECON,7344,1,"Cubas Norando,German",1,1,2,3,,,,,,,,,,7,3.097
Spring 2026,ECON,8344,1,"Cubas Norando,German",2,3,,,2,,,,,,,,,7,3.667
Spring 2026,ECON,6353,1,"Peru Durayalage,Dhanushka Arunasiri",1,,3,1,,,1,,,,,,,6,2.890
Spring 2026,ECON,7390,5,"Ujhelyi,Gergely",2,,,,,,,,,,,,,2,4.000
Spring 2026,ECON,7390,3,"Paluszynski,Radoslaw",1,,,,,,,,,,,,,1,4.000
Spring 2026,ECON,7390,6,"Chin,Aimee",1,,,,,,,,,,,,,1,4.000
Spring 2026,ECON,7390,7,"Juhn,Chinhui",1,,,,,,,,,,,,,1,4.000
Spring 2026,ECON,8399,17,"Papell,David H",2,,,,,,,,,,,,,2,4.000
Spring 2026,ECON,8399,10,"Paluszynski,Radoslaw",1,,,,,,,,,,,,,1,4.000
Spring 2026,ECON,8399,11,"Lee,Hyunju",1,,,,,,,,,,,,,1,4.000
Spring 2026,ECON,8399,12,"Yi,Kei-Mu",1,,,,,,,,,,,,,1,4.000
Spring 2026,ECON,4390,1,"Troncoso,Pablo A",2,1,,,,,,,,,,,,3,3.890
Spring 2026,ECON,7387,1,"Kohlhase,Janet E",3,,,,,,,,,,,,,3,4.000
Spring 2026,ECON,4398,1,"Ujhelyi,Gergely",1,,,,,,,,,,,,,1,4.000
Spring 2026,EDBA,8304,01,"Patrick-Ralhan,Vanessa M",21,2,1,,,,,,,,,,,24,3.931
Spring 2026,EDBA,8305,01,"Aron,Ravi",13,8,,,3,,,,,,,,,24,3.806
Spring 2026,EDBA,8306,01,"Chiu,Shih-chi",6,12,1,,5,,,,,,,,,24,3.654
Spring 2026,EDBA,8310,01,"Habel,Johannes",20,,,,,,,,,,,,,20,4.000
Spring 2026,EDBA,8311,01,"Gargano,Antonio",20,,,,,,,,,,,,,20,4.000
Spring 2026,EDBA,8322,01,"Horner,Amy C",19,1,,,,,,,,,,,,20,3.984
Spring 2026,EDRS,8382,1,"Davis,Bradley",9,,,,,,,,,,,,,9,4.000
Spring 2026,EDS,6344,1,"Rajan,Karthik",88,2,,,,,,,,,,,,90,3.993
Spring 2026,EDS,6343,01,"Saei,Saviz",29,20,2,4,,,,,,,,,,55,3.747
Spring 2026,EDS,6346,1,"Soibam,Benjamin Singh",24,,2,,,,,,,,,,,26,3.923
Spring 2026,EDS,6397,04,"Saei,Saviz",12,14,,,,,,,,,,,,26,3.822
Spring 2026,EDS,6342,01,"Jegdic,Katarina Svetislav",12,,7,,,1,,,,,,,,20,3.550
Spring 2026,EDS,6342,02,"Jegdic,Katarina Svetislav",2,,,,,,,,,,,,,2,4.000
Spring 2026,EDS,6333,01,"Saei,Saviz",3,8,5,1,,,,,,,,,,17,3.472
Spring 2026,EDS,6333,02,"Saei,Saviz",2,,,,,,,,,,,,,2,4.000
Spring 2026,EDS,6340,01,"De Bary,Narges Sharafi",,8,2,3,3,,,,,,,,,16,3.335
Spring 2026,EDS,6340,03,"De Bary,Narges Sharafi",,1,,,,,,,,,,,,1,3.670
Spring 2026,EDS,7399,02,"Hu,Bin",1,,,,,,,,,,,,,1,4.000
Spring 2026,EDS,7399,03,"Gao,Lu",1,,,,,,,,,,,,,1,4.000
Spring 2026,EDS,7399,04,"Sapoznik,Kaitlyn Anne",,1,,,,,,,,,,,,1,3.670
Spring 2026,EDS,6399,01,"Chen,Jiefu",1,,,,,,,,,,,,,1,4.000
Spring 2026,EDUC,2301,02,"Rigby-Wills,Hope",103,52,14,13,14,3,8,5,1,2,,7,4,226,3.361
Spring 2026,EDUC,3101,01,"Thompson,Amber M",85,,,3,,,,,,,,,1,89,3.910
Spring 2026,EDUC,4512,01,"Culpepper,Shea Mosley",66,3,,,2,,,,,,,1,1,73,3.858
Spring 2026,EDUC,4511,01,"Thompson,Amber M",42,8,,,1,,,,,,,,2,53,3.787
Spring 2026,EDUC,1301,02,"Thompson,Alan M",17,,3,,,,,,,,,,1,21,3.667
Spring 2026,EDUC,1301,01,"Eiland-Miller,Deanna Marie",20,,,,,,,,,,,,,20,4.000
Spring 2026,EDUC,4315,02,"Evans,Paige K",20,,2,1,,,,,,,,,,23,3.855
Spring 2026,EDUC,4315,01,"Culpepper,Shea Mosley",12,,,,,,,,,,,,,12,4.000
Spring 2026,EDUC,4314,03,"Evans,Paige K",11,5,1,,1,,,,,,,,,18,3.816
Spring 2026,EDUC,4314,01,"Thompson,Amber M",12,2,1,,,,,,,,,,,15,3.889
Spring 2026,EDUC,4325,01,"Culpepper,Shea Mosley",27,1,,,,,,,,,,,1,29,3.851
Spring 2026,EDUC,4318,01,"McGinnis,Emily Jane",23,,1,1,2,,,,,,,,,27,3.864
Spring 2026,EDUC,4319,01,"McGinnis,Emily Jane",23,,1,1,2,,,,,,,,,27,3.864
Spring 2026,EDUC,4317,01,"Culpepper,Shea Mosley",12,,,,,,,,,,,,,12,4.000
Spring 2026,EDUC,4324,01,"Thompson,Amber M",8,1,,,1,,,,,,,,1,11,3.545
Spring 2026,EDUC,4316,01,"Thompson,Amber M",2,1,,,,,,,,,,,1,4,2.918
Spring 2026,EDUC,4322,01,"Hickman,Margo Louise",3,,,,,,,,,,,,,3,4.000
Spring 2026,EDUC,4323,01,"Hickman,Margo Louise",3,,,,,,,,,,,,,3,4.000
Spring 2026,EGRP,2132,1,"Zelisko,Matthew Raymond",20,4,4,,,,,1,,,,,,29,3.759
Spring 2026,EGRP,2131,1,"Zelisko,Matthew Raymond",11,2,,,7,1,,2,,,,,2,25,3.252
Spring 2026,EGRP,2122,1,"Zelisko,Matthew Raymond",14,2,1,,,,,3,,,,,2,22,3.333
Spring 2026,EGRP,2121,1,"Zelisko,Matthew Raymond",6,3,2,,2,2,,1,,,,,2,18,3.000
Spring 2026,EGRP,2123,1,"Zelisko,Matthew Raymond",6,2,1,3,2,2,,1,,,,,,17,3.255
Spring 2026,EGRP,2133,1,"Zelisko,Matthew Raymond",6,1,1,2,1,2,,2,,,,,1,16,3.000
Spring 2026,EGRP,1102,1,"Zelisko,Matthew Raymond",8,2,1,,,,,,,,,,1,12,3.528
Spring 2026,EGRP,2113,1,"Zelisko,Matthew Raymond",6,,2,1,,2,,,,,,,,11,3.334
Spring 2026,EGRP,1141,01,"Zelisko,Matthew Raymond",3,,,1,1,1,,,,,,,,6,3.333
Spring 2026,EGRP,2112,1,"Zelisko,Matthew Raymond",2,1,,1,,1,,,,,,,1,6,2.723
Spring 2026,EGRP,1140,1,"Zelisko,Matthew Raymond",3,1,,,,,,1,,,,,,5,3.600
Spring 2026,EGRP,2111,1,"Zelisko,Matthew Raymond",1,,1,,,,,1,,,,,2,5,1.866
Spring 2026,ELCS,7302,1,"Wilson,Alison Shelby Page",12,2,,2,1,,,,,,,,,17,3.765
Spring 2026,ELCS,7302,3,"Wilson,Alison Shelby Page",8,7,,,1,,,,,,,1,,17,3.589
Spring 2026,ELCS,7320,01,"Butcher,Keith",18,,,,,,,,,,,,,18,4.000
Spring 2026,ELCS,7320,3,"Butcher,Keith",13,,,,,,,,,,,,,13,4.000
Spring 2026,ELCS,6304,01,"Klussmann,Duncan Foster",14,,,,,,,,,,,,,14,4.000
Spring 2026,ELCS,6304,02,"Klussmann,Duncan Foster",13,,,,,,,,,,,,,13,4.000
Spring 2026,ELCS,6310,02,"Brosnahan,Carla",14,,,,1,,,,,,,,,15,3.955
Spring 2026,ELCS,6310,01,"Stephens,Adam Joshua",9,,,,,,,,,,,1,,10,3.600
Spring 2026,ELCS,6380,1,"Carales,Vincent D",2,6,,,3,,,,,,,,,11,3.637
Spring 2026,ELCS,6380,2,"Barnes,Yolanda Michelle",8,,,,,,,,,,,,,8,4.000
Spring 2026,ELCS,8380,1,"Louis,Dave A",14,,,,,,,,,,,,,14,4.000
Spring 2026,ELCS,6393,1,"Carales,Vincent D",8,3,,1,,,,,,,,,,12,3.807
Spring 2026,ELCS,7330,1,"Harris,Shauna Hemingway",5,3,1,,2,,,,,,,,,11,3.697
Spring 2026,ELCS,8398,3,"Louis,Dave A",4,,,,,,,,,,,,,4,4.000
Spring 2026,ELCS,8398,1,"Snodgrass Rangel,Virginia Walker",1,,,,,,,,,,,,,1,4.000
Spring 2026,ELCS,8398,2,"Davis,Bradley",1,,,,,,,,,,,,,1,4.000
Spring 2026,ELCS,8398,6,"Davis,Bradley",1,,,,,,,,,,,,,1,4.000
Spring 2026,ELCS,8398,7,"Santi,Kristi L",,1,,,,,,,,,,,,1,3.670
Spring 2026,ELCS,6322,1,"Wilson,Kellynn Arlette",6,,,,,,,,,,,,,6,4.000
Spring 2026,ELCS,8310,1,"Klussmann,Duncan Foster",5,,,,,,,,,,,,,5,4.000
Spring 2026,ELCS,8356,1,"Snodgrass Rangel,Virginia Walker",2,,,,2,,,,,,,,1,5,2.932
Spring 2026,ELCS,8399,3,"Carales,Vincent D",3,,,,,,,,,,,,,3,4.000
Spring 2026,ELCS,8399,1,"Zou,Yali",1,,,,,,,,,,,,,1,4.000
Spring 2026,ELCS,8399,4,"Horn,Catherine Lynn",1,,,,,,,,,,,,,1,4.000
Spring 2026,ELCS,8199,2,"Horn,Catherine Lynn",1,,,,,,,,,,,,,1,4.000
Spring 2026,ELCS,8345,1,"Johnson,Detra DeVerne",1,,,,,,,,,,,,,1,4.000
Spring 2026,ELCS,8355,1,"Johnson,Detra DeVerne",1,,,,,,,,,,,,,1,4.000
Spring 2026,ELCS,8699,3,"Zou,Yali",1,,,,,,,,,,,,,1,4.000
Spring 2026,ELED,4312,06,"Domjan,Heather N",25,,1,,1,,,,,,,,,27,3.938
Spring 2026,ELED,4312,05,"Bailer,Jill",22,2,,,1,,,,,,,1,,26,3.795
Spring 2026,ELED,4312,01,"Domjan,Heather N",19,,2,,,,,,,,,,,21,3.905
Spring 2026,ELED,4315,04,"Cutler,Carrie Sybil",21,2,1,,2,,,1,,,,,,27,3.827
Spring 2026,ELED,4315,02,"Cutler,Carrie Sybil",22,2,,,,,,,1,,,,1,26,3.705
Spring 2026,ELED,4315,01,"Burris,Justin T",19,2,,,,,,,,,,,,21,3.969
Spring 2026,ELED,4310,01,"Tyson,Eleanore S",17,4,,,1,1,,,,,,,,23,3.827
Spring 2026,ELED,4310,03,"Tyson,Eleanore S",18,1,,2,1,,,1,,,,,,23,3.768
Spring 2026,ELED,4310,04,"Tyson,Eleanore S",17,3,,1,,,,,,,,,,21,3.890
Spring 2026,ELED,4320,02,"Thomas,Dustine J",22,,,,,,,1,,,,,,23,3.927
Spring 2026,ELED,4320,01,"Ukandu,Leslie",22,,,,,,,,,,,,,22,4.000
Spring 2026,ELED,4320,04,"Carr,Bianca Shaunte",12,,1,,,,,,,,,,,13,3.923
Spring 2026,ELED,3322,02,"Alba,Celeste",6,10,3,,1,,,,,,,,,20,3.652
Spring 2026,ELED,3322,05,"Alba,Celeste",15,3,,,2,,,,,,,,,20,3.884
Spring 2026,ELED,3322,03,"Alba,Celeste",5,10,,1,1,,,,,,,,,17,3.688
Spring 2026,ELED,4314,01,"Cutler,Carrie Sybil",19,2,,,,,,,,,,,,21,3.969
Spring 2026,ELED,4314,02,"Burris,Justin T",18,1,,,,1,1,,,,,,,21,3.778
Spring 2026,ELED,4314,03,"Burris,Justin T",7,4,,1,,,,,,,,,,12,3.779
Spring 2026,ELED,4311,03,"Bellamy,Nedaro Denise",8,9,1,1,,1,,1,,,,,,21,3.573
Spring 2026,ELED,4311,04,"Bellamy,Nedaro Denise",7,6,3,1,4,,,,,,,,,21,3.572
Spring 2026,ELED,4311,02,"Domjan,Heather N",9,1,1,,,,,,,,,,,11,3.879
Spring 2026,ELED,3320,03,"Tyson,Eleanore S",10,5,2,,2,,,,,,,,,19,3.737
Spring 2026,ELED,3320,02,"Alba,Celeste",13,1,,,,,,,,,,,,14,3.976
Spring 2026,ELED,3320,05,"Stubbs,Susan",12,,,,,,,,,,,,,12,4.000
Spring 2026,ELED,7320,1,"Dahl-Leonard,Katlynn",6,1,,,1,,,,,,,,2,10,3.100
Spring 2026,ELET,4397,30,"Lin,Qin",17,11,2,1,5,,,3,,,,,,39,3.607
Spring 2026,ELET,4397,31,"Shi,Jian",4,8,2,,5,1,,,,,,,,20,3.501
Spring 2026,ELET,4397,32,"Shireen,Wajiha",9,3,2,1,5,,,,,,,,,20,3.617
Spring 2026,ELET,2300,31,"Lent,Marino Ricardo",15,,9,,6,4,,2,2,,,3,2,43,2.829
Spring 2026,ELET,2300,30,"Duvall,Alexander",3,6,4,2,3,1,1,1,2,,,2,1,26,2.667
Spring 2026,ELET,6303,30,"Malki,Heidar A",14,11,6,4,9,,,,,,,,,44,3.523
Spring 2026,ELET,6303,40,"Malki,Heidar A",,1,,,,,,,,,,,2,3,1.223
Spring 2026,ELET,6303,60,"Malki,Heidar A",1,,,,1,,,,,,,,,2,3.665
Spring 2026,ELET,1400,1,"Barbieri,Enrique",10,5,1,4,3,4,4,4,1,2,,3,6,47,2.306
Spring 2026,ELET,3300,30,"Barbieri,Enrique",6,8,4,4,11,3,2,4,,,,1,,43,3.054
Spring 2026,ELET,4421,30,"Hu,Bin",13,10,5,5,4,,1,1,,,,1,,40,3.359
Spring 2026,ELET,2305,30,"Singh,Maninder Pal",4,8,2,4,9,,,,,,,1,1,29,3.173
Spring 2026,ELET,1401,01,"Barbieri,Enrique",5,,2,5,2,2,3,2,,,,,3,24,2.487
Spring 2026,ELET,2103,30,"Yuan,Xiaojing",9,4,5,1,4,,,,,,,,1,24,3.403
Spring 2026,ELET,2105,31,"Singh,Maninder Pal",23,,,,,,,,,,,,1,24,3.833
Spring 2026,ELET,2303,30,"Yuan,Xiaojing",7,4,4,,7,,,,1,,,,1,24,3.291
Spring 2026,ELET,3405,30,"Singh,Maninder Pal",17,3,1,,3,,,,,,,,,24,3.833
Spring 2026,ELET,2307,30,"Abraham,Yonas B",1,5,2,,2,4,,3,1,,,,4,22,2.318
Spring 2026,ELET,4208,30,"Moges,Mequanint A",13,5,2,,1,,,,,,,,,21,3.794
Spring 2026,ELET,3402,30,"Singh,Maninder Pal",8,8,,,3,,,,,,,,,19,3.755
Spring 2026,ELET,3403,30,"Yuan,Xiaojing",5,5,2,,6,,,,,,,,,18,3.574
Spring 2026,ELET,4319,30,"Fan,Lei",10,3,3,,1,,,,,,,,,17,3.726
Spring 2026,ELET,4308,30,"Moges,Mequanint A",10,1,3,,1,,,,,,,,,15,3.733
Spring 2026,ELET,4331,30,"Pollonini,Luca",13,,,1,1,,,,,,,,,15,3.867
Spring 2026,ELET,6351,40,"Pollonini,Luca",5,,,,2,,,,,,,,,7,3.809
Spring 2026,ELET,6351,30,"Pollonini,Luca",2,1,1,,,,,,,,,,,4,3.668
Spring 2026,ELET,6351,31,"Pollonini,Luca",3,1,,,,,,,,,,,,4,3.918
Spring 2026,ELET,3112,31,"Fan,Lei",11,1,,1,1,,,,,,,,,14,3.834
Spring 2026,ELET,3312,30,"Fan,Lei",6,1,3,2,2,,,,,,,,,14,3.476
Spring 2026,ELET,3425,30,"Moges,Mequanint A",2,2,5,,3,1,,1,,,,,,14,3.190
Spring 2026,ELET,4303,30,"Shireen,Wajiha",3,4,,2,4,,,1,,,,,,14,3.405
Spring 2026,ELET,3301,30,"Lin,Qin",1,1,1,3,2,2,,1,,1,,,1,13,2.488
Spring 2026,ELET,4103,30,"Shireen,Wajiha",4,6,,,2,,,,,,,,,12,3.723
Spring 2026,ELET,4351,30,"Pollonini,Luca",2,3,2,1,2,,,,,,,,,10,3.434
Spring 2026,ELET,4105,30,"Shi,Jian",9,,,,,,,,,,,,,9,4.000
Spring 2026,ELET,4305,1,"Shi,Jian",3,3,3,,,,,,,,,,,9,3.557
Spring 2026,ELET,4302,30,"Singh,Maninder Pal",6,1,,,1,,,,,,,,,8,3.875
Spring 2026,ELET,6316,30,"Lent,Marino Ricardo",4,,,,,,,,,,,,1,5,3.200
Spring 2026,ELET,6316,40,"Lent,Marino Ricardo",1,,1,1,,,,,,,,,,3,3.223
Spring 2026,ELET,6318,40,"Yuan,Xiaojing",1,,,1,1,,,,,,,,1,4,2.500
Spring 2026,ELET,6318,30,"Yuan,Xiaojing",3,,,,,,,,,,,,,3,4.000
Spring 2026,ELET,6331,40,"Pollonini,Luca",4,,,,,,,,,,,,,4,4.000
Spring 2026,ELET,6331,30,"Pollonini,Luca",2,,,,,,,,,,,,,2,4.000
Spring 2026,ELET,6396,33,"Lent,Marino Ricardo",1,,,,,,,,,,,,,1,4.000
Spring 2026,ELET,6396,34,"Pollonini,Luca",1,,,,,,,,,,,,,1,4.000
Spring 2026,ELET,6399,30,"Chitrala,Kumaraswamy Naidu",1,,,,,,,,,,,,,1,4.000
Spring 2026,ELET,6399,31,"Zouridakis,George",1,,,,,,,,,,,,,1,4.000
Spring 2026,ENGI,1331,07,"Aksu,Gulin Tulunay",19,3,4,7,12,5,1,3,4,,,3,9,70,2.576
Spring 2026,ENGI,1331,09,"Aksu,Gulin Tulunay",16,4,2,7,18,6,3,7,2,,,1,4,70,2.838
Spring 2026,ENGI,1331,11,"Aksu,Gulin Tulunay",8,7,3,7,8,3,4,9,2,,,10,9,70,2.110
Spring 2026,ENGI,1331,13,"Zelisko,Matthew Raymond",14,7,9,4,7,3,,9,1,,2,1,8,65,2.666
Spring 2026,ENGI,1331,01,"Malamataris,Nikolaos",36,2,9,2,2,2,1,2,2,,,1,5,64,3.167
Spring 2026,ENGI,1331,05,"Ledesma,Elmer Banas",18,6,9,3,4,2,4,10,,,,1,1,58,3.040
Spring 2026,ENGI,1331,08,"Zelisko,Matthew Raymond",9,6,11,6,7,5,3,4,,1,,2,4,58,2.678
Spring 2026,ENGI,1331,12,"Kota,Venkata Krishna Tulasi",14,5,6,6,8,7,2,1,,,,3,6,58,2.667
Spring 2026,ENGI,1331,14,"Ledesma,Elmer Banas",18,6,3,7,14,4,3,2,,,,,,57,3.263
Spring 2026,ENGI,1331,15,"Malamataris,Nikolaos",25,3,4,2,5,3,1,2,,,,4,7,56,2.809
Spring 2026,ENGI,1331,02,"Kota,Venkata Krishna Tulasi",11,,5,8,3,4,1,,5,,,7,5,49,2.143
Spring 2026,ENGI,1331,03,"Landon,Alexandra Maley",23,9,3,5,3,1,,3,,,,1,,48,3.466
Spring 2026,ENGI,1331,06,"Landon,Alexandra Maley",16,11,5,4,7,,1,3,,,,1,,48,3.375
Spring 2026,ENGI,1331,04,"Zelisko,Matthew Raymond",18,6,6,3,6,1,,1,,,,,2,43,3.357
Spring 2026,ENGI,1331,10,"Metrovich,Brian",9,,,2,4,,,,,,,,,15,3.644
Spring 2026,ENGI,2304,14,"Salvo,Deborah C",33,1,1,,,,1,,,,,,,36,3.898
Spring 2026,ENGI,2304,14,"Binder,Andreana",12,3,4,,3,1,,1,,,,1,,25,3.413
Spring 2026,ENGI,2304,11,"Wilson,Chad A",26,,1,2,3,,1,,,,,,3,36,3.444
Spring 2026,ENGI,2304,03,"Salvo,Deborah C",20,1,1,,,,,,,,,1,2,25,3.467
Spring 2026,ENGI,2304,05,"Ettelson,Jennifer Jane",17,,2,1,,1,,,,1,1,2,,25,3.227
Spring 2026,ENGI,2304,08,"Ettelson,Jennifer Jane",20,3,1,,1,,,,,,,,,25,3.894
Spring 2026,ENGI,2304,09,"Wilson,Chad A",11,7,2,,2,2,,,,,,,1,25,3.454
Spring 2026,ENGI,2304,15,"Pushaw,Stephanie",17,4,1,1,,1,,,,,,,1,25,3.614
Spring 2026,ENGI,2304,16,"Pushaw,Stephanie",14,1,2,2,4,,,,,,,1,1,25,3.373
Spring 2026,ENGI,2304,17,"Naqvi,Ali Mohammad",15,1,1,1,,1,,1,1,1,1,,2,25,3.067
Spring 2026,ENGI,2304,18,"Contos,Ashlie Meghan",12,3,1,2,1,1,,2,,,,2,1,25,3.094
Spring 2026,ENGI,2304,19,"Acosta,Andres Marcelo",14,4,,1,2,,,1,1,,,1,1,25,3.334
Spring 2026,ENGI,2304,02,"Contos,Ashlie Meghan",12,3,1,,5,1,,,,1,,,1,24,3.389
Spring 2026,ENGI,2304,06,"Estrada,Carl",2,4,7,3,2,1,,1,,,,,2,22,2.849
Spring 2026,ENGI,2304,20,"Lopez,Reese",8,1,3,1,1,1,2,1,,,,1,3,22,2.652
Spring 2026,ENGI,2304,04,"Estrada,Carl",2,6,1,1,5,,,3,1,,,1,,20,3.017
Spring 2026,ENGI,2304,13,"Wilson,Chad A",18,,,,2,,,,,,,,,20,3.933
Spring 2026,ENGI,2304,10,"Salvo,Deborah C",12,4,,,1,,,,,,,,1,18,3.667
Spring 2026,ENGI,2304,01,"Wilson,Chad A",14,,,,1,,1,,,,,,,16,3.813
Spring 2026,ENGI,2304,12,"Wilson,Chad A",11,1,,,1,,,1,,,,,,14,3.809
Spring 2026,ENGI,1100,03,"Metrovich,Brian",22,13,11,8,,11,4,,1,,,5,6,81,2.713
Spring 2026,ENGI,1100,04,"Musina,Guzel Railevna",56,3,7,2,1,,5,,,,,2,3,79,3.456
Spring 2026,ENGI,1100,02,"Musina,Guzel Railevna",42,1,10,,1,1,2,,,,,,3,60,3.506
Spring 2026,ENGI,1100,01,"Ledesma,Elmer Banas",14,7,8,6,8,4,3,3,,,,2,3,58,2.903
Spring 2026,ENGI,1100,07,"Acosta,Andres Marcelo",10,16,5,6,5,1,2,4,1,6,1,,1,58,2.886
Spring 2026,ENGI,1100,05,"Kota,Venkata Krishna Tulasi",8,4,5,1,,1,2,2,1,,,1,1,26,2.898
Spring 2026,ENGI,1100,06,"Kota,Venkata Krishna Tulasi",11,3,5,,2,1,,1,1,,,1,1,26,3.154
Spring 2026,ENGI,4198,5,"Landon,Alexandra Maley",14,,,,,,,,,,,,,14,4.000
Spring 2026,ENGI,6397,01,"Henderson,Jerrod A",3,,,,,,,,,,,,,3,4.000
Spring 2026,ENGL,1302,89,"Watley,RauLanda",8,,7,1,3,3,,1,,1,,1,1,26,2.872
Spring 2026,ENGL,1302,102,"Gonzalez,Maria C",6,9,3,3,4,,,,,,,,,25,3.494
Spring 2026,ENGL,1302,103,"Moore,Kelly L",10,6,3,1,2,1,,1,,,,,1,25,3.387
Spring 2026,ENGL,1302,104,"Hiers,Maria",9,,2,3,4,1,,1,1,,,3,1,25,2.746
Spring 2026,ENGL,1302,106,"Klopp,Chelsea Gordon",10,2,6,4,2,,,,,,,1,,25,3.307
Spring 2026,ENGL,1302,109,"Neace,Cassandra L",,5,8,3,4,1,,3,,,,1,,25,2.907
Spring 2026,ENGL,1302,110,"Moore,Kelly L",7,6,2,1,2,1,,1,,,,1,4,25,2.787
Spring 2026,ENGL,1302,111,"Rolater,Sara C",3,4,5,6,,,4,,,1,1,1,,25,2.655
Spring 2026,ENGL,1302,114,"Rolater,Sara C",2,8,3,2,3,1,1,2,,2,1,,,25,2.908
Spring 2026,ENGL,1302,115,"Hiers,Maria",12,1,2,1,5,1,,1,,,,,2,25,3.253
Spring 2026,ENGL,1302,116,"Shen,Srisha",13,3,1,,4,,,1,,,,1,2,25,3.266
Spring 2026,ENGL,1302,119,"Butler,Paul G",4,2,4,3,,4,2,,1,,,,5,25,2.228
Spring 2026,ENGL,1302,12,"Krolczyk,Courtney Kendall",6,10,2,1,3,1,,,,,,1,1,25,3.254
Spring 2026,ENGL,1302,124,"Rolater,Sara C",5,2,7,1,2,3,,4,,,,1,,25,2.920
Spring 2026,ENGL,1302,129,"Neace,Cassandra L",1,10,2,4,4,,3,,,,,,1,25,3.028
Spring 2026,ENGL,1302,131,"Rajkumar,Nidhi",11,4,,2,,1,1,,,,,6,,25,2.708
Spring 2026,ENGL,1302,132,"Rajkumar,Nidhi",12,7,,2,2,1,,,,,,1,,25,3.508
Spring 2026,ENGL,1302,14,"Lipke,Amy P",3,3,1,4,1,1,1,4,,1,,2,4,25,2.147
Spring 2026,ENGL,1302,140,"Rajkumar,Nidhi",17,,2,3,,,,1,,,,2,,25,3.374
Spring 2026,ENGL,1302,141,"Rajkumar,Nidhi",16,3,,1,1,1,,,,1,,1,1,25,3.347
Spring 2026,ENGL,1302,142,"Downey,Carlton M",21,3,,,,,1,,,,,,,25,3.867
Spring 2026,ENGL,1302,143,"Downey,Carlton M",16,4,3,,,,,,1,,,,1,25,3.547
Spring 2026,ENGL,1302,144,"Jones,Arlandis",,5,3,3,5,,1,1,,,1,2,4,25,2.294
Spring 2026,ENGL,1302,145,"Garcia,Serena Mari",10,8,,1,2,1,1,1,,,,1,,25,3.388
Spring 2026,ENGL,1302,146,"Garcia,Serena Mari",9,6,4,1,1,1,,1,,,,2,,25,3.214
Spring 2026,ENGL,1302,147,"Stewart-Steele,Heather Marie",2,6,1,2,6,1,,1,1,,,3,2,25,2.547
Spring 2026,ENGL,1302,15,"Horton,Lara",9,8,1,1,2,,,1,,,,1,2,25,3.201
Spring 2026,ENGL,1302,150,"Garcia,Serena Mari",9,6,,3,1,1,1,,,,,3,1,25,2.921
Spring 2026,ENGL,1302,16,"Worley,Sharon J",4,4,1,3,7,1,,1,,1,,2,1,25,2.800
Spring 2026,ENGL,1302,17,"Neace,Cassandra L",,3,3,5,6,3,1,3,,,,,1,25,2.720
Spring 2026,ENGL,1302,2,"Lee,Nathanael D",3,5,1,3,3,1,1,,,,,2,6,25,2.201
Spring 2026,ENGL,1302,21,"Klopp,Chelsea Gordon",8,2,3,2,1,,,3,,,,,6,25,2.560
Spring 2026,ENGL,1302,26,"Bass,Kasey Dawn",7,6,2,2,1,,2,2,2,,,1,,25,2.988
Spring 2026,ENGL,1302,27,"Bass,Kasey Dawn",9,4,2,2,,,1,2,,,1,3,1,25,2.787
Spring 2026,ENGL,1302,3,"Downey,Carlton M",21,2,,,1,,,,,,,,1,25,3.787
Spring 2026,ENGL,1302,33,"Rolater,Sara C",5,7,4,4,3,,,,,,,1,1,25,3.134
Spring 2026,ENGL,1302,34,"Horton,Lara",3,5,2,2,3,1,,1,1,1,,2,4,25,2.307
Spring 2026,ENGL,1302,38,"Lopez,Reese",5,7,3,3,2,,2,1,,,,1,1,25,3.001
Spring 2026,ENGL,1302,39,"Lopez,Reese",8,6,2,2,4,1,,,,,,1,1,25,3.227
Spring 2026,ENGL,1302,41,"Campese,Kathleen Ann",15,3,3,,,,,1,,,,1,2,25,3.294
Spring 2026,ENGL,1302,43,"Campese,Kathleen Ann",18,3,2,,,,,,,,,,2,25,3.560
Spring 2026,ENGL,1302,45,"Bass,Kasey Dawn",14,3,,,1,1,1,,,,1,2,2,25,3.014
Spring 2026,ENGL,1302,47,"Bass,Kasey Dawn",13,5,1,2,1,,,1,1,1,,,,25,3.441
Spring 2026,ENGL,1302,49,"Braniger,Leslie",4,6,2,6,4,,1,,,,,1,1,25,3.001
Spring 2026,ENGL,1302,53,"Santos,Melanie Elizabeth",8,1,8,2,3,,,1,,,,,2,25,3.093
Spring 2026,ENGL,1302,54,"Worley,Sharon J",6,5,3,2,3,1,,,,1,,1,3,25,2.774
Spring 2026,ENGL,1302,57,"Braniger,Leslie",,5,6,5,1,2,2,,,1,,1,2,25,2.442
Spring 2026,ENGL,1302,61,"Jones,Baylea",12,2,2,1,1,1,,1,2,,1,1,1,25,3.000
Spring 2026,ENGL,1302,62,"Kroger,Ann Gabriel",12,3,3,,1,1,,,,,,3,2,25,2.934
Spring 2026,ENGL,1302,63,"Wingard,Jennifer L",18,3,,,1,1,1,1,,,,,,25,3.694
Spring 2026,ENGL,1302,64,"Kroger,Ann Gabriel",14,2,4,,3,,,,,,,1,1,25,3.413
Spring 2026,ENGL,1302,65,"Kroger,Ann Gabriel",12,3,5,1,3,,,,,,,1,,25,3.467
Spring 2026,ENGL,1302,68,"Sicinski,Michael J",10,7,,1,4,,,,,,,1,2,25,3.267
Spring 2026,ENGL,1302,69,"Sicinski,Michael J",11,9,,1,3,,,1,,,,,,25,3.681
Spring 2026,ENGL,1302,7,"Sicinski,Michael J",6,9,2,1,1,1,,,,,,2,3,25,2.841
Spring 2026,ENGL,1302,70,"Sicinski,Michael J",10,6,,,2,1,,,1,,,4,1,25,2.867
Spring 2026,ENGL,1302,71,"Presswood,Phillip Hilliard",23,2,,,,,,,,,,,,25,3.974
Spring 2026,ENGL,1302,72,"Presswood,Phillip Hilliard",18,2,,1,,,,1,,,,1,2,25,3.374
Spring 2026,ENGL,1302,73,"Presswood,Phillip Hilliard",21,1,,,1,,,,,,,,2,25,3.640
Spring 2026,ENGL,1302,74,"Presswood,Phillip Hilliard",22,1,,,1,,,,,,,1,,25,3.800
Spring 2026,ENGL,1302,77,"Stewart-Steele,Heather Marie",1,7,,1,2,2,1,,,,,4,7,25,1.788
Spring 2026,ENGL,1302,79,"Stewart-Steele,Heather Marie",,4,3,4,2,1,,2,1,,,3,5,25,1.947
Spring 2026,ENGL,1302,81,"Presswood,Phillip Hilliard",23,2,,,,,,,,,,,,25,3.974
Spring 2026,ENGL,1302,82,"Pogue,Donovan A",2,9,,2,7,,,,,,2,2,1,25,2.894
Spring 2026,ENGL,1302,83,"Pogue,Donovan A",,11,2,1,4,1,,4,1,,,1,,25,2.987
Spring 2026,ENGL,1302,84,"Pogue,Donovan A",1,5,1,6,3,1,1,,,,1,,6,25,2.254
Spring 2026,ENGL,1302,86,"Worley,Sharon J",7,9,1,,,1,2,,,1,,2,2,25,2.802
Spring 2026,ENGL,1302,88,"Worley,Sharon J",7,8,1,3,2,,,1,,,,1,2,25,3.094
Spring 2026,ENGL,1302,90,"Cowan,Joshua Jared",4,3,1,,3,2,1,3,,1,1,,6,25,2.186
Spring 2026,ENGL,1302,94,"Krolczyk,Courtney Kendall",4,4,1,1,7,1,1,1,,1,,3,1,25,2.653
Spring 2026,ENGL,1302,96,"Pachuca,Adrian",13,3,2,1,1,1,2,,1,,,1,,25,3.254
Spring 2026,ENGL,1302,98,"Lee,Nathanael D",,4,3,5,5,1,1,1,1,,,1,3,25,2.427
Spring 2026,ENGL,1302,101,"Hiers,Maria",5,7,2,3,1,,,1,,,,2,3,24,2.723
Spring 2026,ENGL,1302,113,"Rolater,Sara C",4,4,1,4,3,2,,2,,,,3,1,24,2.625
Spring 2026,ENGL,1302,120,"Jones,Arlandis",,3,2,,6,,1,2,1,,,4,5,24,1.847
Spring 2026,ENGL,1302,149,"Downey,Carlton M",17,4,1,1,1,,,,,,,,,24,3.820
Spring 2026,ENGL,1302,153,"Julian,Jennifer La'Vonne",11,7,,,3,,,,,,,3,,24,3.320
Spring 2026,ENGL,1302,23,"Klopp,Chelsea Gordon",7,4,1,4,3,2,,,,,,3,,24,2.931
Spring 2026,ENGL,1302,29,"Lee,Nathanael D",,5,3,3,5,,1,,,,,3,4,24,2.237
Spring 2026,ENGL,1302,35,"Horton,Lara",4,5,1,4,2,,2,,1,,,1,4,24,2.460
Spring 2026,ENGL,1302,44,"Campese,Kathleen Ann",11,5,3,2,2,,,,,,,,1,24,3.473
Spring 2026,ENGL,1302,50,"Braniger,Leslie",5,4,2,4,2,,2,,,,1,2,2,24,2.612
Spring 2026,ENGL,1302,56,"Braniger,Leslie",1,5,1,2,3,1,4,2,,,,1,4,24,2.251
Spring 2026,ENGL,1302,60,"Jones,Baylea",9,5,2,1,3,,,2,1,1,,,,24,3.306
Spring 2026,ENGL,1302,66,"Kroger,Ann Gabriel",10,7,2,1,,,,,,,,3,1,24,3.098
Spring 2026,ENGL,1302,78,"Stewart-Steele,Heather Marie",,10,,4,1,,,3,1,,,1,4,24,2.446
Spring 2026,ENGL,1302,8,"Ahern,John Michael",10,7,2,,1,,1,,,,1,1,1,24,3.251
Spring 2026,ENGL,1302,91,"Walkington,Jeffrey Walter",7,4,2,,3,,1,,,1,,5,1,24,2.542
Spring 2026,ENGL,1302,148,"Downey,Carlton M",16,4,,,2,,1,,,,,,,23,3.783
Spring 2026,ENGL,1302,151,"Garcia,Serena Mari",6,7,,1,3,,,1,,1,1,2,1,23,2.899
Spring 2026,ENGL,1302,152,"Garcia,Serena Mari",10,7,2,,1,1,1,,,,,1,,23,3.421
Spring 2026,ENGL,1302,20,"Lipke,Amy P",3,4,1,3,3,1,,2,1,2,,1,2,23,2.464
Spring 2026,ENGL,1302,36,"Horton,Lara",6,1,,2,3,,1,2,,,,4,4,23,2.145
Spring 2026,ENGL,1302,40,"Lindahl,Carl R",5,5,1,1,6,,,,,,,,5,23,2.783
Spring 2026,ENGL,1302,80,"Stewart-Steele,Heather Marie",,6,3,3,3,1,,1,,,,3,3,23,2.320
Spring 2026,ENGL,1302,121,"Krolczyk,Courtney Kendall",4,12,1,,2,,,1,,,,1,1,22,3.274
Spring 2026,ENGL,1302,22,"Guajardo,Paul",5,2,,2,10,,,,,,,,3,22,2.999
Spring 2026,ENGL,1302,42,"Horton,Lara",6,2,1,5,2,1,,2,,,1,,2,22,2.834
Spring 2026,ENGL,1302,01,"Zheng,Karen",9,4,3,,1,,,,,,,,2,19,3.316
Spring 2026,ENGL,1302,11,"Karn,Jeremy Teddy",9,5,2,,2,,,,,,,,1,19,3.527
Spring 2026,ENGL,1302,112,"Hoda,Sohail",6,5,1,2,4,,,1,,,,,,19,3.492
Spring 2026,ENGL,1302,117,"Riggins,Coleman Daniel",9,2,3,2,2,,,,1,,,,,19,3.439
Spring 2026,ENGL,1302,125,"Moon,Bo Hee",8,4,1,,2,1,,1,,,,2,,19,3.193
Spring 2026,ENGL,1302,126,"Liu,Tianni",7,4,2,,4,,2,,,,,,,19,3.439
Spring 2026,ENGL,1302,13,"Oghabi,Elham",12,4,,,1,,,,,,1,,1,19,3.544
Spring 2026,ENGL,1302,133,"Brinkley,Paola Garcia",3,,10,,,3,,,,,,2,1,19,2.526
Spring 2026,ENGL,1302,19,"Mitchell,Malcolm Dean",13,3,,,1,,,,,,,,2,19,3.492
Spring 2026,ENGL,1302,25,"Khan,Iqra",15,2,1,,,,,,,,,,1,19,3.702
Spring 2026,ENGL,1302,32,"Raines,Daniel",7,,1,2,,1,2,1,,,,1,4,19,2.316
Spring 2026,ENGL,1302,37,"Singh,Shraya",8,2,4,1,1,1,,1,,,,1,,19,3.246
Spring 2026,ENGL,1302,5,"Braun,James",5,4,,2,5,,,,,,,3,,19,2.983
Spring 2026,ENGL,1302,51,"Sen,Chaitali",5,2,2,3,1,1,1,1,,,,2,1,19,2.667
Spring 2026,ENGL,1302,52,"Ellis,Eileen Renee",4,3,1,4,4,,,1,1,,,1,,19,3.018
Spring 2026,ENGL,1302,6,"Nair,Vinay Prabhakaran",12,4,,1,,,,1,,,,,1,19,3.562
Spring 2026,ENGL,1302,67,"O'Bryan,Ann Patricia",12,5,1,,,1,,,,,,,,19,3.755
Spring 2026,ENGL,1302,92,"Farrell,Miles Alexander",4,2,3,3,2,2,,2,,,,1,,19,2.930
Spring 2026,ENGL,1302,10,"Roldan,Camilo",9,1,2,,3,1,,,,,,,2,18,3.203
Spring 2026,ENGL,1302,107,"Guajardo,Paul",3,4,4,2,4,,,,,,,1,,18,3.186
Spring 2026,ENGL,1302,122,"Akinde,Olasubomi Ukwuoma",3,5,,5,3,,,1,,,1,,,18,3.186
Spring 2026,ENGL,1302,136,"Islam,Muhammad Nurul",7,2,2,1,2,,,,,,,3,1,18,2.815
Spring 2026,ENGL,1302,24,"Wei,Weixiao",4,4,2,1,1,1,,2,,,1,2,,18,2.815
Spring 2026,ENGL,1302,28,"Hogan,Conor Patrick",9,3,,2,2,,,1,,,,,1,18,3.408
Spring 2026,ENGL,1302,87,"Suarez,Monique R",7,5,,1,1,1,1,,,,,1,1,18,3.112
Spring 2026,ENGL,1302,105,"McGehee,Laura",6,1,5,,3,1,,,,,,,1,17,3.215
Spring 2026,ENGL,1302,134,"Ademoroti,Adeniyi Ayodeji",8,1,,3,1,,,,,,,1,1,15,3.134
Spring 2026,ENGL,1301,10,"Murray,Christopher Brean",9,4,3,,3,,1,,,,,,5,25,2.854
Spring 2026,ENGL,1301,11,"Murray,Christopher Brean",5,2,1,3,2,3,,,1,,1,1,6,25,2.134
Spring 2026,ENGL,1301,17,"Chatterjee,Sreya",10,2,3,1,4,,,,,,,3,2,25,2.893
Spring 2026,ENGL,1301,30,"Ganter,Blaine",,1,2,2,,,2,4,,,,10,4,25,1.107
Spring 2026,ENGL,1301,36,"Yates,Kaitlyn",2,2,2,5,3,2,1,1,,,,2,5,25,2.107
Spring 2026,ENGL,1301,13,"Zachow,Alix V",4,3,2,2,1,,,,,2,,7,3,24,1.793
Spring 2026,ENGL,1301,14,"Zachow,Alix V",,7,,5,2,,,,1,,2,5,2,24,2.057
Spring 2026,ENGL,1301,15,"Zachow,Alix V",1,3,2,2,1,2,1,3,,,3,4,2,24,1.930
Spring 2026,ENGL,1301,2,"Dubois,Mary Elizabeth",14,1,,1,,1,1,,1,,,4,1,24,2.792
Spring 2026,ENGL,1301,23,"Singh,Kavita Ashana",9,1,2,1,,,,1,1,,,6,3,24,2.153
Spring 2026,ENGL,1301,37,"Yates,Kaitlyn",2,2,1,2,2,1,2,1,,1,1,7,2,24,1.667
Spring 2026,ENGL,1301,6,"Gregory,Elizabeth",4,5,2,1,1,1,1,1,1,,,2,5,24,2.223
Spring 2026,ENGL,1301,1,"Wong,Karen Y",3,5,2,2,6,2,,,,1,,2,,23,2.884
Spring 2026,ENGL,1301,16,"Berger,Jason",6,5,2,2,4,1,,2,,,,,1,23,3.203
Spring 2026,ENGL,1301,21,"Murray,Christopher Brean",8,3,,,2,1,,1,,,,4,4,23,2.348
Spring 2026,ENGL,1301,22,"Dubois,Mary Elizabeth",13,1,2,2,,3,,,,,,1,1,23,3.174
Spring 2026,ENGL,1301,35,"Yates,Kaitlyn",4,6,3,1,1,,2,,,1,,4,,22,2.592
Spring 2026,ENGL,1301,25,"Bass,Kasey Dawn",9,3,1,,3,,,,,,,1,4,21,2.857
Spring 2026,ENGL,1301,12,"Feizbakhsh Tavana,Zahra",12,1,,1,2,,,,,,,1,2,19,3.211
Spring 2026,ENGL,1301,18,"Williams III,El",5,2,1,,1,3,,1,1,,,3,2,19,2.263
Spring 2026,ENGL,1301,19,"Ayegboyin,Omolola Dorcas",6,1,,4,,,1,1,1,,1,2,2,19,2.352
Spring 2026,ENGL,1301,24,"Kunasek,Caleb",7,2,,1,3,,,,1,,,3,1,18,2.722
Spring 2026,ENGL,1301,26,"Soullier,Anastasia Constance",3,1,2,2,,,,1,,,,,1,10,2.934
Spring 2026,ENGL,2361,34,"Tierney,Robert Barkley",2,3,2,,1,,,,,,,,,8,3.543
Spring 2026,ENGL,2361,02,"Barnes,Michael",5,1,,,,,1,,,,,,,7,3.620
Spring 2026,ENGL,2361,09,"Morrison,Iain P D",1,2,,,3,,,,,,,,,6,3.555
Spring 2026,ENGL,2361,12,"Trninic,Marina",,5,,,1,,,,,,,,,6,3.613
Spring 2026,ENGL,2361,29,"Ferguson,Jamie H",2,3,,,,,,,,,,1,,6,3.168
Spring 2026,ENGL,2361,14,"Vollrath,Lesli A",1,,1,,3,,,,,,,,,5,3.398
Spring 2026,ENGL,2361,15,"Vollrath,Lesli A",,4,,,1,,,,,,,,,5,3.602
Spring 2026,ENGL,2361,23,"Ford,Bryn Eames",,1,2,,1,,,1,,,,,,5,3.066
Spring 2026,ENGL,2361,25,"Gish,Dustin",1,2,,,2,,,,,,,,,5,3.600
Spring 2026,ENGL,2361,28,"Lyke,Larry",1,1,,,3,,,,,,,,,5,3.532
Spring 2026,ENGL,2361,31,"Rayneard,Max James Anthony",1,1,,,2,,,,,,,,1,5,2.866
Spring 2026,ENGL,2361,33,"Tierney,Robert Barkley",,2,1,,1,,,,,,,,1,5,2.734
Spring 2026,ENGL,2361,03,"Charara,Hayan S",1,,2,,1,,,,,,,,,4,3.333
Spring 2026,ENGL,2361,04,"Charara,Hayan S",2,1,,,1,,,,,,,,,4,3.750
Spring 2026,ENGL,2361,06,"Rainbow,Jesse J",1,2,,,1,,,,,,,,,4,3.668
Spring 2026,ENGL,2361,08,"Garner,Richard A",1,,1,,2,,,,,,,,,4,3.415
Spring 2026,ENGL,2361,13,"Trninic,Marina",1,2,,,1,,,,,,,,,4,3.668
Spring 2026,ENGL,2361,22,"Cooper,Carol B",,1,2,,,,,1,,,,,,4,3.000
Spring 2026,ENGL,2361,26,"Gish,Dustin",,3,1,,,,,,,,,,,4,3.503
Spring 2026,ENGL,2361,36,"Frith,Eric",2,,2,,,,,,,,,,,4,3.500
Spring 2026,ENGL,2361,01,"Barnes,Michael",1,1,,,1,,,,,,,,,3,3.667
Spring 2026,ENGL,2361,30,"Ferguson,Jamie H",1,1,,,1,,,,,,,,,3,3.667
Spring 2026,ENGL,2361,35,"Frith,Eric",,2,,,1,,,,,,,,,3,3.557
Spring 2026,ENGL,2361,05,"Rainbow,Jesse J",,,1,,,,,,,,,,1,2,1.500
Spring 2026,ENGL,2361,10,"Houlihan,James William",1,1,,,,,,,,,,,,2,3.835
Spring 2026,ENGL,2361,11,"Sisman,Cengiz",,1,,,1,,,,,,,,,2,3.500
Spring 2026,ENGL,2361,16,"Dawson,Cindy",1,,,,1,,,,,,,,,2,3.665
Spring 2026,ENGL,2361,17,"Dawson,Cindy",,1,,,1,,,,,,,,,2,3.500
Spring 2026,ENGL,2361,21,"Cooper,Carol B",,,,1,,,,,,,,1,,2,1.335
Spring 2026,ENGL,2361,24,"Ford,Bryn Eames",,,2,,,,,,,,,,,2,3.000
Spring 2026,ENGL,2361,32,"Rayneard,Max James Anthony",,,,,1,,,,,,,,,1,3.330
Spring 2026,ENGL,2305,1,"Fretwell,Leah M",14,3,4,1,,1,1,1,,2,1,,2,30,3.012
Spring 2026,ENGL,2305,4,"Zamora,Lois",4,2,5,1,3,5,1,,1,1,,3,3,29,2.219
Spring 2026,ENGL,2305,2,"Raza,Iqra",15,6,1,,2,1,,1,,,,,,26,3.693
Spring 2026,ENGL,2305,3,"Hiers,Maria",8,3,,1,1,1,,,,1,,,1,16,3.230
Spring 2026,ENGL,2315,1,"Sicinski,Michael J",17,11,1,,,,,,,,,,1,30,3.712
Spring 2026,ENGL,2315,2,"Stock,Lorraine K",1,3,7,4,7,,1,3,,,1,1,1,29,2.758
Spring 2026,ENGL,2306,1,"Murray,Christopher Brean",16,3,4,1,3,,,1,,,,,1,29,3.517
Spring 2026,ENGL,2306,3,"Fortuna,Devereux",24,1,,,3,,,1,,,,,,29,3.862
Spring 2026,ENGL,3331,2,"Rizzo,Kaitlin M",17,,,,,,,,1,,,1,,19,3.632
Spring 2026,ENGL,3331,3,"Belieu,Erin Colleen",8,2,1,1,4,,,,,,,,2,18,3.241
Spring 2026,ENGL,3331,1,"Wolff,Alexander Lazarus",8,1,,1,,,,1,,,,3,1,15,2.711
Spring 2026,ENGL,3301,1,"Bernardi,Muriel",3,1,5,1,4,1,1,2,,,,1,1,20,2.750
Spring 2026,ENGL,3301,3,"Yang,Sunny Chen",7,2,3,3,1,,,1,,,,,2,19,3.053
Spring 2026,ENGL,3301,2,"Mazella,David S",5,1,1,2,,,1,,,,,,2,12,2.807
Spring 2026,ENGL,3330,2,"Story,Anna Elizabeth",14,2,,1,2,,,,1,,,,,20,3.684
Spring 2026,ENGL,3330,3,"Repass,Scott James",13,3,1,,,1,,,,,,,,18,3.778
Spring 2026,ENGL,3324,1,"Lecourt,Sebastian Joseph",13,11,,,5,,,1,,,,1,,31,3.592
Spring 2026,ENGL,3315,1,"Womble,David Avari Patrick",3,5,4,3,5,,1,4,,2,1,1,1,30,2.689
Spring 2026,ENGL,3322,1,"Majumder,Auritro",11,4,1,3,7,2,,1,,,,1,,30,3.311
Spring 2026,ENGL,3350,1,"Berger,Jason",15,3,2,1,5,1,,1,,,,1,1,30,3.355
Spring 2026,ENGL,3361,1,"Ellis,Amanda",13,7,2,1,2,,1,1,,1,1,,1,30,3.301
Spring 2026,ENGL,3363,1,"Harrell,Haylee C",10,4,2,4,1,,3,2,,2,,2,,30,2.857
Spring 2026,ENGL,3365,1,"Chatterjee,Sreya",16,11,,,2,,,,,,,,1,30,3.701
Spring 2026,ENGL,4322,1,"Pogue,Donovan A",7,6,1,1,8,1,,2,,,,1,3,30,2.966
Spring 2026,ENGL,2316,1,"Khalil,Rand Omar",15,1,2,,2,,,,,1,1,2,5,29,2.701
Spring 2026,ENGL,3353,1,"Ehlers,Sarah E",15,4,3,1,1,,,2,,,,1,2,29,3.253
Spring 2026,ENGL,4300,1,"Lee,Eunjeong",17,4,2,1,1,,2,1,,,,,1,29,3.460
Spring 2026,ENGL,3351,1,"Gonzalez,Maria C",7,9,,1,3,1,2,,,,,4,,27,2.927
Spring 2026,ENGL,2318,1,"Prufer,Kevin D",7,3,4,1,4,1,1,1,,,,1,2,25,2.920
Spring 2026,ENGL,2321,1,"Salome,Melanie Rebecca",4,8,4,2,1,,1,,,,,5,,25,2.708
Spring 2026,ENGL,4371,1,"Liddell,Robert B",25,,,,,,,,,,,,,25,4.000
Spring 2026,ENGL,3328,1,"Womble,David Avari Patrick",3,6,1,1,8,1,1,,,,,2,1,24,2.917
Spring 2026,ENGL,3306,1,"Christensen,Ann C",12,3,,1,1,1,,2,,,1,1,1,23,3.174
Spring 2026,ENGL,4385,1,"Parsons,Alexander M",15,4,,,,,,1,,,,2,,22,3.500
Spring 2026,ENGL,3318,1,"Backus,Margot Gayle",11,1,1,2,,1,,3,,,,2,,21,3.095
Spring 2026,ENGL,4304,1,"Duran,Chatwara",12,4,4,,,,,,,,,,1,21,3.556
Spring 2026,ENGL,4373,1,"Wong,Karen Y",6,6,2,,3,,,,1,,,1,2,21,3.000
Spring 2026,ENGL,2307,2,"Zachow,Alix V",7,2,,1,2,1,1,,,,1,3,2,20,2.484
Spring 2026,ENGL,2350,1,"Pogue,Donovan A",3,7,1,2,1,1,1,2,,,1,1,,20,2.951
Spring 2026,ENGL,3327,1,"Lindahl,Carl R",5,3,1,,5,1,1,,,,,,4,20,2.717
Spring 2026,ENGL,3341,1,"Butler,Paul G",12,2,3,,1,2,,,,,,,,20,3.584
Spring 2026,ENGL,4386,2,"Brown,Julia Bethel",12,4,1,,3,,,,,,,,,20,3.784
Spring 2026,ENGL,4315,1,"Zentz,Lauren R",10,2,2,1,1,,,1,,,,,2,19,3.246
Spring 2026,ENGL,4383,1,"Mengesha,Abigail Mulatu",15,2,2,,,,,,,,,,,19,3.860
Spring 2026,ENGL,3352,1,"Yang,Sunny Chen",6,4,2,1,2,1,,,,,,,1,17,3.295
Spring 2026,ENGL,4387,1,"Boswell,Robert L",11,2,1,,,2,,,,,,,1,17,3.432
Spring 2026,ENGL,4396,1,"Stock,Lorraine K",6,3,1,,4,,1,,,,2,,,17,3.274
Spring 2026,ENGL,4332,1,"Snediker,Michael",7,5,,1,1,,,2,,,,,,16,3.563
Spring 2026,ENGL,4382,1,"Belieu,Erin Colleen",11,2,1,,1,1,,,,,,,,16,3.729
Spring 2026,ENGL,6300,1,"Shepley,Nathan",15,1,,,,,,,,,,,,16,3.979
Spring 2026,ENGL,3321,1,"Backus,Margot Gayle",10,1,1,,,1,,,,,,1,1,15,3.245
Spring 2026,ENGL,8395,1,"Wingard,Jennifer L",14,,,,,,,,,,,,,14,4.000
Spring 2026,ENGL,3317,1,"Mazella,David S",4,1,1,,3,1,,,,,,,3,13,2.666
Spring 2026,ENGL,7380,1,"Davies,Daniel",12,,,,,,,,,,,,,12,4.000
Spring 2026,ENGL,3309,1,"Ferguson,Jamie H",5,1,1,,2,1,1,,,,,,,11,3.364
Spring 2026,ENGL,7323,1,"Nelson,Antonya",11,,,,,,,,,,,,,11,4.000
Spring 2026,ENGL,8381,1,"Harrell,Haylee C",10,,1,,,,,,,,,,,11,3.909
Spring 2026,ENGL,8699,9,"Turchi,Peter D",2,,,,,,,,,,,,,2,4.000
Spring 2026,ENGL,8699,10,"Chatterjee,Sreya",1,,,,,,,,,,,,,1,4.000
Spring 2026,ENGL,8699,11,"Belieu,Erin Colleen",1,,,,,,,,,,,,,1,4.000
Spring 2026,ENGL,8699,14,"Prufer,Kevin D",1,,,,,,,,,,,,,1,4.000
Spring 2026,ENGL,8699,15,"Aboul-Ela,Hosam",1,,,,,,,,,,,,,1,4.000
Spring 2026,ENGL,8699,16,"Lee,Eunjeong",1,,,,,,,,,,,,,1,4.000
Spring 2026,ENGL,8699,4,"Divakaruni,Chitra B",1,,,,,,,,,,,,,1,4.000
Spring 2026,ENGL,8699,5,"Serpas,Martha R",1,,,,,,,,,,,,,1,4.000
Spring 2026,ENGL,8699,6,"Nelson,Antonya",1,,,,,,,,,,,,,1,4.000
Spring 2026,ENGL,8699,8,"Zentz,Lauren R",1,,,,,,,,,,,,,1,4.000
Spring 2026,ENGL,8399,16,"Turchi,Peter D",2,,,,,,,,,,,,,2,4.000
Spring 2026,ENGL,8399,10,"Prufer,Kevin D",1,,,,,,,,,,,,,1,4.000
Spring 2026,ENGL,8399,13,"Divakaruni,Chitra B",1,,,,,,,,,,,,,1,4.000
Spring 2026,ENGL,8399,17,"Nelson,Antonya",1,,,,,,,,,,,,,1,4.000
Spring 2026,ENGL,8399,22,"Aboul-Ela,Hosam",1,,,,,,,,,,,,,1,4.000
Spring 2026,ENGL,8399,23,"Serpas,Martha R",1,,,,,,,,,,,,,1,4.000
Spring 2026,ENGL,8399,24,"Lee,Eunjeong",1,,,,,,,,,,,,,1,4.000
Spring 2026,ENGL,8399,3,"Belieu,Erin Colleen",1,,,,,,,,,,,,,1,4.000
Spring 2026,ENGL,8399,4,"Chatterjee,Sreya",1,,,,,,,,,,,,,1,4.000
Spring 2026,ENGL,4384,1,"Flynn,Nicholas",9,,,,,,,,,,,,,9,4.000
Spring 2026,ENGL,6320,1,"Prufer,Kevin D",9,,,,,,,,,,,,,9,4.000
Spring 2026,ENGL,6324,1,"Flynn,Nicholas",9,,,,,,,,,,,,,9,4.000
Spring 2026,ENGL,7335,1,"Zentz,Lauren R",5,2,,1,,,,,1,,,,,9,3.446
Spring 2026,ENGL,7396,1,"Ellis,Amanda",9,,,,,,,,,,,,,9,4.000
Spring 2026,ENGL,6393,1,"Voskuil,Lynn M",7,1,,,,,,,,,,,,8,3.959
Spring 2026,ENGL,8388,1,"Singh,Kavita Ashana",8,,,,,,,,,,,,,8,4.000
Spring 2026,ENGL,4392,1,"Nelms,Jodi Lynn",6,,,,1,,,,,,,,,7,3.904
Spring 2026,ENGL,7699,4,"Turchi,Peter D",2,,,,,,,,,,,,,2,4.000
Spring 2026,ENGL,7699,1,"Nelson,Antonya",1,,,,,,,,,,,,,1,4.000
Spring 2026,ENGL,7699,2,"Boswell,Robert L",1,,,,,,,,,,,,,1,4.000
Spring 2026,ENGL,7699,3,"Prufer,Kevin D",1,,,,,,,,,,,,,1,4.000
Spring 2026,ENGL,7699,5,"Flynn,Nicholas",1,,,,,,,,,,,,,1,4.000
Spring 2026,ENGL,7699,6,"Tejada,Roberto Jose",1,,,,,,,,,,,,,1,4.000
Spring 2026,ENGL,8323,1,"Boswell,Robert L",7,,,,,,,,,,,,,7,4.000
Spring 2026,ENGL,4341,1,"Yildirim,Ali",,2,,1,2,,1,,,,,,,6,3.057
Spring 2026,ENGL,7324,1,"Turchi,Peter D",6,,,,,,,,,,,,,6,4.000
Spring 2026,ENGL,8397,1,"Zamora,Lois",4,1,,,,,,,,,,,,5,3.934
Spring 2026,ENGL,4399,01,"Ellis,Amanda",1,,,,,,,,,,,,,1,4.000
Spring 2026,ENGL,4399,2,"Zentz,Lauren R",,,,,,,,,,,,,1,1,0.000
Spring 2026,ENGL,4399,3,"Womble,David Avari Patrick",1,,,,,,,,,,,,,1,4.000
Spring 2026,ENGL,4399,4,"Womble,David Avari Patrick",1,,,,,,,,,,,,,1,4.000
Spring 2026,ENGL,7399,1,"Boswell,Robert L",1,,,,,,,,,,,,,1,4.000
Spring 2026,ENGL,7399,2,"Prufer,Kevin D",1,,,,,,,,,,,,,1,4.000
Spring 2026,ENGL,7399,3,"Flynn,Nicholas",1,,,,,,,,,,,,,1,4.000
Spring 2026,ENGL,7399,4,"Tejada,Roberto Jose",1,,,,,,,,,,,,,1,4.000
Spring 2026,ENGL,4398,01,"Womble,David Avari Patrick",1,,,,,,,,,,,,,1,4.000
Spring 2026,ENGL,4398,2,"Zamora,Lois",1,,,,,,,,,,,,,1,4.000
Spring 2026,ENGL,4398,3,"Backus,Margot Gayle",,,,1,,,,,,,,,,1,2.670
Spring 2026,ENGL,7322,1,"Charara,Hayan S",3,,,,,,,,,,,,,3,4.000
Spring 2026,ENGL,7398,1,"Womble,David Avari Patrick",1,,,,,,,,,,,,,1,4.000
Spring 2026,ENGL,7398,2,"Zamora,Lois",1,,,,,,,,,,,,,1,4.000
Spring 2026,ENGL,7398,3,"Nelms,Jodi Lynn",1,,,,,,,,,,,,,1,4.000
Spring 2026,ENGR,2301,03,"Hoskere,Vedhus",20,3,10,7,8,7,8,5,3,,,12,16,99,2.105
Spring 2026,ENGR,2301,02,"Krakowiak,Konrad",13,,20,,,27,,,11,,,9,10,90,1.967
Spring 2026,ENGR,1304,01,"Ray,Kyle A",4,12,3,1,16,2,,,,,,,1,39,3.307
Spring 2026,ENRG,3310,01,"Jacobsen,Nicolas Fisher",12,6,3,1,2,1,,,,,,,,25,3.614
Spring 2026,ENRG,3310,02,"Jacobsen,Nicolas Fisher",15,4,2,1,2,,,,,,,,1,25,3.600
Spring 2026,ENRG,4397,04,"Jacobsen,Nicolas Fisher",10,2,1,,1,,1,,,,,,1,16,3.459
Spring 2026,ENRG,4397,05,"Noack,Michelle Renee Rand",7,,1,,,,,,1,,,3,,12,2.667
Spring 2026,ENRG,4397,03,"Debrah,Akua Asamoah",5,1,,,,,,,,,,,,6,3.945
Spring 2026,ENRG,4320,01,"Moore,Sophia",21,1,3,,,,,,,,,,,25,3.867
Spring 2026,ENTR,3310,09,"Wilbur,Stephen",59,59,26,9,39,1,3,2,,,,2,,200,3.481
Spring 2026,ENTR,3310,02,"Ortega,Carlos Alberto",47,80,14,1,34,5,,6,4,1,2,2,3,199,3.371
Spring 2026,ENTR,3310,04,"Ortega,Carlos Alberto",43,64,8,3,63,8,,6,,1,,1,2,199,3.414
Spring 2026,ENTR,3310,01,"Ortega,Carlos Alberto",58,78,7,2,42,5,,2,,2,,,2,198,3.538
Spring 2026,ENTR,3310,05,"Ortega,Carlos Alberto",23,61,14,3,52,16,1,9,3,,1,3,11,197,3.036
Spring 2026,ENTR,3310,08,"Wilbur,Stephen",28,99,19,7,30,2,2,4,,,,2,4,197,3.389
Spring 2026,ENTR,3310,03,"Wilbur,Stephen",26,53,24,15,40,4,6,9,1,3,4,7,2,194,3.047
Spring 2026,ENTR,3310,10,"Ortega,Carlos Alberto",82,19,5,3,9,4,,,,,,2,4,128,3.584
Spring 2026,ENTR,3310,07,"Richards,Sean Wesley",17,3,1,3,3,,2,,,,,,1,30,3.445
Spring 2026,ENTR,3310,06,"Boles,James Read",3,3,,1,3,1,,1,,,,,,12,3.333
Spring 2026,ENTR,3312,04,"Lish,Alan D",16,21,24,11,14,5,,8,1,,,,,100,3.187
Spring 2026,ENTR,3312,07,"Lish,Alan D",3,19,20,20,19,6,1,5,,2,2,,3,100,2.877
Spring 2026,ENTR,3312,05,"Karonika,John R",18,8,4,8,5,,,2,,,,,4,49,3.184
Spring 2026,ENTR,3312,01,"Karonika,John R",18,13,3,1,4,,1,2,,,,,6,48,3.146
Spring 2026,ENTR,3312,06,"Karonika,John R",12,13,3,5,4,,1,1,,1,,1,7,48,2.834
Spring 2026,ENTR,3312,03,"Karonika,John R",20,10,2,4,5,1,,2,,,,1,2,47,3.334
Spring 2026,ENTR,4397,01,"McCormick,Kelly",31,8,1,5,3,,,2,,,,,,50,3.687
Spring 2026,ENTR,4397,02,"Boles,James Read",6,4,3,7,9,,2,4,1,,1,1,2,40,2.783
Spring 2026,ENTR,4397,03,"McCormick,Kelly",20,8,2,1,3,,1,4,,,,,,39,3.564
Spring 2026,ENTR,3311,01,"Nordby,Jonathan",56,4,7,2,2,1,,3,1,,1,4,6,87,3.253
Spring 2026,ENTR,4330,02,"Becker,Charles D",23,7,1,1,4,2,,,,,,2,,40,3.517
Spring 2026,ENTR,4330,01,"Blair,Edward A",8,6,7,4,1,2,,4,,,,,,32,3.198
Spring 2026,ENTR,4110,02,"Cook,David B",25,2,2,,2,1,,,,,,,,32,3.813
Spring 2026,ENTR,4110,01,"Cook,David B",30,,,,,,,,,,,,,30,4.000
Spring 2026,ENTR,4340,01,"Rios,Eduardo Javier",16,3,1,3,6,,,,,,,,1,30,3.533
Spring 2026,ENTR,4340,02,"Rios,Eduardo Javier",15,3,3,2,4,,1,1,,,,,1,30,3.422
Spring 2026,ENTR,3390,01,"McCormick,Kelly",33,3,1,2,5,2,,,4,,2,,1,53,3.371
Spring 2026,ENTR,3342,01,"McCormick,Kelly",19,4,4,1,2,1,2,,,,,,1,34,3.451
Spring 2026,ENTR,4320,01,"Nordby,Jonathan",32,,,,,,,,,,,,,32,4.000
Spring 2026,ENTR,4360,01,"Rassin,Keith David",25,4,,,1,,,,,,,,,30,3.934
Spring 2026,ENTR,3321,01,"Ortega,Carlos Alberto",9,5,4,1,4,1,,,,1,,3,1,29,2.931
Spring 2026,ENTR,4393,02,"Wilbur,Stephen",8,3,3,3,3,1,1,4,,,,,1,27,3.074
Spring 2026,ENTR,7337,01,"Wilbur,Stephen",11,9,,,1,,,,,,,,,21,3.827
Spring 2026,ENTR,7335,01,"Becker,Charles D",10,4,2,1,2,1,,,,,,,,20,3.601
Spring 2026,ENTR,7390,01,"Nordby,Jonathan",19,,,,,,,,1,,,,,20,3.850
Spring 2026,ENTR,7339,01,"Rassin,Keith David",7,5,,,,,,,,,,,,12,3.863
Spring 2026,ENTR,7393,01,"Wilbur,Stephen",3,2,,1,,,,,,,,,,6,3.668
Spring 2026,ENTR,7393,02,"Wilbur,Stephen",2,,1,,,,,,,,,,,3,3.667
Spring 2026,ENTR,7342,01,"McCormick,Kelly",1,1,2,,1,,,,,,,,,5,3.400
Spring 2026,ENTR,7381,01,"Kamal,Saiyid Zafar",3,1,,,,,,,,,,,,4,3.918
Spring 2026,ENTR,7399,01,"Wilbur,Stephen",1,,,,,,,,,,,,,1,4.000
Spring 2026,FINA,3332,03,"Lopez,John C",55,,59,,36,28,,57,9,,18,4,10,276,2.676
Spring 2026,FINA,3332,06,"Suleymanov,Masim",92,,41,,41,11,,34,8,,9,7,7,250,2.995
Spring 2026,FINA,3332,05,"Suleymanov,Masim",90,,39,,46,23,,22,10,,13,1,4,248,3.043
Spring 2026,FINA,3332,07,"Chisholm,Darla",44,20,17,19,12,6,8,9,3,2,6,3,11,160,2.811
Spring 2026,FINA,3332,02,"Chisholm,Darla",10,9,14,16,3,15,12,13,8,14,9,15,17,155,1.790
Spring 2026,FINA,3332,09,"Suleymanov,Masim",47,,20,,20,14,,26,8,,6,3,6,150,2.794
Spring 2026,FINA,3332,11,"Lopez,John C",7,,14,,8,5,,9,2,,2,1,4,52,2.544
Spring 2026,FINA,3332,04,"Chisholm,Darla",1,,1,6,1,2,5,3,1,2,2,4,11,39,1.300
Spring 2026,FINA,3332,01,"Suleymanov,Masim",19,,2,,2,,,1,,,,,,24,3.791
Spring 2026,FINA,4397,08,"Richards,Keith Allen",21,51,20,16,17,19,11,13,,,3,3,1,175,2.978
Spring 2026,FINA,4397,01,"Stewart,Marcus",10,15,9,4,13,,,2,,,,,2,55,3.285
Spring 2026,FINA,4397,10,"Klausmann,Johannes",11,12,3,2,10,,,,,,,1,,39,3.479
Spring 2026,FINA,4397,07,"Richards,Keith Allen",12,15,3,,2,,,,1,,,,,33,3.628
Spring 2026,FINA,4397,11,"Kapatos,Nick Gus",3,6,4,,2,1,,,,,,1,2,19,2.878
Spring 2026,FINA,4397,14,"Levy,Clayton V",1,3,3,,1,1,4,,,,,,3,16,2.251
Spring 2026,FINA,4397,03,"Berta,Dominique",1,4,3,1,5,,,,,,,,,14,3.357
Spring 2026,FINA,4397,04,"Berta,Dominique",2,2,3,3,,,,,,,,,,10,3.235
Spring 2026,FINA,4397,05,"Berta,Dominique",1,5,,1,2,,,,,,,,,9,3.520
Spring 2026,FINA,4397,06,"Berta,Dominique",,,1,,,,,,,1,,,,2,1.835
Spring 2026,FINA,4330,10,"Allena,Rohit",22,10,3,2,11,2,,,,,,,1,51,3.523
Spring 2026,FINA,4330,08,"Allena,Rohit",13,18,2,2,9,2,,4,,,,,,50,3.454
Spring 2026,FINA,4330,09,"Allena,Rohit",21,11,3,3,7,1,,2,,,2,,,50,3.480
Spring 2026,FINA,4330,02,"Liu,Zesong",11,3,13,2,6,4,,2,2,,,,2,45,2.978
Spring 2026,FINA,4330,06,"Liu,Zesong",20,4,5,1,2,5,,5,2,,,,,44,3.242
Spring 2026,FINA,4330,03,"Klausmann,Johannes",15,3,4,3,1,5,1,2,1,,1,,2,38,2.974
Spring 2026,FINA,4330,04,"Klausmann,Johannes",17,4,2,1,4,4,,2,,1,,1,2,38,3.105
Spring 2026,FINA,4320,02,"Gargano,Antonio",25,10,6,3,7,,1,2,,,,,1,55,3.497
Spring 2026,FINA,4320,05,"Gargano,Antonio",26,10,7,3,7,1,,,,,,,1,55,3.546
Spring 2026,FINA,4320,01,"Pederzoli,Paola",38,4,,2,7,,,,,,,,,51,3.830
Spring 2026,FINA,4320,06,"Pederzoli,Paola",34,6,2,1,7,,,,1,,,,,51,3.745
Spring 2026,FINA,4320,04,"Pederzoli,Paola",31,10,1,3,5,,,,,,,,,50,3.767
Spring 2026,FINA,4320,03,"Gargano,Antonio",37,9,,,2,,,,,,,,1,49,3.830
Spring 2026,FINA,4376,1,"Pena,Juan F",113,7,4,1,,1,,,,1,,,3,130,3.808
Spring 2026,FINA,4328,01,"Coleman,Alfred G",23,9,10,3,7,1,,1,,,1,,,55,3.491
Spring 2026,FINA,4328,02,"Coleman,Alfred G",15,4,5,5,5,,,4,1,,,,,39,3.333
Spring 2026,FINA,6387,02,"Basu,Swati",23,11,3,,10,,,,,,,,2,49,3.565
Spring 2026,FINA,6387,03,"Basu,Swati",12,3,,,3,,,,,,,,,18,3.833
Spring 2026,FINA,7397,04,"Yerramilli,Vijay",19,3,2,1,3,,,,,,,,,28,3.774
Spring 2026,FINA,7397,12,"Stewart,Marcus",8,,,,,,,,,,,,,8,4.000
Spring 2026,FINA,7397,01,"Yerramilli,Vijay",3,3,,1,,,,,,,,,,7,3.669
Spring 2026,FINA,7397,10,"Garcia-Prats,Mark",4,2,1,,,,,,,,,,,7,3.763
Spring 2026,FINA,7397,05,"Berta,Dominique",1,2,,,2,,,,,,,,,5,3.600
Spring 2026,FINA,7397,11,"Richards,Keith Allen",3,2,,,,,,,,,,,,5,3.868
Spring 2026,FINA,7397,07,"Berta,Dominique",,3,,,,,,,,,,,,3,3.670
Spring 2026,FINA,7397,02,"Smith III,Edwin A",,1,,,,,,,,,,,,1,3.670
Spring 2026,FINA,4350,01,"Rabinovitch,Ramon",29,6,5,2,8,1,,1,,,,1,1,54,3.506
Spring 2026,FINA,4354,01,"Kapatos,Nick Gus",9,5,12,3,7,5,2,5,1,3,2,,,54,2.821
Spring 2026,FINA,4329,01,"Hong,James",12,7,16,4,9,,,2,,,,,,50,3.340
Spring 2026,FINA,4323,01,"Huang,Yonghui",4,6,11,,12,6,,9,,,1,,,49,2.965
Spring 2026,FINA,4357,01,"Kapatos,Nick Gus",11,5,3,3,1,4,2,10,2,2,4,1,1,49,2.571
Spring 2026,FINA,4341,01,"Reinarz,Douglas Allen",29,1,3,1,3,,,1,,,,,,38,3.781
Spring 2026,FINA,4341,02,"Villanueva,Alan",,1,,,7,,,,,,,,,8,3.373
Spring 2026,FINA,4356,01,"Hughes,James F",7,8,11,6,7,1,,5,,,,,1,46,3.116
Spring 2026,FINA,4359,01,"Hughes,James F",12,12,14,2,5,,,,,,,,1,46,3.392
Spring 2026,FINA,4380,01,"Picazo,Cindy Lee",14,15,3,,9,1,1,1,,,,,,44,3.546
Spring 2026,FINA,4358,01,"Kapatos,Nick Gus",7,5,6,3,5,4,2,3,1,2,1,2,1,42,2.643
Spring 2026,FINA,   7A10,03,"Liu,Zesong",14,3,1,,1,1,,,2,,,,,22,3.515
Spring 2026,FINA,   7A10,02,"Liu,Zesong",4,,1,,4,1,,,1,,,,,11,3.211
Spring 2026,FINA,   7A10,01,"Povel,Paul",1,3,,1,,1,,,,,,,1,7,2.811
Spring 2026,FINA,4383,01,"Luna Medina,Jose Antonio",6,25,2,2,4,,,1,,,,,,40,3.569
Spring 2026,FINA,4342,01,"Disch,Chad Alan",6,6,8,4,7,1,,2,,,,,2,36,3.074
Spring 2026,FINA,4310,01,"Rude,Dale",10,10,4,1,10,,,,,,,,,35,3.562
Spring 2026,FINA,4370,02,"Smith III,Edwin A",7,3,,,2,1,1,2,2,,,,1,19,2.947
Spring 2026,FINA,4370,01,"Smith III,Edwin A",7,4,,1,1,1,,,1,,,,1,16,3.230
Spring 2026,FINA,   6A35,01,"Povel,Paul",11,5,1,2,6,3,1,1,,,1,,3,34,3.000
Spring 2026,FINA,   7A20,02,"Wu,Guojun",19,,,,,,,,,,,,,19,4.000
Spring 2026,FINA,   7A20,04,"Wu,Guojun",10,,,,,,,,,,,,2,12,3.333
Spring 2026,FINA,4352,02,"Lopez,John C",2,4,8,,1,1,,7,5,,,2,,30,2.444
Spring 2026,FINA,   7A23,02,"Wu,Guojun",25,,1,,,,,,,,,,,26,3.962
Spring 2026,FINA,   7A97,01,"Shoss,Robert L",10,4,,,,,,,,,,,,14,3.906
Spring 2026,FINA,   7A97,03,"Foye,Robert Buckner",2,3,,,,,,,,,,,,5,3.802
Spring 2026,FINA,   7A97,02,"Levy,Clayton V",4,,,,,,,,,,,,,4,4.000
Spring 2026,FINA,4353,02,"Lopez,John C",8,,6,,8,,,1,,,,,,23,3.433
Spring 2026,FINA,   7A61,01,"Shoss,Robert L",21,1,,,,,,,,,,,,22,3.985
Spring 2026,FINA,4335,01,"Khumawala,Saleha B",13,3,3,,3,,,,,,,,,22,3.727
Spring 2026,FINA,4343,02,"Dawson,Alan M",7,3,5,1,2,2,,2,,,,,,22,3.273
Spring 2026,FINA,   7A30,01,"Povel,Paul",6,2,2,2,2,1,,3,,,,,2,20,2.917
Spring 2026,FINA,4325,02,"Lopez,John C",2,4,1,,5,1,,4,,,,3,,20,2.683
Spring 2026,FINA,4336,01,"Bailey-Rihawi,Esther Elizabeth",15,3,,,1,1,,,,,,,,20,3.817
Spring 2026,FINA,7383,01,"Witte,Jerome",19,,,,,,,,,,,,,19,4.000
Spring 2026,FINA,   7A50,01,"Rabinovitch,Ramon",15,,,1,1,,,,,,,,1,18,3.667
Spring 2026,FINA,4371,01,"Koc,Burhan",6,7,,,2,,,,,,,,,15,3.757
Spring 2026,FINA,8397,01,"Susmel,Raul",10,,,,,,,,,,,,,10,4.000
Spring 2026,FINA,8397,02,"Pirrong,Stephen Craig",4,,,,,,,,,,,,,4,4.000
Spring 2026,FINA,7323,01,"George,Thomas J",12,1,,,,,,,,,,,,13,3.975
Spring 2026,FINA,7380,01,"Bruce,Andrew James",2,4,4,1,1,,,,,,,,,12,3.390
Spring 2026,FINA,   6A31,02,"Woods,James D",4,,2,1,2,,,,,,,2,,11,2.848
Spring 2026,FINA,   7A51,01,"Rabinovitch,Ramon",8,,1,,,,,,,,,,,9,3.889
Spring 2026,FINA,7324,01,"Shoss,Robert L",5,1,1,,,,,,,,,,,7,3.810
Spring 2026,FINA,7324,02,"Shoss,Robert L",2,,,,,,,,,,,,,2,4.000
Spring 2026,FINA,7325,01,"Shoss,Robert L",5,1,1,,,,,,,,,,,7,3.810
Spring 2026,FINA,7325,02,"Shoss,Robert L",2,,,,,,,,,,,,,2,4.000
Spring 2026,FINA,7352,01,"Pirrong,Stephen Craig",4,4,,,1,,,,,,,,,9,3.779
Spring 2026,FINA,7358,01,"Chen,Zhibai",6,2,,,,,,,1,,,,,9,3.593
Spring 2026,FINA,7376,01,"Smith III,Edwin A",3,,,,2,,,,,,,,,5,3.732
Spring 2026,FINA,7376,02,"Smith III,Edwin A",,1,,,,,,,,,,,1,2,1.835
Spring 2026,FINA,4373,01,"Singh,Rajiv",3,1,2,,,,,,,,,,,6,3.612
Spring 2026,FINA,4374,01,"Smith III,Edwin A",,5,,,1,,,,,,,,,6,3.613
Spring 2026,FINA,8398,02,"Doshi,Hitesh B",1,,,,,,,,,,,,,1,4.000
Spring 2026,FINA,8398,03,"Berger,Elizabeth",1,,,,,,,,,,,,,1,4.000
Spring 2026,FINA,8398,04,"Yerramilli,Vijay",1,,,,,,,,,,,,,1,4.000
Spring 2026,FINA,8398,05,"De Angelis,David",1,,,,,,,,,,,,,1,4.000
Spring 2026,FINA,8398,06,"Kumar,Praveen",,1,,,,,,,,,,,,1,3.670
Spring 2026,FINA,8398,07,"Mateen,Haaris",1,,,,,,,,,,,,,1,4.000
Spring 2026,FINA,4372,01,"Berta,Dominique",1,1,,,,,,,,,,,2,4,1.918
Spring 2026,FINA,7355,01,"Pirrong,Stephen Craig",3,,,,1,,,,,,,,,4,3.833
Spring 2026,FINA,7373,01,"Singh,Rajiv",2,,1,,1,,,,,,,,,4,3.583
Spring 2026,FINA,8330,01,"Kumar,Praveen",4,,,,,,,,,,,,,4,4.000
Spring 2026,FINA,8396,04,"De Angelis,David",1,,,,,,,,,,,,,1,4.000
Spring 2026,FINA,8396,05,"Mateen,Haaris",1,,,,,,,,,,,,,1,4.000
Spring 2026,FINA,8396,06,"Doshi,Hitesh B",1,,,,,,,,,,,,,1,4.000
Spring 2026,FINA,8396,07,"Berger,Elizabeth",1,,,,,,,,,,,,,1,4.000
Spring 2026,FINA,6398,02,"Bean,Gregory S",2,,,,,,,,,,,,,2,4.000
Spring 2026,FINA,4399,01,"Liu,Zesong",1,,,,,,,,,,,,,1,4.000
Spring 2026,FINA,7371,01,"Koc,Burhan",1,,,,,,,,,,,,,1,4.000
Spring 2026,FORE,6371,40,"Hines,Andrew Lewis",15,2,,,1,,1,1,,,,,1,21,3.556
Spring 2026,FORE,6371,20,"Hines,Andrew Lewis",4,,,,1,,,,,,,,,5,3.866
Spring 2026,FORE,6311,20,"Rush,Julie",7,1,,1,,1,,,,,,,,10,3.634
Spring 2026,FORE,6311,40,"Rush,Julie",5,,,2,,1,,,,,,,1,9,3.038
Spring 2026,FORE,6333,40,"Worrell,Denise Wilcut",6,3,1,2,,,,,,,,,,12,3.613
Spring 2026,FORE,6333,20,"Worrell,Denise Wilcut",1,3,2,,,,,,,,,,1,7,3.001
Spring 2026,FORE,6319,40,"McBride,Yasamina",6,1,1,,,,,,,,,,1,9,3.408
Spring 2026,FORE,6319,20,"McBride,Yasamina",7,,,,1,,,,,,,,,8,3.916
Spring 2026,FORE,6359,40,"Cowart,Adam David",9,1,,,,,,,,,,,,10,3.967
Spring 2026,FORE,6359,20,"Cowart,Adam David",4,1,,,,,,,,,,,,5,3.934
Spring 2026,FORE,6395,40,"Hines,Andrew Lewis",5,,,,,,,,,,,,1,6,3.333
Spring 2026,FORE,6395,30,"Hines,Andrew Lewis",4,,,,,,,,,,,,,4,4.000
Spring 2026,FORE,6398,40,"Hines,Andrew Lewis",3,,,,,,,,,,,,,3,4.000
Spring 2026,FORE,6398,30,"Hines,Andrew Lewis",1,,,,,,,,,,,,,1,4.000
Spring 2026,FORE,6396,30,"Hines,Andrew Lewis",1,,,,,,,,,,,,,1,4.000
Spring 2026,FORE,6396,40,"Hines,Andrew Lewis",1,,,,,,,,,,,,,1,4.000
Spring 2026,FORE,6399,30,"Hines,Andrew Lewis",1,,,,,,,,,,,,,1,4.000
Spring 2026,FREN,1301,2,"Green,Viola V",3,2,1,2,1,1,3,2,,1,,2,6,24,1.806
Spring 2026,FREN,1301,1,"Green,Viola V",6,2,3,1,2,1,1,2,,,,2,1,21,2.762
Spring 2026,FREN,1302,1,"Chalhoub,Rania Maria",7,4,6,2,1,1,,1,,,,,3,25,2.947
Spring 2026,FREN,1302,2,"Chalhoub,Rania Maria",5,4,,,5,2,1,,,,,,,17,3.353
Spring 2026,FREN,2311,01,"Gnanwo Hounfodji,Raymond",2,,3,,2,1,,2,3,,1,,4,18,1.925
Spring 2026,FREN,2312,02,"Green,Viola V",,,3,2,2,,,3,,,,,,10,2.799
Spring 2026,FREN,2312,01,"Vredenburgh,Amanda Jane",2,,2,,,,,2,,,,,,6,3.110
Spring 2026,FREN,4315,1,"Green,Viola V",3,6,3,,3,,,,,,,,1,16,3.313
Spring 2026,FREN,3340,1,"Vredenburgh,Amanda Jane",1,2,1,,1,,,,,,,,2,7,2.524
Spring 2026,GENB,   6A50,02,"Pettiette,Michael R",4,10,2,1,5,,,1,,,,1,1,25,3.214
Spring 2026,GENB,   6A50,03,"Pettiette,Michael R",6,2,3,,6,,,,,,,,,17,3.548
Spring 2026,GENB,   6A50,01,"Pineda,Dalia Rivera",7,1,2,,,,,,,,,,1,11,3.425
Spring 2026,GENB,7304,03,"Simms,John Edward",11,4,1,,2,,,,,,,,,18,3.797
Spring 2026,GENB,7304,01,"Simms,John Edward",4,3,2,,,,,,,,,,,9,3.668
Spring 2026,GENB,7397,01,"Wilbur,Stephen",3,4,1,,2,,,,,,,,,10,3.634
Spring 2026,GENB,7397,02,"Webb,James R",8,,,,1,,,,,,,,,9,3.926
Spring 2026,GENB,7397,03,"Wilbur,Stephen",4,1,,,1,,,,,,,,,6,3.833
Spring 2026,GENB,7303,02,"Newman,Michael Ray",16,,1,,3,,,,,,,,,20,3.850
Spring 2026,GENB,7303,01,"Newman,Michael Ray",4,,,,,,,,,,,,,4,4.000
Spring 2026,GENB,5304,01,"Simms,John Edward",1,,1,,,1,,,,,,2,,5,1.800
Spring 2026,GENB,5304,03,"Simms,John Edward",,,1,,,,,,,,,,,1,3.000
Spring 2026,GENB,7334,01,"Bailey-Rihawi,Esther Elizabeth",4,,,1,,,1,,,,,,,6,3.390
Spring 2026,GENB,   7A97,01,"Piefer,Stacey M",5,,,,,,,,,,,,,5,4.000
Spring 2026,GENB,7393,01,"Galvani,Paul",3,,,,,,,,,,,,,3,4.000
Spring 2026,GENB,7394,01,"Galvani,Paul",3,,,,,,,,,,,,,3,4.000
Spring 2026,GEOL,1303,08,"Lytwyn,Jennifer N",92,27,21,14,30,15,11,19,7,5,5,16,33,295,2.634
Spring 2026,GEOL,1303,07,"Lytwyn,Jennifer N",42,23,17,14,12,5,2,6,1,2,3,6,7,140,2.960
Spring 2026,GEOL,1303,01,"Antonelli,Michael Ariel",13,9,7,8,8,3,1,3,1,1,2,5,5,66,2.622
Spring 2026,GEOL,1303,02,"Voarintsoa,Ny Riavo Gilbertinie",8,2,5,4,3,8,3,2,4,1,5,3,2,50,2.240
Spring 2026,GEOL,1303,03,"Hu,Jinping",8,5,10,,2,1,,3,,,,3,,32,3.000
Spring 2026,GEOL,1303,05,"Li,Aibing",3,2,3,6,5,2,,3,1,,,3,3,31,2.355
Spring 2026,GEOL,1302,02,"Griggs,Philip Travis",255,56,14,7,21,5,2,5,1,1,2,5,5,379,3.656
Spring 2026,GEOL,1302,01,"Wang,Yuxuan",23,20,36,24,20,21,16,13,3,4,4,5,17,206,2.496
Spring 2026,GEOL,1370,01,"Hauptvogel,Daniel William",89,31,64,53,46,36,27,34,13,5,13,31,38,480,2.472
Spring 2026,GEOL,1347,01,"Jiang,Xun",136,204,20,8,40,1,,1,,,,1,5,416,3.634
Spring 2026,GEOL,1340,03,"Lytwyn,Jennifer N",61,18,28,14,17,8,7,5,6,2,4,8,20,198,2.728
Spring 2026,GEOL,1340,02,"Lytwyn,Jennifer N",54,23,15,10,17,14,8,10,5,2,2,9,18,187,2.687
Spring 2026,GEOL,1340,01,"Lytwyn,Jennifer N",4,5,1,1,,1,1,2,,,2,1,,18,2.834
Spring 2026,GEOL,1103,02,"Hauptvogel,Daniel William",10,1,3,,3,,,,,,,1,,18,3.481
Spring 2026,GEOL,1103,08,"Hauptvogel,Daniel William",10,2,3,,,,,1,,,,,2,18,3.259
Spring 2026,GEOL,1103,09,"Sisson,Virginia B",10,1,3,2,1,,,,,,,1,,18,3.408
Spring 2026,GEOL,1103,03,"Hauptvogel,Daniel William",6,2,4,,2,,,,,,,,3,17,2.941
Spring 2026,GEOL,1103,10,"Hauptvogel,Daniel William",9,1,1,2,2,,,,,,,,1,16,3.417
Spring 2026,GEOL,1103,07,"Sisson,Virginia B",4,,2,1,3,,,3,,,,,1,14,2.975
Spring 2026,GEOL,1103,01,"Sisson,Virginia B",4,2,2,1,,1,,,,,,1,,11,3.092
Spring 2026,GEOL,1103,04,"Hauptvogel,Daniel William",8,,1,,1,,,,,,,,1,11,3.485
Spring 2026,GEOL,1103,05,"Sisson,Virginia B",4,4,,,1,,1,,,,,1,,11,3.244
Spring 2026,GEOL,1102,03,"Griggs,Philip Travis",18,2,,1,1,,,1,,,,1,,24,3.653
Spring 2026,GEOL,1102,04,"Griggs,Philip Travis",14,1,,1,,2,1,,,,,5,,24,2.834
Spring 2026,GEOL,1102,02,"Griggs,Philip Travis",19,,1,,,,,,,1,,,,21,3.794
Spring 2026,GEOL,1102,05,"Griggs,Philip Travis",11,2,,,2,,,,,,,,4,19,3.053
Spring 2026,GEOL,1102,01,"Griggs,Philip Travis",3,3,2,3,1,,,,2,,,,2,16,2.647
Spring 2026,GEOL,1102,06,"Griggs,Philip Travis",5,,,1,1,1,1,,,,,,,9,3.297
Spring 2026,GEOL,1147,01,"Jiang,Xun",7,5,,1,6,1,2,1,,,,,,23,3.333
Spring 2026,GEOL,1147,02,"Jiang,Xun",1,3,1,2,2,1,1,,1,2,1,,2,17,2.197
Spring 2026,GEOL,1147,03,"Jiang,Xun",1,3,4,4,1,,,,,,,,1,14,2.930
Spring 2026,GEOL,1147,04,"Jiang,Xun",1,,2,,3,1,,,,,,1,1,9,2.443
Spring 2026,GEOL,4331,07,"Khan,Shuhab D",6,8,7,8,2,3,1,2,2,,2,1,2,44,2.713
Spring 2026,GEOL,3342,05,"Wang,Yuxuan",10,8,3,5,6,1,,4,,,,,3,40,3.075
Spring 2026,GEOL,3340,01,"Robinson,Alexander C",11,3,4,5,7,2,1,3,1,,1,1,,39,3.043
Spring 2026,GEOL,6397,05,"Carlson,Brandee Nicole",7,1,,,,,,,,,,,,8,3.959
Spring 2026,GEOL,6397,04,"Wellner,Julia S",4,2,,,,,,,,,,,,6,3.890
Spring 2026,GEOL,6397,08,"Zheng,Yingcai",3,2,,,1,,,,,,,,,6,3.778
Spring 2026,GEOL,6397,02,"Mann,Paul",2,,3,,,,,,,,,,,5,3.400
Spring 2026,GEOL,6397,06,"Antonelli,Michael Ariel",2,1,,,1,,,,,,,,,4,3.750
Spring 2026,GEOL,6397,07,"Zhang,Honghai",,3,,,1,,,,,,,,,4,3.585
Spring 2026,GEOL,6397,09,"Yuan,Kunxiaojia",4,,,,,,,,,,,,,4,4.000
Spring 2026,GEOL,4333,02,"Zheng,Youtong",13,3,6,5,4,,,2,1,,,,2,36,3.148
Spring 2026,GEOL,3320,02,"Li,Jiaxuan",10,4,2,1,1,2,1,2,1,,,4,2,30,2.600
Spring 2026,GEOL,4397,04,"Yuan,Kunxiaojia",15,3,,,3,,,,,,,,,21,3.857
Spring 2026,GEOL,4397,03,"Zhang,Honghai",2,1,2,,3,,1,,,,,,,9,3.259
Spring 2026,GEOL,4367,02,"Capuano,Regina M",10,3,2,2,3,1,3,3,,,,,1,28,3.084
Spring 2026,GEOL,4350,02,"Carlson,Brandee Nicole",4,8,1,1,3,2,1,2,,1,,1,,24,3.001
Spring 2026,GEOL,4346,03,"Rappenglueck,Bernhard",6,5,3,2,5,1,,,,,,,1,23,3.276
Spring 2026,GEOL,3445,01,"Murphy,Michael",3,9,1,2,4,,2,,,,,,,21,3.335
Spring 2026,GEOL,7330,01,"Sun,Jiajia",11,6,1,,1,,,,,,,,,19,3.808
Spring 2026,GEOL,4378,01,"Sun,Jiajia",8,5,2,,1,1,,,,,,,,17,3.628
Spring 2026,GEOL,6350,02,"Murphy,Michael",7,,1,,,,,,,,,,,8,3.875
Spring 2026,GEOL,6350,1,"Naruk,Stephen",3,1,1,,1,,,,,,,,,6,3.667
Spring 2026,GEOL,6350,3,"Naruk,Stephen",,,,,1,,,,,,,,,1,3.330
Spring 2026,GEOL,3372,01,"Copeland,Peter",3,1,5,1,1,,,3,,,,,,14,3.119
Spring 2026,GEOL,7399,1,"Capuano,Regina M",2,,,,,,,,,,,,,2,4.000
Spring 2026,GEOL,7399,14,"Carlson,Brandee Nicole",2,,,,,,,,,,,,,2,4.000
Spring 2026,GEOL,7399,10,"Mann,Paul",1,,,,,,,,,,,,,1,4.000
Spring 2026,GEOL,7399,12,"Sager,William W",1,,,,,,,,,,,,,1,4.000
Spring 2026,GEOL,7399,15,"Castagna,John P",1,,,,,,,,,,,,,1,4.000
Spring 2026,GEOL,7399,18,"Wang,Guoquan",1,,,,,,,,,,,,,1,4.000
Spring 2026,GEOL,7399,3,"Sun,Jiajia",1,,,,,,,,,,,,,1,4.000
Spring 2026,GEOL,7399,5,"Khan,Shuhab D",,,,,1,,,,,,,,,1,3.330
Spring 2026,GEOL,7399,9,"Lapen,Thomas J",1,,,,,,,,,,,,,1,4.000
Spring 2026,GEOL,4332,05,"Wang,Guoquan",3,5,,,2,,,,,,,,,10,3.701
Spring 2026,GEOL,6323,02,"Wang,Guoquan",5,5,,,,,,,,,,,,10,3.835
Spring 2026,GEOL,6388,07,"Khan,Shuhab D",6,,,,2,,,,,,,,,8,3.833
Spring 2026,GEOL,6380,1,"Bhattacharya,Janok P",3,1,,1,1,,,,,,,,,6,3.612
Spring 2026,GEOL,6380,2,"Bhattacharya,Janok P",,,,1,,,,,,,,,,1,2.670
Spring 2026,GEOL,6381,1,"Hathon,Lori A",3,2,,,1,,,,,,,,,6,3.778
Spring 2026,GEOL,6381,2,"Hathon,Lori A",,1,,,,,,,,,,,,1,3.670
Spring 2026,GEOL,6382,02,"Sager,William W",1,2,,,3,,,,,,,,,6,3.555
Spring 2026,GEOL,6382,03,"Sager,William W",,1,,,,,,,,,,,,1,3.670
Spring 2026,GEOL,6384,01,"Mann,Paul",5,,2,,,,,,,,,,,7,3.714
Spring 2026,GEOL,7340,01,"Sun,Jiajia",5,1,,,1,,,,,,,,,7,3.857
Spring 2026,GEOL,4342,07,"Choi,Yunsoo",2,3,1,,,,,,,,,,,6,3.668
Spring 2026,GEOL,4383,03,"Stewart,Robert R",1,1,2,,,,,,,,,,2,6,2.278
Spring 2026,GEOL,7332,01,"Suppe,John",3,2,,,,,,,,,,,,5,3.868
Spring 2026,GEOL,7341,03,"Zhou,Hua-Wei",2,2,,,,,,,,,,,,4,3.835
Spring 2026,GEOL,8999,1,"Choi,Yunsoo",1,,,,,,,,,,,,,1,4.000
Spring 2026,GEOL,8999,11,"Castagna,John P",1,,,,,,,,,,,,,1,4.000
Spring 2026,GEOL,8999,13,"Wang,Yuxuan",1,,,,,,,,,,,,,1,4.000
Spring 2026,GEOL,8999,8,"Mann,Paul",1,,,,,,,,,,,,,1,4.000
Spring 2026,GEOL,6332,02,"Rappenglueck,Bernhard",1,2,,,,,,,,,,,,3,3.780
Spring 2026,GEOL,6387,02,"Stewart,Robert R",2,,,,1,,,,,,,,,3,3.777
Spring 2026,GEOL,6399,11,"Sun,Jiajia",1,,,,,,,,,,,,,1,4.000
Spring 2026,GEOL,6399,13,"Fu,Qi",,,1,,,,,,,,,,,1,3.000
Spring 2026,GEOL,6399,17,"Castagna,John P",1,,,,,,,,,,,,,1,4.000
Spring 2026,GEOL,7301,02,"Radovic,Jagos",2,,,,1,,,,,,,,,3,3.777
Spring 2026,GEOL,7311,05,"Choi,Yunsoo",3,,,,,,,,,,,,,3,4.000
Spring 2026,GEOL,8399,11,"Wang,Guoquan",1,,,,,,,,,,,,,1,4.000
Spring 2026,GEOL,8399,5,"Lapen,Thomas J",1,,,,,,,,,,,,,1,4.000
Spring 2026,GEOL,8699,10,"Rappenglueck,Bernhard",2,,,,,,,,,,,,,2,4.000
Spring 2026,GEOL,3399,01,"Khan,Shuhab D",1,,,,,,,,,,,,,1,4.000
Spring 2026,GEOL,4396,1,"Radovic,Jagos",1,,,,,,,,,,,,,1,4.000
Spring 2026,GEOL,4399,1,"Voarintsoa,Ny Riavo Gilbertinie",1,,,,,,,,,,,,,1,4.000
Spring 2026,GEOL,6346,02,"Capuano,Regina M",1,,,,,,,,,,,,,1,4.000
Spring 2026,GEOL,6364,02,"Zheng,Youtong",1,,,,,,,,,,,,,1,4.000
Spring 2026,GEOL,6396,01,"Jiang,Xun",1,,,,,,,,,,,,,1,4.000
Spring 2026,GERM,3350,01,"Kleinheider,Julia D",2,6,4,3,7,4,2,3,,1,,,1,33,2.798
Spring 2026,GERM,3381,01,"Glass,Hildegard",4,1,1,2,5,1,,1,,,,5,11,31,1.580
Spring 2026,GERM,1502,03,"Kleinheider,Julia D",3,4,,3,2,5,1,1,2,,,1,1,23,2.493
Spring 2026,GERM,2312,02,"Kleinheider,Julia D",3,,1,1,1,2,1,1,,,,,,10,2.900
Spring 2026,GERM,3334,1,"Kleinheider,Julia D",2,,,2,,,,3,,,,,,7,2.904
Spring 2026,GHL,3348,1,"Cheatham,Cathy A",37,3,6,1,4,1,,,,,,,2,54,3.611
Spring 2026,GHL,3348,2,"Johnson,Tucker A",19,7,6,4,5,2,1,1,,1,1,2,1,50,3.140
Spring 2026,GHL,1320,1,"Legendre,Jungyoung Shin",26,6,3,4,8,,,1,2,,,4,3,57,3.099
Spring 2026,GHL,1320,2,"Sirsat,Sujata Ashok",23,6,1,1,3,1,,1,,,,6,1,43,3.117
Spring 2026,GHL,3361,3,"Park,Yunna",48,1,,1,,,,,,,,,,50,3.967
Spring 2026,GHL,3361,2,"Suh,Jenny Jieun",22,3,1,2,1,,,,,,,1,1,31,3.570
Spring 2026,GHL,3361,1,"Mohamed,Mohamed Elsayed AbdElaziz",4,4,1,2,2,,1,1,,,,,1,16,3.105
Spring 2026,GHL,1367,2,"Kenyan,Erin Oeser",17,11,6,2,5,2,2,,1,,,3,,49,3.198
Spring 2026,GHL,1367,01,"Cherenkov,Egor",27,8,1,,6,,1,1,,1,,,,45,3.667
Spring 2026,GHL,2350,02,"Boger Jr,Carl A",4,10,7,4,9,2,4,6,,1,,3,1,51,2.739
Spring 2026,GHL,2350,01,"Hingoraney,Mahima Manish",15,3,6,,1,2,2,1,,,,2,1,33,3.091
Spring 2026,GHL,2343,2,"Haskell,Rebecca Erin",18,11,2,2,5,1,3,,,2,3,2,2,51,2.994
Spring 2026,GHL,2343,01,"Hight,Stephen Kyle",5,7,8,2,3,1,1,3,,,,,1,31,3.086
Spring 2026,GHL,3341,02,"Johnson,Tucker A",7,1,4,7,4,3,3,1,3,3,3,,1,40,2.451
Spring 2026,GHL,3341,01,"Johnson,Tucker A",11,9,3,3,1,3,4,1,,,,1,1,37,3.037
Spring 2026,GHL,1337,2,"Doudna,Simone P",26,2,1,5,10,,,,,,,3,1,48,3.354
Spring 2026,GHL,1337,01,"Doudna,Simone P",16,4,1,,,2,,1,,,1,2,1,28,3.191
Spring 2026,GHL,2340,01,"DeFranco,Agnes L",9,3,5,4,8,1,1,2,,1,1,1,1,37,2.964
Spring 2026,GHL,2340,2,"Johnson,Tucker A",6,6,6,3,5,2,1,1,,,1,3,2,36,2.723
Spring 2026,GHL,4360,1,"Kenyan,Erin Oeser",61,3,,1,2,,,,,,,3,,70,3.776
Spring 2026,GHL,2356,2,"Barth,Stephen C",16,1,2,,5,3,1,2,2,,1,4,1,38,2.789
Spring 2026,GHL,2356,1,"Haskell,Rebecca Erin",12,4,2,,2,,,1,,,,1,1,23,3.377
Spring 2026,GHL,4353,2,"Guchait,Priyanko",15,3,,6,4,3,,4,,1,3,5,4,48,2.507
Spring 2026,GHL,4353,01,"Guchait,Priyanko",4,2,1,2,,1,,1,,,,2,,13,2.770
Spring 2026,GHL,4350,2,"Kim,Jaewook",27,4,,2,2,3,,2,,,,4,1,45,3.230
Spring 2026,GHL,4350,1,"Hahn,Simon Jumong",8,2,2,1,1,,,,,,,1,,15,3.423
Spring 2026,GHL,3352,02,"Madera,Juan Manuel",42,2,,,3,,1,,,,,3,,51,3.667
Spring 2026,GHL,3352,01,"Kim,Grace E",7,,,,,,,,,,,1,,8,3.500
Spring 2026,GHL,4352,2,"Maneethai,Dustin",20,1,5,2,2,,2,3,3,,,2,,40,3.100
Spring 2026,GHL,4352,1,"Maneethai,Dustin",9,1,2,,,1,,,,,,,,13,3.667
Spring 2026,GHL,2160,1,"Shepherd,Ashley",41,,1,5,2,,1,,,,,2,,52,3.628
Spring 2026,GHL,3358,2,"Barth,Stephen C",25,3,3,3,8,1,1,2,,1,,2,3,52,3.147
Spring 2026,GHL,3315,01,"Doudna,Simone P",39,3,3,,2,1,,2,1,,,,,51,3.732
Spring 2026,GHL,4343,1,"DeFranco,Agnes L",14,4,1,2,2,1,,1,,1,,,,26,3.488
Spring 2026,GHL,4343,2,"Koh,Yoon",8,5,4,3,1,1,,1,,,,2,,25,3.121
Spring 2026,GHL,1301,01,"Li,Ningqiao",17,10,5,1,5,1,,3,,1,1,1,1,46,3.261
Spring 2026,GHL,3372,1,"Draper,Jason A",37,4,1,,2,1,,,,,,,1,46,3.790
Spring 2026,GHL,1345,01,"Acosta,Karla Michelle",5,11,2,9,2,1,3,1,1,1,,1,1,38,2.844
Spring 2026,GHL,3364,01,"Kenyan,Erin Oeser",24,6,1,1,3,,,1,,,,,1,37,3.676
Spring 2026,GHL,2155,1,"Ginapp,Kathrine",27,1,1,,,,,,,,,3,1,33,3.475
Spring 2026,GHL,3197,2,"Morosan,Cristian",3,1,2,1,3,1,2,1,,,,2,,16,2.625
Spring 2026,GHL,3197,1,"Ginapp,Kathrine",10,,,,,,,,,1,,1,2,14,2.905
Spring 2026,GHL,3345,1,"Taylor,David C",14,5,4,2,2,,1,,,,,,1,29,3.449
Spring 2026,GHL,3440,1,"Cheatham,Cathy A",24,,,,,2,,2,,,,1,,29,3.609
Spring 2026,GHL,6101,1,"Back,KiJoon",26,,1,,,,,1,,,,,,28,3.905
Spring 2026,GHL,2365,1,"Draper,Jason A",3,4,6,2,3,,1,4,,,,1,3,27,2.630
Spring 2026,GHL,3349,1,"Corsi,Aaron James",14,1,6,1,1,,,,,,,2,2,27,3.099
Spring 2026,GHL,4361,1,"Mohamed,Mohamed Elsayed AbdElaziz",7,5,5,2,4,1,1,,,,1,1,,27,3.149
Spring 2026,GHL,8302,1,"Shin,Min Jung",21,5,,,1,,,,,,,,,27,3.914
Spring 2026,GHL,8310,1,"DeFranco,Agnes L",25,1,,,1,,,,,,,,,27,3.963
Spring 2026,GHL,3336,01,"Hight,Stephen Kyle",6,7,,4,3,1,2,2,,,1,,,26,3.142
Spring 2026,GHL,3420,1,"Ginapp,Kathrine",12,3,3,1,2,1,1,,,,,,,23,3.522
Spring 2026,GHL,7366,1,"Kim,Jaewook",15,3,,,,,,,,,,,,18,3.945
Spring 2026,GHL,6383,01,"Doudna,Simone P",14,,1,,1,,,1,,,,,,17,3.804
Spring 2026,GHL,3445,1,"Taylor,David C",13,,,,,2,,,,,,,,15,3.733
Spring 2026,GHL,7369,1,"Koh,Yoon",10,4,1,,,,,,,,,,,15,3.845
Spring 2026,GHL,3335,1,"Corsi,Aaron James",7,7,,,,,,,,,,,,14,3.835
Spring 2026,GHL,3353,1,"Li,Ningqiao",7,1,1,2,3,,,,,,,,,14,3.571
Spring 2026,GHL,4155,1,"Kenyan,Erin Oeser",14,,,,,,,,,,,,,14,4.000
Spring 2026,GHL,6345,1,"Taylor,David C",12,1,,,,,,,,,,,,13,3.975
Spring 2026,GHL,7353,1,"Boger Jr,Carl A",13,,,,,,,,,,,,,13,4.000
Spring 2026,GHL,4454,1,"Grover,Akash Kumar",4,2,1,,2,1,,,1,1,,,,12,3.056
Spring 2026,GHL,6330,01,"Shin,Min Jung",7,,2,1,1,,,,,,,1,,12,3.333
Spring 2026,GHL,6364,2,"Johnson,Tucker A",3,1,,,1,1,,,,,,,,6,3.500
Spring 2026,GHL,6364,1,"Johnson,Tucker A",2,,1,,1,,,1,,,,,,5,3.332
Spring 2026,GHL,3384,1,"Haskell,Rebecca Erin",10,,,,,,,,,,,,,10,4.000
Spring 2026,GHL,4346,1,"Taylor,David C",10,,,,,,,,,,,,,10,4.000
Spring 2026,GHL,4462,1,"Abbott,Jeanna L",10,,,,,,,,,,,,,10,4.000
Spring 2026,GHL,6342,1,"Corsi,Aaron James",8,2,,,,,,,,,,,,10,3.934
Spring 2026,GHL,6360,01,"Back,KiJoon",9,1,,,,,,,,,,,,10,3.967
Spring 2026,GHL,3342,01,"Doudna,Simone P",7,1,1,,,,,,,,,,,9,3.852
Spring 2026,GHL,4326,1,"Ginapp,Kathrine",3,3,,,3,,,,,,,,,9,3.667
Spring 2026,GHL,6197,1,"Ginapp,Kathrine",5,,,,,,,,,,,,,5,4.000
Spring 2026,GHL,6197,2,"Morosan,Cristian",2,,,,,,,,,,,,,2,4.000
Spring 2026,GHL,6317,1,"Johnson,Tucker A",7,,,,,,,,,,,,,7,4.000
Spring 2026,GHL,6324,1,"Kim,Jaewook",7,,,,,,,,,,,,,7,4.000
Spring 2026,GHL,6340,1,"Guchait,Priyanko",5,,1,,1,,,,,,,,,7,3.761
Spring 2026,GHL,6352,1,"McCaslin,Glynn Randle",7,,,,,,,,,,,,,7,4.000
Spring 2026,GHL,8305,1,"Sirsat,Sujata Ashok",7,,,,,,,,,,,,,7,4.000
Spring 2026,GHL,8304,1,"Madera,Juan Manuel",5,,,,,,,,,,,,,5,4.000
Spring 2026,GHL,6351,1,"Johnson,Tucker A",3,,,,,,,,,,,,1,4,3.000
Spring 2026,GHL,6382,1,"Legendre,Jungyoung Shin",3,,,,,,,,,,,,,3,4.000
Spring 2026,GHL,4384,1,"Haskell,Rebecca Erin",2,,,,,,,,,,,,,2,4.000
Spring 2026,GHL,6172,1,"Shepherd,Ashley",1,1,,,,,,,,,,,,2,3.835
Spring 2026,GHL,6326,1,"Ginapp,Kathrine",2,,,,,,,,,,,,,2,4.000
Spring 2026,GHL,6384,1,"Haskell,Rebecca Erin",2,,,,,,,,,,,,,2,4.000
Spring 2026,GHL,4298,1,"Haskell,Rebecca Erin",1,,,,,,,,,,,,,1,4.000
Spring 2026,GHL,6198,1,"Back,KiJoon",1,,,,,,,,,,,,,1,4.000
Spring 2026,GHL,6599,1,"Madera,Juan Manuel",1,,,,,,,,,,,,,1,4.000
Spring 2026,GOVT,2306,04,"Cortina,Jeronimo",772,66,35,21,32,11,7,6,5,2,4,15,13,989,3.698
Spring 2026,GOVT,2306,03,"Littlepage,Kelley G",592,97,37,35,42,10,12,26,4,8,12,42,23,940,3.398
Spring 2026,GOVT,2306,01,"Abbott Jr,Kenneth Wayne",53,31,35,26,35,22,14,15,6,3,3,,5,248,2.948
Spring 2026,GOVT,2306,05,"Abbott Jr,Kenneth Wayne",84,35,33,19,23,13,9,8,3,5,6,2,7,247,3.096
Spring 2026,GOVT,2306,06,"Abbott Jr,Kenneth Wayne",28,15,12,7,6,3,6,2,1,,2,2,7,91,2.924
Spring 2026,GOVT,2306,02,"Karimov,Samad",14,2,6,1,6,,2,3,3,,2,,1,40,3.000
Spring 2026,GOVT,2306,50,"Belco,Michelle Helene",26,,,,,,,,,,,,,26,4.000
Spring 2026,GOVT,2306,54,"LeVeaux,Christine",12,6,1,1,5,,,,,,,,,25,3.694
Spring 2026,GOVT,2306,52,"Leland,Alison W",7,7,1,,9,,,,,,,,,24,3.611
Spring 2026,GOVT,2306,53,"LeVeaux,Christine",13,6,2,1,2,,,,,,,,,24,3.723
Spring 2026,GOVT,2306,55,"LeVeaux,Christine",16,4,,,4,,,,,,,,,24,3.833
Spring 2026,GOVT,2306,51,"Leland,Alison W",7,10,1,,5,,,,,,,,,23,3.667
Spring 2026,GOVT,2305,06,"Rottinghaus,Brandon J",413,38,170,41,170,20,17,34,11,5,19,33,21,992,3.190
Spring 2026,GOVT,2305,07,"Shor,Boris",14,20,24,39,16,31,23,21,3,3,11,20,21,246,2.145
Spring 2026,GOVT,2305,01,"Cole,Jeffrey Bryan",24,13,35,12,24,12,8,9,6,6,4,27,22,202,2.150
Spring 2026,GOVT,2305,03,"Davis,Jenna",7,4,12,6,3,10,5,6,14,7,4,25,18,121,1.413
Spring 2026,GOVT,2305,02,"Davis,Jenna",7,3,13,10,4,3,5,6,6,4,9,16,14,100,1.670
Spring 2026,GOVT,2305,08,"Davis,Jenna",26,9,6,7,4,1,1,4,,1,1,3,4,67,3.015
Spring 2026,GOVT,2305,09,"Hanna,Tom Leard",41,1,1,,,,,,,,,3,2,48,3.556
Spring 2026,GOVT,2305,04,"Badas,Alex",7,3,5,1,3,4,2,3,,1,2,3,7,41,2.154
Spring 2026,GOVT,2305,05,"Jefferies,Kevin E",21,5,4,1,3,1,2,1,2,,,,,40,3.417
Spring 2026,GOVT,2305,50,"Belco,Michelle Helene",23,1,,,1,,,,,,,,,25,3.960
Spring 2026,GOVT,2305,51,"Williamson,Jonathan Lyle",2,,1,,,1,,,,,,,1,5,2.600
Spring 2026,GRET,6333,40,"Gatterson,Beverly",6,,,,,,,,,,,1,,7,3.429
Spring 2026,GRET,6333,30,"Gatterson,Beverly",4,,,,,,,,,,,,,4,4.000
Spring 2026,GRET,6397,30,"Shin,Daeun",2,1,,,,,,,,,,,,3,3.890
Spring 2026,GRET,6397,40,"Shin,Daeun",2,,,1,,,,,,,,,,3,3.557
Spring 2026,GRET,6399,30,"Johnson,Olivia",1,,,,,,,,,,,,,1,4.000
Spring 2026,GRET,6399,31,"Shin,Daeun",1,,,,,,,,,,,,,1,4.000
Spring 2026,HDCS,1300,38,"Stewart,Juliana Floriene",4,9,11,3,8,1,2,2,,,2,3,5,50,2.587
Spring 2026,HDCS,1300,31,"Mudd,Blake Stevens",22,5,6,4,3,1,1,1,1,,,3,2,49,3.102
Spring 2026,HDCS,1300,34,"Jones,Domenique Elizabeth",1,,6,8,3,7,3,3,1,1,5,7,4,49,1.789
Spring 2026,HDCS,1300,36,"Gatterson,Beverly",34,4,2,,4,1,,1,,,1,1,1,49,3.585
Spring 2026,HDCS,1300,37,"Vercher,Michelle Taylor",17,10,6,4,4,2,,,,2,1,,2,48,3.195
Spring 2026,HDCS,1300,32,"Rifai,Rana Ihsan",18,7,6,3,1,2,,2,1,1,,3,2,46,2.986
Spring 2026,HDCS,1300,35,"Jones,Domenique Elizabeth",14,,3,1,1,,,2,2,1,,1,,25,3.133
Spring 2026,HDCS,1300,30,"Rifai,Rana Ihsan",4,2,,2,1,1,1,,,,,,,11,3.244
Spring 2026,HDCS,3300,31,"Stewart,Quentin K",30,7,4,2,3,,1,1,,,1,1,,50,3.567
Spring 2026,HDCS,3300,30,"Stewart,Quentin K",12,4,4,1,5,,,,,,,,1,27,3.481
Spring 2026,HDCS,4375,31,"Kellough,James David",26,11,1,1,,,,,2,,1,1,2,45,3.408
Spring 2026,HDCS,4375,30,"Mim,Khirul Basar",15,,1,,,,,,,,,,,16,3.938
Spring 2026,HDCS,3376,30,"Rifai,Rana Ihsan",28,10,,4,,1,1,3,1,,,5,2,55,3.110
Spring 2026,HDCS,3303,31,"Rifai,Rana Ihsan",19,10,4,,7,1,3,1,1,,1,3,2,52,3.071
Spring 2026,HDCS,4302,30,"Gatterson,Beverly",18,14,3,4,5,3,,,1,,,,1,49,3.402
Spring 2026,HDCS,3384,30,"Jones,Domenique Elizabeth",23,9,2,3,1,2,1,3,,1,1,1,,47,3.341
Spring 2026,HDCS,4300,30,"Gatterson,Beverly",24,4,,1,2,,2,3,,,1,,,37,3.559
Spring 2026,HDCS,2301,31,"Stewart,Juliana Floriene",13,7,7,,2,1,,1,,,,,,31,3.538
Spring 2026,HDCS,4303,30,"Johnson,Olivia",4,,13,,,9,,,,,,,,26,2.808
Spring 2026,HDCS,4369,30,"Breaux,James William",20,1,1,,,2,,,,,,,,24,3.778
Spring 2026,HDCS,4380,30,"Jacobs,Karen S",6,4,2,,4,1,1,2,1,,,,1,22,3.060
Spring 2026,HDCS,4386,30,"Jones,Domenique Elizabeth",14,1,3,1,1,1,,,,,,1,,22,3.485
Spring 2026,HDCS,6300,30,"Shin,Daeun",11,,,,1,,,,,,,,,12,3.944
Spring 2026,HDCS,6300,40,"Shin,Daeun",3,,,,,,,1,,,,,,4,3.583
Spring 2026,HDCS,4393,30,"Stewart,Barbara L",10,,,1,2,,,1,,,,,1,15,3.444
Spring 2026,HDCS,4374,30,"Mim,Khirul Basar",7,,3,,,2,,,,,,,2,14,2.929
Spring 2026,HDCS,4396,30,"Johnson,Olivia",2,,4,,,2,,,2,,,,,10,2.600
Spring 2026,HDCS,4398,1,"Bennett,LaTasha",1,,,,,,,,,,,,,1,4.000
Spring 2026,HDFS,2314,16,"Conston,Toya",120,14,4,6,4,,1,3,,1,1,4,1,159,3.669
Spring 2026,HDFS,2314,21,"Conston,Toya",112,25,4,4,5,1,1,2,,,,1,2,157,3.741
Spring 2026,HDFS,2314,28,"Mahone,Equiller Nicole",15,9,6,3,5,,,1,,,,1,1,41,3.366
Spring 2026,HDFS,2314,26,"Mahone,Equiller Nicole",27,5,,,4,,,2,1,,,1,,40,3.633
Spring 2026,HDFS,2314,06,"Dunsmore,Julie C",10,7,5,1,4,1,,1,,,1,1,2,33,3.101
Spring 2026,HDFS,3300,01,"Conston,Toya",116,16,4,7,4,2,5,2,,,,3,1,160,3.648
Spring 2026,HDFS,3300,05,"Conston,Toya",110,35,,1,8,2,,3,,,,,1,160,3.805
Spring 2026,HDFS,3300,07,"Kamdar-Sharif,Amber",18,12,,1,3,4,,,,,1,,1,40,3.451
Spring 2026,HDFS,3300,06,"Kamdar-Sharif,Amber",12,14,,2,6,,2,,1,1,,,1,39,3.326
Spring 2026,HDFS,1300,07,"Jordan,Erica F",87,30,9,6,15,5,2,,1,,,4,4,163,3.469
Spring 2026,HDFS,1300,13,"Jordan,Erica F",95,28,6,2,18,1,2,3,3,,,1,4,163,3.567
Spring 2026,HDFS,1300,01,"Jordan,Erica F",11,13,7,2,5,6,,3,4,,1,,,52,3.058
Spring 2026,HDFS,4318,01,"Perez Rivera,Marie Belle",13,10,6,3,5,,1,,,,,1,1,40,3.326
Spring 2026,HDFS,4318,02,"Frankel,Leslie Ann",13,8,3,1,1,,,,,,,,,26,3.706
Spring 2026,HDFS,4318,03,"Frankel,Leslie Ann",9,8,2,,1,,,,,,,,,20,3.735
Spring 2026,HDFS,3350,01,"Schroder,Kathleen Anne",14,11,2,4,1,,1,1,,,,1,,35,3.439
Spring 2026,HDFS,3350,03,"Schroder,Kathleen Anne",16,6,,1,,,,,,1,,1,1,26,3.437
Spring 2026,HDFS,3350,05,"Schroder,Kathleen Anne",12,4,1,1,1,,,,1,,,1,,21,3.461
Spring 2026,HDFS,3317,01,"Hernandez,Melissa",27,7,,1,3,,1,,1,,,,,40,3.726
Spring 2026,HDFS,3317,04,"Hernandez,Melissa",22,6,,3,3,1,1,1,,,,1,2,40,3.351
Spring 2026,HDFS,4316,01,"Perez Rivera,Marie Belle",30,1,,2,4,,,,,,,2,,39,3.649
Spring 2026,HDFS,4316,02,"Perez Rivera,Marie Belle",20,5,2,1,1,,1,1,,,,,3,34,3.363
Spring 2026,HDFS,4315,01,"Jelsma,Elizabeth",16,6,3,2,1,1,1,1,,1,,2,1,35,3.153
Spring 2026,HDFS,4315,05,"Jelsma,Elizabeth",13,5,,2,,1,,1,1,1,,,2,26,3.142
Spring 2026,HDFS,3310,01,"Fraser,Camille",27,1,1,,,,1,,1,,,,,31,3.785
Spring 2026,HDFS,3310,02,"Fraser,Camille",20,4,,2,1,,1,,1,,,,,29,3.656
Spring 2026,HDFS,1311,01,"Brown,Haleem",12,5,2,1,6,,,1,,,,2,,29,3.356
Spring 2026,HDFS,1311,02,"Robinson,Summer Monique",7,4,2,6,3,,2,1,1,,,1,2,29,2.806
Spring 2026,HDFS,3318,03,"Storch,Jill Frenchman",9,5,1,,3,1,1,2,,,,2,1,25,3.027
Spring 2026,HDFS,3318,04,"Storch,Jill Frenchman",8,3,2,,,,,,1,,,1,1,16,3.126
Spring 2026,HDFS,4325,01,"Jordan,Erica F",27,3,4,,1,,,,,,,1,2,38,3.535
Spring 2026,HDFS,2320,01,"Brown,Deon",5,7,1,4,6,2,1,4,1,,,2,1,34,2.804
Spring 2026,HDFS,3320,01,"Jordan,Erica F",23,2,1,1,3,,1,1,,,1,,1,34,3.539
Spring 2026,HDFS,4317,03,"Storch,Jill Frenchman",8,9,3,3,6,,1,,,,,1,1,32,3.240
Spring 2026,HDFS,4393,01,"Conston,Toya",26,,,,1,1,,2,,,,1,,31,3.677
Spring 2026,HDFS,4394,01,"Conston,Toya",24,2,1,1,1,1,,,,,,1,,31,3.688
Spring 2026,HDFS,4397,01,"Hernandez,Melissa",14,3,,,,,,,,,,,1,18,3.723
Spring 2026,HDFS,4198,01,"Master,Allison",1,,,,,,,,,,,,,1,4.000
Spring 2026,HDFS,4398,01,"Master,Allison",1,,,,,,,,,,,,,1,4.000
Spring 2026,HISP,2374,02,"De Los Reyes Heredia,Jose Guillermo",28,8,7,2,5,1,1,,1,,,2,4,59,3.204
Spring 2026,HISP,2374,01,"Ruisanchez Serra,Jose Ramon",10,4,4,2,5,,1,4,,,1,4,5,40,2.525
Spring 2026,HIST,1302,01,"Sbardellati,John",56,60,34,11,54,8,9,12,6,5,8,15,20,298,2.800
Spring 2026,HIST,1302,02,"Whitty,Seth R",124,63,3,8,36,1,7,6,2,2,3,17,26,298,3.062
Spring 2026,HIST,1302,08,"Whitty,Seth R",125,55,6,21,37,2,9,14,2,2,4,8,11,296,3.241
Spring 2026,HIST,1302,11,"Schafer Jr,James A",89,36,34,20,35,16,12,18,4,3,5,6,14,292,2.968
Spring 2026,HIST,1302,03,"Harwell,Debbie Z",109,22,34,12,1,20,6,2,6,2,,6,5,225,3.183
Spring 2026,HIST,1302,04,"Johnson,Michele R",34,10,26,18,27,11,10,23,9,4,9,18,8,207,2.438
Spring 2026,HIST,1302,09,"Whitty,Seth R",40,33,2,17,31,1,4,10,,2,3,8,8,159,2.975
Spring 2026,HIST,1302,07,"Clavin,Matthew J",10,10,18,11,14,17,5,5,6,1,2,23,27,149,1.812
Spring 2026,HIST,1302,18,"Johnson,Michele R",61,17,7,9,10,1,,2,,1,4,8,14,134,2.965
Spring 2026,HIST,1302,05,"Johnson,Michele R",23,13,12,9,12,2,3,14,2,2,3,9,12,116,2.488
Spring 2026,HIST,1302,06,"Deyle,Steven H",10,1,6,2,8,,,1,,1,,4,1,34,2.843
Spring 2026,HIST,1302,10,"Reed,Linda",6,1,3,3,1,3,4,1,,,,3,3,28,2.251
Spring 2026,HIST,1302,50,"Modaff,Abigail",22,1,1,,,,,1,,,,,,25,3.880
Spring 2026,HIST,1302,51,"Modaff,Abigail",17,5,,,1,1,,,,,1,,,25,3.720
Spring 2026,HIST,1302,52,"Vale,Timothy Eli",8,2,,1,,,,,,,,,,11,3.819
Spring 2026,HIST,1301,05,"McDonald,Eric John",173,48,22,7,10,11,2,4,4,1,1,11,4,298,3.446
Spring 2026,HIST,1301,06,"McDonald,Eric John",177,33,18,14,9,11,5,4,2,,2,5,7,287,3.466
Spring 2026,HIST,1301,03,"Ramos,Raul",70,58,40,35,24,9,10,3,3,1,4,23,6,286,2.926
Spring 2026,HIST,1301,01,"Hopkins,Kelly Y",25,34,20,12,15,19,16,12,11,2,11,32,32,241,2.018
Spring 2026,HIST,1301,02,"Goldberg,Mark A",39,23,16,15,28,9,10,12,5,2,11,28,15,213,2.372
Spring 2026,HIST,1301,50,"Vale,Timothy Eli",16,4,2,2,,,,,,,,1,,25,3.601
Spring 2026,HIST,2311,1,"Patterson,Catherine F",5,7,3,4,6,2,,3,1,,2,1,1,35,2.857
Spring 2026,HIST,3311,1,"Deyle,Steven H",13,5,3,2,5,1,1,,1,1,1,,2,35,3.086
Spring 2026,HIST,3362,1,"Golubev,Alexey Valeryevich",15,3,5,3,4,,1,2,1,,,,1,35,3.276
Spring 2026,HIST,3367,01,"Cong,Xiaoping",8,4,5,8,5,,,1,,1,,1,2,35,2.934
Spring 2026,HIST,4317,1,"Chery,Tshepo Morongwa",6,14,2,1,6,,,1,2,1,,2,,35,3.115
Spring 2026,HIST,2368,1,"Klieman,Kairn",9,4,1,2,3,1,3,2,,1,1,3,4,34,2.432
Spring 2026,HIST,3316,1,"Mizelle Jr,Richard M",17,5,,,1,2,,,,1,,1,7,34,2.775
Spring 2026,HIST,3348,1,"Neumann,Kristina Marie",6,5,6,2,1,4,2,4,,,,,4,34,2.638
Spring 2026,HIST,3351,1,"Boyd,Sarah Fishman",11,7,5,,6,,,,,,,1,4,34,3.079
Spring 2026,HIST,2314,1,"Bhattacharya,Nandini Saradindu",3,8,6,,10,,,,,,,,6,33,2.808
Spring 2026,HIST,2321,2,"Neumann,Kristina Marie",,2,7,1,1,5,2,,3,1,1,4,6,33,1.596
Spring 2026,HIST,2367,1,"Cedillo,Adela",7,2,3,2,3,1,3,1,1,,,6,4,33,2.122
Spring 2026,HIST,3304,1,"Clavin,Matthew J",7,2,5,3,2,4,,2,1,,1,4,2,33,2.424
Spring 2026,HIST,2303,2,"Hopkins,Kelly Y",6,4,,2,1,,,,1,,,1,1,16,3.022
Spring 2026,HIST,2303,1,"Chery,Tshepo Morongwa",3,8,,,3,,,,,,,,1,15,3.423
Spring 2026,HIST,3319,1,"Schafer Jr,James A",20,6,1,,3,,,,,,,,1,31,3.710
Spring 2026,HIST,3389,01,"Cong,Xiaoping",7,10,1,2,2,3,2,,,1,,2,1,31,2.894
Spring 2026,HIST,4389,1,"Reed,Linda",16,6,,,4,,,1,1,,,1,2,31,3.312
Spring 2026,HIST,2382,1,"Mizelle Jr,Richard M",16,1,2,,4,,,1,,,,,1,25,3.573
Spring 2026,HIST,2386,1,"Sbardellati,John",8,3,3,2,4,,1,1,,,,,2,24,3.111
Spring 2026,HIST,3341,1,"Goldberg,Mark A",15,4,,,,,,,,,,,3,22,3.395
Spring 2026,HIST,3374,1,"Yuksel,Emire Cihan",6,5,1,,5,,,,,,,2,2,21,2.952
Spring 2026,HIST,2371,1,"Howard,Philip",4,1,1,1,3,,2,1,,,,2,3,18,2.278
Spring 2026,HIST,3370,1,"Cedillo,Adela",10,3,,,,1,,1,,1,,,2,18,3.112
Spring 2026,HIST,4383,1,"Chakrabarti,Pratik",4,4,3,2,,1,,,,,,1,,15,3.135
Spring 2026,HIST,4390,1,"Harwell,Debbie Z",11,,,,,,,,,,,,3,14,3.143
Spring 2026,HIST,4340,1,"McNally,David Joseph",5,,1,1,3,,,2,,,,1,,13,3.102
Spring 2026,HIST,4385,1,"Golubev,Alexey Valeryevich",4,3,2,,3,,,,,,,,1,13,3.308
Spring 2026,HIST,2355,1,"Bhattacharya,Nandini Saradindu",1,3,2,,2,,,,,,,,4,12,2.306
Spring 2026,HIST,6351,1,"Yuksel,Emire Cihan",11,,1,,,,,,,,,,,12,3.917
Spring 2026,HIST,6384,1,"Romero,Todd",9,,,,1,,,,,,,,,10,3.933
Spring 2026,HIST,6358,1,"Rector,Josiah John",7,,,,,,,,,,,,,7,4.000
Spring 2026,HIST,6358,2,"Rector,Josiah John",1,,,,,,,,,,,,,1,4.000
Spring 2026,HIST,6300,1,"Hammad,Hanan H",6,1,,,,,,,,,,,,7,3.953
Spring 2026,HIST,6310,1,"Gharala,Norah Linda Andrews",6,1,,,,,,,,,,,,7,3.953
Spring 2026,HIST,6398,03,"Young,Nancy Beck",2,,,,,,,,,,,,,2,4.000
Spring 2026,HIST,6398,5,"Schafer Jr,James A",2,,,,,,,,,,,,,2,4.000
Spring 2026,HIST,6398,02,"Rector,Josiah John",1,,,,,,,,,,,,,1,4.000
Spring 2026,HIST,6398,04,"Goldberg,Mark A",1,,,,,,,,,,,,,1,4.000
Spring 2026,HIST,6398,6,"Young,Nancy Beck",1,,,,,,,,,,,,,1,4.000
Spring 2026,HIST,3394,1,"Horne,Gerald",3,1,,,,,,,,,,,2,6,2.612
Spring 2026,HIST,8999,17,"Rector,Josiah John",2,,,,,,,,,,,,,2,4.000
Spring 2026,HIST,8999,08,"McNally,David Joseph",1,,,,,,,,,,,,,1,4.000
Spring 2026,HIST,8999,14,"Klieman,Kairn",1,,,,,,,,,,,,,1,4.000
Spring 2026,HIST,6380,01,"Young,Nancy Beck",3,,,,,,,,,,,,,3,4.000
Spring 2026,HIST,6651,01,"Young,Nancy Beck",3,,,,,,,,,,,,,3,4.000
Spring 2026,HIST,6399,3,"Young,Nancy Beck",1,,,,,,,,,,,,,1,4.000
Spring 2026,HIST,8677,04,"Ramos,Raul",1,,,,,,,,,,,,,1,4.000
Spring 2026,HLT,3325,03,"Burk,Kelly Ann",153,5,1,6,,1,2,6,,,,,1,175,3.821
Spring 2026,HLT,3325,04,"Burk,Kelly Ann",152,3,1,7,,1,,8,,,,2,1,175,3.779
Spring 2026,HLT,3325,01,"Laurence,Velvette Ramirez",146,9,,4,,,2,9,,1,,2,1,174,3.751
Spring 2026,HLT,3325,02,"Laurence,Velvette Ramirez",154,3,,4,,,3,6,,1,,,2,173,3.800
Spring 2026,HLT,1353,01,"Rafique,Kiran Sajid",34,39,11,5,13,2,1,3,1,,,4,7,120,3.187
Spring 2026,HLT,1353,02,"Rafique,Kiran Sajid",36,52,9,4,11,3,,1,,,1,3,,120,3.490
Spring 2026,HLT,1353,05,"Shamblin,Angel Ann",102,8,1,2,3,2,,1,,,1,,,120,3.861
Spring 2026,HLT,1353,06,"Vercher,Michelle Taylor",100,7,5,1,1,2,3,,,,,1,,120,3.798
Spring 2026,HLT,1353,07,"Vercher,Michelle Taylor",100,8,4,2,1,1,1,1,,,,,2,120,3.800
Spring 2026,HLT,3381,01,"Fedor Amador,Theresa Marie",63,9,2,1,6,,,3,,,,,1,85,3.773
Spring 2026,HLT,3381,02,"Hill,Rosenda Murillo",74,7,,1,3,,,,,,,,,85,3.934
Spring 2026,HLT,3381,04,"Hill,Rosenda Murillo",62,12,2,5,1,,1,1,,,,,1,85,3.750
Spring 2026,HLT,3381,03,"Fedor Amador,Theresa Marie",63,5,3,4,5,,2,,,,,1,1,84,3.691
Spring 2026,HLT,3381,06,"Markowitz,Eliz",59,12,2,1,3,1,1,,,,,1,4,84,3.600
Spring 2026,HLT,3381,07,"Markowitz,Eliz",28,11,2,6,1,,1,2,,,,1,,52,3.539
Spring 2026,HLT,2320,06,"Proctor,Robin Ann",59,15,2,3,1,,1,1,,,,,1,83,3.764
Spring 2026,HLT,2320,07,"Scherer,Rhonda",60,12,4,1,1,,1,1,,,,,1,81,3.778
Spring 2026,HLT,2320,08,"Scherer,Rhonda",44,24,1,,6,,1,1,,,,2,1,80,3.638
Spring 2026,HLT,2320,09,"Proctor,Robin Ann",44,20,1,3,1,1,3,2,,,,,3,78,3.531
Spring 2026,HLT,2320,05,"Proctor,Robin Ann",40,15,3,1,3,1,,2,,1,,1,2,69,3.537
Spring 2026,HLT,3301,03,"Scherer,Rhonda",38,14,3,2,6,,,1,,,,,2,66,3.637
Spring 2026,HLT,3301,01,"Correa-Fernandez,Virmarie",8,11,13,6,8,4,5,4,,1,2,,2,64,2.860
Spring 2026,HLT,3301,07,"Ripperger-Suhler,Ken",34,15,6,4,2,,2,,,,,1,,64,3.590
Spring 2026,HLT,3301,08,"Haq,Arooba A",5,11,6,12,12,6,,7,1,4,,,,64,2.849
Spring 2026,HLT,3301,10,"Ripperger-Suhler,Ken",20,17,4,4,6,3,4,2,,1,,1,,62,3.275
Spring 2026,HLT,3301,09,"Haq,Arooba A",3,12,7,2,5,4,,,,,1,,,34,3.187
Spring 2026,HLT,3380,03,"Adams,Monica Nichole",61,4,1,,,1,,,,,,1,,68,3.878
Spring 2026,HLT,3380,04,"Adams,Monica Nichole",57,7,1,1,1,,,,,,,,,67,3.921
Spring 2026,HLT,3380,01,"Markowitz,Eliz",14,7,8,10,4,2,4,2,3,2,,3,1,60,2.757
Spring 2026,HLT,3380,06,"Adams,Monica Nichole",37,10,3,1,1,,1,,,,,1,,54,3.729
Spring 2026,HLT,3306,01,"Fedor Amador,Theresa Marie",74,3,,3,,,,1,,,,,,81,3.918
Spring 2026,HLT,3306,02,"Fedor Amador,Theresa Marie",68,7,3,1,,,,,,,,1,,80,3.867
Spring 2026,HLT,3306,03,"Fedor Amador,Theresa Marie",62,8,1,,7,,1,1,,,,,,80,3.846
Spring 2026,HLT,4392,05,"Farmer,Jennifer",39,10,1,2,1,,1,2,,,,1,1,58,3.633
Spring 2026,HLT,4392,07,"Proctor,Robin Ann",45,5,1,1,1,,,,,,,1,2,56,3.703
Spring 2026,HLT,4392,06,"Farmer,Jennifer",46,7,1,,1,,,,,,,,,55,3.928
Spring 2026,HLT,4392,01,"Scherer,Rhonda",38,5,,1,4,,,,,,,,5,53,3.516
Spring 2026,HLT,3300,05,"Hudson-Gillan,Gail",93,2,1,,3,1,,,,,,,1,101,3.904
Spring 2026,HLT,3300,06,"Hudson-Gillan,Gail",89,4,4,,,,,1,,,,1,,99,3.889
Spring 2026,HLT,4307,04,"Kamdar-Sharif,Amber",22,14,,,2,5,,1,,,,,,44,3.599
Spring 2026,HLT,4307,01,"Adams,Monica Nichole",13,11,4,4,2,,1,,,,1,,,36,3.464
Spring 2026,HLT,4307,02,"Adams,Monica Nichole",18,7,2,1,7,,,1,,,,,,36,3.667
Spring 2026,HLT,4307,06,"Ripperger-Suhler,Ken",9,5,5,3,4,2,,1,1,,2,3,,35,2.876
Spring 2026,HLT,4307,07,"Ripperger-Suhler,Ken",5,4,6,5,2,1,2,,2,,,8,,35,2.287
Spring 2026,HLT,4310,01,"Farmer,Jennifer",28,7,,,,,,,,,,,,35,3.934
Spring 2026,HLT,4310,02,"Farmer,Jennifer",27,5,1,2,,,,,,,,,,35,3.848
Spring 2026,HLT,4310,04,"Bennett,Kristin C",22,6,,1,2,,,,1,1,,1,1,35,3.458
Spring 2026,HLT,4310,07,"Behjat,Amirmohsen",4,11,6,3,6,3,2,,,,,,,35,3.191
Spring 2026,HLT,4310,08,"Behjat,Amirmohsen",6,4,4,4,5,2,1,6,,,,1,,33,2.959
Spring 2026,HLT,4320,03,"Haq,Arooba A",22,9,3,,5,1,,1,1,,,,,42,3.619
Spring 2026,HLT,4320,02,"Behjat,Amirmohsen",4,12,6,4,10,2,1,1,1,,,,,41,3.196
Spring 2026,HLT,4320,04,"Behjat,Amirmohsen",9,6,2,6,4,2,5,4,,1,1,,,40,2.926
Spring 2026,HLT,4320,01,"Behjat,Amirmohsen",5,10,7,2,7,1,1,3,,,1,1,1,39,3.034
Spring 2026,HLT,4317,03,"Anwar,Abida",45,,1,,6,,,,,,,,,52,3.903
Spring 2026,HLT,4317,01,"Drenner,Kelli Linn",1,4,3,10,5,5,5,3,,,3,,3,42,2.390
Spring 2026,HLT,4317,02,"Drenner,Kelli Linn",1,5,5,6,6,4,3,7,,1,1,2,1,42,2.492
Spring 2026,HLT,4303,01,"Olvera,Norma E",24,26,2,1,3,,3,,,,,,,59,3.646
Spring 2026,HLT,4303,02,"Olvera,Norma E",18,29,3,,6,,,1,,,,2,,59,3.555
Spring 2026,HLT,3304,02,"Li,Xiaomei",48,17,4,3,5,,2,1,,,,,,80,3.709
Spring 2026,HLT,4302,01,"Drenner,Kelli Linn",42,15,3,4,3,2,,5,,2,,1,2,79,3.414
Spring 2026,HLT,4309,01,"Carmack,Chakema",19,1,,,2,1,,,1,,,,,24,3.722
Spring 2026,HLT,4340,01,"Drenner,Kelli Linn",17,,1,2,,,,,2,,,,,22,3.561
Spring 2026,HLT,4393,01,"Farmer,Jennifer",5,1,,,1,,,,,,,,,7,3.857
Spring 2026,HON,2101,01,"Charara,Hayan S",117,82,19,3,64,1,2,1,,,1,1,5,296,3.568
Spring 2026,HON,2101,02,"Gish,Dustin",59,93,30,10,43,2,2,3,,,,1,5,248,3.434
Spring 2026,HON,2341,07,"Garner,Richard A",5,3,2,,7,,,,,,,,,17,3.548
Spring 2026,HON,2341,05,"Rainbow,Jesse J",3,3,1,,8,,,,,,,,1,16,3.291
Spring 2026,HON,2341,11,"Sisman,Cengiz",5,7,,,4,,,,,,,,,16,3.688
Spring 2026,HON,2341,32,"Rayneard,Max James Anthony",5,7,,,3,,,,,,,1,,16,3.480
Spring 2026,HON,2341,01,"Barnes,Michael",12,1,,,2,,,,,,,,,15,3.889
Spring 2026,HON,2341,10,"Houlihan,James William",6,6,,,3,,,,,,,,,15,3.734
Spring 2026,HON,2341,16,"Dawson,Cindy",4,8,,,3,,,,,,,,,15,3.690
Spring 2026,HON,2341,17,"Dawson,Cindy",6,3,1,,4,1,,,,,,,,15,3.555
Spring 2026,HON,2341,21,"Cooper,Carol B",8,4,3,,,,,,,,,,,15,3.712
Spring 2026,HON,2341,03,"Charara,Hayan S",6,3,1,,4,,,,,,,,,14,3.666
Spring 2026,HON,2341,06,"Rainbow,Jesse J",4,7,,,3,,,,,,,,,14,3.691
Spring 2026,HON,2341,08,"Garner,Richard A",4,3,1,,5,,,,,,,,1,14,3.333
Spring 2026,HON,2341,30,"Ferguson,Jamie H",6,7,,,1,,,,,,,,,14,3.787
Spring 2026,HON,2341,35,"Frith,Eric",6,3,2,,2,,,,,,,,1,14,3.405
Spring 2026,HON,2341,04,"Charara,Hayan S",3,4,1,,5,,,,,,,,,13,3.564
Spring 2026,HON,2341,13,"Trninic,Marina",3,6,1,,3,,,,,,,,,13,3.616
Spring 2026,HON,2341,14,"Vollrath,Lesli A",2,4,2,,4,1,,,,,,,,13,3.385
Spring 2026,HON,2341,23,"Ford,Bryn Eames",5,7,1,,,,,,,,,,,13,3.745
Spring 2026,HON,2341,24,"Ford,Bryn Eames",3,6,2,1,1,,,,,,,,,13,3.540
Spring 2026,HON,2341,36,"Frith,Eric",4,5,2,,1,,,,,,,,1,13,3.360
Spring 2026,HON,2341,22,"Cooper,Carol B",3,3,3,,2,,,,,,,,1,12,3.223
Spring 2026,HON,2341,25,"Gish,Dustin",4,6,,,2,,,,,,,,,12,3.723
Spring 2026,HON,2341,28,"Lyke,Larry",3,4,2,1,2,,,,,,,,,12,3.501
Spring 2026,HON,2341,29,"Ferguson,Jamie H",5,5,,,1,1,,,,,,,,12,3.640
Spring 2026,HON,2341,31,"Rayneard,Max James Anthony",1,4,3,,4,,,,,,,,,12,3.417
Spring 2026,HON,2341,33,"Tierney,Robert Barkley",5,5,,,1,,1,,,,,,,12,3.613
Spring 2026,HON,2341,02,"Barnes,Michael",8,1,2,,,,,,,,,,,11,3.788
Spring 2026,HON,2341,09,"Morrison,Iain P D",3,5,1,,1,,,,,,,,1,11,3.335
Spring 2026,HON,2341,12,"Trninic,Marina",7,1,,,2,,,,,,,,1,11,3.485
Spring 2026,HON,2341,15,"Vollrath,Lesli A",3,2,1,,5,,,,,,,,,11,3.545
Spring 2026,HON,2341,26,"Gish,Dustin",4,4,,,1,,,,,,,,,9,3.779
Spring 2026,HON,2341,34,"Tierney,Robert Barkley",3,5,,,,,,,,,,,,8,3.794
Spring 2026,HON,3397,03,"Lunstroth,John",20,2,,1,,,,,,,,,1,24,3.750
Spring 2026,HON,3397,01,"Barnes,Michael",21,,1,,,,,,,,,1,,23,3.783
Spring 2026,HON,3397,04,"Konstantinidis,Ioannis",7,2,3,3,1,,,,,,,,2,18,3.093
Spring 2026,HON,3397,07,"Moore,Sophia",10,1,,2,,,,,,,,,,13,3.770
Spring 2026,HON,3397,02,"Trninic,Marina",9,,,,,,,,,1,,,1,11,3.334
Spring 2026,HON,3397,06,"Moore,Sophia",4,1,,1,,,,,,,,,,6,3.723
Spring 2026,HON,3397,05,"Frith,Eric",1,,,,,,,,,,,,1,2,2.000
Spring 2026,HON,3301,03,"Liddell,Robert B",24,,,,,,,,,,,,,24,4.000
Spring 2026,HON,3301,01,"Gallagher,Colleen Mary",18,1,,,,1,,,,,,1,1,22,3.530
Spring 2026,HON,3301,02,"Gallagher,Colleen Mary",9,2,,,1,,,,,,,,1,13,3.590
Spring 2026,HON,4397,02,"Modaff,Abigail",22,2,,,,,,,,,,,,24,3.973
Spring 2026,HON,4397,01,"Lawler,Janet Marie",19,2,1,,1,,,,,,,,,23,3.899
Spring 2026,HON,4397,03,"Moore,Sophia",2,1,1,1,,,,,,,,,,5,3.468
Spring 2026,HON,3310,02,"Dawson,Cindy",9,10,1,1,3,,,,,,1,,,25,3.588
Spring 2026,HON,3310,01,"Zaretsky,Robert D",6,1,2,1,5,3,,,,,,,3,21,2.809
Spring 2026,HON,3303,01,"Garner,Richard A",14,8,2,,1,,,,,,,,,25,3.788
Spring 2026,HON,3309,01,"Gallagher,Colleen Mary",25,,,,,,,,,,,,,25,4.000
Spring 2026,HON,4330,01,"Reynolds,Aaron E",23,2,,,,,,,,,,,,25,3.974
Spring 2026,HON,3307,01,"Vollrath,Lesli A",23,,,1,,,,,,,,,,24,3.945
Spring 2026,HON,4315,01,"Rayneard,Max James Anthony",11,4,1,1,3,,,,,,,1,,21,3.540
Spring 2026,HON,3374,01,"Rainbow,Jesse J",14,1,2,,3,,,,,,,,,20,3.783
Spring 2026,HON,3305,01,"Lambeth,Laurie Regine Clements",8,2,2,1,3,,1,,1,,,,1,19,3.193
Spring 2026,HON,3304,01,"Lunstroth,John",15,1,,1,,,,,,,,,,17,3.902
Spring 2026,HON,3332,01,"Rayder,Benjamin Taylor",7,3,2,1,,1,1,,,,,,,15,3.423
Spring 2026,HON,4350,01,"Kapral,Andrew J",10,2,1,,1,,,,,,,,,14,3.834
Spring 2026,HON,4398,03,"Rhoden,Brenda",4,,,,,,,,,,,,,4,4.000
Spring 2026,HON,4398,04,"Hallmark,Terrell L",4,,,,,,,,,,,,,4,4.000
Spring 2026,HON,4398,06,"Hanke,Marc H",4,,,,,,,,,,,,,4,4.000
Spring 2026,HON,4398,02,"Belco,Michelle Helene",1,,,,,,,,,,,,,1,4.000
Spring 2026,HON,4398,05,"Gallagher,Colleen Mary",1,,,,,,,,,,,,,1,4.000
Spring 2026,HON,4130,01,"Bettinger,Rikki",7,5,1,,,,,,,,,,,13,3.796
Spring 2026,HON,3132,01,"Rayder,Benjamin Taylor",7,1,,,1,,,,,,,1,,10,3.500
Spring 2026,HON,3350,01,"Lawler,Janet Marie",5,1,,2,1,,,,,,,,,9,3.593
Spring 2026,HON,4396,01,"Rhoden,Brenda",4,,,,,,,,,,,,,4,4.000
Spring 2026,HON,4396,02,"Lawler,Janet Marie",1,,,,,,,,,,,,,1,4.000
Spring 2026,HON,4396,03,"Frankel,Leslie Ann",1,,,,,,,,,,,,,1,4.000
Spring 2026,HON,4396,04,"Coulson-Thomas,Vivien J",1,,,,,,,,,,,,,1,4.000
Spring 2026,HON,4396,40,"Rhoden,Brenda",1,,,,,,,,,,,,,1,4.000
Spring 2026,HON,4396,50,"Rhoden,Brenda",1,,,,,,,,,,,,,1,4.000
Spring 2026,HON,3330,01,"Rhoden,Brenda",7,1,,,,,,,,,,,,8,3.959
Spring 2026,HON,4399,01,"Smith,Nathan G",1,,,,,,,,,,,,,1,4.000
Spring 2026,HON,4399,02,"Hanke,Marc H",1,,,,,,,,,,,,,1,4.000
Spring 2026,HON,4399,03,"Gharala,Norah Linda Andrews",1,,,,,,,,,,,,,1,4.000
Spring 2026,HON,4399,04,"Miller,John H",1,,,,,,,,,,,,,1,4.000
Spring 2026,HON,4399,06,"Modaff,Abigail",1,,,,,,,,,,,,,1,4.000
Spring 2026,HON,4399,07,"Hallmark,Terrell L",,,,,,,,,,,,,1,1,0.000
Spring 2026,HON,4399,09,"Granato,James S",1,,,,,,,,,,,,,1,4.000
Spring 2026,HON,4399,10,"Sharp,Rita Evelyn",1,,,,,,,,,,,,,1,4.000
Spring 2026,HON,3396,01,"Rhoden,Brenda",2,,,,,,,,,,,,,2,4.000
Spring 2026,HON,3335,01,"Hallmark,Terrell L",1,,,,,,,,,,,,,1,4.000
Spring 2026,HRD,3351,31,"Pereira-Leon,Maura Josefina",16,23,2,2,5,,,3,,,,,,51,3.596
Spring 2026,HRD,3351,30,"Bennett,LaTasha",23,10,2,1,2,,,,,,,1,,39,3.693
Spring 2026,HRD,4344,31,"Bennett,LaTasha",33,2,1,2,3,,,,,,,,,41,3.846
Spring 2026,HRD,4344,30,"Bennett,LaTasha",21,3,1,2,1,,,,,,,,,28,3.810
Spring 2026,HRD,3310,30,"Bennett,LaTasha",15,26,5,5,6,,,2,,1,,3,,63,3.319
Spring 2026,HRD,4350,31,"Polesello,Daiane",10,9,11,7,6,2,2,1,,1,,1,,50,3.101
Spring 2026,HRD,4350,30,"Clancy,James Patrick",4,1,,1,2,,,1,,,,,,9,3.481
Spring 2026,HRD,3346,31,"Hattier,Beth",16,10,8,4,4,1,2,2,1,,,,1,49,3.259
Spring 2026,HRD,3340,31,"Greer,Tomika",17,3,14,2,3,1,,2,,,,1,1,44,3.250
Spring 2026,HRD,4301,30,"Edwards,Malaika",13,8,6,3,7,1,2,,,,1,,,41,3.350
Spring 2026,HRD,4352,30,"Clancy,James Patrick",22,5,,1,1,,,,,,,1,,30,3.745
Spring 2026,HRD,4352,31,"Clancy,James Patrick",9,,,,,,,,,,,,,9,4.000
Spring 2026,HRD,3350,30,"Polesello,Daiane",17,3,3,,1,,,,,,,2,1,27,3.383
Spring 2026,HRD,4396,30,"Polesello,Daiane",8,2,,,1,,2,1,,,,,1,15,3.223
Spring 2026,HRD,4396,31,"Polesello,Daiane",4,2,1,1,2,1,,1,,,,,,12,3.333
Spring 2026,HRD,6359,50,"Waight,Consuelo L",12,,,,,,,,,,,,,12,4.000
Spring 2026,HRD,6359,30,"Assis,Karine",6,,,,,,,,,,,,,6,4.000
Spring 2026,HRD,6304,30,"Shirmohammadi,Melika",9,1,1,1,1,,,,,,,,,13,3.744
Spring 2026,HRD,6304,50,"Shirmohammadi,Melika",3,,,,,,,,,,,,,3,4.000
Spring 2026,HRD,4397,30,"Clancy,James Patrick",12,1,,,,,,,,,,,,13,3.975
Spring 2026,HRD,6302,30,"Bennett,LaTasha",10,,,,,,,,,,,,,10,4.000
Spring 2026,HRD,6352,50,"Moreno Colmenares,Alejandra",5,1,1,,3,,,,,,,,,10,3.666
Spring 2026,HRD,6397,50,"Tsagaroulis,Paraskevas",6,2,,1,1,,,,,,,,,10,3.734
Spring 2026,HRD,6396,30,"Edwards,Malaika",1,,,,,,,,,,,,,1,4.000
Spring 2026,HRD,6398,30,"Shirmohammadi,Melika",1,,,,,,,,,,,,,1,4.000
Spring 2026,IART,2300,01,"Hunt Kivel,Emily April",7,4,4,,,1,1,2,,,,,3,22,2.864
Spring 2026,IART,3300,01,"Noble,Melissa Lynn",17,,,,1,,,,,,,1,,19,3.754
Spring 2026,IART,3395,03,"Meza,Abinadi",6,,2,,,,,,,,,1,,9,3.333
Spring 2026,IART,3395,02,"Meza,Abinadi",6,,1,,,,,,,,,,,7,3.857
Spring 2026,IART,3395,07,"Desouza,Chelsea Anne",,1,,,,,,,,,,,,1,3.670
Spring 2026,IDNS,2125,06,"Pattison,Donna",9,1,6,3,,5,,,,,4,,9,37,2.189
Spring 2026,IDNS,2125,05,"Pattison,Donna",11,1,3,,,3,2,,,,3,,10,33,2.121
Spring 2026,IDNS,2125,08,"Pattison,Donna",18,1,2,3,,3,,,,,3,,3,33,3.020
Spring 2026,IDNS,2125,07,"Pattison,Donna",11,1,6,1,1,1,1,,,,4,1,5,32,2.521
Spring 2026,IDNS,2125,04,"Pattison,Donna",6,,8,,2,1,1,,,,5,,8,31,2.096
Spring 2026,IDNS,2125,03,"Pattison,Donna",10,2,5,1,,4,,,,,2,,6,30,2.522
Spring 2026,IDNS,2125,02,"Pattison,Donna",4,1,3,,,,,,,,1,,8,17,1.765
Spring 2026,IDNS,2125,01,"Pattison,Donna",3,,2,,,3,,,,,,,8,16,1.500
Spring 2026,IDNS,1142,06,"Pattison,Donna",19,2,2,3,3,,3,,,,2,,1,35,3.286
Spring 2026,IDNS,1142,04,"Pattison,Donna",14,4,1,4,,1,1,1,,,3,,4,33,2.859
Spring 2026,IDNS,1142,02,"Pattison,Donna",15,2,4,3,,,1,,,,2,,5,32,2.865
Spring 2026,IDNS,1142,05,"Pattison,Donna",10,2,1,3,1,,,1,,,1,,7,26,2.513
Spring 2026,IDNS,1142,01,"Pattison,Donna",13,2,1,1,2,,1,,,,1,,3,24,3.111
Spring 2026,IDNS,1142,07,"Pattison,Donna",10,1,,4,3,,,,,,,,1,19,3.386
Spring 2026,IDNS,1142,03,"Pattison,Donna",1,,,,,,1,3,1,,,,2,8,1.708
Spring 2026,IDNS,2123,01,"Pattison,Donna",15,,12,2,,2,,,,,3,,5,39,2.803
Spring 2026,IDNS,2123,04,"Pattison,Donna",8,1,5,2,,4,3,,,,5,,9,37,2.045
Spring 2026,IDNS,2123,02,"Pattison,Donna",17,,3,2,1,1,,,1,,1,,8,34,2.647
Spring 2026,IDNS,2123,03,"Pattison,Donna",12,,4,5,,2,,,2,,1,,6,32,2.521
Spring 2026,IDNS,2123,05,"Pattison,Donna",13,,7,3,1,3,,1,,,1,,2,31,3.032
Spring 2026,IDNS,1141,01,"Pattison,Donna",11,4,1,5,4,,1,1,,,3,,2,32,3.011
Spring 2026,IDNS,1141,04,"Pattison,Donna",9,,3,1,2,2,1,1,1,,3,,3,26,2.589
Spring 2026,IDNS,1141,05,"Pattison,Donna",5,1,6,1,,2,,2,,,,,3,20,2.650
Spring 2026,IDNS,1141,02,"Pattison,Donna",3,,3,,,,1,1,,,2,2,6,18,1.537
Spring 2026,IDNS,1141,03,"Pattison,Donna",3,,2,2,6,,,,,,3,,,16,2.957
Spring 2026,IDNS,2114,03,"Pattison,Donna",15,4,1,1,4,,2,1,,,2,1,2,33,3.091
Spring 2026,IDNS,2114,02,"Pattison,Donna",11,1,1,2,3,1,1,2,2,3,3,,1,31,2.656
Spring 2026,IDNS,2114,04,"Pattison,Donna",6,2,1,1,3,1,,1,1,,2,,1,19,2.894
Spring 2026,IDNS,2114,01,"Pattison,Donna",6,1,1,2,,,1,2,,,3,1,1,18,2.574
Spring 2026,IDNS,2197,03,"Pattison,Donna",23,5,2,2,1,,,,,,,,1,34,3.677
Spring 2026,IDNS,2197,05,"Stokes,Donna",7,,2,1,,1,,,,,,2,3,16,2.417
Spring 2026,IDNS,2197,07,"Pattison,Donna",9,1,2,2,1,1,,,,,,,,16,3.521
Spring 2026,IDNS,2197,02,"Pattison,Donna",8,4,,1,1,1,,,,,,,,15,3.645
Spring 2026,IDNS,2197,06,"Pattison,Donna",6,1,1,1,1,,,,,,,,,10,3.667
Spring 2026,IDNS,2197,01,"Pattison,Donna",2,1,1,1,,,1,,1,,,,,7,2.859
Spring 2026,IDNS,2113,02,"Pattison,Donna",14,2,,4,1,2,1,,,,,,1,25,3.321
Spring 2026,IDNS,2113,03,"Pattison,Donna",8,,1,2,2,,,,,1,1,2,2,19,2.579
Spring 2026,IDNS,2113,01,"Pattison,Donna",4,3,2,1,,1,1,,,,1,1,4,18,2.260
Spring 2026,IDNS,1102,02,"Pattison,Donna",22,1,3,,4,,,,,,,,2,32,3.562
Spring 2026,IDNS,1102,01,"Pattison,Donna",6,3,,,,1,,,,,1,,2,13,2.949
Spring 2026,IDNS,2115,01,"Pattison,Donna",19,2,1,,,,1,2,,,,1,3,29,3.196
Spring 2026,IDNS,2115,02,"Pattison,Donna",8,1,1,1,,1,,1,1,,,,2,16,2.917
Spring 2026,IDNS,3121,2,"Pattison,Donna",9,,5,1,,1,,,,,1,,3,20,2.850
Spring 2026,IDNS,3121,01,"Pattison,Donna",5,1,6,1,,1,,,,,1,,4,19,2.509
Spring 2026,IDNS,1101,02,"Pattison,Donna",11,1,4,,3,1,,,,,,,2,22,3.257
Spring 2026,IDNS,1101,01,"Pattison,Donna",5,4,3,,,1,1,,,,,,2,16,2.959
Spring 2026,IDNS,2136,03,"Pattison,Donna",13,2,3,1,,1,,,,,1,,1,22,3.379
Spring 2026,IDNS,2136,01,"Pattison,Donna",5,1,,1,1,1,,,,,,,4,13,2.436
Spring 2026,IDNS,2112,02,"Pattison,Donna",4,,2,2,2,1,1,,1,,,1,3,17,2.275
Spring 2026,IDNS,2112,01,"Pattison,Donna",3,1,1,4,1,1,2,,,,,1,2,16,2.376
Spring 2026,IDNS,2116,01,"Pattison,Donna",11,2,4,1,5,,,,,,,,2,25,3.306
Spring 2026,IDNS,2133,01,"Pattison,Donna",5,,8,,1,3,2,1,,,2,,2,24,2.569
Spring 2026,IDNS,4397,01,"Ogletree-Hughes,Monique L",6,,,,,,,,,,,,,6,4.000
Spring 2026,IDNS,4397,02,"Ogletree-Hughes,Monique L",2,2,2,,,,,,,,,,,6,3.557
Spring 2026,IEEM,6335,01,"Hu,Minxiang",21,7,1,,2,,,,,,,,,31,3.850
Spring 2026,IEEM,6330,1,"Rypien,David V",17,,,,,,,,,,,,,17,4.000
Spring 2026,ILAS,2350,1,"Oliva,Luca",13,4,1,,1,,,1,,,,4,4,28,2.691
Spring 2026,ILAS,4350,01,"Oliva,Luca",7,2,,,2,,,,,,,1,,12,3.500
Spring 2026,INAR,2501,3,"Wienert,Ross George",3,5,4,1,3,,,,1,,,,,17,3.295
Spring 2026,INAR,2501,01,"Rodriguez Fernandez,Marta",8,,1,2,4,,,1,,,,,,16,3.499
Spring 2026,INAR,3310,01,"Wienert,Ross George",5,2,2,10,6,1,1,3,,1,,,,31,2.947
Spring 2026,INAR,3501,01,"Handanovic,Dijana",5,4,,,2,2,,2,,,,,,15,3.333
Spring 2026,INAR,4360,01,"Yu,Maria H",5,7,,,,,,,,,,,,12,3.808
Spring 2026,INAR,4501,01,"Tucker de Vazquez,Sheryl",6,1,1,1,2,,,,,,,,1,12,3.333
Spring 2026,INDE,2333,01,"Feng,Qianmei",12,8,10,6,11,6,3,7,3,,5,5,14,90,2.255
Spring 2026,INDE,2333,03,"Wiggins,Nathanial David",38,15,2,1,3,,,,,,,1,,60,3.762
Spring 2026,INDE,2333,02,"Wiggins,Nathanial David",19,11,,,2,,,,,,,1,2,35,3.515
Spring 2026,INDE,3333,01,"Govindu,Nirathi Keerthi",72,10,2,3,3,,,,,,,,,90,3.874
Spring 2026,INDE,3381,01,"Lim,Gino Jinho",9,3,10,12,6,2,1,6,,,,,,49,3.034
Spring 2026,INDE,3381,03,"Wiggins,Nathanial David",4,,3,,2,,,,,,,,,9,3.518
Spring 2026,INDE,4364,01,"Lin,Ying",4,8,10,11,4,4,3,3,,,,,1,48,2.876
Spring 2026,INDE,4364,02,"De Bary,Narges Sharafi",1,3,1,,2,2,,,,,,,,9,3.186
Spring 2026,INDE,4331,01,"Schulze,Lawrence John Henry",,6,26,2,15,4,2,,,,,,,55,3.030
Spring 2026,INDE,4369,01,"Wang,Yaping",12,9,2,4,15,,2,3,,,,,,47,3.361
Spring 2026,INDE,3362,01,"Tan,Zhuo",29,5,6,,1,,1,,,,,,,42,3.746
Spring 2026,INDE,2331,2,"Govindu,Nirathi Keerthi",5,10,3,1,4,,,,,,1,,,24,3.459
Spring 2026,INDE,2331,1,"Govindu,Nirathi Keerthi",2,2,1,1,3,,,,,,,,,9,3.444
Spring 2026,INDE,4334,01,"Wang,Yaping",16,10,3,,3,,,,,,,,,32,3.740
Spring 2026,INDE,4337,1,"Schulze,Lawrence John Henry",2,3,6,,16,,5,,,,,,,32,3.083
Spring 2026,INDE,4315,01,"Wang,Yaping",6,5,6,2,8,,,1,,,,,,28,3.381
Spring 2026,INDE,6361,01,"Hu,Minxiang",10,15,1,,,,,,,,,,,26,3.771
Spring 2026,INDE,6361,2,"Hu,Minxiang",,,1,,,,,,,,,,,1,3.000
Spring 2026,INDE,6363,01,"Keedy,Elias",4,6,2,3,9,,,,,,,,,24,3.417
Spring 2026,INDE,6334,01,"Lin,Ying",11,3,3,1,3,,,2,,,,,,23,3.536
Spring 2026,INDE,4372,01,"Hu,Minxiang",2,9,4,,5,,,,,,,,,20,3.484
Spring 2026,INDE,6378,1,"Irani,Shahrukh A",13,,,,2,,,,,,,,,15,3.911
Spring 2026,INDE,6332,1,"Chung,Christopher",13,,1,,,,,,,,,,,14,3.929
Spring 2026,INDE,4397,01,"Ogundare,Oluwatosin",9,,,,,,,,,,,,,9,4.000
Spring 2026,INDE,4397,2,"Larif,Oumaima",2,1,,,1,,,,,,,,,4,3.750
Spring 2026,INDE,6335,01,"Chung,Christopher",11,,2,,,,,,,,,,,13,3.846
Spring 2026,INDE,6365,1,"Schulze,Lawrence John Henry",1,5,1,,2,,,,,,,,2,11,2.910
Spring 2026,INDE,6333,02,"Chung,Christopher",5,,2,,,,,,,,,,1,8,3.250
Spring 2026,INDE,6333,04,"Chung,Christopher",1,,1,,,,,,,,,,,2,3.500
Spring 2026,INDE,7344,01,"Xiang,Yisha",3,3,,1,3,,,,,,,,,10,3.567
Spring 2026,INDE,4111,1,"Peng,Jiming Ouyang",7,,,,,,,,,,,,,7,4.000
Spring 2026,INDE,7397,7,"Jiang,Xin",5,1,,,,,,,,,,,,6,3.945
Spring 2026,INDE,6372,1,"Peng,Jiming Ouyang",,,1,2,,1,,,,,,,,4,2.585
Spring 2026,INDE,6397,1,"Larif,Oumaima",1,,,,,,,,,,,,,1,4.000
Spring 2026,INDE,8399,02,"Lin,Ying",1,,,,,,,,,,,,,1,4.000
Spring 2026,INDS,1360,1,"Kimbrough,Mark S",5,8,7,8,6,5,1,2,1,,1,,6,50,2.607
Spring 2026,INDS,3397,3,"Jackson,Megan H",18,2,2,1,3,,,,,,,,1,27,3.630
Spring 2026,INDS,3397,01,"Kang,Chul Min",,2,1,,1,,,,,,,,3,7,1.953
Spring 2026,INDS,3397,5,"Chow,George K",1,2,,,3,,,1,,,,,,7,3.380
Spring 2026,INDS,3397,4,"Kimbrough,Mark S",2,1,,1,,1,,,,,,,,5,3.268
Spring 2026,INDS,1501,03,"Jackson,Megan H",,4,2,3,5,,,,,1,1,,1,17,2.785
Spring 2026,INDS,1501,01,"Jamjoom,Zain Ahmed",2,2,,2,4,2,,2,,,,,2,16,2.666
Spring 2026,INDS,4361,1,"Wells,Adam C",28,,,,,,,,,,,,,28,4.000
Spring 2026,INDS,2501,01,"Wells,Adam C",1,5,5,1,2,,,,,,,,,14,3.334
Spring 2026,INDS,2501,3,"Cambronero,Gerardo",,,3,1,6,,,1,1,,,,,12,2.915
Spring 2026,INDS,3340,1,"Chow,George K",5,10,2,3,6,,,,,,,,,26,3.488
Spring 2026,INDS,2160,02,"Wells,Adam C",4,5,4,4,3,,1,2,1,,,1,,25,2.974
Spring 2026,INDS,2356,01,"Westich,Stephen",10,3,5,2,2,,,2,,,,,,24,3.445
Spring 2026,INDS,3501,01,"Kang,Chul Min",3,5,1,,4,,,,1,,,,,14,3.405
Spring 2026,INDS,4501,01,"Feng,Jeff Feng",2,7,1,1,3,,,,,,,,,14,3.525
Spring 2026,INDS,2170,02,"Kimbrough,Mark S",,1,,1,1,1,,,,,,1,3,8,1.459
Spring 2026,INDS,2270,2,"Kimbrough,Mark S",8,,,,,,,,,,,,,8,4.000
Spring 2026,INDS,4380,01,"Wells,Adam C",6,,,,,,,,,,,,,6,4.000
Spring 2026,INDS,4380,2,"Wells,Adam C",1,,,,,,,,,,,,,1,4.000
Spring 2026,INDS,3360,1,"Vos,Gordon A",6,,,,,,,,,,,,,6,4.000
Spring 2026,INDS,6333,1,"Vos,Gordon A",4,,,,,,,,,,,,,4,4.000
Spring 2026,INDS,7301,01,"Morshedzadeh,Elham",2,,,,,,,,,,,,,2,4.000
Spring 2026,INDS,7301,3,"Kang,Chul Min",,,,,1,,,,,,,,,1,3.330
Spring 2026,INDS,7301,5,"Chow,George K",1,,,,,,,,,,,,,1,4.000
Spring 2026,INDS,3370,01,"Feng,Jeff Feng",3,,,,,,,,,,,,,3,4.000
Spring 2026,INDS,6340,1,"Wells,Adam C",2,,1,,,,,,,,,,,3,3.667
Spring 2026,INDS,6397,1,"Kang,Chul Min",,2,,,,,,,,,,,,2,3.670
Spring 2026,INDS,6397,5,"Chow,George K",,1,,,,,,,,,,,,1,3.670
Spring 2026,INDS,6398,1,"Wells,Adam C",,1,,,,,,,,,,,,1,3.670
Spring 2026,INDS,6398,2,"Feng,Jeff Feng",1,,,,,,,,,,,,,1,4.000
Spring 2026,INDS,6398,3,"Morshedzadeh,Elham",1,,,,,,,,,,,,,1,4.000
Spring 2026,INDS,6310,1,"Kimbrough,Mark S",1,,,,1,,,,,,,,,2,3.665
Spring 2026,INDS,6355,1,"Vos,Gordon A",2,,,,,,,,,,,,,2,4.000
Spring 2026,INDS,6361,1,"Morshedzadeh,Elham",2,,,,,,,,,,,,,2,4.000
Spring 2026,INDS,6330,1,"Chow,George K",,1,,,,,,,,,,,,1,3.670
Spring 2026,INDS,7300,1,"Chow,George K",1,,,,,,,,,,,,,1,4.000
Spring 2026,INTB,3355,03,"Wengelnik,Dorothee-Catherine",192,32,9,2,10,1,,1,,,,1,,248,3.852
Spring 2026,INTB,3355,06,"Carvalho,Emilia Barreto",116,63,12,5,19,2,2,6,1,3,5,4,9,247,3.396
Spring 2026,INTB,3355,08,"Wengelnik,Dorothee-Catherine",152,37,4,3,13,1,,,,,1,1,4,216,3.752
Spring 2026,INTB,3355,02,"Thompson,Joseph Lee",154,3,2,2,3,1,,1,,,,,1,167,3.908
Spring 2026,INTB,3355,09,"Carvalho,Emilia Barreto",36,26,5,6,4,1,1,1,,1,1,3,,85,3.432
Spring 2026,INTB,3355,04,"Miljanic,Andra Olivia",53,11,4,1,3,1,,1,1,,,1,2,78,3.620
Spring 2026,INTB,3355,05,"Egunjobi,Rabi Happiness",30,3,3,,1,1,,,,,,,2,40,3.634
Spring 2026,INTB,3355,10,"Farah,Elena",29,2,2,,1,2,,2,1,,,,,39,3.649
Spring 2026,INTB,3355,01,"Thompson,Joseph Lee",24,,,,,,,,,,,,,24,4.000
Spring 2026,INTB,3355,07,"Farah,Elena",5,2,,,,,,,,,,,,7,3.906
Spring 2026,INTB,4397,01,"Thompson,Joseph Lee",26,,,,,,,,,,,,,26,4.000
Spring 2026,INTB,7352,01,"Wengelnik,Dorothee-Catherine",18,,1,,,,,,,,,,,19,3.947
Spring 2026,INTN,2306,1,"Gietz,Merrilee Ruth",,2,3,1,2,1,1,1,,,,,,11,2.879
Spring 2026,INTN,2335,01,"Hoefer,Naomi J.",3,3,1,1,2,,,1,,,,,,11,3.425
Spring 2026,INTN,3433,01,"Moore,Kiarah Elyse",5,6,,,,,,,,,,,,11,3.820
Spring 2026,INTN,4368,01,"Gietz,Merrilee Ruth",6,4,,,1,,,,,,,,,11,3.819
Spring 2026,INTN,4335,1,"Hoefer,Naomi J.",1,2,1,1,1,,,,,,,,,6,3.390
Spring 2026,INTN,4489,01,"Moore,Kiarah Elyse",6,,,,,,,,,,,,,6,4.000
Spring 2026,IRW,1100,2,"Ebersole,John Ira",,,,,,,,,,,,,4,4,0.000
Spring 2026,IRW,1100,1,"Ebersole,John Ira",,,,,,,,,,,,,2,2,0.000
Spring 2026,ITAL,1502,03,"Ercolani,Monica",7,2,1,,1,,,1,,,,,,12,3.667
Spring 2026,ITAL,1502,5,"Saglimbeni,Fabio",2,1,,1,1,,,,,,,,2,7,2.524
Spring 2026,ITAL,2312,01,"Ercolani,Monica",11,3,,,,,,,,,,1,,15,3.667
Spring 2026,ITAL,3307,01,"Behr,Francesca D",7,,2,1,1,2,,1,,,,1,,15,3.089
Spring 2026,ITAL,6392,01,"Saglimbeni,Fabio",1,,,,,,,,,,,,,1,4.000
Spring 2026,JAPN,1502,01,"Ji,Fang",8,2,2,3,5,,,,,,,,3,23,3.043
Spring 2026,JAPN,1502,03,"Ji,Fang",9,2,3,,1,,,3,,,,,1,19,3.298
Spring 2026,JAPN,2312,1,"Ji,Fang",8,7,1,,5,,,,,,,,,21,3.683
Spring 2026,JAPN,2312,02,"Ji,Fang",8,4,1,,3,,,1,,,,,1,18,3.444
Spring 2026,JWST,2372,1,"Tamber-Rosenau,Caryn M",3,,1,,1,,,2,,,,1,2,10,2.299
Spring 2026,JWST,3397,50,"Rainbow,Jesse J",1,,2,,2,,,,,,,,,5,3.332
Spring 2026,KIN,1304,4,"Parikh,Pranav J",168,11,2,1,5,3,1,1,1,1,1,2,3,200,3.753
Spring 2026,KIN,1304,2,"Alastuey,Lisa L",55,39,23,14,24,5,4,5,1,1,5,12,7,195,3.006
Spring 2026,KIN,1304,3,"Hamilton,Marc",103,,41,,,18,,,15,,,11,7,195,3.005
Spring 2026,KIN,1304,1,"Breslin,Whitney L",105,37,20,6,15,4,2,3,,,,1,1,194,3.609
Spring 2026,KIN,1352,05,"Graham,Marilynn Hadassah",141,22,2,7,9,,2,,,3,2,5,5,198,3.573
Spring 2026,KIN,1352,02,"Rinehart,Seth",166,11,4,,14,,,,,,,,1,196,3.893
Spring 2026,KIN,1352,03,"Lee,Beom Chan",88,29,5,16,20,4,4,8,,3,,13,6,196,3.153
Spring 2026,KIN,1352,01,"Caslin Findley,Heather",43,18,4,10,9,3,2,2,,,,5,1,97,3.306
Spring 2026,KIN,3306,01,"Paulson,Sally",26,19,5,8,5,1,,4,,,1,,1,70,3.420
Spring 2026,KIN,3306,03,"Park,Yoonjung",46,7,4,2,8,,,1,,,,,2,70,3.657
Spring 2026,KIN,3306,02,"Hamilton,Marc",14,,3,6,3,12,10,2,6,,1,3,9,69,2.083
Spring 2026,KIN,4310,02,"Parikh,Pranav J",58,5,3,1,3,,,,,,,,,70,3.886
Spring 2026,KIN,4310,03,"Park,Seoung Hoon",56,4,3,,3,,,,1,1,,,1,69,3.759
Spring 2026,KIN,4310,01,"Thrasher,Timothy Adam",8,6,7,14,7,5,1,10,2,,1,2,2,65,2.677
Spring 2026,KIN,3305,02,"Hawkins,Billy J",36,23,8,9,7,8,3,3,2,,,1,,100,3.298
Spring 2026,KIN,3305,03,"Hawkins,Billy J",22,22,13,9,7,11,6,3,4,,,3,,100,2.981
Spring 2026,KIN,4315,02,"Layne,Charles S",65,31,8,1,9,3,2,1,,,,,1,121,3.654
Spring 2026,KIN,4315,01,"Park,Seoung Hoon",53,2,2,1,1,,,1,,,,,,60,3.895
Spring 2026,KIN,3350,02,"Paulson,Sally",28,27,8,8,20,1,1,3,,2,1,,,99,3.398
Spring 2026,KIN,3350,01,"Elliott,Ashlyne Paige",39,8,2,4,,2,1,3,,1,,3,1,64,3.365
Spring 2026,KIN,2304,1,"Breslin,Whitney L",12,13,12,17,8,7,10,7,2,,,4,6,98,2.579
Spring 2026,KIN,2304,2,"Breslin,Whitney L",8,2,11,3,5,8,4,6,4,,,7,2,60,2.294
Spring 2026,KIN,4370,01,"Markofski,Melissa",31,16,59,5,15,12,7,12,,,,,1,158,3.080
Spring 2026,KIN,3309,02,"Lee,Beom Chan",50,5,6,,7,2,,2,1,,,,1,74,3.639
Spring 2026,KIN,3309,01,"Paulson,Sally",12,13,10,17,9,3,4,4,,,,,1,73,3.056
Spring 2026,KIN,3304,01,"LaVoy,Emily Claire-Pyle",19,8,19,12,18,7,16,5,,2,6,,1,113,2.797
Spring 2026,KIN,3304,02,"Oforka,Okechukwu K",3,2,2,,1,,,1,,1,2,,,12,2.861
Spring 2026,KIN,3301,3,"Breslin,Whitney L",32,7,5,3,3,2,,2,1,1,,4,,60,3.284
Spring 2026,KIN,3301,1,"Betts,Charles Raphael",24,12,4,3,4,2,2,4,,,,1,3,59,3.221
Spring 2026,KIN,4300,1,"Alastuey,Lisa L",17,30,14,13,14,4,6,9,1,1,2,4,1,116,2.972
Spring 2026,KIN,3101,1,"Gorniak,Stacey",12,10,11,11,13,8,5,6,4,,2,3,5,90,2.615
Spring 2026,KIN,4397,1,"Harrison,Layci",24,5,8,1,4,3,,,2,,,1,2,50,3.247
Spring 2026,KIN,4397,02,"Fritz,William E",12,4,3,,,,,,,,,,,19,3.773
Spring 2026,KIN,4301,01,"Alastuey,Lisa L",12,15,7,6,7,3,2,6,,,,2,,60,3.112
Spring 2026,KIN,3325,1,"Knoblauch,Mark Alan",16,13,5,2,4,3,1,2,,2,1,,1,50,3.207
Spring 2026,KIN,4355,01,"Walsh,David W",8,5,18,5,8,,,3,,2,,,1,50,3.053
Spring 2026,KIN,4340,01,"Ogunrinde,Joyce",9,6,7,7,11,2,,1,,,,,1,44,3.197
Spring 2026,KIN,3370,01,"Paulson,Sally",4,13,6,5,6,1,3,5,,,,,,43,3.109
Spring 2026,KIN,4350,01,"Ogunrinde,Joyce",10,1,6,6,6,5,1,8,,,,,,43,2.976
Spring 2026,KIN,3360,01,"Pearson,Demetrius W",3,3,4,5,2,4,2,4,,,1,2,5,35,2.200
Spring 2026,KIN,3303,01,"Hawkins,Billy J",4,8,6,7,3,3,1,1,,,,,,33,3.092
Spring 2026,KIN,4365,01,"Cottingham,Michael",8,5,2,4,,5,4,,,1,1,1,1,32,2.678
Spring 2026,KIN,4190,01,"Walsh,David W",19,5,3,1,2,,,,1,,,,,31,3.667
Spring 2026,KIN,4345,1,"Lee,Dong Hun",14,5,4,,4,,,1,,,,,1,29,3.517
Spring 2026,KIN,4691,01,"Walsh,David W",20,2,,2,1,1,,,,,,,,26,3.770
Spring 2026,KIN,4690,01,"Walsh,David W",17,3,,2,1,,,,,,,,,23,3.812
Spring 2026,KIN,4360,1,"Cottingham,Michael",17,,,,,,,,,,,,,17,4.000
Spring 2026,KIN,4390,01,"Betts,Randi Jill",5,,,,,,,,,,,,1,6,3.333
Spring 2026,KIN,4391,02,"Betts,Randi Jill",4,,,,,,,,,,,,1,5,3.200
Spring 2026,KIN,4398,01,"Cottingham,Michael",1,,,,,,,,,,,,,1,4.000
Spring 2026,KORE,2312,01,"Back,Eunkyung Lee",3,2,6,2,3,1,,2,,,1,,1,21,2.889
Spring 2026,KORE,1502,01,"Back,Eunkyung Lee",2,,1,1,,,,1,,1,,3,,9,1.852
Spring 2026,KORE,1502,03,"Back,Eunkyung Lee",3,3,1,,,1,,,,,,,1,9,3.112
Spring 2026,LAAF,8300,01,"Daram,Shahriar",,1,,,,,,,,,,,,1,3.670
Spring 2026,LAAF,8300,02,"Daram,Shahriar",,1,,,,,,,,,,,,1,3.670
Spring 2026,LAAF,8300,03,"Daram,Shahriar",,,1,,,,,,,,,,,1,3.000
Spring 2026,LAAF,8300,04,"Daram,Shahriar",,,,,1,,,,,,,,,1,3.330
Spring 2026,LAAF,8300,05,"Daram,Shahriar",,,,,1,,,,,,,,,1,3.330
Spring 2026,LACP,2111,1,"Benavides,Bina",,,,,,,,,,,,,2,2,0.000
Spring 2026,LATI,1302,1,"Behr,Francesca D",3,6,1,,2,1,,1,,,,,2,16,3.001
Spring 2026,LAW,6207,10,"Heard,Whitney W",2,2,7,,5,,,,,,,,,16,3.312
Spring 2026,LAW,6207,03,"Reed,Hilary S",2,3,2,1,7,,,,,,,,,15,3.399
Spring 2026,LAW,6207,04,"Feinstein,Jessica",1,3,4,2,4,,,1,,,,,,15,3.200
Spring 2026,LAW,6207,07,"Heard,Whitney W",3,6,1,1,2,1,,1,,,,,,15,3.379
Spring 2026,LAW,6207,08,"Brem,Katherine B",4,4,1,1,3,,,2,,,,,,15,3.400
Spring 2026,LAW,6207,11,"Reed,Hilary S",1,5,2,1,6,,,,,,,,,15,3.400
Spring 2026,LAW,6207,15,"Simpson,Lauren J",2,4,1,2,6,,,,,,,,,15,3.400
Spring 2026,LAW,6207,18,"Brown,Maleaha L",2,3,2,1,7,,,,,,,,,15,3.399
Spring 2026,LAW,6207,02,"Gomez,Alissa R",3,2,3,1,4,,,1,,,,,,14,3.333
Spring 2026,LAW,6207,05,"Feinstein,Jessica",2,4,2,2,4,,,,,,,,,14,3.381
Spring 2026,LAW,6207,06,"Gomez,Alissa R",2,3,3,,5,1,,,,,,,,14,3.333
Spring 2026,LAW,6207,12,"Swift,Kenneth Richard",1,4,2,1,6,,,,,,,,,14,3.381
Spring 2026,LAW,6207,16,"Simpson,Lauren J",2,2,2,1,7,,,,,,,,,14,3.380
Spring 2026,LAW,6207,19,"Crozier,Christina Fontenot",4,1,3,2,4,,,,,,,,,14,3.381
Spring 2026,LAW,6207,01,"Swift,Kenneth Richard",3,1,2,,6,1,,,,,,,,13,3.358
Spring 2026,LAW,6207,09,"Crozier,Christina Fontenot",1,4,2,2,4,,,,,,,,,13,3.334
Spring 2026,LAW,6207,17,"Brown,Maleaha L",1,3,1,1,7,,,,,,,,,13,3.384
Spring 2026,LAW,5378,2,"Michaels,Andrew Charles",6,21,10,4,31,,,,,,,,,72,3.403
Spring 2026,LAW,5378,04,"Bush,Darren",11,17,28,,15,,,,,,,,,71,3.385
Spring 2026,LAW,5378,3,"Hester,Tracy",12,15,18,4,22,,,,,,,,,71,3.394
Spring 2026,LAW,5378,1,"Bush,Darren",4,5,9,,5,,,,,,,,,23,3.391
Spring 2026,LAW,5488,01,"Portuondo,Laura",18,12,10,5,28,2,,3,,,,,,78,3.380
Spring 2026,LAW,5488,3,"Chandler,Seth J",16,17,21,2,17,,,5,,,,,,78,3.372
Spring 2026,LAW,5488,2,"Berman,Emily",6,22,14,4,31,,,,,,,,,77,3.385
Spring 2026,LAW,5408,01,"Mirasola,Christopher",9,17,19,4,24,,,,,,,,,73,3.370
Spring 2026,LAW,5408,2,"Zale,Kellen B",13,16,12,9,21,,,1,,,,,,72,3.375
Spring 2026,LAW,5408,3,"Warren,Gina S",18,17,13,11,10,1,1,,,,,,,71,3.376
Spring 2026,LAW,5303,02,"Kwok,David Y",15,13,19,5,13,1,,5,,,,1,,72,3.264
Spring 2026,LAW,5303,04,"Froomkin,David",17,8,12,6,27,,,2,,,,,,72,3.388
Spring 2026,LAW,5303,01,"Frank,Demetria",11,12,21,7,15,1,1,3,,,,,,71,3.244
Spring 2026,LAW,6321,2,"Murphy,Mary Ellen",9,14,12,3,18,,,1,,,,,,57,3.398
Spring 2026,LAW,6321,3,"Knake,Renee N",4,13,6,2,14,,,1,,,,,,40,3.400
Spring 2026,LAW,6321,01,"Schwartz,Richard Austin",13,8,1,3,3,4,1,,,,1,,,34,3.334
Spring 2026,LAW,6321,5,"Warren,Jeremy E",4,9,7,2,7,,,,,,,,,29,3.403
Spring 2026,LAW,5421,02,"Nelson,James D",6,22,18,2,16,,,,,,,,,64,3.396
Spring 2026,LAW,5421,01,"Ragazzo,Robert A",5,7,6,2,18,,,,,,,,,38,3.394
Spring 2026,LAW,5326,3,"Bregant,Jessica Lynn",11,7,9,6,15,,,,,,,,,48,3.389
Spring 2026,LAW,5326,1,"Braley,Timothy Shawn",3,9,11,5,7,,,1,,,,,,36,3.251
Spring 2026,LAW,5326,2,"Kwok,David Y",4,5,4,1,2,,,1,,,,,,17,3.412
Spring 2026,LAW,5297,6,"Powers,Ruby Lichte",3,3,6,,4,,,,,,,,,16,3.396
Spring 2026,LAW,5297,1,"Gnaim,Habeeb Issa",3,7,4,,,,,1,,,,,,15,3.468
Spring 2026,LAW,5297,2,"Bass,Jason Thames",5,3,3,1,2,,,,1,,,,,15,3.356
Spring 2026,LAW,5297,9,"Cororve,Brian",3,1,,,2,1,,1,,,,,,8,3.333
Spring 2026,LAW,5297,7,"White,Hunter Hassen",2,2,1,1,1,,,,,,,,,7,3.477
Spring 2026,LAW,5297,4,"McCutcheon,Richard Roy",2,1,,1,2,,,,,,,,,6,3.500
Spring 2026,LAW,5297,3,"King,Elizabeth Wood",,2,1,,1,,,,,,,,,4,3.418
Spring 2026,LAW,5297,5,"Herrera,Steven Cruz",1,1,1,,,,,,,,,,,3,3.557
Spring 2026,LAW,5397,5,"Julien,Rita Margaret",3,4,6,1,4,,,,,,,,,18,3.371
Spring 2026,LAW,5397,3,"Schein,David Donald",4,,6,3,2,,,1,,,,1,,17,3.000
Spring 2026,LAW,5397,4,"Abramson,Brian Dean",2,1,2,1,1,,,,,,,,,7,3.381
Spring 2026,LAW,5397,6,"Julien,Rita Margaret",1,1,2,,3,,,,,,,,,7,3.380
Spring 2026,LAW,5397,15,"Anozie,Chinonso Tansi",2,1,1,1,1,,,,,,,,,6,3.445
Spring 2026,LAW,5397,7,"Griffith,Katrina Michele",,2,1,,2,,,,,,,,,5,3.400
Spring 2026,LAW,5397,1,"Shannon,Robert Joseph",1,,,1,1,,,,,,,,,3,3.333
Spring 2026,LAW,5397,2,"Hasan,Qaraman M",,1,1,,,,,,,,,,,2,3.335
Spring 2026,LAW,5397,8,"Acosta,Nour Shatleh",,,,,2,,,,,,,,,2,3.330
Spring 2026,LAW,7397,2,"McStay Jr,Robert Francis",,2,2,,6,,,,,,,,,10,3.332
Spring 2026,LAW,7397,7,"Lanham,Andrew James",,4,2,,4,,,,,,,,,10,3.400
Spring 2026,LAW,7397,1,"Froomkin,David",3,2,1,,2,,,,,,,1,,9,3.222
Spring 2026,LAW,7397,3,"Morales,Daniel I",,2,,,7,,,,,,,,,9,3.406
Spring 2026,LAW,7397,5,"Hester,Tracy",,4,,1,4,,,,,,,,,9,3.408
Spring 2026,LAW,7397,4,"Fowler,Leah Robbins",2,,3,,3,,,,,,,,,8,3.374
Spring 2026,LAW,7397,11,"Trujillo,Elizabeth I",1,2,1,,,,,,,,,,,4,3.585
Spring 2026,LAW,7397,8,"Anozie,Chinonso Tansi",,1,,,3,,,,,,,,,4,3.415
Spring 2026,LAW,5342,2,"Vagenas,Georgia Nick",,4,,1,7,,,,,,,,,12,3.388
Spring 2026,LAW,5342,3,"Graham,Elizabeth Ainsworth",3,,4,,4,,,1,,,,,,12,3.304
Spring 2026,LAW,5342,4,"Truskett,Harve",2,3,3,1,3,,,,,,,,,12,3.389
Spring 2026,LAW,5342,5,"Colt,Kathleen Berryman",3,1,5,,3,,,,,,,,,12,3.388
Spring 2026,LAW,5342,7,"Schwietz,John Matthew",2,3,5,,2,,,,,,,,,12,3.389
Spring 2026,LAW,5357,4,"Brem,Katherine B",9,9,,1,10,,,4,1,,,,,34,3.392
Spring 2026,LAW,5357,3,"Warren,Jill",4,4,3,1,5,1,2,1,,2,1,,,24,2.889
Spring 2026,LAW,5380,1,"Taylor,John A",18,11,7,2,4,2,3,1,,,,,,48,3.404
Spring 2026,LAW,5320,01,"Schwartz,Charles W",9,9,8,3,13,2,,1,1,,,,,46,3.297
Spring 2026,LAW,5339,2,"Reed,Hilary S",5,8,6,1,4,,,2,,,,,,26,3.385
Spring 2026,LAW,5339,01,"Sanders,Pannal Alan",2,5,4,2,3,,,1,,,,,,17,3.295
Spring 2026,LAW,5296,1,"Nadorff,Norman J",8,6,6,2,10,1,,3,,,,,1,37,3.234
Spring 2026,LAW,6307,1,"Cooper,Brian Michael",4,12,11,1,9,,,,,,,,,37,3.397
Spring 2026,LAW,6347,3,"Hawkins,James R",9,2,2,2,8,,,3,,,,,,26,3.397
Spring 2026,LAW,6347,2,"Hart,Matthew Olivier",2,1,5,,3,,,,,,,,,11,3.333
Spring 2026,LAW,5325,1,"Mirasola,Christopher",4,12,4,3,12,,,1,,,,,,36,3.398
Spring 2026,LAW,5381,01,"Bolshakov,Anastasia A",10,8,4,7,6,,,1,,,,,,36,3.399
Spring 2026,LAW,5382,2,"Lanham,Andrew James",9,7,9,5,3,,,,,,,,,33,3.395
Spring 2026,LAW,5355,01,"Mason,Jasper",7,4,3,,18,,,,,,,,,32,3.488
Spring 2026,LAW,5336,1,"Fowler,Leah Robbins",5,5,5,1,15,,,,,,,,,31,3.418
Spring 2026,LAW,5383,1,"Willis,Tasha L",,10,4,,17,,,,,,,,,31,3.397
Spring 2026,LAW,6364,2,"Toedt III,Dell Charles",4,1,3,2,7,,,,,,,,,17,3.372
Spring 2026,LAW,6364,1,"Toedt III,Dell Charles",1,5,2,1,5,,,,,,,,,14,3.405
Spring 2026,LAW,5343,1,"Swift,Kenneth Richard",4,8,4,3,11,,,,,,,,,30,3.400
Spring 2026,LAW,5409,01,"Dow,David R",2,7,6,2,13,,,,,,,,,30,3.344
Spring 2026,LAW,5317,1,"Gebru,Aman K",8,6,6,3,5,,,1,,,,,,29,3.414
Spring 2026,LAW,5386,01,"Dao,Andrew",4,7,11,,7,,,,,,,,,29,3.379
Spring 2026,LAW,5418,01,"Mantel,Jessica",3,5,4,2,14,,,,,,,,,28,3.368
Spring 2026,LAW,6362,1,"Warren,Gina S",8,3,3,2,9,,,,,,,,,25,3.493
Spring 2026,LAW,5307,1,"Crump,David L",7,4,4,3,3,,,2,,,,,,23,3.363
Spring 2026,LAW,5389,1,"Morales,Daniel I",6,4,10,1,2,,,,,,,,,23,3.392
Spring 2026,LAW,5345,1,"Crump,David L",5,5,1,2,7,1,1,,,,,,,22,3.349
Spring 2026,LAW,5242,2,"Drake,Alyson",6,2,1,1,1,1,1,,,,,,,13,3.385
Spring 2026,LAW,5242,1,"Drake,Alyson",1,3,2,1,1,,,,,,,,,8,3.376
Spring 2026,LAW,6332,1,"Bregant,Jessica Lynn",3,3,4,1,7,,,,,,,,,18,3.388
Spring 2026,LAW,5308,1,"Berman,Emily",1,1,,,15,,,,,,,,,17,3.389
Spring 2026,LAW,5330,1,"Guggenberger,Nikolas",3,3,2,2,7,,,,,,,,,17,3.392
Spring 2026,LAW,5311,1,"Sanders,Joseph",2,3,4,,7,,,,,,,,,16,3.395
Spring 2026,LAW,6393,1,"Janicke,Paul",3,5,2,2,3,,,1,,,,,,16,3.376
Spring 2026,LAW,5120,1,"Dykes,Christopher",2,3,4,,6,,,,,,,,,15,3.399
Spring 2026,LAW,5201,1,"Andrews,Jeffrey A",2,2,2,1,7,,,1,,,,,,15,3.310
Spring 2026,LAW,5332,1,"Michaels,Andrew Charles",,5,2,,8,,,,,,,,,15,3.399
Spring 2026,LAW,6239,1,"Engerrand,Kenneth G",3,,4,4,4,,,,,,,,,15,3.200
Spring 2026,LAW,5237,1,"Armstrong,Mark S",3,5,2,2,1,1,,,,,,,,14,3.359
Spring 2026,LAW,5375,01,"Cox,Jason Andrew",,4,7,,3,,,,,,,,,14,3.262
Spring 2026,LAW,6218,01,"Brehon,Autumn Rayn",3,3,1,2,4,,,,1,,,,,14,3.262
Spring 2026,LAW,6310,1,"Nguyen,Hung T",2,5,1,1,4,,,,,,,,,13,3.488
Spring 2026,LAW,6371,1,"Cardenas Garcia,Julian Jose",3,3,2,,5,,,,,,,,,13,3.512
Spring 2026,LAW,5238,1,"Brents,Melinda Heath",3,1,,,7,,,1,,,,,,12,3.443
Spring 2026,LAW,5349,1,"Holmes,Brandie Elaine Jester",4,2,2,,2,1,,,,,,,1,12,3.167
Spring 2026,LAW,5352,1,"Wells,Douglas",1,4,5,1,1,,,,,,,,,12,3.307
Spring 2026,LAW,5371,1,"Wright,Denney L",2,4,1,1,3,1,,,,,,,,12,3.362
Spring 2026,LAW,5376,1,"Hoffman,Lonny",1,,,,11,,,,,,,,,12,3.386
Spring 2026,LAW,6205,01,"Cotrone,Carlo M",4,3,,2,2,1,,,,,,,,12,3.418
Spring 2026,LAW,6353,1,"Hoffman,Lonny",2,2,3,,4,,,,,,1,,,12,3.249
Spring 2026,LAW,7303,1,"Marquez,Ryan Michael",,3,1,,8,,,,,,,,,12,3.388
Spring 2026,LAW,5101,1,"Lawson,Emily Woolard",2,2,1,1,5,,,,,,,,,11,3.424
Spring 2026,LAW,5209,1,"Romero Jr,Reynaldo",3,1,1,3,2,,,1,,,,,,11,3.243
Spring 2026,LAW,5361,01,"Brennan,Daniel",2,,4,2,3,,,,,,,,,11,3.212
Spring 2026,LAW,6220,1,"King,Elizabeth Wood",2,2,3,1,3,,,,,,,,,11,3.364
Spring 2026,LAW,7336,1,"Portuondo,Laura",1,3,3,,4,,,,,,,,,11,3.394
Spring 2026,LAW,5218,01,"Zack,Sherri Lynn",1,4,2,1,2,,,,,,,,,10,3.401
Spring 2026,LAW,5254,01,"Lowy,Peter A",4,1,3,,2,,,,,,,,,10,3.533
Spring 2026,LAW,5322,02,"Wyly,Brad T",,3,1,,6,,,,,,,,,10,3.399
Spring 2026,LAW,5350,1,"Willis,Tasha L",,,,,10,,,,,,,,,10,3.330
Spring 2026,LAW,5459,01,"Buckles,Johnny R",2,1,3,,4,,,,,,,,,10,3.399
Spring 2026,LAW,6306,1,"Ewer,Michael S",2,3,2,,3,,,,,,,,,10,3.500
Spring 2026,LAW,6350,01,"Unger,John F",2,2,2,1,3,,,,,,,,,10,3.400
Spring 2026,LAW,7316,1,"Hawkins,James R",1,5,1,1,1,,,1,,,,,,10,3.368
Spring 2026,LAW,7341,1,"Nelson,James D",1,3,3,,3,,,,,,,,,10,3.400
Spring 2026,LAW,7346,1,"Gebru,Aman K",2,4,2,1,,,,1,,,,,,10,3.368
Spring 2026,LAW,5150,1,"Brownell,Robert Bruce Anthony",,2,1,,6,,,,,,,,,9,3.369
Spring 2026,LAW,5251,1,"Zimmer,Sepinood",2,3,2,1,1,,,,,,,,,9,3.446
Spring 2026,LAW,6241,1,"Brucculeri,Louis",2,3,3,,1,,,,,,,,,9,3.482
Spring 2026,LAW,6329,1,"Trujillo,Elizabeth I",1,3,3,,2,,,,,,,,,9,3.408
Spring 2026,LAW,6363,1,"Hawash,Michael",,2,1,,6,,,,,,,,,9,3.369
Spring 2026,LAW,5198,01,"Vetter,Greg R",6,2,,,,,,,,,,,,8,3.918
Spring 2026,LAW,5246,1,"Dueitt,Michelle",1,3,2,1,1,,,,,,,,,8,3.376
Spring 2026,LAW,5416,1,"Malveaux,Helen Marie",,1,,,7,,,,,,,,,8,3.373
Spring 2026,LAW,7308,01,"Sanders,Joseph",,3,2,,3,,,,,,,,,8,3.375
Spring 2026,LAW,7328,1,"Newberry,Jeffrey R",1,2,3,,2,,,,,,,,,8,3.375
Spring 2026,LAW,5200,01,"Morfey,Michael D",1,2,2,,2,,,,,,,,,7,3.429
Spring 2026,LAW,5217,1,"Pachuca,Banafshe",1,3,1,,2,,,,,,,,,7,3.524
Spring 2026,LAW,5220,1,"Lumpkin,Layla Dotson",1,1,2,,3,,,,,,,,,7,3.380
Spring 2026,LAW,5309,01,"Ware,Natalie Anne",2,1,2,1,1,,,,,,,,,7,3.381
Spring 2026,LAW,5403,1,"Turboff,Lisa Lepow",,2,3,,2,,,,,,,,,7,3.286
Spring 2026,LAW,6366,1,"Robertson,Beverly Ann Ryan",1,1,3,1,1,,,,,,,,,7,3.239
Spring 2026,LAW,5244,1,"Benskin,Krisa Renee",2,1,,3,,,,,,,,,,6,3.280
Spring 2026,LAW,5354,01,"Hill,Jason A",,1,1,,4,,,,,,,,,6,3.332
Spring 2026,LAW,6226,1,"Borrego,Theodore R",3,2,,,1,,,,,,,,,6,3.778
Spring 2026,LAW,5205,01,"Cabot,Jessica Anna",,2,2,,1,,,,,,,,,5,3.334
Spring 2026,LAW,5227,01,"Maule,Charles Stephen",2,,1,,2,,,,,,,,,5,3.532
Spring 2026,LAW,5266,1,"Buckles,Johnny R",,1,1,,3,,,,,,,,,5,3.332
Spring 2026,LAW,5392,01,"Foteh,Samir Jabra",,2,1,,2,,,,,,,,,5,3.400
Spring 2026,LAW,5405,1,"Cabot,Jessica Anna",,2,,,3,,,,,,,,,5,3.466
Spring 2026,LAW,6213,1,"Dow,David R",,1,,,4,,,,,,,,,5,3.398
Spring 2026,LAW,6240,1,"Dow,David R",,1,,,4,,,,,,,,,5,3.398
Spring 2026,LAW,5398,02,"Vetter,Greg R",3,1,,,,,,,,,,,,4,3.918
Spring 2026,LAW,5402,1,"Heard,Christopher D",,1,,,3,,,,,,,,,4,3.415
Spring 2026,LAW,6317,1,"Willis,Tasha L",,,,,4,,,,,,,,,4,3.330
Spring 2026,LAW,6331,1,"Marquez,Jason R",,2,1,,1,,,,,,,,,4,3.418
Spring 2026,LAW,5271,01,"Contreras,Lindsay",,2,,,1,,,,,,,,,3,3.557
Spring 2026,LAW,5277,1,"Rogers,Julie B",1,1,,1,,,,,,,,,,3,3.447
Spring 2026,LAW,5293,1,"Campagna,Larry A",1,1,,1,,,,,,,,,,3,3.447
Spring 2026,LAW,5298,01,"Vetter,Greg R",1,1,,,,,,,,,,,,2,3.835
Spring 2026,LAW,5298,51,"Vetter,Greg R",,1,,,,,,,,,,,,1,3.670
Spring 2026,LAW,5489,1,"Willis,Tasha L",,,,,3,,,,,,,,,3,3.330
Spring 2026,LAW,5601,1,"Cabot,Jessica Anna",,1,,1,1,,,,,,,,,3,3.223
Spring 2026,LAW,6335,1,"Rodgers,Erin Elizabeth",,,,,3,,,,,,,,,3,3.330
Spring 2026,LAW,6340,1,"Lake,Joshua",,1,,,2,,,,,,,,,3,3.443
Spring 2026,LAW,5211,1,"Landers,Daniella Denise",,1,,,1,,,,,,,,,2,3.500
Spring 2026,LAW,5225,1,"Gupta,Ajay",,,,,2,,,,,,,,,2,3.330
Spring 2026,LAW,5300,1,"Lake,Joshua",,,,,2,,,,,,,,,2,3.330
Spring 2026,LAW,5404,1,"Marquez,Ryan Michael",,,,,2,,,,,,,,,2,3.330
Spring 2026,LAW,5222,1,"Pinto-Leon,Ignacio",,,,,1,,,,,,,,,1,3.330
Spring 2026,LAW,5285,1,"Rodgers,Erin Elizabeth",,1,,,,,,,,,,,,1,3.670
Spring 2026,LAW,5301,01,"Cabot,Jessica Anna",,1,,,,,,,,,,,,1,3.670
Spring 2026,LAW,5316,1,"Rodgers,Erin Elizabeth",,1,,,,,,,,,,,,1,3.670
Spring 2026,LAW,5395,01,"Heard,Christopher D",,1,,,,,,,,,,,,1,3.670
Spring 2026,LAW,5401,01,"Heard,Christopher D",,1,,,,,,,,,,,,1,3.670
Spring 2026,LAW,5411,1,"Marquez,Jason R",,,,,1,,,,,,,,,1,3.330
Spring 2026,LAW,5413,1,"Marquez,Jason R",,,1,,,,,,,,,,,1,3.000
Spring 2026,LAW,5414,1,"Alimohammad,Rehan Shams",,,1,,,,,,,,,,,1,3.000
Spring 2026,LAW,5471,1,"Turboff,Lisa Lepow",,1,,,,,,,,,,,,1,3.670
Spring 2026,LEAD,8380,1,"Thomas,Dustine J",10,2,,,1,,,,,,,,,13,3.898
Spring 2026,LEAD,8380,3,"Hawkins,Jacqueline McLean",10,1,,,,,,,,,,,1,12,3.639
Spring 2026,LEAD,8380,2,"Johnson,Detra DeVerne",9,,,,,,,,,,,1,,10,3.600
Spring 2026,LEAD,8380,4,"Hawkins,Jacqueline McLean",1,,,,,,,,,,,,,1,4.000
Spring 2026,LEAD,8383,1,"Johnson,Detra DeVerne",12,,,,,,,,,,,,,12,4.000
Spring 2026,LEAD,8383,2,"Peters-Hawkins,April",4,3,1,1,1,,,,,,,,,10,3.601
Spring 2026,LEAD,8369,02,"Hausmann,Robert Carl",14,,,,,,,,,,,,1,15,3.733
Spring 2026,LEAD,8369,01,"Hausmann,Robert Carl",1,,,,,,,,,,,,1,2,2.000
Spring 2026,LEAD,8382,1,"Davis,Bradley",7,,,,,,,,,,,,,7,4.000
Spring 2026,LEAD,8390,7,"Snodgrass Rangel,Virginia Walker",3,,,,,,,,,,,,,3,4.000
Spring 2026,LEAD,8390,1,"McNeil,Sara G",1,,,,,,,,,,,,,1,4.000
Spring 2026,LEAD,8390,111,"Santi,Kristi L",,1,,,,,,,,,,,,1,3.670
Spring 2026,LEAD,8690,03,"Johnson,Detra DeVerne",1,,,,,,,,,,,,,1,4.000
Spring 2026,LEAD,8690,4,"Hausmann,Robert Carl",1,,,,,,,,,,,,,1,4.000
Spring 2026,LEAD,8690,5,"Davis,Bradley",1,,,,,,,,,,,,,1,4.000
Spring 2026,LSAF,3301,10,,,,,,,,,,1,,,,,1,1.000
Spring 2026,LSAF,3301,11,,1,,,,,,,,,,,,,1,4.000
Spring 2026,LSAF,3301,13,,,,,,,,,,1,,,,,1,1.000
Spring 2026,LSAF,3301,15,,,,1,,,,,,,,,,,1,3.000
Spring 2026,LSAF,3301,2,,1,,,,,,,,,,,,,1,4.000
Spring 2026,LSAF,3301,23,,1,,,,,,,,,,,,,1,4.000
Spring 2026,LSAF,3301,53,,1,,,,,,,,,,,,,1,4.000
Spring 2026,LSAF,3301,6,,,1,,,,,,,,,,,,1,3.670
Spring 2026,LSAF,4301,13,,1,,,,,,,,,,,,,1,4.000
Spring 2026,LSAF,4301,2,,,,,,,,,,1,,,,,1,1.000
Spring 2026,LSAF,4301,20,,1,,,,,,,,,,,,,1,4.000
Spring 2026,LSAF,4301,25,,,1,,,,,,,,,,,,1,3.670
Spring 2026,LSAF,2401,2,,1,,,,,,,,,,,,,1,4.000
Spring 2026,LSAF,2401,3,,1,,,,,,,,,,,,,1,4.000
Spring 2026,LSAF,2401,4,,,1,,,,,,,,,,,,1,3.670
Spring 2026,LSAF,1501,12,,1,,,,,,,,,,,,,1,4.000
Spring 2026,LSAF,1501,13,,,1,,,,,,,,,,,,1,3.670
Spring 2026,LSAF,2301,33,,,,1,,,,,,,,,,,1,3.000
Spring 2026,LSAF,2301,34,,1,,,,,,,,,,,,,1,4.000
Spring 2026,LSAF,3401,1,,1,,,,,,,,,,,,,1,4.000
Spring 2026,LSAF,3401,5,,1,,,,,,,,,,,,,1,4.000
Spring 2026,LSAF,1101,7,,,1,,,,,,,,,,,,1,3.670
Spring 2026,LSAF,2501,1,,1,,,,,,,,,,,,,1,4.000
Spring 2026,LSRE,3301,15,,2,,,,,,,,,,,,,2,4.000
Spring 2026,LST,3356,01,"Abbott Jr,Kenneth Wayne",28,10,,,6,,,,,,,,,44,3.834
Spring 2026,LST,3356,02,"Wall,Kenneth S",4,5,,4,2,1,1,1,,3,4,,8,33,1.970
Spring 2026,LST,3352,1,"Badas,Alex",8,2,5,3,2,6,1,1,,1,2,2,7,40,2.209
Spring 2026,LST,3357,01,"Littlepage,Kelley G",7,4,3,4,7,1,2,5,,,2,1,4,40,2.633
Spring 2026,LST,3386,01,"Wright,Andrew Alexander",5,2,8,7,4,2,5,1,1,,,,5,40,2.476
Spring 2026,LST,3359,01,"Manning,Tanisha",5,2,6,5,3,4,1,4,3,,,1,5,39,2.325
Spring 2026,LST,3385,01,"Abbott Jr,Kenneth Wayne",31,4,3,,,1,,,,,,,,39,3.838
Spring 2026,LST,3354,01,"Watts,Jeffrey Allen",20,7,,1,2,2,,,,,,3,2,37,3.217
Spring 2026,LST,4392,01,"Abbott Jr,Kenneth Wayne",12,,,,,,,,,,,,,12,4.000
Spring 2026,MANA,3335,05,"Currie,Daniel David",112,90,5,10,19,3,1,6,1,,,1,2,250,3.624
Spring 2026,MANA,3335,04,"Sebastijanovic,Marina",181,29,6,5,12,2,,3,3,1,,3,3,248,3.695
Spring 2026,MANA,3335,03,"Sebastijanovic,Marina",186,31,8,3,12,1,1,1,1,,,1,2,247,3.792
Spring 2026,MANA,3335,02,"Smith,Shona G",58,43,40,17,43,6,3,8,2,1,4,6,2,233,3.185
Spring 2026,MANA,3335,09,"Currie,Daniel David",132,24,1,8,9,2,1,3,2,,,1,2,185,3.703
Spring 2026,MANA,3335,06,"Thompson,Monica",20,29,27,15,25,6,1,11,1,3,2,2,4,146,2.984
Spring 2026,MANA,3335,07,"Carlin,Barbara A",19,17,7,7,10,4,,5,1,,1,3,1,75,3.111
Spring 2026,MANA,3335,10,"Demirag Burak,Elif G",42,12,4,,5,1,,1,,,,2,,67,3.657
Spring 2026,MANA,3335,01,"Rude,Dale",8,5,,,3,,,,,,,,,16,3.771
Spring 2026,MANA,3335,08,"Krylova,Ksenia O",2,2,,2,,,,1,,,1,,,8,3.043
Spring 2026,MANA,4330,01,"Phillips,James S",113,46,13,10,37,4,,,1,,,2,,226,3.623
Spring 2026,MANA,4330,03,"Sebastijanovic,Marina",17,30,3,3,12,,,,,,,,,65,3.616
Spring 2026,MANA,4330,02,"Reinoso,Gaston",7,3,3,,2,,,,,,,,1,16,3.417
Spring 2026,MANA,4397,08,"Wengelnik,Dorothee-Catherine",56,6,1,1,,,,1,,,,,,65,3.908
Spring 2026,MANA,4397,02,"Wengelnik,Dorothee-Catherine",46,10,1,2,2,1,,2,,,,,,64,3.787
Spring 2026,MANA,4397,01,"Barrett,Beverly",10,7,5,2,6,,,1,,,1,3,1,36,3.046
Spring 2026,MANA,4397,09,"Demirag Burak,Elif G",8,5,,,,,,,,,,1,,14,3.596
Spring 2026,MANA,4397,07,"Witt,Lawrence A",12,,,,,,,,,,,,,12,4.000
Spring 2026,MANA,4397,04,"Wengelnik,Dorothee-Catherine",9,,,,,,,,,,,,1,10,3.600
Spring 2026,MANA,4346,01,"Evans,Klavdia Markelova",59,4,2,,,,,,,,,,,65,3.949
Spring 2026,MANA,4346,02,"Evans,Klavdia Markelova",56,3,,,3,1,,,,,,,1,64,3.859
Spring 2026,MANA,4346,03,"Lozano Garcia,Miguel Angel",32,1,1,,1,3,3,,,,,,,41,3.634
Spring 2026,MANA,4347,02,"Salaiz,Ashley",46,11,1,2,,1,,3,,,,,1,65,3.718
Spring 2026,MANA,4347,01,"Salaiz,Ashley",45,6,5,1,6,1,,,,,,,,64,3.776
Spring 2026,MANA,4347,03,"Zyung,Jinyong",5,3,,1,,,,,1,,,,,10,3.468
Spring 2026,MANA,4337,01,"Sebastijanovic,Marina",42,8,4,1,8,,,2,,,,,,65,3.744
Spring 2026,MANA,4337,02,"Smith,Shona G",44,7,4,2,6,1,,,,,,,1,65,3.708
Spring 2026,MANA,4350,02,"Celly,Nikhil",9,47,3,,4,1,,,,,,,1,65,3.582
Spring 2026,MANA,4350,01,"Wengelnik,Dorothee-Catherine",47,1,1,,3,,,1,,,,1,3,57,3.631
Spring 2026,MANA,4355,01,"Phillips,James S",22,20,19,4,,,,,,,,,,65,3.524
Spring 2026,MANA,4355,02,"Bozeman,Dennis",20,,10,,12,3,,2,,,,,,47,3.417
Spring 2026,MANA,4385,04,"Chiu,Shih-chi",46,10,,1,4,1,1,1,,,,,,64,3.792
Spring 2026,MANA,4385,01,"Tabesh,Pooya",16,18,1,1,6,1,,2,,1,,,,46,3.544
Spring 2026,MANA,4353,03,"Bozeman,Dennis",25,,15,,16,8,,,,,,,,64,3.348
Spring 2026,MANA,4353,01,"Bozeman,Dennis",9,,17,,8,3,,2,1,,,,,40,3.133
Spring 2026,MANA,4338,01,"Gelb,Brian",46,6,2,,11,,,,,,,,,65,3.825
Spring 2026,MANA,4338,02,"Demirag Burak,Elif G",24,2,,1,2,,,,,,,,1,30,3.756
Spring 2026,MANA,7339,01,"Werner,Steve",28,3,1,,2,,,1,,,,,,35,3.857
Spring 2026,MANA,7339,04,"Witt,Lawrence A",27,,,,,,,,,,,1,,28,3.857
Spring 2026,MANA,7339,02,"Witt,Lawrence A",21,,,,,,,,,,,,,21,4.000
Spring 2026,MANA,7339,03,"Lozano Garcia,Miguel Angel",7,,,,,,,,,,,,,7,4.000
Spring 2026,MANA,   6A32,04,"Krylova,Ksenia O",16,15,,,3,,,1,,,,,,35,3.753
Spring 2026,MANA,   6A32,02,"Krylova,Ksenia O",18,6,1,,1,,1,,,,,2,2,31,3.291
Spring 2026,MANA,   6A32,06,"Rude,Dale",5,2,1,1,4,,,,,,,,,13,3.564
Spring 2026,MANA,   6A32,05,"Witt,Lawrence A",10,,,,,,,,,,,,,10,4.000
Spring 2026,MANA,   6A25,01,"Celly,Nikhil",28,5,,,,,,,,,,,1,34,3.834
Spring 2026,MANA,   6A25,02,"Carlin,Barbara A",9,9,4,3,6,1,1,1,,,,,,34,3.383
Spring 2026,MANA,   6A25,03,"Celly,Nikhil",2,2,,,,,,,,,,,,4,3.835
Spring 2026,MANA,4336,01,"Krylova,Ksenia O",11,30,5,1,15,,1,,,,,1,1,65,3.437
Spring 2026,MANA,4341,01,"Evans,Klavdia Markelova",55,6,,,4,,,,,,,,,65,3.928
Spring 2026,MANA,4348,01,"Tabesh,Pooya",13,18,8,6,10,2,,4,,2,1,,1,65,3.190
Spring 2026,MANA,4356,02,"Fernandez,Alejandro",58,,,2,4,,,,,,,1,,65,3.856
Spring 2026,MANA,4358,01,"Zamanipour,Tina",57,,2,,5,1,,,,,,,,65,3.887
Spring 2026,MANA,4344,01,"Thompson,Joseph Lee",57,1,,,1,1,,,,,,,2,62,3.823
Spring 2026,MANA,4312,01,"Kroger,Edward John",40,,5,1,14,,,1,,,,,,61,3.715
Spring 2026,MANA,4386,01,"Salaiz,Ashley",33,6,7,2,5,3,1,,2,,,1,1,61,3.388
Spring 2026,MANA,   6A83,02,"Zyung,Jinyong",22,6,,1,2,,,,,,,1,,32,3.730
Spring 2026,MANA,   6A83,03,"Zyung,Jinyong",8,,,,1,,,,,,,1,,10,3.533
Spring 2026,MANA,   6A83,01,"Sauerwald,Steve",8,1,,,,,,,,,,,,9,3.963
Spring 2026,MANA,4382,01,"Kroger,Edward John",27,6,5,,,,,,,,,,1,39,3.718
Spring 2026,MANA,4331,01,"Bailey-Rihawi,Esther Elizabeth",25,4,1,1,2,,,,,,,2,1,36,3.528
Spring 2026,MANA,4380,01,"Houston,Lawrence",7,6,5,1,4,1,5,1,1,,,4,,35,2.705
Spring 2026,MANA,6310,01,"Celly,Nikhil",33,2,,,,,,,,,,,,35,3.981
Spring 2026,MANA,7336,01,"Fernandez,Alejandro",31,,,,3,1,,,,,,,,35,3.885
Spring 2026,MANA,7330,01,"Williams,John M",34,,,,,,,,,,,,,34,4.000
Spring 2026,MANA,7380,02,"Houston,Lawrence",13,1,3,,,1,,,,,,,1,19,3.509
Spring 2026,MANA,7380,01,"Abbott,Jeanna L",14,,,,1,,,,,,,,,15,3.955
Spring 2026,MANA,7375,01,"Sauerwald,Steve",27,4,1,,1,,,,,,,,,33,3.909
Spring 2026,MANA,7358,01,"Zamanipour,Tina",28,,,,2,,,,,,,,1,31,3.828
Spring 2026,MANA,   7A49,01,"Carlin,Barbara A",10,4,1,1,4,,1,2,,,,1,,24,3.333
Spring 2026,MANA,7397,02,"Pathak,Seemantini Madhukar",10,,,,,,,,,,,,,10,4.000
Spring 2026,MANA,7397,03,"Jackson,Vanessa",8,,,,,,,,,,,,,8,4.000
Spring 2026,MANA,7397,01,"Werner,Steve",5,,,,,,,,,,,,1,6,3.333
Spring 2026,MANA,7362,01,"Carlin,Barbara A",16,2,,,1,,,,,,,,,19,3.930
Spring 2026,MANA,6383,1,"Carlin,Barbara A",4,2,,,4,,,,,,,,,10,3.666
Spring 2026,MANA,6383,2,"Carlin,Barbara A",4,2,,,,,,,,,,,,6,3.890
Spring 2026,MANA,7334,01,"Bozeman,Dennis",3,,3,,3,,,6,,,,,1,16,2.811
Spring 2026,MANA,7355,01,"Bozeman,Dennis",7,,2,1,1,,1,1,,,,,,13,3.385
Spring 2026,MANA,7354,01,"Sebastijanovic,Marina",8,1,,,2,,,,,,,,,11,3.848
Spring 2026,MANA,7359,01,"Avery,Derek Reynold",5,3,2,,,1,,,,,,,,11,3.546
Spring 2026,MANA,4333,01,"Chen,Baifu",6,2,1,,1,,,,,,,,,10,3.767
Spring 2026,MANA,7353,02,"Werner,Steve",9,,1,,,,,,,,,,,10,3.900
Spring 2026,MANA,4310,02,"Rude,Dale",4,1,3,,,,,1,,,,,,9,3.444
Spring 2026,MANA,7332,01,"Fernandez,Alejandro",7,,,,,,,,,,,,1,8,3.500
Spring 2026,MANA,7345,01,"Kumar,Sanjiv",5,,,,2,,,,,,,1,,8,3.333
Spring 2026,MANA,7347,01,"Chiu,Shih-chi",7,,,,,,,,,,,,,7,4.000
Spring 2026,MANA,7382,02,"Kroger,Edward John",6,,,,1,,,,,,,,,7,3.904
Spring 2026,MANA,7372,02,"Kroger,Edward John",4,,1,,,1,,,,,,,,6,3.500
Spring 2026,MANA,7360,01,"Fernandez,Alejandro",3,,,,,,,,,,,,,3,4.000
Spring 2026,MANA,8395,01,"Carlin,Barbara A",1,,,,,,,,,,,,,1,4.000
Spring 2026,MARK,3337,05,"Ahearne,Michael",65,43,33,16,35,16,6,13,2,2,1,2,6,240,3.138
Spring 2026,MARK,3337,08,"Ahearne,Michael",61,32,43,16,34,15,8,12,5,1,3,4,5,239,3.043
Spring 2026,MARK,3337,02,"Suki,Yara D",126,24,16,10,36,4,,5,,,1,,2,224,3.606
Spring 2026,MARK,3337,04,"Vandaveer,Amy L",64,40,33,9,34,12,3,14,3,,3,3,6,224,3.159
Spring 2026,MARK,3337,03,"Boehm-Miller,Elizabeth A",47,41,21,17,38,12,2,9,1,2,,2,7,199,3.136
Spring 2026,MARK,3337,01,"Boehm-Miller,Elizabeth A",50,28,16,8,28,6,3,5,2,1,2,6,2,157,3.181
Spring 2026,MARK,3337,06,"Suki,Yara D",89,7,1,,3,1,,,,,1,,1,103,3.864
Spring 2026,MARK,3337,07,"Suki,Yara D",20,2,,,1,,,,1,,,,,24,3.820
Spring 2026,MARK,3337,09,"Tueffert,Curt F",14,3,,,1,,,,,,,,,18,3.908
Spring 2026,MARK,3336,01,"Kraemer,Martin",268,51,26,8,30,3,,5,1,,1,1,5,399,3.705
Spring 2026,MARK,3336,02,"Kraemer,Martin",227,56,29,10,45,10,2,8,1,,,4,6,398,3.568
Spring 2026,MARK,3336,05,"Kraemer,Martin",181,62,35,13,34,10,4,12,4,,1,5,7,368,3.436
Spring 2026,MARK,3336,04,"Koch,Steven F",15,16,19,17,20,8,8,16,,3,5,4,5,136,2.669
Spring 2026,MARK,3336,03,"Koch,Steven F",10,10,,,2,,,,,,,,,22,3.789
Spring 2026,MARK,3365,01,"Lee,Byung Cheol",62,35,13,7,19,2,1,10,,,,,1,150,3.509
Spring 2026,MARK,3365,02,"Lee,Byung Cheol",51,39,19,7,16,2,2,8,,,,2,4,150,3.347
Spring 2026,MARK,3365,03,"Lee,Byung Cheol",29,24,5,6,17,,1,5,1,,,,,88,3.478
Spring 2026,MARK,3338,01,"Li,Yanyan",73,35,17,5,15,4,,3,1,,,,5,158,3.486
Spring 2026,MARK,3338,02,"Li,Yanyan",40,32,17,9,14,5,,4,3,,,2,3,129,3.267
Spring 2026,MARK,3338,03,"Praveen,.",6,6,3,3,4,,,2,1,,,1,1,27,3.037
Spring 2026,MARK,4389,05,"Khorshidi,Masoud",32,1,,,,,,,,,,,,33,3.990
Spring 2026,MARK,4389,08,"Khorshidi,Masoud",28,4,1,,,,,,,,,,,33,3.930
Spring 2026,MARK,4389,01,"Flame,David Scott",5,7,4,10,5,,,1,,,,,,32,3.230
Spring 2026,MARK,4389,04,"Lish,Alan D",2,4,8,3,9,,3,,2,,1,,,32,2.906
Spring 2026,MARK,4389,02,"Flame,David Scott",,7,8,5,10,,,,,,,,,30,3.211
Spring 2026,MARK,4389,06,"Muschalik,Monica Harper",16,5,4,1,2,1,,,,,,,,29,3.644
Spring 2026,MARK,4389,07,"Muschalik,Monica Harper",17,4,5,,1,1,,,,,,,1,29,3.552
Spring 2026,MARK,4389,03,"Oza,Shweta S",6,6,1,1,5,,,,,,,,1,20,3.417
Spring 2026,MARK,4332,01,"Zahn,William J",65,,2,,2,,,,1,,,,,70,3.909
Spring 2026,MARK,4332,02,"Zahn,William J",61,,2,,6,,1,,,,,,,70,3.881
Spring 2026,MARK,4379,01,"Vandaveer,Amy L",49,7,2,3,4,,,,,,1,,1,67,3.737
Spring 2026,MARK,4379,02,"Vandaveer,Amy L",21,3,2,,2,,1,,,,,,,29,3.770
Spring 2026,MARK,4379,03,"Richards,Sean Wesley",5,11,,1,5,1,,1,,,,,,24,3.501
Spring 2026,MARK,4362,01,"Noriega,Jaime L",31,13,2,3,5,,,,,,,,1,55,3.679
Spring 2026,MARK,4362,2,"Noriega,Jaime L",22,14,2,4,8,2,,,,,,1,1,54,3.457
Spring 2026,MARK,   6A61,03,"Lish,Alan D",,4,9,5,4,5,,3,,,,3,2,35,2.438
Spring 2026,MARK,   6A61,02,"Lish,Alan D",,5,11,5,6,3,2,,,,,1,,33,2.849
Spring 2026,MARK,   6A61,01,"Hess,James D",7,1,2,,3,,,,,,,,,13,3.666
Spring 2026,MARK,4373,02,"Pingel,John W",24,3,1,2,4,,,,,,,,1,35,3.676
Spring 2026,MARK,4373,01,"Bremer,Justin",24,5,,,2,,,,,,,,1,32,3.782
Spring 2026,MARK,4376,02,"Suki,Yara D",12,7,2,2,11,,,,,,1,,,35,3.514
Spring 2026,MARK,4376,01,"Herman,Carl",8,5,7,4,6,,,1,,,,,1,32,3.261
Spring 2026,MARK,4374,01,"Webb,James R",30,2,,,,,,,,,,,,32,3.979
Spring 2026,MARK,4374,02,"Webb,James R",25,3,,,1,,,,,,,,1,30,3.811
Spring 2026,MARK,4380,02,"Habel,Johannes",20,4,5,1,2,,,,,,,,,32,3.719
Spring 2026,MARK,4380,01,"Habel,Johannes",18,,8,2,1,,,,,,,,1,30,3.489
Spring 2026,MARK,4333,01,"Buffaloe,Bonnie Lora-Lee",26,1,1,,5,1,,,,,1,,1,36,3.629
Spring 2026,MARK,4397,01,"Pogge,Joe M",11,9,5,1,,7,2,1,,,,,,36,3.177
Spring 2026,MARK,7338,01,"Li,Yanyan",26,4,,1,1,,,2,,,,,,34,3.804
Spring 2026,MARK,7332,01,"Zahn,William J",16,,4,,,,,,,,,,,20,3.800
Spring 2026,MARK,7332,02,"Zahn,William J",5,,2,,,,,,,,,,1,8,3.250
Spring 2026,MARK,7368,01,"Morabito,Philip A",22,5,,,,1,,,,,,,,28,3.870
Spring 2026,MARK,4375,01,"Webb,James R",14,6,,,,,,,,,,,,20,3.901
Spring 2026,MARK,7399,01,"Koch,Steven F",9,4,,,2,,,,,,,,,15,3.823
Spring 2026,MARK,7399,02,"Koch,Steven F",5,,,,,,,,,,,,,5,4.000
Spring 2026,MARK,8338,01,"Ahearne,Michael",5,6,3,,1,,,,,,,,,15,3.623
Spring 2026,MARK,   7A75,01,"Lish,Alan D",2,2,3,1,4,,,1,,,,,,13,3.282
Spring 2026,MARK,4377,01,"Suki,Yara D",12,,,,,,,,,,,,,12,4.000
Spring 2026,MARK,7380,01,"Hess,James D",7,2,1,,,,,,,,,,,10,3.834
Spring 2026,MARK,7347,01,"Habel,Johannes",9,,,,,,,,,,,,,9,4.000
Spring 2026,MARK,7379,01,"Herman,Carl",9,,,,,,,,,,,,,9,4.000
Spring 2026,MARK,6398,01,"Herman,Carl",7,,,,,,,,,,,,,7,4.000
Spring 2026,MARK,7381,01,"Kamal,Saiyid Zafar",2,2,,,,,,,,,,,,4,3.835
Spring 2026,MARK,7381,02,"Kamal,Saiyid Zafar",3,,,,,,,,,,,,,3,4.000
Spring 2026,MARK,8699,01,"Ahearne,Michael",3,,,,,,,,,,,,,3,4.000
Spring 2026,MARK,7393,01,"Galvani,Paul",2,,,,,,,,,,,,,2,4.000
Spring 2026,MARK,7394,01,"Galvani,Paul",2,,,,,,,,,,,,,2,4.000
Spring 2026,MARK,8398,01,"Hu,Ye",1,,,,,,,,,,,,,1,4.000
Spring 2026,MARK,8398,02,"Luo,Bowen",1,,,,,,,,,,,,,1,4.000
Spring 2026,MARK,   6A98,01,"Herman,Carl",1,,,,,,,,,,,,,1,4.000
Spring 2026,MARK,8999,04,"Ahearne,Michael",1,,,,,,,,,,,,,1,4.000
Spring 2026,MAS,2340,02,"Lira,Karla Aisen",14,2,4,2,11,2,,,1,,,4,6,46,2.659
Spring 2026,MAS,3341,1,"Lira,Karla Aisen",19,4,4,2,2,,,5,1,1,,1,2,41,3.122
Spring 2026,MAS,3343,01,"Pino,Diana",9,9,3,4,2,,,,,,,,1,28,3.406
Spring 2026,MAS,3395,1,"Pino,Diana",6,6,5,,3,,1,1,,,,,2,24,3.125
Spring 2026,MAS,3345,1,"Lira,Karla Aisen",15,1,,,,,,1,,,,2,3,22,3.000
Spring 2026,MAS,3340,01,"Pino,Diana",2,4,1,2,3,,,1,1,,,,1,15,2.956
Spring 2026,MATH,1342,02,"Chern,Haley Nicole",57,17,18,19,14,20,13,16,4,3,4,18,21,224,2.465
Spring 2026,MATH,1342,03,"Kim,Jae Youn",46,10,27,8,14,16,13,24,6,7,6,29,17,223,2.233
Spring 2026,MATH,1342,05,"Ryan,John M",34,19,26,14,11,19,23,13,8,6,7,25,15,220,2.208
Spring 2026,MATH,1342,01,"Kartheiser,Abigail Louise",29,16,24,13,8,12,11,11,4,2,6,22,12,170,2.291
Spring 2026,MATH,1342,04,"Kim,Jae Youn",21,7,13,11,18,8,10,10,4,2,6,30,21,161,1.909
Spring 2026,MATH,1342,06,"Kartheiser,Abigail Louise",27,16,14,15,10,14,7,4,7,2,4,14,3,137,2.516
Spring 2026,MATH,1342,08,"Kim,Jae Youn",7,2,5,2,4,10,7,4,3,2,2,15,9,72,1.625
Spring 2026,MATH,1342,07,"Kim,Jae Youn",9,6,4,5,4,4,2,3,5,1,2,6,9,60,2.056
Spring 2026,MATH,1324,02,"Constante,Beatrice",28,15,25,21,10,18,32,16,12,5,,44,43,269,1.760
Spring 2026,MATH,1324,04,"Sosa,Moses",30,8,14,21,7,29,31,18,13,9,,48,39,267,1.653
Spring 2026,MATH,1324,05,"Winkle,James J",15,6,5,12,9,17,18,10,11,2,,55,49,209,1.238
Spring 2026,MATH,1324,01,"Sosa,Moses",32,7,8,12,9,7,31,12,6,6,,31,35,196,1.752
Spring 2026,MATH,1324,03,"Caglar,Atife",6,5,4,3,4,9,8,5,4,3,,28,19,98,1.272
Spring 2026,MATH,1324,10,"Sosa,Moses",7,1,3,3,3,3,3,6,3,5,4,28,25,94,1.014
Spring 2026,MATH,1324,11,"Sosa,Moses",4,1,3,6,1,6,3,2,8,1,2,40,11,88,0.921
Spring 2026,MATH,1324,07,"Sosa,Moses",5,3,2,,2,2,,1,1,,,1,2,19,2.684
Spring 2026,MATH,2414,01,"Almus,Melahat",80,20,21,21,18,18,9,16,6,4,14,11,10,248,2.774
Spring 2026,MATH,2414,11,"Xhabli,Blerina",39,17,21,15,17,16,14,19,6,9,10,38,27,248,2.028
Spring 2026,MATH,2414,21,"Xhabli,Blerina",64,23,16,14,23,18,10,12,10,3,8,31,16,248,2.442
Spring 2026,MATH,2414,31,"May,Jennifer Ruhnow",27,11,20,22,15,18,11,13,22,6,13,45,22,245,1.816
Spring 2026,MATH,2414,41,"West,James David",10,6,10,3,6,14,5,12,13,7,7,41,20,154,1.372
Spring 2026,MATH,2414,61,"West,James David",5,,2,2,,8,4,2,12,,2,7,13,57,1.287
Spring 2026,MATH,2312,04,"Perepelitsa,Irina",23,10,14,15,8,17,22,8,6,3,,31,42,199,1.682
Spring 2026,MATH,2312,03,"Kartheiser,Abigail Louise",39,11,18,21,14,15,13,5,5,6,,16,34,197,2.160
Spring 2026,MATH,2312,07,"Almus,Melahat",42,12,17,14,9,8,19,9,2,,,17,47,196,2.046
Spring 2026,MATH,2312,01,"Singh,Manpreet",10,11,9,5,8,8,14,9,3,5,,22,44,148,1.446
Spring 2026,MATH,2312,05,"Perepelitsa,Irina",14,6,8,7,5,8,23,3,2,1,,25,32,134,1.503
Spring 2026,MATH,2312,09,"Almus,Melahat",13,,5,3,2,2,1,3,2,1,1,16,22,71,1.385
Spring 2026,MATH,2312,08,"May,Jennifer Ruhnow",4,3,3,3,3,7,4,1,6,1,1,16,16,68,1.250
Spring 2026,MATH,2413,01,"Constante,Beatrice",54,12,13,13,14,15,22,12,15,6,,39,35,250,1.976
Spring 2026,MATH,2413,21,"Almus,Melahat",59,13,16,18,13,18,17,12,12,5,,21,24,228,2.328
Spring 2026,MATH,2413,41,"Kim,Jae Youn",23,9,11,10,4,11,16,10,10,5,,40,49,198,1.431
Spring 2026,MATH,2413,11,"Perepelitsa,Irina",24,3,9,10,10,11,14,9,5,3,,19,17,134,1.995
Spring 2026,MATH,2413,31,"Sosa,Moses",18,9,8,8,10,6,9,6,4,3,,21,29,131,1.761
Spring 2026,MATH,2413,61,"Perepelitsa,Irina",8,3,6,4,1,5,3,6,7,1,2,20,5,71,1.610
Spring 2026,MATH,1314,01,"Caglar,Atife",12,6,14,9,8,19,22,15,14,3,4,58,31,215,1.366
Spring 2026,MATH,1314,08,"Douglas,Casey",25,6,10,13,12,13,12,7,8,9,7,58,10,190,1.644
Spring 2026,MATH,1314,04,"Hafeez,Shahinda",10,2,7,7,7,12,4,5,10,4,8,27,21,124,1.419
Spring 2026,MATH,1314,06,"Leger,Nicholas M",7,1,3,6,1,2,7,7,3,3,1,31,6,78,1.261
Spring 2026,MATH,1314,09,"Caglar,Atife",4,,4,2,2,3,3,2,2,6,5,17,13,63,1.085
Spring 2026,MATH,1314,03,"Schroeder,Vera M",4,6,1,3,4,3,5,1,2,,1,13,7,50,1.647
Spring 2026,MATH,1314,10,"Xhabli,Blerina",12,2,1,,2,1,3,1,,1,1,8,14,46,1.660
Spring 2026,MATH,1314,05,"Krzywon,Lukasz J",3,1,1,4,1,4,4,1,6,3,,14,1,43,1.342
Spring 2026,MATH,3321,05,"Ryan,John M",26,,38,,6,45,16,7,16,,,28,13,195,1.985
Spring 2026,MATH,3321,02,"West,James David",18,3,12,3,5,16,16,1,13,2,3,18,14,124,1.799
Spring 2026,MATH,3321,01,"Etgen,Garret J",16,6,16,3,2,15,5,3,23,,,24,10,123,1.764
Spring 2026,MATH,3321,03,"Wang,Min",7,,13,,,23,,,15,,,16,4,78,1.641
Spring 2026,MATH,3321,04,"Jaramillo,Gabriela T",1,3,5,4,2,6,9,2,13,5,6,10,9,75,1.378
Spring 2026,MATH,3321,08,"West,James David",2,1,5,3,3,5,2,2,8,,2,7,13,53,1.384
Spring 2026,MATH,3321,07,"Deng,Xiaoxue",7,4,6,10,6,5,,2,,,,5,6,51,2.393
Spring 2026,MATH,3321,06,"Deng,Xiaoxue",3,,1,,,,1,,1,,,1,3,10,1.767
Spring 2026,MATH,3339,02,"Wang,Wenshuang",60,10,10,14,17,14,15,14,10,,3,15,7,189,2.647
Spring 2026,MATH,3339,05,"Wang,Wenshuang",85,8,11,10,10,17,3,6,8,4,6,8,3,179,2.983
Spring 2026,MATH,3339,10,"Deng,Xiaoxue",17,5,5,6,1,9,,5,4,,,12,5,69,2.237
Spring 2026,MATH,3339,03,"Fu,Wenjiang",21,3,8,2,5,,2,2,1,2,,3,6,55,2.752
Spring 2026,MATH,3339,07,"Wang,Wenshuang",15,4,6,10,2,2,,3,1,2,5,2,3,55,2.655
Spring 2026,MATH,3339,06,"Cao,Jian",23,3,6,2,,1,3,2,2,1,1,7,1,52,2.731
Spring 2026,MATH,3339,04,"Jun,Mikyoung",4,3,3,2,,4,4,3,2,2,2,1,6,36,1.917
Spring 2026,MATH,3339,08,"Sherf,Nimrod",6,1,,2,1,5,,,2,1,,5,3,26,1.885
Spring 2026,MATH,3339,09,"Deng,Xiaoxue",3,,1,,,,1,,,,,,,5,3.334
Spring 2026,MATH,2415,21,"West,James David",43,9,34,4,5,14,6,6,23,4,1,21,25,195,2.120
Spring 2026,MATH,2415,11,"Winkle,James J",11,,31,,7,35,7,13,8,,24,7,9,152,2.054
Spring 2026,MATH,2415,53,"Morgan,Jeffrey",36,10,27,13,5,18,6,6,9,,1,14,4,149,2.573
Spring 2026,MATH,2415,31,"Winkle,James J",3,,7,,3,14,4,2,5,,7,1,1,47,2.056
Spring 2026,MATH,2415,51,"Morgan,Jeffrey",1,2,5,5,,5,1,,4,,,1,2,26,2.129
Spring 2026,MATH,2318,02,"Sanders,Richard",9,14,13,5,5,8,,3,,2,,1,,60,3.012
Spring 2026,MATH,2318,03,"Perepelitsa,Mikhail Antolyevic",40,3,7,1,3,,,2,,,,2,2,60,3.489
Spring 2026,MATH,2318,01,"Quaini,Annalisa",14,,10,,,17,4,,,,,4,9,58,2.184
Spring 2026,MATH,2318,07,"Olshanskiy,Maxim Alexandrovich",8,2,5,4,4,6,3,2,1,1,3,4,7,50,2.113
Spring 2026,MATH,2318,08,"Sanchez,Anthony",15,4,6,3,3,6,2,5,,,,2,4,50,2.753
Spring 2026,MATH,2318,04,"Xia,Mingtao",6,1,6,8,2,4,,8,,,,8,6,49,2.048
Spring 2026,MATH,2318,05,"Lin,Yinbang",4,1,2,1,,1,2,1,2,5,,3,1,23,1.798
Spring 2026,MATH,1332,01,"Chern,Haley Nicole",24,11,15,10,8,14,21,12,9,5,,23,18,170,1.989
Spring 2026,MATH,1332,03,"Hafeez,Shahinda",2,2,7,9,1,9,17,3,11,4,,20,12,97,1.348
Spring 2026,MATH,1332,02,"Hafeez,Shahinda",5,5,3,2,4,5,8,5,2,1,,6,6,52,1.994
Spring 2026,MATH,2305,04,"Ru,Min",8,4,6,8,6,,,5,1,,,6,6,50,2.373
Spring 2026,MATH,2305,05,"Xhabli,Blerina",9,5,2,3,3,2,2,6,4,3,2,8,1,50,2.167
Spring 2026,MATH,2305,02,"Leger,Nicholas M",3,4,5,1,1,5,4,5,6,,,6,9,49,1.674
Spring 2026,MATH,2305,08,"Douglas,Casey",9,4,4,4,3,6,4,4,2,2,2,4,1,49,2.395
Spring 2026,MATH,2305,07,"Caglar,Atife",10,6,3,3,2,3,2,2,4,2,2,3,6,48,2.244
Spring 2026,MATH,2305,03,"Heier,Gordon",6,6,5,6,,5,,,,,,6,2,36,2.418
Spring 2026,MATH,1351,01,"May,Jennifer Ruhnow",35,11,17,16,10,11,10,9,,3,1,12,6,141,2.627
Spring 2026,MATH,1351,02,"Hollyer,Virginia Leigh",30,3,13,5,8,9,6,12,3,1,1,4,2,97,2.794
Spring 2026,MATH,3363,04,"Mamonov,Alexander V",5,7,3,6,4,1,6,9,,3,5,1,10,60,2.095
Spring 2026,MATH,3363,05,"Onofrei,Daniel T",8,9,5,6,10,2,3,4,,1,1,2,8,59,2.537
Spring 2026,MATH,3363,01,"Deng,Xiaoxue",5,7,6,10,4,9,,5,1,,,1,3,51,2.635
Spring 2026,MATH,3363,03,"Fitzgibbon,William E",11,3,7,,2,9,4,,,,,1,6,43,2.497
Spring 2026,MATH,1325,01,"Constante,Beatrice",31,14,14,11,13,14,10,10,4,4,,35,32,192,1.900
Spring 2026,MATH,4322,01,"Poliak,Cathy Dawn",47,5,4,3,7,,1,1,,,,,1,69,3.676
Spring 2026,MATH,4322,02,"Niu,Yabo",24,10,7,2,8,1,,3,,,,2,2,59,3.299
Spring 2026,MATH,4322,03,"Ji,Shanyu",13,5,2,1,1,,1,,1,,,1,1,26,3.270
Spring 2026,MATH,3338,02,"Fu,Wenjiang",15,7,5,2,5,1,2,2,3,,,2,15,59,2.300
Spring 2026,MATH,3338,03,"Papadakis,Emanuel Ioannis",42,1,4,2,4,,,1,,,,1,4,59,3.469
Spring 2026,MATH,4364,01,"Pan,Tsorng-Whay",25,5,7,,7,5,2,3,,,,1,1,56,3.268
Spring 2026,MATH,4364,02,"Cappanera,Loic",5,5,9,2,6,5,4,5,,,,1,3,45,2.644
Spring 2026,MATH,3331,02,"Sanders,Richard",5,5,2,3,4,3,1,5,2,1,,7,8,46,1.906
Spring 2026,MATH,3331,01,"Zhong,Ming",9,4,5,7,2,6,,1,3,,,1,2,40,2.709
Spring 2026,MATH,4323,01,"Wang,Wenshuang",50,6,11,3,12,1,,1,1,,,,,85,3.627
Spring 2026,MATH,6397,02,"Cappanera,Loic",19,1,,,1,,,,,,,,,21,3.952
Spring 2026,MATH,6397,05,"Ryan,John M",17,,,,,,,,,,,,,17,4.000
Spring 2026,MATH,6397,03,"Niu,Yabo",15,,,,,,,,,,,,,15,4.000
Spring 2026,MATH,6397,01,"Zhong,Ping",10,,,,,,,,,,,,,10,4.000
Spring 2026,MATH,6397,06,"Niu,Yabo",4,,,,,,,,,,,,,4,4.000
Spring 2026,MATH,3325,02,"Ru,Min",10,3,2,4,2,1,,5,1,1,,1,5,35,2.562
Spring 2026,MATH,3325,01,"Vershynina,Anna",3,,2,1,1,2,4,2,1,,1,,9,26,1.603
Spring 2026,MATH,2131,1,"Bin Mizan,Md Rezwan",25,4,,,2,1,,,,,,1,2,35,3.524
Spring 2026,MATH,2131,02,"Mily,Kamrun Nahar",20,2,,,1,,,1,,,,1,,25,3.720
Spring 2026,MATH,4389,01,"Blecher,David P",6,3,12,8,6,,7,6,,,,,1,49,2.817
Spring 2026,MATH,3333,03,"Wu,Yingying",11,,2,,9,,,,,,,1,,23,3.477
Spring 2026,MATH,3333,02,"Bodmann,Bernhard G",3,3,2,2,1,2,2,2,1,,,,2,20,2.534
Spring 2026,MATH,3364,02,"Onofrei,Daniel T",10,5,2,2,4,1,2,4,,1,2,1,6,40,2.525
Spring 2026,MATH,3349,01,"Poliak,Cathy Dawn",17,6,5,,,2,1,1,,1,,1,,34,3.344
Spring 2026,MATH,1100,01,"Chern,Haley Nicole",,,,,,,,,,,,,17,17,0.000
Spring 2026,MATH,1100,03,"Chern,Haley Nicole",,,,,,,,,,,,,7,7,0.000
Spring 2026,MATH,1100,02,"Chern,Haley Nicole",,,,,,,,,,,,,6,6,0.000
Spring 2026,MATH,1100,04,"Chern,Haley Nicole",,,,,,,,,,,,,1,1,0.000
Spring 2026,MATH,2451,01,"Lutsko,Christopher",6,1,4,,1,5,2,,1,2,3,4,1,30,2.089
Spring 2026,MATH,4365,01,"He,Jiwen",15,7,2,1,2,,,1,,,,,1,29,3.564
Spring 2026,MATH,3330,01,"Wu,Yingying",11,5,2,,3,,,,,,,2,3,26,3.013
Spring 2026,MATH,4335,01,"Morgan,Jeffrey",8,5,3,2,1,2,1,,,,,2,1,25,2.948
Spring 2026,MATH,6373,01,"Labate,Demetrio",16,1,3,1,2,,,,,,,1,,24,3.583
Spring 2026,MATH,6381,02,"Shastri,Dvijesh J",2,7,3,3,1,,,,,,,,,16,3.377
Spring 2026,MATH,6381,01,"Shastri,Dvijesh J",2,1,2,1,1,,,,,,,,,7,3.381
Spring 2026,MATH,5332,01,"Etgen,Garret J",17,1,2,,2,,,,,,,,,22,3.833
Spring 2026,MATH,5385,01,"Jeon,Hyeongseon",18,2,1,,,,,,,,,,1,22,3.743
Spring 2026,MATH,6359,01,"Poliak,Cathy Dawn",10,1,,,,1,,,,,,,,12,3.806
Spring 2026,MATH,6359,02,"Poliak,Cathy Dawn",8,2,,,,,,,,,,,,10,3.934
Spring 2026,MATH,6383,01,"Jun,Mikyoung",4,1,2,2,4,6,,3,,,,,,22,2.878
Spring 2026,MATH,3379,01,"Douglas,Casey",10,5,2,,2,,1,1,,,,,,21,3.572
Spring 2026,MATH,4362,01,"Ott,William R",8,5,1,2,2,1,,1,,,,,1,21,3.318
Spring 2026,MATH,4315,01,"Josic,Kresimir",4,2,,,5,,4,1,1,,,2,1,20,2.500
Spring 2026,MATH,4370,01,"Weglein,Arthur B",8,1,2,4,,4,,,,,,,,19,3.176
Spring 2026,MATH,4377,03,"Zhong,Ping",5,,3,1,,5,4,,,,,1,,19,2.545
Spring 2026,MATH,4380,01,"Timofeyev,Ilya",8,2,1,,3,2,,,,,,,2,18,3.129
Spring 2026,MATH,5330,01,"Haynes,Alan K",14,1,,,,,,,,,,,2,17,3.510
Spring 2026,MATH,6324,01,"Climenhaga,Vaughn",5,4,3,1,3,,,,,,,,,16,3.521
Spring 2026,MATH,6371,01,"He,Yunhui",10,2,1,,1,,,1,,,,,,15,3.733
Spring 2026,MATH,4309,01,"Azevedo,Ricardo",5,2,3,1,3,,,,,,,,,14,3.500
Spring 2026,MATH,6321,01,"Blecher,David P",5,3,1,1,2,,,1,,,,,,13,3.513
Spring 2026,MATH,4355,01,"Labate,Demetrio",4,,,,1,2,,1,2,,,1,,11,2.515
Spring 2026,MATH,6367,01,"Charon,Nicolas",9,1,1,,,,,,,,,,,11,3.879
Spring 2026,MATH,6303,01,"Heier,Gordon",8,,2,,,,,,,,,,,10,3.800
Spring 2026,MATH,6374,02,"Puelz,Charles E",10,,,,,,,,,,,,,10,4.000
Spring 2026,MATH,6377,01,"Azencott,Robert Guy",9,1,,,,,,,,,,,,10,3.967
Spring 2026,MATH,4332,01,"Vershynina,Anna",2,,1,,,,,3,,1,,,1,8,2.333
Spring 2026,MATH,4378,01,"Torok,Andrei S",1,,1,,,2,1,1,,,,,1,7,2.143
Spring 2026,MATH,5397,01,"Morgan,Jeffrey",3,,,,,,,,,,,,2,5,2.400
Spring 2026,MATH,6315,30,"Poliak,Cathy Dawn",2,1,,,,,,,,,,,,3,3.890
Spring 2026,MATH,6315,03,"Ji,Shanyu",1,,,,,,,,,,,,,1,4.000
Spring 2026,MATH,6315,51,"Morgan,Jeffrey",1,,,,,,,,,,,,,1,4.000
Spring 2026,MATH,6308,02,"Zhong,Ping",,,2,,,,,,,,,,1,3,2.000
Spring 2026,MATH,8399,11,"Cappanera,Loic",2,,,,,,,,,,,,,2,4.000
Spring 2026,MATH,8399,03,"Climenhaga,Vaughn",1,,,,,,,,,,,,,1,4.000
Spring 2026,MATH,6309,01,"Torok,Andrei S",2,,,,,,,,,,,,,2,4.000
Spring 2026,MATH,6313,01,"Vershynina,Anna",1,,,,,1,,,,,,,,2,3.000
Spring 2026,MATH,8699,06,"Timofeyev,Ilya",2,,,,,,,,,,,,,2,4.000
Spring 2026,MATH,4396,05,"Wang,Min",1,,,,,,,,,,,,,1,4.000
Spring 2026,MATH,4398,01,"Nicol,Matthew J",1,,,,,,,,,,,,,1,4.000
Spring 2026,MATH,6399,01,"Puelz,Charles E",1,,,,,,,,,,,,,1,4.000
Spring 2026,MECE,3336,02,"Chen,Xuemei",18,13,22,11,13,6,4,8,8,1,,2,7,113,2.693
Spring 2026,MECE,3336,04,"Hammami,Farah",24,16,9,13,9,11,2,4,1,,3,,6,98,2.919
Spring 2026,MECE,3336,01,"Chen,Muhao",12,,10,,,4,,,2,,,1,,29,3.034
Spring 2026,MECE,3336,03,"Metrovich,Brian",7,2,5,,3,2,,,,,,,3,22,2.924
Spring 2026,MECE,2334,05,"Love,Holley Carole",6,8,23,19,9,18,29,8,2,,,,,122,2.526
Spring 2026,MECE,2334,02,"Love,Holley Carole",8,4,21,12,13,10,18,12,2,,,,1,101,2.624
Spring 2026,MECE,2334,01,"Love,Holley Carole",5,1,3,1,2,1,5,2,,,,,,20,2.851
Spring 2026,MECE,2334,03,"Love,Holley Carole",,,,,2,,,,,,,,,2,3.330
Spring 2026,MECE,2361,01,"Hammami,Farah",16,24,41,26,50,6,5,19,1,1,,,1,190,3.038
Spring 2026,MECE,5397,04,"Ardebili,Haleh",17,9,13,4,11,,,,,,,,,54,3.469
Spring 2026,MECE,5397,05,"Rahman,Muhammad Maksudur",7,8,6,3,13,,,,,,,,,37,3.423
Spring 2026,MECE,5397,03,"Joshi,Shailendra Pramod",6,5,3,8,6,,,2,,,,,,30,3.245
Spring 2026,MECE,5397,06,"Floryan,Daniel",4,20,3,,3,,,,,,,,,30,3.613
Spring 2026,MECE,5397,01,"Ghasemi,Hadi",2,1,2,2,3,3,,1,,,,,1,15,2.755
Spring 2026,MECE,2261,01,"Chang,Christiana",17,17,37,20,27,14,6,10,,,,1,12,161,2.770
Spring 2026,MECE,3363,2,"Lee,Myoungkyu",13,13,14,10,19,4,2,6,,,,1,1,83,3.096
Spring 2026,MECE,3363,01,"Yang,Di",17,12,21,3,12,1,1,5,1,,,,5,78,3.068
Spring 2026,MECE,3381,01,"Rao,Jagannatha R",24,27,24,6,5,8,1,,,2,,,1,98,3.253
Spring 2026,MECE,3381,02,"Baxevanis,Theocharis",14,22,5,4,12,1,3,2,,,,,,63,3.398
Spring 2026,MECE,3338,01,"Grigoriadis,Karolos",16,14,15,17,17,14,16,15,8,3,,7,9,151,2.398
Spring 2026,MECE,6397,13,"Ardebili,Haleh",14,1,4,1,1,,,,,,,,,21,3.699
Spring 2026,MECE,6397,04,"Rahman,Muhammad Maksudur",4,6,,1,5,,,,,,,,,16,3.584
Spring 2026,MECE,6397,17,"Nassar,Hussein",4,6,,1,,,1,1,,,,,2,15,2.979
Spring 2026,MECE,6397,07,"Floryan,Daniel",9,3,,1,1,,,,,,,,,14,3.786
Spring 2026,MECE,6397,05,"Rahman,Muhammad Maksudur",5,4,,,2,,,1,,,,,,12,3.639
Spring 2026,MECE,6397,01,"Franchek,Matthew",7,1,,2,,,,,,,,,,10,3.701
Spring 2026,MECE,6397,10,"Cescon,Marzia",3,2,1,1,3,,,,,,,,,10,3.500
Spring 2026,MECE,6397,08,"Floryan,Daniel",2,4,1,,2,,,,,,,,,9,3.593
Spring 2026,MECE,6397,14,"Joshi,Shailendra Pramod",1,4,2,,1,,,,,,,,1,9,3.112
Spring 2026,MECE,6397,15,"Joshi,Shailendra Pramod",4,2,,,2,,,,,,,,,8,3.750
Spring 2026,MECE,6397,02,"Franchek,Matthew",2,2,,,1,,,,,,,,,5,3.734
Spring 2026,MECE,6397,03,"Franchek,Matthew",1,,,1,,,,,,,,,1,3,2.223
Spring 2026,MECE,6397,06,"Rahman,Muhammad Maksudur",,,1,,1,,,,,,,,,2,3.165
Spring 2026,MECE,6397,09,"Floryan,Daniel",1,1,,,,,,,,,,,,2,3.835
Spring 2026,MECE,6397,19,"Nassar,Hussein",1,,,,,,1,,,,,,,2,2.835
Spring 2026,MECE,6397,11,"Cescon,Marzia",,,,1,,,,,,,,,,1,2.670
Spring 2026,MECE,6397,16,"Joshi,Shailendra Pramod",1,,,,,,,,,,,,,1,4.000
Spring 2026,MECE,6397,18,"Nassar,Hussein",,,,,,,1,,,,,,,1,1.670
Spring 2026,MECE,6397,20,"Kamal,Saiyid Zafar",1,,,,,,,,,,,,,1,4.000
Spring 2026,MECE,3345,01,"Ryou,Jae-Hyun",34,30,16,10,24,4,6,3,,,,1,2,130,3.275
Spring 2026,MECE,3369,01,"Kulkarni,Yashashree",11,12,10,11,11,4,5,11,2,,,2,6,85,2.683
Spring 2026,MECE,3369,02,"Chen,Tian",11,4,6,4,4,,,2,1,,,,1,33,3.222
Spring 2026,MECE,4341,01,"Hammami,Farah",58,32,12,,9,1,,3,,,,,,115,3.690
Spring 2026,MECE,3360,01,"Chen,Xuemei",15,17,16,23,16,5,3,13,1,,,2,2,113,2.933
Spring 2026,MECE,4331,01,"Chen,Yi-Chao",17,10,26,9,9,11,3,8,3,,,1,8,105,2.718
Spring 2026,MECE,4343,01,"Zhao,Bo",8,7,13,10,12,12,10,19,3,,4,,7,105,2.444
Spring 2026,MECE,4371,01,"Love,Holley Carole",27,61,,,17,,,,,,,,,105,3.700
Spring 2026,MECE,4364,01,"Xu,Ben",3,3,9,3,8,11,14,5,7,3,5,7,4,82,1.919
Spring 2026,MECE,4373,01,"Hammami,Farah",32,20,7,1,7,,,,,,,,1,68,3.653
Spring 2026,MECE,3400,01,"Chen,Yi-Chao",5,5,8,5,2,10,5,3,2,,,5,5,55,2.176
Spring 2026,MECE,4372,01,"Chen,Zheng",5,9,9,7,6,2,6,6,2,,,,1,53,2.806
Spring 2026,MECE,4340,01,"Chang,Christiana",11,5,3,3,7,2,10,8,,,3,,,52,2.808
Spring 2026,MECE,6384,01,"Huang,Yi-Chun",8,10,,2,4,2,1,2,,,,,1,30,3.256
Spring 2026,MECE,6384,02,"Huang,Yi-Chun",7,,1,,3,,,,,,,,,11,3.726
Spring 2026,MECE,6384,03,"Huang,Yi-Chun",1,,,1,,,,,,,,,,2,3.335
Spring 2026,MECE,6361,01,"Ryou,Jae-Hyun",6,5,9,1,,,,2,,,,,,23,3.334
Spring 2026,MECE,6361,02,"Ryou,Jae-Hyun",4,2,3,,,,,,,,,,,9,3.593
Spring 2026,MECE,6361,03,"Ryou,Jae-Hyun",2,1,2,,,,,,,,,,,5,3.534
Spring 2026,MECE,5366,01,"Song,Gangbing",8,4,5,2,7,,,2,,,,,2,30,3.166
Spring 2026,MECE,6373,01,"Song,Gangbing",11,3,3,2,1,,,,,,,,,20,3.634
Spring 2026,MECE,6365,01,"Pouladi,Sara",12,2,,,2,,,,,,,,,16,3.875
Spring 2026,MECE,6365,03,"Pouladi,Sara",1,1,,,,,,,,,,,,2,3.835
Spring 2026,MECE,6365,02,"Pouladi,Sara",,,,,1,,,,,,,,,1,3.330
Spring 2026,MECE,6364,01,"Selvamanickam,Venkat",1,3,3,1,6,,,,,,,,,14,3.333
Spring 2026,MECE,6364,03,"Selvamanickam,Venkat",,,,,,,,,,,,,2,2,0.000
Spring 2026,MECE,6334,01,"Liu,Dong",4,1,2,1,,,,,,,,,,8,3.543
Spring 2026,MECE,6334,02,"Liu,Dong",2,1,1,,,,,,,,,,2,6,2.445
Spring 2026,MECE,6334,03,"Liu,Dong",,,1,,,,,,,,,,,1,3.000
Spring 2026,MECE,6336,01,"Ghasemi,Hadi",1,1,,2,,,,,,,,1,,5,2.602
Spring 2026,MECE,6336,02,"Ghasemi,Hadi",2,2,,,1,,,,,,,,,5,3.734
Spring 2026,MECE,6336,03,"Ghasemi,Hadi",,,,,1,,,1,,,,,1,3,1.887
Spring 2026,MECE,4398,02,"Bering,Edgar A",8,,,,1,,,,,,,,1,10,3.533
Spring 2026,MECE,4398,08,"Huang,Yi-Chun",2,,,,,,,,,,,,,2,4.000
Spring 2026,MECE,8399,46,"Ardebili,Haleh",5,,,,,,,,,,,,,5,4.000
Spring 2026,MECE,8399,36,"Wang,Su Su",,1,,,,,,,,,,,,1,3.670
Spring 2026,MECE,8399,47,"Song,Gangbing",1,,,,,,,,,,,,,1,4.000
Spring 2026,MECE,8399,48,"Song,Gangbing",1,,,,,,,,,,,,,1,4.000
Spring 2026,MECE,4198,01,"Renshaw,Andrew",1,1,,,,,,,,,,,,2,3.835
Spring 2026,MECE,4198,02,"Chen,Zheng",1,,,,,,,,,,,,,1,4.000
Spring 2026,MECE,8699,04,"Joshi,Shailendra Pramod",1,,,,,,,,,,,,,1,4.000
Spring 2026,MECE,8699,11,"Ardebili,Haleh",1,,,,,,,,,,,,,1,4.000
Spring 2026,MECE,8699,17,"Zhu,Weihang",1,,,,,,,,,,,,,1,4.000
Spring 2026,MECE,7399,17,"Wang,Su Su",1,,,,,,,,,,,,,1,4.000
Spring 2026,MECE,7399,21,"Chen,Tian",1,,,,,,,,,,,,,1,4.000
Spring 2026,MECE,4399,02,"Chen,Tian",1,,,,,,,,,,,,,1,4.000
Spring 2026,MECE,6399,16,"Chen,Tian",1,,,,,,,,,,,,,1,4.000
Spring 2026,MECT,4188,20,"Moghaddam,Hassan",2,,9,,,15,,1,,,,,,27,2.494
Spring 2026,MECT,4188,21,"Moghaddam,Hassan",9,,14,,,3,,,,,,,,26,3.231
Spring 2026,MECT,3358,30,"Afrin,Samia",8,4,7,4,4,3,2,4,,,2,6,,44,2.568
Spring 2026,MECT,3355,30,"Andampour,Iraj",7,,12,,,13,,,2,,,1,,35,2.629
Spring 2026,MECT,1330,30,"Basaran,Burak",1,4,5,3,5,,2,3,,3,2,1,5,34,2.157
Spring 2026,MECT,4276,30,"Fan,Zheng",9,20,3,,,,,,,,,,,32,3.700
Spring 2026,MECT,1364,30,"Basaran,Burak",3,8,4,6,5,2,,,,2,,,1,31,2.947
Spring 2026,MECT,3365,30,"Basaran,Burak",4,3,7,5,6,1,,4,,,,,,30,3.089
Spring 2026,MECT,2354,30,"Afrin,Samia",11,4,,,,4,,,1,,,4,5,29,2.334
Spring 2026,MECT,3331,30,"Mohan,Gowtham",6,3,4,5,5,2,,1,,,,,2,28,2.976
Spring 2026,MECT,3318,31,"Alba,Kamran",13,4,2,,6,,,1,,,,,,26,3.653
Spring 2026,MECT,3367,30,"Afrin,Samia",8,2,2,1,1,2,2,3,1,1,1,1,,25,2.747
Spring 2026,MECT,4331,30,"Alba,Kamran",10,6,6,,2,,,1,,,,,,25,3.560
Spring 2026,MECT,4372,30,"Robles Hernandez,Francisco C",8,4,1,4,7,,,,,,1,,,25,3.400
Spring 2026,MECT,3118,31,"Al Ibadi,Adnan",17,2,,,2,,,,,,,,,21,3.905
Spring 2026,MECT,3118,30,"Al Ibadi,Adnan",1,1,,,,,1,,,,,,,3,3.113
Spring 2026,MECT,3155,30,"Al Ibadi,Adnan",11,6,,,2,1,,,,,,,,20,3.734
Spring 2026,MECT,3155,31,"Al Ibadi,Adnan",2,2,,,,,,,,,,,,4,3.835
Spring 2026,MECT,4364,30,"Hadi,Mahmoud",3,3,12,3,1,1,,1,,,,,,24,3.112
Spring 2026,MECT,4350,30,"Fan,Zheng",6,12,3,,1,,,,,,,,,22,3.653
Spring 2026,MECT,1365,30,"Koprov,Pavel",5,3,2,1,3,1,,3,,,,3,,21,2.793
Spring 2026,MECT,4172,31,"Al Ibadi,Adnan",1,7,4,1,5,1,1,1,,,,,,21,3.191
Spring 2026,MECT,3360,30,"Zhu,Weihang",,2,3,4,1,2,2,1,,,,1,4,20,2.001
Spring 2026,MECT,4341,30,"Robles Hernandez,Francisco C",1,4,9,4,1,,,,,,,,1,20,2.985
Spring 2026,MECT,4275,30,"Afrin,Samia",,,6,2,8,,1,1,1,,,,,19,2.894
Spring 2026,MECT,3342,30,"Al-Jamal,Helmi",,1,4,5,2,2,1,3,,,,,,18,2.686
Spring 2026,MECT,4397,30,"Mohan,Gowtham",4,1,3,,1,1,,4,,,,,2,16,2.708
Spring 2026,MECT,4323,30,"Basaran,Burak",,1,2,2,,1,1,7,,,,,,14,2.499
Spring 2026,MECT,4330,30,"Andampour,Iraj",10,,3,,,1,,,,,,,,14,3.643
Spring 2026,MECT,4131,30,"Al Ibadi,Adnan",3,1,,,,,,,,,,,,4,3.918
Spring 2026,MEDI,5325,1,"Soundar,Esther Paula",,,,,,,,,,,,4,,4,0.000
Spring 2026,MEDI,5671,1,"Zulfiqar,Amber Mohsin",,,,,,,,,,,,1,,1,0.000
Spring 2026,MIS,3370,03,"Ingram,Barry",8,,27,,,17,,,2,,,1,1,56,2.661
Spring 2026,MIS,3370,05,"Hosseini,Leila",6,7,6,3,5,6,9,4,2,,,2,6,56,2.334
Spring 2026,MIS,3370,07,"Abduvaliyev,Davlatbek",14,4,5,2,11,3,1,7,,1,,,7,55,2.769
Spring 2026,MIS,3370,01,"Ingram,Barry",15,,22,,,15,,,,,,1,1,54,2.889
Spring 2026,MIS,3370,02,"Hosseini,Leila",6,7,6,3,5,7,6,5,1,1,3,,4,54,2.476
Spring 2026,MIS,3370,04,"Ingram,Barry",14,,15,,,8,1,1,3,,,,3,45,2.756
Spring 2026,MIS,3370,06,"Abduvaliyev,Davlatbek",25,5,6,,3,,1,1,,,,,,41,3.667
Spring 2026,MIS,4397,01,"Wang,Cheng",41,,,1,2,,,,,,,,1,45,3.852
Spring 2026,MIS,4397,02,"Decarlo,Paul Jarrod",45,,,,,,,,,,,,,45,4.000
Spring 2026,MIS,4397,13,"Netzel,Andrew",19,3,4,1,1,,,2,,,,,,30,3.656
Spring 2026,MIS,4397,05,"Wadiwala,Mohammad A",5,7,11,1,4,1,,,,,,,,29,3.334
Spring 2026,MIS,4397,06,"Gonzalez Jr,Frederick",28,,,,,,,,,,,,1,29,3.862
Spring 2026,MIS,4397,09,"Eierdam,Richard R",21,,7,,,1,,,,,,,,29,3.690
Spring 2026,MIS,4397,10,"Singh,Raksha B",20,,,,,,,,,,,,1,21,3.810
Spring 2026,MIS,4397,11,"Messinger,Jacob Nelson",13,2,,,,3,,,,,,1,,19,3.439
Spring 2026,MIS,4397,08,"Jagtap,Pankaj",2,11,,,2,,,,,,,,1,16,3.439
Spring 2026,MIS,4397,12,"Singh,Raksha B",8,4,,,2,,1,,,,,,,15,3.667
Spring 2026,MIS,4397,03,"Ogden,John Thomas",11,2,,,1,,,,,,,,,14,3.905
Spring 2026,MIS,4397,07,"Netzel,Andrew",8,2,1,,,,,1,,,,,1,13,3.436
Spring 2026,MIS,3360,05,"Fuller,Kalai",13,17,7,6,6,1,,4,,,,,,54,3.384
Spring 2026,MIS,3360,01,"Fuller,Kalai",11,10,9,4,7,1,3,2,,,,,1,48,3.195
Spring 2026,MIS,3360,08,"Dodig,Marko",3,5,12,8,2,7,2,1,,,,1,1,42,2.715
Spring 2026,MIS,3360,03,"Abduvaliyev,Davlatbek",10,2,2,2,10,4,1,5,,,,,4,40,2.833
Spring 2026,MIS,3360,04,"Ruff,Eniscia R",31,3,1,,3,,,,,,,1,,39,3.795
Spring 2026,MIS,3360,07,"Ruff,Eniscia R",30,1,2,,1,,,,,,,,,34,3.912
Spring 2026,MIS,3360,06,"Abduvaliyev,Davlatbek",5,4,3,4,3,1,,2,,,,1,2,25,2.840
Spring 2026,MIS,3376,02,"Scamell,Richard W",14,7,4,3,5,4,,8,1,,,1,7,54,2.704
Spring 2026,MIS,3376,04,"Grimes,George M",37,,12,,,2,,,3,,,,,54,3.537
Spring 2026,MIS,3376,05,"Grimes,George M",28,,9,,,11,,,2,,,1,3,54,3.019
Spring 2026,MIS,3376,03,"Grimes,George M",34,,11,,,7,,,1,,,,,53,3.472
Spring 2026,MIS,3376,01,"Chandler,Carol Lee",11,,15,,,8,,,1,,,,3,38,2.789
Spring 2026,MIS,3376,06,"Flores Herrera,Daniel",7,,6,,,,,,1,,,,2,16,2.938
Spring 2026,MIS,4378,03,"Knighton,William B",33,,13,,,3,,,,,,,,49,3.612
Spring 2026,MIS,4378,04,"Knighton,William B",31,,14,,,2,,,,,,,2,49,3.469
Spring 2026,MIS,4378,05,"Knighton,William B",33,1,11,,,1,,,,,,1,,47,3.631
Spring 2026,MIS,4378,02,"Porra,Jaana",32,10,,,,,,,,,,,,42,3.921
Spring 2026,MIS,4378,01,"Porra,Jaana",29,8,,,3,,,,,,,,,40,3.884
Spring 2026,MIS,4378,06,"Grimes,George M",16,,6,,,2,,,,,,,,24,3.583
Spring 2026,MIS,3371,01,"Messinger,Jacob Nelson",84,40,32,10,13,4,1,3,1,1,,2,9,200,3.336
Spring 2026,MIS,3371,02,"Messinger,Jacob Nelson",10,6,2,4,3,1,1,,,,1,,1,29,3.231
Spring 2026,MIS,4374,04,"Jagtap,Pankaj",13,16,3,2,11,,,1,,,,,,46,3.566
Spring 2026,MIS,4374,06,"Campbell,Phillip James",17,6,4,3,11,1,1,1,,,,1,,45,3.392
Spring 2026,MIS,4374,05,"Jagtap,Pankaj",16,14,2,1,6,,1,,,,,,,40,3.643
Spring 2026,MIS,4374,02,"Campbell,Phillip James",17,4,9,,4,1,,1,,,,,,36,3.537
Spring 2026,MIS,4374,03,"Scott,Carl P",18,4,2,2,4,,,,,,,,,30,3.711
Spring 2026,MIS,4374,01,"Scott,Carl P",8,2,7,2,4,3,,,,,,,,26,3.269
Spring 2026,MIS,4390,01,"Pena,Juan F",145,7,8,2,4,4,1,1,2,,,1,,175,3.785
Spring 2026,MIS,7397,10,"Cooper,Randolph B",7,,7,,,3,,,2,,,,1,20,2.850
Spring 2026,MIS,7397,13,"Netzel,Andrew",12,3,3,1,,,,,,,,,,19,3.720
Spring 2026,MIS,7397,02,"Gonzalez Jr,Frederick",14,,,,,,,,,,,,,14,4.000
Spring 2026,MIS,7397,03,"Netzel,Andrew",13,,,,,,1,,,,,,,14,3.834
Spring 2026,MIS,7397,05,"Pena,Juan F",12,,,,1,,,,,,,,,13,3.948
Spring 2026,MIS,7397,14,"Singh,Raksha B",12,,,,,,,1,,,,,,13,3.872
Spring 2026,MIS,7397,06,"Singh,Raksha B",9,,,,,,,,,,,,,9,4.000
Spring 2026,MIS,7397,09,"Messinger,Jacob Nelson",7,2,,,,,,,,,,,,9,3.927
Spring 2026,MIS,7397,04,"Jagtap,Pankaj",4,,,,3,,,,,,,,,7,3.713
Spring 2026,MIS,7397,07,"Campbell,Phillip James",2,,3,,,,,,,,1,1,,7,2.619
Spring 2026,MIS,7397,08,"Jagtap,Pankaj",3,1,,,,,,,,,,,,4,3.918
Spring 2026,MIS,7397,01,"Ogden,John Thomas",3,,,,,,,,,,,,,3,4.000
Spring 2026,MIS,4477,03,"Khan,Hina F",26,8,,,4,,,1,,,,,,39,3.821
Spring 2026,MIS,4477,01,"Messinger,Jacob Nelson",11,15,3,2,3,,,,,,,,1,35,3.525
Spring 2026,MIS,7378,01,"Porra,Jaana",19,4,,,,,,,,,,,,23,3.943
Spring 2026,MIS,7378,02,"Grimes,George M",7,,2,,,,,,,,,,,9,3.778
Spring 2026,MIS,7373,01,"Grimes,George M",25,,2,,,2,,,1,,,,,30,3.700
Spring 2026,MIS,   6A41,02,"Silva,Leiser O",15,11,,,1,,,,,,,,1,28,3.704
Spring 2026,MIS,7376,01,"Johnson,Glynn L",7,4,1,,2,,,1,,,,,1,16,3.417
Spring 2026,MIS,7376,02,"Netzel,Andrew",4,,,,1,,,,,,,,,5,3.866
Spring 2026,MIS,4379,01,"Scott,Carl P",7,4,,1,6,1,,,,,,,1,20,3.367
Spring 2026,MIS,4381,01,"Cooper,Randolph B",4,,3,,,4,,,3,,,2,3,19,1.895
Spring 2026,MIS,7375,02,"Messinger,Jacob Nelson",4,3,,,,,,,,,,1,,8,3.376
Spring 2026,MIS,7375,01,"Messinger,Jacob Nelson",4,1,,,,,,,,,,,,5,3.934
Spring 2026,MIS,4372,01,"Messinger,Jacob Nelson",8,,,,,,,,,,,,,8,4.000
Spring 2026,MIS,6341,1,"Silva,Leiser O",5,,,,,,,,,,,,,5,4.000
Spring 2026,MIS,6341,2,"Silva,Leiser O",2,1,,,,,,,,,,,,3,3.890
Spring 2026,MIS,8397,01,"Chin,Wynne W",4,,,,,,,,,,,,,4,4.000
Spring 2026,MIS,7381,01,"Cooper,Randolph B",1,,2,,,,,,,,,,,3,3.333
Spring 2026,MIS,6398,01,"Scamell,Richard W",1,,,,,,,,,,,,,1,4.000
Spring 2026,MSCI,2220,01,"Bradford,Todd F",4,2,2,1,2,2,,2,,,,1,2,18,2.629
Spring 2026,MSCI,2220,02,"Bradford,Todd F",1,1,1,1,1,,,,,,,,,5,3.334
Spring 2026,MSCI,3320,01,"Bradford,Todd F",8,6,,,4,,1,,,,,,,19,3.632
Spring 2026,MSCI,3320,02,"Bradford,Todd F",1,,,,,,,,,,,,,1,4.000
Spring 2026,MSCI,1220,4,"Bradford,Todd F",1,1,,1,2,,,,,,,,1,6,2.833
Spring 2026,MSCI,1220,3,"Bradford,Todd F",1,1,1,,,,,,,,,,,3,3.557
Spring 2026,MSCI,1220,1,"Bradford,Todd F",,,,,1,,,,,,,,1,2,1.665
Spring 2026,MSCI,4320,01,"Bradford,Todd F",7,1,,,,,,,,,,,,8,3.959
Spring 2026,MSCI,4320,02,"Bradford,Todd F",1,,,,,,,,,,,,,1,4.000
Spring 2026,MSCI,4398,01,"Bradford,Todd F",,,1,3,2,,,,,,,,,6,2.945
Spring 2026,MSCI,1126,01,"Bradford,Todd F",4,,,,,,,,,,,,,4,4.000
Spring 2026,MSCI,1131,01,"Bradford,Todd F",,,,,,,,,,,,,1,1,0.000
Spring 2026,MTLS,8298,02,"Fan,Zheng",2,,,,,,,,,,,,,2,4.000
Spring 2026,MTLS,8399,01,"Robles Hernandez,Francisco C",1,,,,,,,,,,,,,1,4.000
Spring 2026,MTLS,8399,02,"Fan,Zheng",1,,,,,,,,,,,,,1,4.000
Spring 2026,MTLS,8498,02,"Fan,Zheng",1,,,,,,,,,,,,,1,4.000
Spring 2026,MUED,4231,01,"Bertman,David Garry",20,2,1,,,,,,,,,1,1,25,3.614
Spring 2026,MUED,4231,02,"Bertman,David Garry",10,6,,,,,,,,,,,1,17,3.648
Spring 2026,MUED,3107,01,"Wilkinson,Loneka",16,,,,3,,,,,,,,,19,3.894
Spring 2026,MUED,3107,03,"Wilkinson,Loneka",10,,5,,2,,,,,,,,1,18,3.426
Spring 2026,MUED,4340,01,"Meitz,Penelope J",20,1,4,2,1,2,,,,,,,2,32,3.386
Spring 2026,MUED,4340,02,"Meitz,Penelope J",3,,,,,,,,,,,,,3,4.000
Spring 2026,MUED,3104,01,"Meitz,Penelope J",3,3,2,3,2,,1,,,,1,1,,16,2.918
Spring 2026,MUED,3104,02,"Meitz,Penelope J",6,3,,,1,,,,1,,,1,,12,3.278
Spring 2026,MUED,3320,01,"McGinnis,Emily Jane",13,,5,,,,,,1,,,1,1,21,3.238
Spring 2026,MUED,3101,01,"Bell,Priscilla Garrett",9,2,2,1,1,1,1,,,,,,1,18,3.278
Spring 2026,MUED,4305,01,"Derges,Julie D",14,2,1,1,,,,,,,,,,18,3.834
Spring 2026,MUED,3103,01,"Bell,Priscilla Garrett",11,1,,,1,,,,,,,,2,15,3.400
Spring 2026,MUED,3100,01,"Bell,Priscilla Garrett",12,1,,,,,,,,,,,1,14,3.691
Spring 2026,MUED,2320,02,"Zajicek,Daniel James",4,4,1,,2,,,1,,,,1,,13,3.282
Spring 2026,MUED,3102,01,"Bell,Priscilla Garrett",12,,,,1,,,,,,,,,13,3.948
Spring 2026,MUED,3106,01,"Warren,Paul Alexander",1,1,3,2,1,1,,2,,,,2,,13,2.462
Spring 2026,MUED,3108,01,"Wilkinson,Loneka",8,,1,,3,,,,,,,,,12,3.749
Spring 2026,MUED,4221,01,"Maglione,Anthony John",8,1,,,,,,,,,,,1,10,3.567
Spring 2026,MUED,8311,01,"McGinnis,Emily Jane",7,,,,,,,,,,,,,7,4.000
Spring 2026,MUED,8330,01,"Meals,Cory Dewitt",6,,,,,,,,,,,,,6,4.000
Spring 2026,MUED,6398,01,"Derges,Julie D",2,,,,,,,,,,,,,2,4.000
Spring 2026,MUSA,8320,02,"Yon,Kirsten A",6,,,,,,,,,,,,,6,4.000
Spring 2026,MUSA,8320,11,"Hester,Timothy E",6,,,,,,,,,,,,,6,4.000
Spring 2026,MUSA,8320,06,"Staupe,Andrew Paul",3,,,,,,,,,,,,,3,4.000
Spring 2026,MUSA,8320,07,"Robinson,Daryl Allen",1,1,,,,,,1,,,,,,3,3.333
Spring 2026,MUSA,8320,23,"Cho,Eunghee",3,,,,,,,,,,,,,3,4.000
Spring 2026,MUSA,8320,09,"Krager,Franz A",2,,,,,,,,,,,,,2,4.000
Spring 2026,MUSA,8320,10,"Bertman,David Garry",2,,,,,,,,,,,,,2,4.000
Spring 2026,MUSA,8320,12,"Wilkins,Blake M",2,,,,,,,,,,,,,2,4.000
Spring 2026,MUSA,8320,21,"Maglione,Anthony John",2,,,,,,,,,,,,,2,4.000
Spring 2026,MUSA,8320,25,"DeSpain,Kaitlin Elizabeth",1,1,,,,,,,,,,,,2,3.835
Spring 2026,MUSA,8320,01,"Belcher,Daniel",1,,,,,,,,,,,,,1,4.000
Spring 2026,MUSA,8320,03,"Wagner,Elise L",1,,,,,,,,,,,,,1,4.000
Spring 2026,MUSA,8320,05,"Morgulis,Tali",,1,,,,,,,,,,,,1,3.670
Spring 2026,MUSA,8320,16,"Sonnenberg,Melanie",1,,,,,,,,,,,,,1,4.000
Spring 2026,MUSA,8320,22,"Sonnenberg,Melanie",1,,,,,,,,,,,,,1,4.000
Spring 2026,MUSA,8320,24,"Jones,Timothy J",1,,,,,,,,,,,,,1,4.000
Spring 2026,MUSA,8320,26,"Mo,Boson",1,,,,,,,,,,,,,1,4.000
Spring 2026,MUSA,8320,27,"Archibald,Amber Cristina",,1,,,,,,,,,,,,1,3.670
Spring 2026,MUSA,8320,28,"Dokshansky,Yevgeny",1,,,,,,,,,,,,,1,4.000
Spring 2026,MUSA,8320,29,"Russell,Peggy",1,,,,,,,,,,,,,1,4.000
Spring 2026,MUSA,8320,30,"Morgulis,Tali",1,,,,,,,,,,,,,1,4.000
Spring 2026,MUSA,3400,06,"Belcher,Daniel",5,1,,,2,,,,,,,,,8,3.791
Spring 2026,MUSA,3400,02,"Clayton Vasquez,Cynthia L",4,,,,,,,,,,,,,4,4.000
Spring 2026,MUSA,3400,03,"Jones,Timothy J",3,,,1,,,,,,,,,,4,3.668
Spring 2026,MUSA,3400,01,"Averyt,Zachary Benjamin",1,,,1,,,,,,,,,,2,3.335
Spring 2026,MUSA,3400,04,"Vasquez,Hector A",,1,,,,,,,,,,,,1,3.670
Spring 2026,MUSA,4189,03,"Cho,Eunghee",2,,,,,,,,,,,,,2,4.000
Spring 2026,MUSA,4189,01,"Potiomkin,Alexander",1,,,,,,,,,,,,,1,4.000
Spring 2026,MUSA,4189,02,"Wagner,Elise L",1,,,,,,,,,,,,,1,4.000
Spring 2026,MUSA,4189,04,"Morgulis,Tali",1,,,,,,,,,,,,,1,4.000
Spring 2026,MUSA,4189,05,"Clayton Vasquez,Cynthia L",1,,,,,,,,,,,,,1,4.000
Spring 2026,MUSA,4189,06,"Larson,Eric Amery",1,,,,,,,,,,,,,1,4.000
Spring 2026,MUSA,4189,07,"Belcher,Daniel",,1,,,,,,,,,,,,1,3.670
Spring 2026,MUSA,4189,08,"Jones,Timothy J",,1,,,,,,,,,,,,1,3.670
Spring 2026,MUSA,4189,09,"Lo,Mann-Wen",,1,,,,,,,,,,,,1,3.670
Spring 2026,MUSA,4189,10,"Sonnenberg,Melanie",1,,,,,,,,,,,,,1,4.000
Spring 2026,MUSA,4189,11,"Vasquez,Hector A",1,,,,,,,,,,,,,1,4.000
Spring 2026,MUSA,4189,13,"Archibald,Amber Cristina",,1,,,,,,,,,,,,1,3.670
Spring 2026,MUSA,4189,14,"Hughes,Mark Alan",1,,,,,,,,,,,,,1,4.000
Spring 2026,MUSA,2300,03,"Vasquez,Hector A",2,,1,,1,,,,,,,,,4,3.583
Spring 2026,MUSA,2300,05,"Averyt,Zachary Benjamin",1,2,,,,,,,,,,,,3,3.780
Spring 2026,MUSA,2300,01,"Clayton Vasquez,Cynthia L",1,1,,,,,,,,,,,,2,3.835
Spring 2026,MUSA,2300,02,"Clayton Vasquez,Cynthia L",1,,,,,,,,,,,,,1,4.000
Spring 2026,MUSA,2300,04,"Sonnenberg,Melanie",1,,,,,,,,,,,,,1,4.000
Spring 2026,MUSA,2300,06,"Clayton Vasquez,Cynthia L",1,,,,,,,,,,,,,1,4.000
Spring 2026,MUSA,2300,07,"Belcher,Daniel",1,,,,,,,,,,,,,1,4.000
Spring 2026,MUSA,2340,02,"Vassallo,Jim Cates",11,,,,,,,,,,,,,11,4.000
Spring 2026,MUSA,2340,01,"Hughes,Mark Alan",2,,,,,,,,,,,,,2,4.000
Spring 2026,MUSA,1300,01,"Averyt,Zachary Benjamin",4,1,,,,,,,,,,,,5,3.934
Spring 2026,MUSA,1300,05,"Sonnenberg,Melanie",3,,,,,,,,,,,,,3,4.000
Spring 2026,MUSA,1300,04,"Jones,Timothy J",2,,,,,,,,,,,,,2,4.000
Spring 2026,MUSA,1300,02,"Clayton Vasquez,Cynthia L",1,,,,,,,,,,,,,1,4.000
Spring 2026,MUSA,1300,06,"Vasquez,Hector A",,1,,,,,,,,,,,,1,3.670
Spring 2026,MUSA,4400,04,"Vasquez,Hector A",2,1,,,,,,,,,,,,3,3.890
Spring 2026,MUSA,4400,05,"Jones,Timothy J",1,1,,,1,,,,,,,,,3,3.667
Spring 2026,MUSA,4400,03,"Clayton Vasquez,Cynthia L",,2,,,,,,,,,,,,2,3.670
Spring 2026,MUSA,4400,01,"Sonnenberg,Melanie",1,,,,,,,,,,,,,1,4.000
Spring 2026,MUSA,4400,02,"Averyt,Zachary Benjamin",,,,,1,,,,,,,,,1,3.330
Spring 2026,MUSA,4400,06,"Belcher,Daniel",,,,,1,,,,,,,,,1,3.330
Spring 2026,MUSA,6300,02,"Clayton Vasquez,Cynthia L",3,,,,,,,,,,,,,3,4.000
Spring 2026,MUSA,6300,04,"Sonnenberg,Melanie",3,,,,,,,,,,,,,3,4.000
Spring 2026,MUSA,6300,01,"Belcher,Daniel",2,,,,,,,,,,,,,2,4.000
Spring 2026,MUSA,6300,03,"Jones,Timothy J",1,,,,1,,,,,,,,,2,3.665
Spring 2026,MUSA,6310,01,"Hester,Timothy E",6,,,,,,,,,,,,,6,4.000
Spring 2026,MUSA,6310,04,"Van Kekerix,Todd Evan",1,1,,,,,,,,,,,,2,3.835
Spring 2026,MUSA,6310,02,"Morgulis,Tali",1,,,,,,,,,,,,,1,4.000
Spring 2026,MUSA,6310,03,"Staupe,Andrew Paul",1,,,,,,,,,,,,,1,4.000
Spring 2026,MUSA,8243,02,"Koozin,Timothy",2,,,,,,,,,,,,,2,4.000
Spring 2026,MUSA,8243,06,"Meals,Cory Dewitt",2,,,,,,,,,,,,,2,4.000
Spring 2026,MUSA,8243,10,"Dirst,Matthew C",2,,,,,,,,,,,,,2,4.000
Spring 2026,MUSA,8243,01,"Lee,Ji Yeon",1,,,,,,,,,,,,,1,4.000
Spring 2026,MUSA,8243,03,"Averyt,Zachary Benjamin",1,,,,,,,,,,,,,1,4.000
Spring 2026,MUSA,8243,07,"Caton,Kathryn L.",1,,,,,,,,,,,,,1,4.000
Spring 2026,MUSA,8243,11,"Rakonjac,Damjan",,,1,,,,,,,,,,,1,3.000
Spring 2026,MUSA,8240,10,"Hester,Timothy E",2,,,,,,,,,,,,,2,4.000
Spring 2026,MUSA,8240,01,"Maglione,Anthony John",1,,,,,,,,,,,,,1,4.000
Spring 2026,MUSA,8240,03,"DeSpain,Kaitlin Elizabeth",1,,,,,,,,,,,,,1,4.000
Spring 2026,MUSA,8240,04,"Lo,Mann-Wen",,1,,,,,,,,,,,,1,3.670
Spring 2026,MUSA,8240,06,"Morgulis,Tali",1,,,,,,,,,,,,,1,4.000
Spring 2026,MUSA,8240,09,"Yon,Kirsten A",1,,,,,,,,,,,,,1,4.000
Spring 2026,MUSA,8240,15,"Staupe,Andrew Paul",1,,,,,,,,,,,,,1,4.000
Spring 2026,MUSA,1320,03,"Mo,Boson",3,,,,,,,,,,,,,3,4.000
Spring 2026,MUSA,1320,01,"Lo,Mann-Wen",2,,,,,,,,,,,,,2,4.000
Spring 2026,MUSA,1320,02,"Yon,Kirsten A",2,,,,,,,,,,,,,2,4.000
Spring 2026,MUSA,1340,01,"Hughes,Mark Alan",3,1,,,,,,,,,,,,4,3.918
Spring 2026,MUSA,1340,02,"Vassallo,Jim Cates",3,,,,,,,,,,,,,3,4.000
Spring 2026,MUSA,3434,01,"Rowell,Chester D",3,,,,,,,,,,,,,3,4.000
Spring 2026,MUSA,3434,03,"Potiomkin,Alexander",2,,,,,,,,,,,,,2,4.000
Spring 2026,MUSA,3434,04,"Dokshansky,Yevgeny",2,,,,,,,,,,,,,2,4.000
Spring 2026,MUSA,3450,01,"Wilkins,Blake M",6,,,,,,,,,,,,,6,4.000
Spring 2026,MUSA,3450,02,"Warren,Paul Alexander",,1,,,,,,,,,,,,1,3.670
Spring 2026,MUSA,6204,01,"Krager,Franz A",4,,,,,,,,,,,,,4,4.000
Spring 2026,MUSA,6204,06,"Parodi,Jorge Luis",2,,,,,,,,,,,,,2,4.000
Spring 2026,MUSA,6204,05,"Maglione,Anthony John",1,,,,,,,,,,,,,1,4.000
Spring 2026,MUSA,1176,01,"Hubley,Robert L",,3,1,,2,,,,,,,,,6,3.445
Spring 2026,MUSA,2310,02,"Morgulis,Tali",,2,1,,,,,,,,,,,3,3.447
Spring 2026,MUSA,2310,01,"Hester,Timothy E",1,,,,,,,,,,,,,1,4.000
Spring 2026,MUSA,2310,03,"Staupe,Andrew Paul",1,,,,,,,,,,,,,1,4.000
Spring 2026,MUSA,2310,04,"Van Kekerix,Todd Evan",1,,,,,,,,,,,,,1,4.000
Spring 2026,MUSA,2330,03,"Martin,Tyler Craig",3,,1,,,,,,,,,,,4,3.750
Spring 2026,MUSA,2330,01,"Russell,Peggy",2,,,,,,,,,,,,,2,4.000
Spring 2026,MUSA,2336,01,"Wagner,Elise L",6,,,,,,,,,,,,,6,4.000
Spring 2026,MUSA,3438,01,"Witt,Woodrow W",5,1,,,,,,,,,,,,6,3.945
Spring 2026,MUSA,8242,06,"Cho,Eunghee",2,,,,,,,,,,,,,2,4.000
Spring 2026,MUSA,8242,04,"Yon,Kirsten A",1,,,,,,,,,,,,,1,4.000
Spring 2026,MUSA,8242,08,"Staupe,Andrew Paul",1,,,,,,,,,,,,,1,4.000
Spring 2026,MUSA,8242,10,"Sonnenberg,Melanie",1,,,,,,,,,,,,,1,4.000
Spring 2026,MUSA,8242,11,"Russell,Peggy",1,,,,,,,,,,,,,1,4.000
Spring 2026,MUSA,1342,02,"Leff,Jamie Rachel",4,,,,,,,,,,,,,4,4.000
Spring 2026,MUSA,1342,01,"Johnson,Robert",1,,,,,,,,,,,,,1,4.000
Spring 2026,MUSA,2202,02,"Smith,Robert Thomas",2,,1,1,,,,,,,,,1,5,2.734
Spring 2026,MUSA,2320,01,"Lo,Mann-Wen",2,1,,,,,,,,,,,,3,3.890
Spring 2026,MUSA,2320,02,"Yon,Kirsten A",1,,,,,,,,,,,,,1,4.000
Spring 2026,MUSA,2320,03,"Mo,Boson",1,,,,,,,,,,,,,1,4.000
Spring 2026,MUSA,2334,01,"Griffin,Randall S",2,,,,,,,,,,,,,2,4.000
Spring 2026,MUSA,2334,02,"Rowell,Chester D",2,,,,,,,,,,,,,2,4.000
Spring 2026,MUSA,2334,04,"Dokshansky,Yevgeny",1,,,,,,,,,,,,,1,4.000
Spring 2026,MUSA,2346,02,"Fenske,Kevin",3,,1,,,,,,,,,,,4,3.750
Spring 2026,MUSA,2346,01,"Villarrubia,Charles",1,,,,,,,,,,,,,1,4.000
Spring 2026,MUSA,3402,02,"Maroney,Marcus K",1,,,,1,,,1,,,,,,3,3.220
Spring 2026,MUSA,3402,01,"Smith,Robert Thomas",,,1,1,,,,,,,,,,2,2.835
Spring 2026,MUSA,3430,02,"Russell,Peggy",4,,,,,,,,,,,,,4,4.000
Spring 2026,MUSA,3430,03,"Martin,Tyler Craig",1,,,,,,,,,,,,,1,4.000
Spring 2026,MUSA,3440,02,"Vassallo,Jim Cates",1,1,1,,,,,,,,,,1,4,2.668
Spring 2026,MUSA,3440,01,"Hughes,Mark Alan",1,,,,,,,,,,,,,1,4.000
Spring 2026,MUSA,6141,01,"Belcher,Daniel",1,,,,,,,,,,,,,1,4.000
Spring 2026,MUSA,6141,04,"Staupe,Andrew Paul",1,,,,,,,,,,,,,1,4.000
Spring 2026,MUSA,6141,05,"Cho,Eunghee",1,,,,,,,,,,,,,1,4.000
Spring 2026,MUSA,6141,06,"Vasquez,Hector A",1,,,,,,,,,,,,,1,4.000
Spring 2026,MUSA,6141,07,"Lo,Mann-Wen",,1,,,,,,,,,,,,1,3.670
Spring 2026,MUSA,8241,03,"Krager,Franz A",1,,,,,,,,,,,,,1,4.000
Spring 2026,MUSA,8241,05,"Dokshansky,Yevgeny",1,,,,,,,,,,,,,1,4.000
Spring 2026,MUSA,8241,07,"Hester,Timothy E",1,,,,,,,,,,,,,1,4.000
Spring 2026,MUSA,8241,10,"Wilkins,Blake M",1,,,,,,,,,,,,,1,4.000
Spring 2026,MUSA,8241,12,"Wagner,Elise L",1,,,,,,,,,,,,,1,4.000
Spring 2026,MUSA,1344,01,"Kauk,Brian Keith",3,,,,1,,,,,,,,,4,3.833
Spring 2026,MUSA,2342,02,"Leff,Jamie Rachel",2,1,,,,,,,,,,,,3,3.890
Spring 2026,MUSA,2342,01,"Johnson,Robert",1,,,,,,,,,,,,,1,4.000
Spring 2026,MUSA,2350,01,"Warren,Paul Alexander",1,2,1,,,,,,,,,,,4,3.585
Spring 2026,MUSA,3410,03,"Staupe,Andrew Paul",2,,,,,,,,,,,,,2,4.000
Spring 2026,MUSA,3410,01,"Morgulis,Tali",,1,,,,,,,,,,,,1,3.670
Spring 2026,MUSA,3410,04,"Norian,Gary",,1,,,,,,,,,,,,1,3.670
Spring 2026,MUSA,3420,02,"Lo,Mann-Wen",3,,,,,,,,,,,,,3,4.000
Spring 2026,MUSA,3420,01,"Yon,Kirsten A",1,,,,,,,,,,,,,1,4.000
Spring 2026,MUSA,3426,01,"Larson,Eric Amery",4,,,,,,,,,,,,,4,4.000
Spring 2026,MUSA,4434,01,"Rowell,Chester D",2,,,,,,,,,,,,,2,4.000
Spring 2026,MUSA,4434,02,"Potiomkin,Alexander",2,,,,,,,,,,,,,2,4.000
Spring 2026,MUSA,6400,02,"Belcher,Daniel",2,,,,,,,,,,,,,2,4.000
Spring 2026,MUSA,6400,03,"Clayton Vasquez,Cynthia L",1,,,,,,,,,,,,,1,4.000
Spring 2026,MUSA,6400,04,"Vasquez,Hector A",1,,,,,,,,,,,,,1,4.000
Spring 2026,MUSA,1330,01,"Russell,Peggy",2,,,,,,,,,,,,,2,4.000
Spring 2026,MUSA,1330,03,"Martin,Tyler Craig",1,,,,,,,,,,,,,1,4.000
Spring 2026,MUSA,2324,02,"Cho,Eunghee",2,,,,,,,,,,,,,2,4.000
Spring 2026,MUSA,2324,01,"Kitai,Anthony T",1,,,,,,,,,,,,,1,4.000
Spring 2026,MUSA,2348,01,"Fenske,Kevin",3,,,,,,,,,,,,,3,4.000
Spring 2026,MUSA,3260,07,"Garcia,Jeremy S",1,2,,,,,,,,,,,,3,3.780
Spring 2026,MUSA,3436,01,"Wagner,Elise L",2,1,,,,,,,,,,,,3,3.890
Spring 2026,MUSA,3444,03,"Phillips,Larry Brent",2,,,,,,,,,,,,,2,4.000
Spring 2026,MUSA,3444,01,"Kauk,Brian Keith",,,,,1,,,,,,,,,1,3.330
Spring 2026,MUSA,4260,03,"Garcia,Jeremy S",1,1,,,,,,,,,,,,2,3.835
Spring 2026,MUSA,4260,01,"Hughes,Mark Alan",1,,,,,,,,,,,,,1,4.000
Spring 2026,MUSA,4410,02,"Morgulis,Tali",1,,,,1,,,,,,,,,2,3.665
Spring 2026,MUSA,4410,01,"Staupe,Andrew Paul",1,,,,,,,,,,,,,1,4.000
Spring 2026,MUSA,4420,01,"Yon,Kirsten A",2,,,,,,,,,,,,,2,4.000
Spring 2026,MUSA,4420,02,"Lo,Mann-Wen",1,,,,,,,,,,,,,1,4.000
Spring 2026,MUSA,4424,02,"Cho,Eunghee",2,,,,,,,,,,,,,2,4.000
Spring 2026,MUSA,4424,01,"Kitai,Anthony T",1,,,,,,,,,,,,,1,4.000
Spring 2026,MUSA,4444,01,"Kauk,Brian Keith",3,,,,,,,,,,,,,3,4.000
Spring 2026,MUSA,6143,01,"Cho,Eunghee",1,,,,,,,,,,,,,1,4.000
Spring 2026,MUSA,6143,02,"Belcher,Daniel",1,,,,,,,,,,,,,1,4.000
Spring 2026,MUSA,6143,05,"Fischer,Jonathan",1,,,,,,,,,,,,,1,4.000
Spring 2026,MUSA,6260,01,"Hubley,Robert L",3,,,,,,,,,,,,,3,4.000
Spring 2026,MUSA,6320,02,"Yon,Kirsten A",2,,,,,,,,,,,,,2,4.000
Spring 2026,MUSA,6320,01,"Lo,Mann-Wen",1,,,,,,,,,,,,,1,4.000
Spring 2026,MUSA,6340,02,"Vassallo,Jim Cates",2,,,,,,,,,,,,,2,4.000
Spring 2026,MUSA,6340,01,"Hughes,Mark Alan",1,,,,,,,,,,,,,1,4.000
Spring 2026,MUSA,6424,02,"Cho,Eunghee",2,,,,,,,,,,,,,2,4.000
Spring 2026,MUSA,6424,01,"Kitai,Anthony T",1,,,,,,,,,,,,,1,4.000
Spring 2026,MUSA,1160,01,"Garcia,Jeremy S",1,1,,,,,,,,,,,,2,3.835
Spring 2026,MUSA,1200,05,"Vasquez,Hector A",2,,,,,,,,,,,,,2,4.000
Spring 2026,MUSA,1310,02,"Morgulis,Tali",,,,1,,,,,,,,,,1,2.670
Spring 2026,MUSA,1310,03,"Staupe,Andrew Paul",1,,,,,,,,,,,,,1,4.000
Spring 2026,MUSA,1322,01,"Archibald,Amber Cristina",1,1,,,,,,,,,,,,2,3.835
Spring 2026,MUSA,1334,02,"Rowell,Chester D",1,,,,,,,,,,,,,1,4.000
Spring 2026,MUSA,1334,04,"Dokshansky,Yevgeny",1,,,,,,,,,,,,,1,4.000
Spring 2026,MUSA,1338,01,"Witt,Woodrow W",2,,,,,,,,,,,,,2,4.000
Spring 2026,MUSA,1348,01,"Fenske,Kevin",2,,,,,,,,,,,,,2,4.000
Spring 2026,MUSA,1350,01,"Warren,Paul Alexander",2,,,,,,,,,,,,,2,4.000
Spring 2026,MUSA,2210,01,"Morgulis,Tali",1,,,,,,,,,,,,,1,4.000
Spring 2026,MUSA,2210,02,"Staupe,Andrew Paul",,1,,,,,,,,,,,,1,3.670
Spring 2026,MUSA,2326,01,"Larson,Eric Amery",1,1,,,,,,,,,,,,2,3.835
Spring 2026,MUSA,2332,01,"Dinitz,Adam L",,,,,,,,,,,,,1,1,0.000
Spring 2026,MUSA,2332,02,"Fischer,Jonathan",1,,,,,,,,,,,,,1,4.000
Spring 2026,MUSA,2338,01,"Witt,Woodrow W",1,,,,,,,,,,,,1,2,2.000
Spring 2026,MUSA,3200,04,"Vasquez,Hector A",1,,,,,,,1,,,,,,2,3.165
Spring 2026,MUSA,3422,01,"Archibald,Amber Cristina",1,1,,,,,,,,,,,,2,3.835
Spring 2026,MUSA,3424,01,"Kitai,Anthony T",1,,,,,,,,,,,,,1,4.000
Spring 2026,MUSA,3424,02,"Cho,Eunghee",1,,,,,,,,,,,,,1,4.000
Spring 2026,MUSA,4245,01,"Kauk,Brian Keith",1,1,,,,,,,,,,,,2,3.835
Spring 2026,MUSA,4422,01,"Archibald,Amber Cristina",1,1,,,,,,,,,,,,2,3.835
Spring 2026,MUSA,4430,01,"Russell,Peggy",1,,,,,,,,,,,,,1,4.000
Spring 2026,MUSA,4430,02,"Martin,Tyler Craig",1,,,,,,,,,,,,,1,4.000
Spring 2026,MUSA,4432,02,"Dinitz,Adam L",2,,,,,,,,,,,,,2,4.000
Spring 2026,MUSA,4436,01,"Wagner,Elise L",2,,,,,,,,,,,,,2,4.000
Spring 2026,MUSA,4440,02,"Vassallo,Jim Cates",2,,,,,,,,,,,,,2,4.000
Spring 2026,MUSA,4446,01,"Villarrubia,Charles",2,,,,,,,,,,,,,2,4.000
Spring 2026,MUSA,4450,01,"Wilkins,Blake M",2,,,,,,,,,,,,,2,4.000
Spring 2026,MUSA,6210,01,"Hester,Timothy E",2,,,,,,,,,,,,,2,4.000
Spring 2026,MUSA,6302,01,"Maroney,Marcus K",2,,,,,,,,,,,,,2,4.000
Spring 2026,MUSA,6322,01,"Archibald,Amber Cristina",,2,,,,,,,,,,,,2,3.670
Spring 2026,MUSA,6324,02,"Cho,Eunghee",2,,,,,,,,,,,,,2,4.000
Spring 2026,MUSA,6334,01,"Potiomkin,Alexander",1,,,,,,,,,,,,,1,4.000
Spring 2026,MUSA,6334,02,"Dokshansky,Yevgeny",1,,,,,,,,,,,,,1,4.000
Spring 2026,MUSA,6350,01,"Wilkins,Blake M",2,,,,,,,,,,,,,2,4.000
Spring 2026,MUSA,6420,01,"Yon,Kirsten A",1,,,,,,,,,,,,,1,4.000
Spring 2026,MUSA,6420,02,"Lo,Mann-Wen",,1,,,,,,,,,,,,1,3.670
Spring 2026,MUSA,6436,01,"Wagner,Elise L",2,,,,,,,,,,,,,2,4.000
Spring 2026,MUSA,8420,02,"Staupe,Andrew Paul",1,,,,,,,,,,,,,1,4.000
Spring 2026,MUSA,8420,03,"Hester,Timothy E",1,,,,,,,,,,,,,1,4.000
Spring 2026,MUSA,1238,01,"Witt,Woodrow W",,,1,,,,,,,,,,,1,3.000
Spring 2026,MUSA,1260,01,"Garcia,Jeremy S",,1,,,,,,,,,,,,1,3.670
Spring 2026,MUSA,1324,02,"Cho,Eunghee",1,,,,,,,,,,,,,1,4.000
Spring 2026,MUSA,1326,01,"Larson,Eric Amery",1,,,,,,,,,,,,,1,4.000
Spring 2026,MUSA,1328,01,"Cowan,Hope Kathleen",1,,,,,,,,,,,,,1,4.000
Spring 2026,MUSA,1332,01,"Dinitz,Adam L",1,,,,,,,,,,,,,1,4.000
Spring 2026,MUSA,1346,02,"Fenske,Kevin",,1,,,,,,,,,,,,1,3.670
Spring 2026,MUSA,2200,03,"Clayton Vasquez,Cynthia L",1,,,,,,,,,,,,,1,4.000
Spring 2026,MUSA,2245,01,"Kauk,Brian Keith",1,,,,,,,,,,,,,1,4.000
Spring 2026,MUSA,2248,01,"Fenske,Kevin",1,,,,,,,,,,,,,1,4.000
Spring 2026,MUSA,2260,07,"Garcia,Jeremy S",1,,,,,,,,,,,,,1,4.000
Spring 2026,MUSA,2322,01,"Archibald,Amber Cristina",,,,1,,,,,,,,,,1,2.670
Spring 2026,MUSA,2344,01,"Kauk,Brian Keith",1,,,,,,,,,,,,,1,4.000
Spring 2026,MUSA,3231,02,"Russell,Peggy",1,,,,,,,,,,,,,1,4.000
Spring 2026,MUSA,3239,01,"Witt,Woodrow W",1,,,,,,,,,,,,,1,4.000
Spring 2026,MUSA,3242,01,"Leff,Jamie Rachel",1,,,,,,,,,,,,,1,4.000
Spring 2026,MUSA,3244,01,"Kauk,Brian Keith",,1,,,,,,,,,,,,1,3.670
Spring 2026,MUSA,3248,01,"Fenske,Kevin",1,,,,,,,,,,,,,1,4.000
Spring 2026,MUSA,3428,01,"Cowan,Hope Kathleen",,1,,,,,,,,,,,,1,3.670
Spring 2026,MUSA,3432,02,"Fischer,Jonathan",1,,,,,,,,,,,,,1,4.000
Spring 2026,MUSA,3442,02,"Leff,Jamie Rachel",1,,,,,,,,,,,,,1,4.000
Spring 2026,MUSA,3446,01,"Villarrubia,Charles",1,,,,,,,,,,,,,1,4.000
Spring 2026,MUSA,3448,01,"Fenske,Kevin",1,,,,,,,,,,,,,1,4.000
Spring 2026,MUSA,4200,02,"Vasquez,Hector A",,,,1,,,,,,,,,,1,2.670
Spring 2026,MUSA,4230,01,"Martin,Tyler Craig",1,,,,,,,,,,,,,1,4.000
Spring 2026,MUSA,4378,01,"Petito,Gregory Michael",1,,,,,,,,,,,,,1,4.000
Spring 2026,MUSA,4402,01,"Smith,Robert Thomas",,,,,1,,,,,,,,,1,3.330
Spring 2026,MUSA,4426,01,"Larson,Eric Amery",1,,,,,,,,,,,,,1,4.000
Spring 2026,MUSA,4448,01,"Fenske,Kevin",1,,,,,,,,,,,,,1,4.000
Spring 2026,MUSA,6200,02,"Sonnenberg,Melanie",1,,,,,,,,,,,,,1,4.000
Spring 2026,MUSA,6202,01,"Smith,Robert Thomas",1,,,,,,,,,,,,,1,4.000
Spring 2026,MUSA,6214,01,"Robinson,Daryl Allen",1,,,,,,,,,,,,,1,4.000
Spring 2026,MUSA,6304,03,"Bertman,David Garry",1,,,,,,,,,,,,,1,4.000
Spring 2026,MUSA,6326,01,"Larson,Eric Amery",1,,,,,,,,,,,,,1,4.000
Spring 2026,MUSA,6338,01,"Witt,Woodrow W",1,,,,,,,,,,,,,1,4.000
Spring 2026,MUSA,6342,02,"Leff,Jamie Rachel",1,,,,,,,,,,,,,1,4.000
Spring 2026,MUSA,6344,02,"Phillips,Larry Brent",1,,,,,,,,,,,,,1,4.000
Spring 2026,MUSA,6410,01,"Staupe,Andrew Paul",1,,,,,,,,,,,,,1,4.000
Spring 2026,MUSA,6412,01,"Robinson,Daryl Allen",1,,,,,,,,,,,,,1,4.000
Spring 2026,MUSA,6432,01,"Fischer,Jonathan",1,,,,,,,,,,,,,1,4.000
Spring 2026,MUSA,8220,01,"Hester,Timothy E",1,,,,,,,,,,,,,1,4.000
Spring 2026,MUSA,8244,01,"Hester,Timothy E",1,,,,,,,,,,,,,1,4.000
Spring 2026,MUSI,2302,02,"Hubley,Robert L",86,19,12,7,8,1,2,5,,1,1,2,5,149,3.450
Spring 2026,MUSI,2302,01,"Hubley,Robert L",111,7,7,1,6,2,,2,,,2,5,5,148,3.545
Spring 2026,MUSI,1307,02,"Smerud,Aidan J",65,12,16,11,8,10,4,6,2,,1,8,6,149,3.034
Spring 2026,MUSI,1307,01,"Smerud,Aidan J",94,10,21,4,6,2,1,1,2,1,,,4,146,3.541
Spring 2026,MUSI,3303,01,"Garza,Paul Victor",43,8,5,4,6,3,1,,,1,,2,2,75,3.405
Spring 2026,MUSI,3303,02,"Garza,Paul Victor",23,11,4,4,2,8,3,1,,1,1,11,5,74,2.528
Spring 2026,MUSI,3301,01,"Hubley,Robert L",94,17,10,2,8,,1,5,,,3,1,5,146,3.546
Spring 2026,MUSI,1102,02,"Kubos,Cameron Kade",59,,,,,,,,,,,,2,61,3.869
Spring 2026,MUSI,1102,01,"Bertman,David Garry",55,,,,,,,,,,,,,55,4.000
Spring 2026,MUSI,1102,03,"Gregory,Madeline Jane",24,,,,,1,,,,,,,2,27,3.630
Spring 2026,MUSI,2362,01,"Dirst,Matthew C",20,10,26,18,12,9,4,8,3,,2,6,4,122,2.719
Spring 2026,MUSI,2117,01,"Guez,Jonathan Charles",4,2,9,4,3,2,1,2,,,1,,4,32,2.583
Spring 2026,MUSI,2117,02,"Guez,Jonathan Charles",2,1,11,1,3,4,1,2,,,,,,25,2.866
Spring 2026,MUSI,2117,04,"Guez,Jonathan Charles",4,3,5,1,2,5,,1,1,,,,3,25,2.587
Spring 2026,MUSI,2117,03,"Guez,Jonathan Charles",3,,6,3,1,1,,3,,,1,1,,19,2.719
Spring 2026,MUSI,2214,01,"Guez,Jonathan Charles",5,1,2,3,6,5,3,2,1,1,,,3,32,2.469
Spring 2026,MUSI,2214,02,"Guez,Jonathan Charles",4,3,5,7,3,2,1,1,,,,,,26,3.027
Spring 2026,MUSI,2214,04,"Guez,Jonathan Charles",5,3,5,3,3,2,,2,,,,,1,24,3.028
Spring 2026,MUSI,2214,03,"Hernandez Ardila,Marco Tulio",,3,3,3,3,3,1,2,,,,1,,19,2.649
Spring 2026,MUSI,3364,01,"Caton,Kathryn L.",15,21,11,9,7,6,3,2,1,,,,2,77,3.118
Spring 2026,MUSI,4198,25,"Vassallo,Jim Cates",8,,,,,,,,,,,,,8,4.000
Spring 2026,MUSI,4198,40,"Lo,Mann-Wen",7,,,,,,,,,,,,,7,4.000
Spring 2026,MUSI,4198,20,"Dokshansky,Yevgeny",6,,,,,,,,,,,,,6,4.000
Spring 2026,MUSI,4198,21,"Fenske,Kevin",6,,,,,,,,,,,,,6,4.000
Spring 2026,MUSI,4198,31,"Martin,Tyler Craig",6,,,,,,,,,,,,,6,4.000
Spring 2026,MUSI,4198,05,"Larson,Eric Amery",5,,,,,,,,,,,,,5,4.000
Spring 2026,MUSI,4198,34,"Archibald,Amber Cristina",3,2,,,,,,,,,,,,5,3.868
Spring 2026,MUSI,4198,04,"Kitai,Anthony T",4,,,,,,,,,,,,,4,4.000
Spring 2026,MUSI,4198,24,"Phillips,Larry Brent",3,,,,,,,,,,,,,3,4.000
Spring 2026,MUSI,4198,30,"Fischer,Jonathan",3,,,,,,,,,,,,,3,4.000
Spring 2026,MUSI,4198,38,"Garcia,Jeremy S",3,,,,,,,,,,,,,3,4.000
Spring 2026,MUSI,4198,23,"Leff,Jamie Rachel",2,,,,,,,,,,,,,2,4.000
Spring 2026,MUSI,4198,33,"Russell,Peggy",,2,,,,,,,,,,,,2,3.670
Spring 2026,MUSI,4198,35,"Yon,Kirsten A",2,,,,,,,,,,,,,2,4.000
Spring 2026,MUSI,4198,37,"Larson,Eric Amery",2,,,,,,,,,,,,,2,4.000
Spring 2026,MUSI,4198,01,"Lo,Mann-Wen",1,,,,,,,,,,,,,1,4.000
Spring 2026,MUSI,4198,03,"Archibald,Amber Cristina",1,,,,,,,,,,,,,1,4.000
Spring 2026,MUSI,4198,22,"Kauk,Brian Keith",1,,,,,,,,,,,,,1,4.000
Spring 2026,MUSI,4198,27,"Suits,Brian J",1,,,,,,,,,,,,,1,4.000
Spring 2026,MUSI,4198,28,"Robinson,Daryl Allen",1,,,,,,,,,,,,,1,4.000
Spring 2026,MUSI,1140,01,"Krager,Franz A",53,3,2,,1,,,,,,,,1,60,3.872
Spring 2026,MUSI,2182,04,"Van Kekerix,Todd Evan",10,2,2,1,1,,,,,,,,,16,3.709
Spring 2026,MUSI,2182,01,"Van Kekerix,Todd Evan",3,1,2,4,,1,3,1,,,,,,15,2.779
Spring 2026,MUSI,2182,03,"Van Kekerix,Todd Evan",3,3,4,,1,,1,1,,,,1,1,15,2.823
Spring 2026,MUSI,2182,02,"Van Kekerix,Todd Evan",6,1,1,,,,,2,,,,1,,11,3.212
Spring 2026,MUSI,1312,01,"Koozin,Timothy",7,1,2,1,2,,,,,,,,1,14,3.357
Spring 2026,MUSI,1312,03,"Koozin,Timothy",2,2,2,1,2,2,3,,,,,,,14,2.834
Spring 2026,MUSI,1312,02,"Koozin,Timothy",4,2,2,,3,1,,1,,,,,,13,3.358
Spring 2026,MUSI,1312,04,"Koozin,Timothy",6,4,,,,,,1,,,,1,1,13,3.155
Spring 2026,MUSI,1117,01,"Koozin,Timothy",3,3,,2,4,,,1,,,,,1,14,3.143
Spring 2026,MUSI,1117,02,"Koozin,Timothy",3,3,3,,2,2,,,,,,,,13,3.282
Spring 2026,MUSI,1117,03,"Koozin,Timothy",3,2,2,,2,1,2,,1,,,,,13,2.949
Spring 2026,MUSI,1117,04,"Koozin,Timothy",3,4,,,2,,,1,,,,2,,12,2.973
Spring 2026,MUSI,1121,02,"DeSpain,Kaitlin Elizabeth",23,1,,,,,1,,,,,2,,27,3.605
Spring 2026,MUSI,1121,01,"DeSpain,Kaitlin Elizabeth",24,,,,,,,,,,,,1,25,3.840
Spring 2026,MUSI,6397,02,"Caton,Kathryn L.",9,,1,,,,,,1,,,,1,12,3.333
Spring 2026,MUSI,6397,03,"Rakonjac,Damjan",11,1,,,,,,,,,,,,12,3.973
Spring 2026,MUSI,6397,04,"Velasquez,Juan Fernando",7,1,,,,,,,,,,,1,9,3.519
Spring 2026,MUSI,6397,05,"Koozin,Timothy",4,3,1,,1,,,,,,,,,9,3.704
Spring 2026,MUSI,6397,06,"Lee,Ji Yeon",3,,1,,,1,,,,,,,,5,3.400
Spring 2026,MUSI,6397,07,"Desouza,Chelsea Anne",3,,,,,,,,,,,,,3,4.000
Spring 2026,MUSI,6397,01,"Harren,Natilee O",1,,,,,,,,,,,,,1,4.000
Spring 2026,MUSI,1122,01,"Maglione,Anthony John",39,1,,,,,,,,,,,,40,3.992
Spring 2026,MUSI,6198,45,"Hester,Timothy E",5,,,,,,,,,,,,,5,4.000
Spring 2026,MUSI,6198,15,"Yon,Kirsten A",3,1,,,,,,,,,,,,4,3.918
Spring 2026,MUSI,6198,18,"Kitai,Anthony T",4,,,,,,,,,,,,,4,4.000
Spring 2026,MUSI,6198,46,"Suits,Brian J",4,,,,,,,,,,,,,4,4.000
Spring 2026,MUSI,6198,48,"Russell,Peggy",3,,,,,,,,,,,,,3,4.000
Spring 2026,MUSI,6198,19,"Archibald,Amber Cristina",1,1,,,,,,,,,,,,2,3.835
Spring 2026,MUSI,6198,42,"Vassallo,Jim Cates",2,,,,,,,,,,,,,2,4.000
Spring 2026,MUSI,6198,43,"Phillips,Larry Brent",2,,,,,,,,,,,,,2,4.000
Spring 2026,MUSI,6198,58,"Mo,Boson",2,,,,,,,,,,,,,2,4.000
Spring 2026,MUSI,6198,16,"Lo,Mann-Wen",1,,,,,,,,,,,,,1,4.000
Spring 2026,MUSI,6198,27,"Larson,Eric Amery",1,,,,,,,,,,,,,1,4.000
Spring 2026,MUSI,6198,28,"Belcher,Kathleen",1,,,,,,,,,,,,,1,4.000
Spring 2026,MUSI,6198,40,"Dokshansky,Yevgeny",1,,,,,,,,,,,,,1,4.000
Spring 2026,MUSI,6198,41,"Wilkins,Blake M",1,,,,,,,,,,,,,1,4.000
Spring 2026,MUSI,6198,44,"Johnson,Robert",1,,,,,,,,,,,,,1,4.000
Spring 2026,MUSI,6198,47,"Robinson,Daryl Allen",1,,,,,,,,,,,,,1,4.000
Spring 2026,MUSI,6198,52,"Wagner,Elise L",1,,,,,,,,,,,,,1,4.000
Spring 2026,MUSI,6198,53,"Archibald,Amber Cristina",1,,,,,,,,,,,,,1,4.000
Spring 2026,MUSI,6198,54,"Yon,Kirsten A",1,,,,,,,,,,,,,1,4.000
Spring 2026,MUSI,6198,56,"Larson,Eric Amery",1,,,,,,,,,,,,,1,4.000
Spring 2026,MUSI,6198,59,"Lo,Mann-Wen",,1,,,,,,,,,,,,1,3.670
Spring 2026,MUSI,1182,01,"Van Kekerix,Todd Evan",10,1,2,,1,,,,,,,,,14,3.786
Spring 2026,MUSI,1182,03,"Van Kekerix,Todd Evan",10,2,1,,1,,,,,,,,,14,3.834
Spring 2026,MUSI,1182,02,"Van Kekerix,Todd Evan",5,3,,,2,1,,,,,,,,11,3.606
Spring 2026,MUSI,2160,01,"Suits,Brian J",3,4,7,8,5,1,3,,1,,,,1,33,2.839
Spring 2026,MUSI,1103,01,"Gregory,Madeline Jane",30,,,,,,,,,,,,,30,4.000
Spring 2026,MUSI,4250,01,"Averyt,Zachary Benjamin",9,1,5,1,1,,,,,,,,1,18,3.371
Spring 2026,MUSI,4250,02,"Cho,Eunghee",7,,,,,,,,,,,,,7,4.000
Spring 2026,MUSI,4250,04,"Van Kekerix,Todd Evan",5,,,,,,,,,,,,,5,4.000
Spring 2026,MUSI,3216,02,"Garza,Paul Victor",5,1,3,3,,,2,,,,,,1,15,2.935
Spring 2026,MUSI,3216,01,"Guez,Jonathan Charles",7,2,2,1,1,,,,1,,,,,14,3.453
Spring 2026,MUSI,4100,02,"Dokshansky,Yevgeny",20,,,,,,,,,,,,,20,4.000
Spring 2026,MUSI,4100,01,"Archibald,Amber Cristina",6,,,,,,,,,,,,,6,4.000
Spring 2026,MUSI,4100,03,"Fenske,Kevin",2,,,,,,,,,,,,,2,4.000
Spring 2026,MUSI,6106,03,"Krager,Franz A",17,5,,,,,,,,,,,,22,3.925
Spring 2026,MUSI,6106,01,"Gregory,Madeline Jane",3,,,,,,,,,,,,,3,4.000
Spring 2026,MUSI,6106,02,"Marmolejo,Noe J",2,,,,,,,,,,,,,2,4.000
Spring 2026,MUSI,6106,06,"DeSpain,Kaitlin Elizabeth",1,,,,,,,,,,,,,1,4.000
Spring 2026,MUSI,1116,01,"Brake,Austin S",1,2,2,4,,1,2,1,,,,1,,14,2.549
Spring 2026,MUSI,1116,02,"Koozin,Timothy",3,1,,2,2,,,,2,1,,2,,13,2.334
Spring 2026,MUSI,1120,01,"Conley,Taylor Jack",16,5,,3,,,3,,,,,,,27,3.532
Spring 2026,MUSI,1311,02,"Koozin,Timothy",5,1,,1,,4,,,,1,,1,1,14,2.501
Spring 2026,MUSI,1311,01,"Brake,Austin S",1,4,1,1,,3,1,1,,,,1,,13,2.642
Spring 2026,MUSI,4397,03,"Marmolejo,Noe J",9,,,,,,,,,,,,,9,4.000
Spring 2026,MUSI,4397,05,"Lee,Ji Yeon",3,1,2,1,,1,,,,,,,,8,3.293
Spring 2026,MUSI,4397,04,"Desouza,Chelsea Anne",4,,,,,,,,,,,,,4,4.000
Spring 2026,MUSI,4397,01,"Harren,Natilee O",1,,,,,,,,,,,,,1,4.000
Spring 2026,MUSI,4120,01,"Wilkins,Blake M",10,,,,,,,,,,,,,10,4.000
Spring 2026,MUSI,4120,02,"Warren,Paul Alexander",8,,,,,,,,,,,,,8,4.000
Spring 2026,MUSI,6101,01,"Parodi,Jorge Luis",18,,,,,,,,,,,,,18,4.000
Spring 2026,MUSI,6300,02,"Caton,Kathryn L.",3,4,1,,1,,,,,,,,,9,3.668
Spring 2026,MUSI,6300,01,"Velasquez,Juan Fernando",3,4,,,1,,,,,,,,,8,3.751
Spring 2026,MUSI,8106,03,"Krager,Franz A",10,1,,,,,,,,,,,,11,3.970
Spring 2026,MUSI,8106,04,"Maglione,Anthony John",4,,,,,,,,,,,,,4,4.000
Spring 2026,MUSI,8106,01,"Gregory,Madeline Jane",1,,,,,,,,,,,,,1,4.000
Spring 2026,MUSI,8106,05,"DeSpain,Kaitlin Elizabeth",1,,,,,,,,,,,,,1,4.000
Spring 2026,MUSI,4312,01,"Maroney,Marcus K",3,1,3,,2,1,1,1,,,,,3,15,2.489
Spring 2026,MUSI,1110,01,"Marmolejo,Noe J",13,,,,,,,,,,,,1,14,3.714
Spring 2026,MUSI,6100,01,"Archibald,Amber Cristina",8,1,,,,,,,,,,,,9,3.963
Spring 2026,MUSI,6100,02,"Dokshansky,Yevgeny",3,,,,,,,,,,,,,3,4.000
Spring 2026,MUSI,6100,04,"Hester,Timothy E",1,,,,,,,,,,,,,1,4.000
Spring 2026,MUSI,8300,01,"Dirst,Matthew C",5,,,,,,,,,,,,1,6,3.333
Spring 2026,MUSI,8300,02,"Rakonjac,Damjan",4,2,,,,,,,,,,,,6,3.890
Spring 2026,MUSI,4102,01,"Belcher,Kathleen",11,,,,,,,,,,,,,11,4.000
Spring 2026,MUSI,1181,02,"Van Kekerix,Todd Evan",3,1,,,4,,,,,,,1,,9,3.221
Spring 2026,MUSI,2188,01,"Hester,Timothy E",9,,,,,,,,,,,,,9,4.000
Spring 2026,MUSI,6310,01,"Snyder,John L",4,3,,,1,,,,,,,,,8,3.793
Spring 2026,MUSI,6200,01,"Hester,Timothy E",5,,,,,,,,,,,,,5,4.000
Spring 2026,MUSI,6200,02,"Suits,Brian J",2,,,,,,,,,,,,,2,4.000
Spring 2026,MUSI,6341,01,"Snyder,John L",,1,1,1,2,1,,,1,,,,,7,2.714
Spring 2026,MUSI,8296,10,"Meals,Cory Dewitt",2,,,,,,,,,,,,,2,4.000
Spring 2026,MUSI,8296,05,"Koozin,Timothy",1,,,,,,,,,,,,,1,4.000
Spring 2026,MUSI,8296,06,"Lee,Ji Yeon",1,,,,,,,,,,,,,1,4.000
Spring 2026,MUSI,8296,07,"Dirst,Matthew C",1,,,,,,,,,,,,,1,4.000
Spring 2026,MUSI,8296,08,"Averyt,Zachary Benjamin",1,,,,,,,,,,,,,1,4.000
Spring 2026,MUSI,8296,11,"Rakonjac,Damjan",,,1,,,,,,,,,,,1,3.000
Spring 2026,MUSI,6104,01,"Smith,Robert Thomas",6,,,,,,,,,,,,,6,4.000
Spring 2026,MUSI,6180,01,"Belcher,Kathleen",6,,,,,,,,,,,,,6,4.000
Spring 2026,MUSI,6351,01,"Sonnenberg,Melanie",4,1,,,1,,,,,,,,,6,3.833
Spring 2026,MUSI,4104,01,"Smith,Robert Thomas",5,,,,,,,,,,,,,5,4.000
Spring 2026,MUSI,6250,01,"Van Kekerix,Todd Evan",5,,,,,,,,,,,,,5,4.000
Spring 2026,MUSI,6330,01,"Krager,Franz A",5,,,,,,,,,,,,,5,4.000
Spring 2026,MUSI,8303,01,"Lee,Ji Yeon",5,,,,,,,,,,,,,5,4.000
Spring 2026,MUSI,6160,01,"Van Kekerix,Todd Evan",4,,,,,,,,,,,,,4,4.000
Spring 2026,MUSI,1150,03,"Longoria,Jose Isabel",1,,1,,,,,,,,,,,2,3.500
Spring 2026,MUSI,1150,01,"Longoria,Jose Isabel",1,,,,,,,,,,,,,1,4.000
Spring 2026,MUSI,2122,01,"Petito,Gregory Michael",2,,,,,,,,,,,,1,3,2.667
Spring 2026,MUSI,3261,01,"Robinson,Daryl Allen",2,,,,1,,,,,,,,,3,3.777
Spring 2026,MUSI,6120,01,"Wilkins,Blake M",3,,,,,,,,,,,,,3,4.000
Spring 2026,MUSI,4399,01,"Koozin,Timothy",1,,,,,,,,,,,,,1,4.000
Spring 2026,MUSI,4399,02,"Guez,Jonathan Charles",1,,,,,,,,,,,,,1,4.000
Spring 2026,MUSI,6298,01,"Hester,Timothy E",1,,,,,,,,,,,,,1,4.000
Spring 2026,MUSI,6298,02,"Maglione,Anthony John",,1,,,,,,,,,,,,1,3.670
Spring 2026,MUSI,8398,01,"Averyt,Zachary Benjamin",2,,,,,,,,,,,,,2,4.000
Spring 2026,MUSI,4197,01,"Suits,Brian J",1,,,,,,,,,,,,,1,4.000
Spring 2026,MUSI,4330,01,"Krager,Franz A",,,,,,,,,,,,,1,1,0.000
Spring 2026,MUSI,6260,01,"Van Kekerix,Todd Evan",1,,,,,,,,,,,,,1,4.000
Spring 2026,MUSI,6398,01,"Dokshansky,Yevgeny",1,,,,,,,,,,,,,1,4.000
Spring 2026,MUSI,8301,03,"Wilkins,Blake M",1,,,,,,,,,,,,,1,4.000
Spring 2026,MUSI,8499,02,"Dirst,Matthew C",1,,,,,,,,,,,,,1,4.000
Spring 2026,MUTX,2110,01,"Roth,Edward A",2,4,,1,,,,,,,,,,7,3.621
Spring 2026,MUTX,2102,01,"Van Kekerix,Todd Evan",2,2,1,,1,,,,,,,,,6,3.612
Spring 2026,NAVY,1302,1,"Hansen,Trevor K",,,1,6,,,1,,,,1,,3,12,1.835
Spring 2026,NAVY,3301,1,"Hansen,Trevor K",1,,3,1,2,,,,,,,,2,9,2.481
Spring 2026,NAVY,4301,1,"Hansen,Trevor K",,,,,1,,1,1,,,,,,3,2.443
Spring 2026,NAVY,4302,1,"Kinter,James",1,2,,,,,,,,,,,,3,3.780
Spring 2026,NSAF,4301,1,,1,,,,,,,,,,,,,1,4.000
Spring 2026,NSAF,4301,11,,,1,,,,,,,,,,,,1,3.670
Spring 2026,NSAF,4301,6,,1,,,,,,,,,,,,,1,4.000
Spring 2026,NSS,4345,01,"Vardy,Ronald V",10,6,3,2,3,2,1,1,1,,,2,4,35,2.724
Spring 2026,NSS,4334,1,"Fox,Amos Carl",8,4,5,1,1,,1,,,,,,,20,3.468
Spring 2026,NSS,4340,01,"Davis,Jenna",2,4,,3,1,3,,,,,,2,4,19,2.106
Spring 2026,NSS,4343,01,"Zwald,Zachary J",1,3,1,3,2,2,2,1,,,,1,1,17,2.491
Spring 2026,NURS,3315,1,"Edwards-Maddox,Shermel Vinese",2,,24,,,7,,,6,,,,7,46,2.326
Spring 2026,NURS,3315,2,"Simon-Campbell,E'Loria",7,,14,,,1,,,5,,,,5,32,2.438
Spring 2026,NURS,3311,1,"Moore,Ryan",2,,20,,,5,,,9,,,,5,41,2.244
Spring 2026,NURS,3311,3,"Heath-Pena,Rosalyn L",,,22,,,5,,,5,,,,,32,2.688
Spring 2026,NURS,3314,1,"Tahmasbi,Sherin",3,,25,,,8,,,1,,,,2,39,2.872
Spring 2026,NURS,3314,2,"Pillai,Raji",2,,17,,,8,,,3,,,,3,33,2.606
Spring 2026,NURS,3312,1,"Smith,Deborah Ann",6,,27,,,5,,,,,,,2,40,3.000
Spring 2026,NURS,3313,1,"Hermis,Kimberly",16,,20,,,2,,,,,,,2,40,3.250
Spring 2026,NURS,4521,1,"Barta,Kelsie R",10,,28,,,1,,,,,,,1,40,3.175
Spring 2026,NURS,4322,1,"Edwards-Maddox,Shermel Vinese",18,,20,,,1,,,,,,,,39,3.462
Spring 2026,NURS,4316,1,"Edwards-Maddox,Shermel Vinese",,,16,,,5,,,2,,,,14,37,1.757
Spring 2026,NURS,4417,1,"Valencia Agudelo,Andres",12,,10,,,1,,,,,,,14,37,2.189
Spring 2026,NURS,4215,1,"Ecby,Chanique",1,,17,,,8,,,,,,,10,36,2.194
Spring 2026,NURS,4217,1,"Ecby,Chanique",4,,18,,,1,,,3,,,,10,36,2.111
Spring 2026,NURS,4211,1,"Smith,Deborah Ann",8,,16,,,5,,,1,,,,4,34,2.824
Spring 2026,NURS,4213,1,"Smith,Deborah Ann",21,,9,,,,,,,,,,4,34,3.265
Spring 2026,NURS,3310,1,"Hermis,Kimberly",7,,21,,,,,,3,,,,2,33,2.848
Spring 2026,NURS,3631,1,"Simon-Campbell,E'Loria",2,,25,,,3,,,,,,,3,33,2.788
Spring 2026,NURS,3633,1,"Simon-Campbell,E'Loria",14,,15,,,1,,,,,,,3,33,3.152
Spring 2026,NURS,4314,1,"Barta,Kelsie R",15,,15,,,,,,1,,,,2,33,3.212
Spring 2026,NURS,4312,1,"Edwards-Maddox,Shermel Vinese",4,,24,,,,,,1,,,,,29,3.069
Spring 2026,NURS,4219,1,"Davis,Marcia Camille",5,,21,,,2,,,,,,,,28,3.179
Spring 2026,NURS,4221,1,"Davis,Marcia Camille",26,,2,,,,,,,,,,,28,3.929
Spring 2026,NURS,4318,1,"Schrader,Patricia K",3,,15,,,3,,,1,,,,2,24,2.792
Spring 2026,NURS,4419,1,"Valencia Agudelo,Andres",14,,8,,,,,,,,,,2,24,3.333
Spring 2026,NURS,6306,1,"Brohard,Cheryl L",1,,4,,,,,,,,,,,5,3.200
Spring 2026,NURS,6335,1,"Bayliss,Debra Lee",2,,1,,,,,,,,,,1,4,2.750
Spring 2026,NURS,6338,1,"Brohard,Cheryl L",1,,2,,,1,,,,,,,,4,3.000
Spring 2026,NURS,6366,1,"Tahmasbi,Sherin",4,,,,,,,,,,,,,4,4.000
Spring 2026,NURS,6336,1,"Ecby,Chanique",,,,,,,,,,,,,1,1,0.000
Spring 2026,NUTR,2332,05,"Alastuey,Lisa L",46,28,6,1,9,2,,2,,,1,3,2,100,3.474
Spring 2026,NUTR,2332,01,"Reichek,Brooke",45,30,8,,10,2,,2,,,1,,1,99,3.610
Spring 2026,NUTR,2332,02,"Reichek,Brooke",62,16,3,6,7,1,,1,1,,,1,1,99,3.640
Spring 2026,NUTR,2332,03,"Saavedra,Ramiro",32,29,12,2,9,3,1,3,,1,,3,3,98,3.276
Spring 2026,NUTR,2332,04,"Reichek,Brooke",59,21,2,4,7,,1,1,,,,2,1,98,3.643
Spring 2026,NUTR,1332,01,"Haubrick,Kevin",112,64,23,19,30,7,3,7,2,2,,5,10,284,3.314
Spring 2026,NUTR,4334,01,"Svendsen-Sanchez,Ann Carol",70,49,22,7,26,4,1,1,1,2,,1,3,187,3.452
Spring 2026,NUTR,3334,01,"Svendsen-Sanchez,Ann Carol",35,67,15,10,13,5,5,2,,,,2,2,156,3.358
Spring 2026,NUTR,4351,1,"Svendsen-Sanchez,Ann Carol",36,58,20,2,15,4,,2,,,1,3,1,142,3.424
Spring 2026,NUTR,4345,1,"Alastuey,Lisa L",20,22,8,6,23,4,3,8,1,,,,,95,3.263
Spring 2026,NUTR,4352,1,"Setchfield,Lisa Renee",12,21,7,6,14,1,3,5,1,,,,,70,3.262
Spring 2026,NUTR,4346,01,"Vollrath,Kirstin",25,16,3,2,7,,,7,,,,,,60,3.545
Spring 2026,NUTR,4353,01,"Honig,Caryn A",22,13,5,1,9,,1,,,,,1,2,54,3.426
Spring 2026,NUTR,4312,01,"Ferrell,Carla Denise",16,18,2,2,4,,1,,,,,,,43,3.637
Spring 2026,NUTR,4349,01,"Vollrath,Kirstin",11,7,3,7,9,1,1,2,,,,,,41,3.309
Spring 2026,NUTR,3336,01,"Vollrath,Kirstin",12,9,2,2,9,,1,,,,,1,1,37,3.352
Spring 2026,NUTR,4333,01,"Scott,Claudia W",13,6,,2,3,1,2,3,2,,,,3,35,2.962
Spring 2026,NUTR,4347,01,"Ferrell,Carla Denise",8,9,1,4,6,1,1,1,,,,1,2,34,3.079
Spring 2026,NUTR,4201,01,"Reichek,Brooke",16,4,,1,4,,,1,,,,,1,27,3.593
Spring 2026,NUTR,3330,01,"Vollrath,Kirstin",2,6,4,3,5,,1,1,,,,,1,23,3.073
Spring 2026,NUTR,6306,1,"Vollrath,Kirstin",11,7,,2,3,,,,,,,,,23,3.697
Spring 2026,NUTR,4348,01,"Honig,Caryn A",10,4,,2,4,,,2,,,,,,22,3.545
Spring 2026,NUTR,2133,01,"Svendsen-Sanchez,Ann Carol",2,8,,2,1,,,,,,,,2,15,3.069
Spring 2026,NUTR,2133,02,"Svendsen-Sanchez,Ann Carol",,1,2,1,,,1,1,,,,,,6,2.723
Spring 2026,NUTR,2333,01,"Svendsen-Sanchez,Ann Carol",2,13,1,,2,,1,,,,,,2,21,3.192
Spring 2026,NUTR,3101,1,"Scott,Claudia W",12,2,2,,1,,,1,,1,,,1,20,3.384
Spring 2026,NUTR,6305,1,"Ferrell,Carla Denise",17,1,,,1,,,,,,,,,19,3.947
Spring 2026,NUTR,6312,01,"Haubrick,Kevin",7,3,1,1,1,,,,,,,,,13,3.693
Spring 2026,NUTR,6302,1,"Ferrell,Carla Denise",5,4,,1,2,,,,,,,,,12,3.668
Spring 2026,OPTO,5172,03,"Kehinde,Lucy",6,,13,,,6,,,,,,1,,26,2.885
Spring 2026,OPTO,5172,04,"Kim,Jung-Sun",8,,14,,,4,,,,,,,,26,3.154
Spring 2026,OPTO,5172,01,"Berntsen,David A",7,,14,,,4,,,,,,,,25,3.120
Spring 2026,OPTO,5172,02,"Berntsen,David A",12,,9,,,3,,,,,,,,24,3.375
Spring 2026,OPTO,5272,01,"Kehinde,Lucy",64,,32,,,4,,,,,,1,,101,3.564
Spring 2026,OPTO,6174,01,"Giannoni,Amber Gaume",25,,2,,,,,,,,,,,27,3.926
Spring 2026,OPTO,6174,03,"Giannoni,Amber Gaume",20,,6,,,,,,,,,,,26,3.769
Spring 2026,OPTO,6174,04,"Giannoni,Amber Gaume",20,,4,,,,,,,,,,,24,3.833
Spring 2026,OPTO,6174,05,"Giannoni,Amber Gaume",21,,3,,,,,,,,,,,24,3.875
Spring 2026,OPTO,6333,01,"Dempsey,Robert L",10,8,14,20,13,13,6,12,,,,5,,101,2.693
Spring 2026,OPTO,6335,01,"Harrison,Wendy W",16,15,20,15,24,5,,4,,,,2,,101,3.152
Spring 2026,OPTO,6374,01,"Dempsey,Robert L",46,,49,,,6,,,,,,,,101,3.396
Spring 2026,OPTO,5112,02,"Cheng,Han",23,,3,,,,,,,,,,,26,3.885
Spring 2026,OPTO,5112,04,"Cheng,Han",23,,3,,,,,,,,,,,26,3.885
Spring 2026,OPTO,5112,01,"Cheng,Han",24,,,,,,,,,,,,,24,4.000
Spring 2026,OPTO,5112,03,"Cheng,Han",23,,1,,,,,,,,,,,24,3.958
Spring 2026,OPTO,5135,02,"Dempsey,Robert L",15,,11,,,,,,,,,,,26,3.577
Spring 2026,OPTO,5135,04,"Dempsey,Robert L",11,,13,,,2,,,,,,,,26,3.346
Spring 2026,OPTO,5135,01,"Dempsey,Robert L",15,,9,,,,,,,,,,,24,3.625
Spring 2026,OPTO,5135,03,"Della Santina,Luca",14,,10,,,,,,,,,,,24,3.583
Spring 2026,OPTO,5194,01,"Tucker,Ashley",24,,2,,,,,,,,,,,26,3.923
Spring 2026,OPTO,5194,03,"Tucker,Ashley",18,,7,,,,,,,,,,,25,3.720
Spring 2026,OPTO,5194,04,"Tucker,Ashley",23,,2,,,,,,,,,,,25,3.920
Spring 2026,OPTO,5194,02,"Tucker,Ashley",22,,2,,,,,,,,,,,24,3.917
Spring 2026,OPTO,5221,01,"Yoon,Geunyoung",13,,36,,,48,,,3,,,,,100,2.590
Spring 2026,OPTO,5282,01,"Fitta,Meron Almaz",94,,6,,,,,,,,,,,100,3.940
Spring 2026,OPTO,5315,01,"Porter,Jason",20,,32,,,35,,,6,,,7,,100,2.520
Spring 2026,OPTO,5331,01,"Frishman,Laura J",13,15,18,8,16,12,2,14,,,2,,,100,2.983
Spring 2026,OPTO,5335,01,"Della Santina,Luca",46,,41,,,13,,,,,,,,100,3.330
Spring 2026,OPTO,6312,01,"Dempsey,Robert L",67,,28,,,4,,,,,,,,99,3.636
Spring 2026,OPTO,6124,1,"Coates,Daniel R",43,19,11,11,9,2,,3,,,,,,98,3.521
Spring 2026,OPTO,6351,01,"Martinez,Muriel L",10,,49,,,35,,,,,,4,,98,2.622
Spring 2026,OPTO,6151,03,"Ho,Hong Dieu",17,,8,,,,,,,,,,,25,3.680
Spring 2026,OPTO,6151,01,"Ho,Hong Dieu",21,,3,,,,,,,,,,,24,3.875
Spring 2026,OPTO,6151,02,"Ho,Hong Dieu",19,,5,,,,,,,,,,,24,3.792
Spring 2026,OPTO,6151,05,"Ho,Hong Dieu",17,,6,,,1,,,,,,,,24,3.667
Spring 2026,OPTO,7337,01,"Johnston,Kassaundra Lee",32,,45,,,9,,,,,,,,86,3.267
Spring 2026,OPTO,7383,01,"Cass,Peter John",53,24,3,,6,,,,,,,,,86,3.826
Spring 2026,OPTO,7120,01,"Dempsey,Robert L",75,,10,,,,,,,,,,,85,3.882
Spring 2026,OPTO,7130,06,"Lambreghts,Kimberly",22,,,,,,,,,,,,,22,4.000
Spring 2026,OPTO,7130,01,"Patel,Nimesh Bhikhu",21,,,,,,,,,,,,,21,4.000
Spring 2026,OPTO,7130,02,"Lambreghts,Kimberly",21,,,,,,,,,,,,,21,4.000
Spring 2026,OPTO,7130,05,"Patel,Nimesh Bhikhu",21,,,,,,,,,,,,,21,4.000
Spring 2026,OPTO,7262,01,"Modi,Swati",40,,42,,,3,,,,,,,,85,3.435
Spring 2026,OPTO,7330,01,"Patel,Nimesh Bhikhu",61,10,5,,9,,,,,,,,,85,3.831
Spring 2026,OPTO,7162,04,"Modi,Swati",22,,,,,,,,,,,,,22,4.000
Spring 2026,OPTO,7162,01,"Modi,Swati",21,,,,,,,,,,,,,21,4.000
Spring 2026,OPTO,7162,03,"Modi,Swati",18,,3,,,,,,,,,,,21,3.857
Spring 2026,OPTO,7162,02,"Modi,Swati",20,,,,,,,,,,,,,20,4.000
Spring 2026,OPTO,7253,01,"Plaumann,Maureen Daley",19,,54,,,11,,,,,,,,84,3.095
Spring 2026,OPTO,8338,01,"Dempsey,Robert L",5,6,6,2,8,,,2,,,,,,29,3.333
Spring 2026,OPTO,8384,01,"Dempsey,Robert L",23,,4,,,,,,,,,,,27,3.852
Spring 2026,OPTO,7131,01,"Dempsey,Robert L",3,,,,,,,,,,,,,3,4.000
Spring 2026,OPTO,5250,01,"Frishman,Laura J",1,,,,,,,,,,,,,1,4.000
Spring 2026,OPTO,6234,01,"Ketcham,Tonya G",,,,,,1,,,,,,,,1,2.000
Spring 2026,OPTO,6311,01,"Ritchey,Eric R",,,,,,1,,,,,,,,1,2.000
Spring 2026,PCEU,7340,1,"Chow,Diana Shu-Lian",12,,2,,,,,,,,,,,14,3.857
Spring 2026,PCEU,6498,3,"Hao,Jiukuan",,,,,2,,,,,,,,,2,3.330
Spring 2026,PCEU,6498,6,"Liu,Xinli",2,,,,,,,,,,,,,2,4.000
Spring 2026,PCEU,6498,7,"Meng,Fanfei",2,,,,,,,,,,,,,2,4.000
Spring 2026,PCEU,6498,8,"Gao,Wei",1,,,,,,,,,,,,,1,4.000
Spring 2026,PCEU,8998,04,"Hu,Ming",2,,,,,,,,,,,,,2,4.000
Spring 2026,PCEU,8998,2,"Liu,Xinli",2,,,,,,,,,,,,,2,4.000
Spring 2026,PCEU,8399,1,"Liu,Xinli",1,,,,,,,,,,,,,1,4.000
Spring 2026,PCEU,8399,2,"Guo,Bin",1,,,,,,,,,,,,,1,4.000
Spring 2026,PCEU,8399,3,"Chow,Diana Shu-Lian",1,,,,,,,,,,,,,1,4.000
Spring 2026,PCEU,6398,07,"Meng,Fanfei",1,,,,,,,,,,,,,1,4.000
Spring 2026,PCOL,6345,1,"Cuny,Gregory D",3,5,1,,3,,,,,,,,,12,3.612
Spring 2026,PCOL,6498,14,"Darabi,Radbod",2,,,,,,,,,,,,,2,4.000
Spring 2026,PCOL,6498,13,"Das,Joydip",1,,,,,,,,,,,,,1,4.000
Spring 2026,PCOL,6498,15,"Gao,Wei",1,,,,,,,,,,,,,1,4.000
Spring 2026,PCOL,6498,16,"Singh,Ravi K",1,,,,,,,,,,,,,1,4.000
Spring 2026,PCOL,6498,7,"Statsyuk,Alexander V",1,,,,,,,,,,,,,1,4.000
Spring 2026,PCOL,6398,14,"Das,Joydip",1,,,,,,,,,,,,,1,4.000
Spring 2026,PCOL,6398,15,"Gao,Wei",1,,,,,,,,,,,,,1,4.000
Spring 2026,PCOL,6398,16,"Darabi,Radbod",1,,,,,,,,,,,,,1,4.000
Spring 2026,PCOL,6398,17,"Singh,Ravi K",1,,,,,,,,,,,,,1,4.000
Spring 2026,PCOL,6398,5,"Statsyuk,Alexander V",1,,,,,,,,,,,,,1,4.000
Spring 2026,PCOL,7350,1,"Hussain,Tahir",5,,,,,,,,,,,,,5,4.000
Spring 2026,PCOL,7433,1,"Eriksen,Jason",3,,2,,,,,,,,,,,5,3.600
Spring 2026,PCOL,8998,9,"Statsyuk,Alexander V",2,,,,,,,,,,,,,2,4.000
Spring 2026,PCOL,8998,6,"Hao,Jiukuan",1,,,,,,,,,,,,,1,4.000
Spring 2026,PCOL,6198,06,"Singh,Ravi K",1,,,,,,,,,,,,,1,4.000
Spring 2026,PCOL,6198,08,"Zhao,Guizhen",1,,,,,,,,,,,,,1,4.000
Spring 2026,PCOL,8398,05,"Garey,Kevin W",2,,,,,,,,,,,,,2,4.000
Spring 2026,PCOL,8498,05,"Garey,Kevin W",2,,,,,,,,,,,,,2,4.000
Spring 2026,PCOL,6298,6,"Das,Joydip",1,,,,,,,,,,,,,1,4.000
Spring 2026,PEP,7309,1,"Lee,Dong Hun",15,,,,,,,,,,,,1,16,3.750
Spring 2026,PEP,6321,02,"Pearson,Demetrius W",5,,1,4,2,,,1,,,,,1,14,3.048
Spring 2026,PEP,6322,1,"Walsh,David W",2,3,1,,3,,,,1,,,,2,12,2.750
Spring 2026,PEP,7307,1,"Cottingham,Michael",5,,2,1,,,1,,,,,,2,11,2.758
Spring 2026,PEP,7398,06,"Caslin Findley,Heather",2,,,,,,,,,,,,,2,4.000
Spring 2026,PEP,7398,08,"Layne,Charles S",,1,,,1,,,,,,,,,2,3.500
Spring 2026,PEP,7398,01,"Johnston,Craig Allen",1,,,,,,,,,,,,,1,4.000
Spring 2026,PEP,7398,02,"Ogunrinde,Joyce",1,,,,,,,,,,,,,1,4.000
Spring 2026,PEP,7398,03,"Ledoux,Tracey A",1,,,,,,,,,,,,,1,4.000
Spring 2026,PEP,7398,04,"Cottingham,Michael",1,,,,,,,,,,,,,1,4.000
Spring 2026,PEP,7398,05,"Layne,Charles S",1,,,,,,,,,,,,,1,4.000
Spring 2026,PEP,7398,07,"Park,Seoung Hoon",1,,,,,,,,,,,,,1,4.000
Spring 2026,PEP,7398,09,"Layne,Charles S",1,,,,,,,,,,,,,1,4.000
Spring 2026,PEP,7393,01,"Walsh,David W",8,,,,1,,,,,,,,,9,3.926
Spring 2026,PEP,8350,1,"Lee,Dong Hun",5,,,,,,1,,,,,,,6,3.612
Spring 2026,PEP,8314,1,"Thrasher,Timothy Adam",4,,1,,,,,,,,,,,5,3.800
Spring 2026,PEP,8323,1,"Johnston,Craig Allen",2,1,1,,,,,,,,,,,4,3.668
Spring 2026,PEP,6198,01,"Johnston,Craig Allen",1,,,,,,,,,,,,,1,4.000
Spring 2026,PEP,6198,02,"Johnston,Craig Allen",1,,,,,,,,,,,,,1,4.000
Spring 2026,PEP,8399,01,"Cottingham,Michael",1,,,,,,,,,,,,,1,4.000
Spring 2026,PEP,8699,01,"Parikh,Pranav J",1,,,,,,,,,,,,,1,4.000
Spring 2026,PEP,8999,02,"Gorniak,Stacey",1,,,,,,,,,,,,,1,4.000
Spring 2026,PETR,6349,01,"Sakhaee Pour,Ahmad",60,1,17,,,,,,,,,,,78,3.778
Spring 2026,PETR,3372,01,"Wong,George K",5,4,7,4,3,2,2,,,,,,,27,3.100
Spring 2026,PETR,3310,01,"Qin,Guan",16,,9,,,,,,,,,,1,26,3.500
Spring 2026,PETR,3321,01,"Soliman,Mohamed Yousef",14,6,,1,2,,1,,,,,,,24,3.709
Spring 2026,PETR,6302,01,"Qin,Guan",8,,3,,,,,,,,,,,11,3.727
Spring 2026,PETR,6302,02,"Qin,Guan",3,,1,,,,,,,,,,1,5,3.000
Spring 2026,PETR,6302,03,"Qin,Guan",2,,1,,,,,,,,,,,3,3.667
Spring 2026,PETR,5397,01,"Ehlig-Economides,Christine A",11,,5,,,,,,,,,,,16,3.688
Spring 2026,PETR,6312,01,"Myers,Michael Tolbert",4,,1,1,6,,,3,,,,,,15,3.243
Spring 2026,PETR,6312,02,"Myers,Michael Tolbert",,,,,,1,,,,,,,,1,2.000
Spring 2026,PETR,4311,01,"Zargar,Zeinab",1,10,,,1,,,,,,,,,12,3.669
Spring 2026,PETR,1111,01,"Farouq-Ali,Syed",4,,3,,,,,,,,,,1,8,3.125
Spring 2026,PETR,1111,02,"Farouq-Ali,Syed",3,,,,,,,,,,,,,3,4.000
Spring 2026,PETR,6351,01,"Farouq-Ali,Syed",2,,2,,1,,,,,,,,,5,3.466
Spring 2026,PETR,6351,02,"Farouq-Ali,Syed",4,,,,,,,,,,,,,4,4.000
Spring 2026,PETR,6351,03,"Farouq-Ali,Syed",1,,,,,,,,,,,,,1,4.000
Spring 2026,PETR,6326,01,"Rietz,Dean C",2,3,,,2,,,,,,,,,7,3.667
Spring 2026,PETR,6326,02,"Rietz,Dean C",1,1,,,,,,,,,,,,2,3.835
Spring 2026,PETR,6364,02,"Zargar,Zeinab",2,1,,,1,,,,,,,,,4,3.750
Spring 2026,PETR,6364,03,"Zargar,Zeinab",1,1,1,,,,,,,,,,,3,3.557
Spring 2026,PETR,6364,01,"Hatzignatiou,Dimitrios Georgios",2,,,,,,,,,,,,,2,4.000
Spring 2026,PETR,4312,01,"Hatzignatiou,Dimitrios Georgios",3,,,,5,,,,,,,,,8,3.581
Spring 2026,PETR,5356,01,"Wong,George K",3,2,,,3,,,,,,,,,8,3.666
Spring 2026,PETR,6342,01,"Hatzignatiou,Dimitrios Georgios",,2,1,1,1,,,,,,,,,5,3.268
Spring 2026,PETR,6342,02,"Hatzignatiou,Dimitrios Georgios",,1,1,,,,,,,,,,1,3,2.223
Spring 2026,PETR,6352,01,"Hathon,Lori A",4,1,,,,,,,,,,,,5,3.934
Spring 2026,PETR,6352,02,"Hathon,Lori A",1,1,,,,,,,,,,,,2,3.835
Spring 2026,PETR,2111,01,"Sakhaee Pour,Ahmad",5,,,,,,,,,,,,,5,4.000
Spring 2026,PETR,2311,1,"Sakhaee Pour,Ahmad",3,,2,,,,,,,,,,,5,3.600
Spring 2026,PETR,2313,01,"Lee,Kyung Jae",3,,1,,1,,,,,,,,,5,3.666
Spring 2026,PETR,6343,02,"Thakur,Ganesh Chandra",2,1,,,1,,,,,,,,,4,3.750
Spring 2026,PETR,7397,01,"Hatzignatiou,Dimitrios Georgios",,1,,,,,,,,,,,,1,3.670
Spring 2026,PHAR,5259,1,"Diec,Sandy",101,,9,,,,,,,,,,,110,3.918
Spring 2026,PHAR,5270,1,"Varkey,Divya A",90,,19,,,1,,,,,,,,110,3.809
Spring 2026,PHAR,5327,1,"Marwaha,Aditi",49,,47,,,14,,,,,,,,110,3.318
Spring 2026,PHAR,5329,1,"Wang,Elisabeth",44,,41,,,25,,,,,,,,110,3.173
Spring 2026,PHAR,5330,1,"Wanat,Matthew A",73,,31,,,6,,,,,,,,110,3.609
Spring 2026,PHAR,5228,1,"Gee,Jodie Sue",34,,51,,,22,,,2,,,,,109,3.073
Spring 2026,PHAR,4221,01,"Marwaha,Aditi",58,,34,,,10,,,3,,,,,105,3.400
Spring 2026,PHAR,4275,01,"Beyda,Nicholas D",44,,45,,,13,,,2,,,1,,105,3.229
Spring 2026,PHAR,4160,01,"Wallace,David A",84,,20,,,,,,,,,,,104,3.808
Spring 2026,PHAR,4200,01,"Zhang,Ruiwen",55,,39,,,10,,,,,,,,104,3.433
Spring 2026,PHAR,4251,01,"Wollen,Joshua T",86,,18,,,,,,,,,,,104,3.827
Spring 2026,PHAR,4265,01,"Surati,Dhara Divyang",64,,37,,,3,,,,,,,,104,3.587
Spring 2026,PHAR,4340,01,"Wallace,David A",44,,48,,,12,,,,,,,,104,3.308
Spring 2026,PHAR,4331,1,"Liu,Xinli",50,,40,,,13,,,,,,,,103,3.359
Spring 2026,PHAR,5368,1,"De La Cruz,Austin Isaac",27,,55,,,15,,,,,,1,,98,3.092
Spring 2026,PHAR,5169,1,"Yin,Ellen Boer",48,,48,,,1,,,,,,,,97,3.485
Spring 2026,PHAR,5266,1,"Tolleson,Shane Russell",62,,32,,,3,,,,,,,,97,3.608
Spring 2026,PHAR,5269,1,"Fernandez,Julianna M",27,,63,,,7,,,,,,,,97,3.206
Spring 2026,PHAR,5367,1,"Statsyuk,Alexander V",39,,44,,,14,,,,,,,,97,3.258
Spring 2026,PHAR,5218,1,"Wang,Elisabeth",57,,27,,,2,,,,,,,,86,3.640
Spring 2026,PHAR,5675,01,"Tolleson,Shane Russell",24,,1,,,,,,,,,,,25,3.960
Spring 2026,PHAR,5675,6,"Ononogbu,Onyebuchi J",3,,1,,,,,,,,,,,4,3.750
Spring 2026,PHAR,5675,02,"Asias-Dinh,Bernadette De Leon",3,,,,,,,,,,,,,3,4.000
Spring 2026,PHAR,5675,4,"De La Cruz,Austin Isaac",2,,,,,,,,,,,1,,3,2.667
Spring 2026,PHAR,5675,5,"Rosario,Natalie",3,,,,,,,,,,,,,3,4.000
Spring 2026,PHAR,5693,01,"Tolleson,Shane Russell",31,,2,,,,,,,,,,,33,3.939
Spring 2026,PHAR,5690,01,"Truong,Mabel",21,,4,,,,,,,,,,,25,3.840
Spring 2026,PHAR,5690,03,"Sherer,Jeffrey T",4,,,,,,,,,,,,,4,4.000
Spring 2026,PHAR,5692,01,"Truong,Mabel",24,,4,,,,,,,,,,,28,3.857
Spring 2026,PHAR,5297,1,"Truong,Mabel",18,,2,,,,,,,,,,,20,3.900
Spring 2026,PHAR,5297,4,"Wollen,Joshua T",1,,,,,,,,,,,,,1,4.000
Spring 2026,PHAR,5297,5,"Abughosh,Susan M",1,,,,,,,,,,,,,1,4.000
Spring 2026,PHAR,5208,1,"Rogers,Elizabeth Coyle",17,,,,,,,,,,,,,17,4.000
Spring 2026,PHAR,5681,01,"Truong,Mabel",9,,,,,,,,,,,,,9,4.000
Spring 2026,PHAR,5681,4,"Eubank,Taryn Ashley",2,,,,,,,,,,,,,2,4.000
Spring 2026,PHAR,5644,1,"Tolleson,Shane Russell",7,,1,,,,,,,,,,,8,3.875
Spring 2026,PHAR,5670,01,"Tolleson,Shane Russell",7,,,,,,,,,,,,,7,4.000
Spring 2026,PHAR,5694,01,"Truong,Mabel",5,,,,,,,,,,,,,5,4.000
Spring 2026,PHAR,5695,01,"Tolleson,Shane Russell",3,,,,,,,,,,,,,3,4.000
Spring 2026,PHAR,5695,2,"Truong,Mabel",,,2,,,,,,,,,,,2,3.000
Spring 2026,PHAR,5663,01,"Tolleson,Shane Russell",2,,1,,,,,,,,,,,3,3.667
Spring 2026,PHAR,5663,2,"Truong,Mabel",1,,,,,,,,,,,,,1,4.000
Spring 2026,PHAR,5678,01,"Truong,Mabel",2,,2,,,,,,,,,,,4,3.500
Spring 2026,PHAR,5683,2,"Wang,Elisabeth",2,,,,,,,,,,,,,2,4.000
Spring 2026,PHAR,5683,3,"Wanat,Matthew A",2,,,,,,,,,,,,,2,4.000
Spring 2026,PHAR,5660,1,"Tolleson,Shane Russell",3,,,,,,,,,,,,,3,4.000
Spring 2026,PHAR,5673,1,"Tolleson,Shane Russell",3,,,,,,,,,,,,,3,4.000
Spring 2026,PHAR,5685,01,"Truong,Mabel",2,,1,,,,,,,,,,,3,3.667
Spring 2026,PHAR,5696,01,"Tolleson,Shane Russell",3,,,,,,,,,,,,,3,4.000
Spring 2026,PHAR,5645,1,"Truong,Mabel",2,,,,,,,,,,,,,2,4.000
Spring 2026,PHAR,5662,01,"Wallace,David A",1,,1,,,,,,,,,,,2,3.500
Spring 2026,PHAR,5664,01,"Tolleson,Shane Russell",2,,,,,,,,,,,,,2,4.000
Spring 2026,PHAR,5668,01,"Tolleson,Shane Russell",2,,,,,,,,,,,,,2,4.000
Spring 2026,PHAR,5672,1,"Tolleson,Shane Russell",1,,,,,,,,,,,,,1,4.000
Spring 2026,PHAR,5672,2,"Tam,Vincent H",1,,,,,,,,,,,,,1,4.000
Spring 2026,PHAR,5642,01,"Truong,Mabel",1,,,,,,,,,,,,,1,4.000
Spring 2026,PHAR,5643,01,"Truong,Mabel",1,,,,,,,,,,,,,1,4.000
Spring 2026,PHAR,5658,1,"Tolleson,Shane Russell",1,,,,,,,,,,,,,1,4.000
Spring 2026,PHAR,5659,1,"Tolleson,Shane Russell",1,,,,,,,,,,,,,1,4.000
Spring 2026,PHAR,5674,1,"Truong,Mabel",,,1,,,,,,,,,,,1,3.000
Spring 2026,PHAR,5680,01,"Truong,Mabel",1,,,,,,,,,,,,,1,4.000
Spring 2026,PHAR,5686,2,"Truong,Mabel",1,,,,,,,,,,,,,1,4.000
Spring 2026,PHAR,5691,01,"Tolleson,Shane Russell",1,,,,,,,,,,,,,1,4.000
Spring 2026,PHCA,7180,1,"Chen,Hua",14,,,,,,,,,,,,,14,4.000
Spring 2026,PHCA,7301,1,"Lu,Xi",4,,3,,,,,,,,,,,7,3.571
Spring 2026,PHCA,8298,4,"Chen,Hua",3,,,,,,,,,,,,,3,4.000
Spring 2026,PHCA,8298,5,"Thornton,James D",2,,,,,,,,,,,,,2,4.000
Spring 2026,PHCA,8298,3,"Abughosh,Susan M",1,,,,,,,,,,,,,1,4.000
Spring 2026,PHCA,8298,8,"Essien,Ekere James",1,,,,,,,,,,,,,1,4.000
Spring 2026,PHCA,8698,3,"Thornton,James D",2,,,,,,,,,,,,,2,4.000
Spring 2026,PHCA,8698,7,"Chen,Hua",2,,,,,,,,,,,,,2,4.000
Spring 2026,PHCA,8698,5,"Essien,Ekere James",1,,,,,,,,,,,,,1,4.000
Spring 2026,PHCA,8698,6,"Abughosh,Susan M",1,,,,,,,,,,,,,1,4.000
Spring 2026,PHCA,7330,1,"Tatar,Moosa",5,,,,,,,,,,,,,5,4.000
Spring 2026,PHCA,6298,2,"Thornton,James D",2,,,,,,,,,,,,,2,4.000
Spring 2026,PHCA,6298,3,"Abughosh,Susan M",2,,,,,,,,,,,,,2,4.000
Spring 2026,PHCA,6297,3,"Varkey,Divya A",3,,,,,,,,,,,,,3,4.000
Spring 2026,PHCA,6198,2,"Varkey,Divya A",2,,,,,,,,,,,,,2,4.000
Spring 2026,PHCA,7307,1,"Essien,Ekere James",,,,,2,,,,,,,,,2,3.330
Spring 2026,PHCA,7320,1,"Thornton,James D",2,,,,,,,,,,,,,2,4.000
Spring 2026,PHCA,8198,01,"Thornton,James D",1,,,,,,,,,,,,,1,4.000
Spring 2026,PHCA,8398,03,"Chen,Hua",1,,,,,,,,,,,,,1,4.000
Spring 2026,PHED,1306,01,"Monreal,Daniel Joseph",20,13,,,1,,,,,,,,1,35,3.744
Spring 2026,PHED,1306,02,"Brown,Korey J",23,7,1,,4,,,,,,,,,35,3.829
Spring 2026,PHED,1306,03,"Monreal,Daniel Joseph",29,4,,,1,,,,,,1,,,35,3.867
Spring 2026,PHIL,1301,07,"Oliveira,Luis RG",164,53,49,21,36,19,4,21,,,4,15,10,396,3.213
Spring 2026,PHIL,1301,09,"Oliveira,Luis RG",84,12,2,6,13,5,,3,,,,2,1,128,3.612
Spring 2026,PHIL,1301,01,"Haaga,Curtis W",52,20,15,10,10,2,3,,,1,,3,7,123,3.220
Spring 2026,PHIL,1301,08,"Aiman,Edwin E",16,10,5,,5,2,3,,,1,1,1,5,49,2.926
Spring 2026,PHIL,1361,1,"Mag Uidhir,Christopher Domh",45,12,11,11,18,4,3,7,1,,2,4,6,124,3.059
Spring 2026,PHIL,1361,6,"Drapela,Nick Gerard",5,1,3,3,3,3,3,5,2,2,1,3,22,56,1.393
Spring 2026,PHIL,1361,4,"Drapela,Nick Gerard",7,1,4,7,4,5,5,,,,,4,13,50,1.881
Spring 2026,PHIL,1361,05,"Drapela,Nick Gerard",5,2,3,2,3,4,1,7,1,1,2,4,8,43,1.907
Spring 2026,PHIL,1361,04,"Drapela,Nick Gerard",7,,6,2,2,1,6,2,1,,4,4,7,42,1.929
Spring 2026,PHIL,1361,2,"Drapela,Nick Gerard",,4,4,2,3,8,2,2,4,1,2,2,7,41,1.789
Spring 2026,PHIL,1321,03,"Haaga,Curtis W",27,11,18,20,19,23,7,14,4,2,10,19,29,203,2.108
Spring 2026,PHIL,1321,02,"Loewenstein,Yael R",16,14,10,13,9,10,6,8,1,1,2,17,14,121,2.174
Spring 2026,PHIL,1305,01,"Coates,Daniel J",64,,14,,10,3,,2,2,,,3,4,102,3.372
Spring 2026,PHIL,1305,04,"Sommers,Tamler S",57,12,4,3,6,2,3,3,4,,,2,4,100,3.320
Spring 2026,PHIL,1305,05,"Aiman,Edwin E",15,8,11,3,1,1,,2,1,,,3,4,49,2.885
Spring 2026,PHIL,1334,01,"Weisberg,Joshua",23,9,16,8,12,9,3,5,,,1,6,7,99,2.731
Spring 2026,PHIL,3395,1,"Coates,Daniel J",17,2,,,1,1,1,,,,,1,3,26,3.167
Spring 2026,PHIL,3395,2,"Zaretsky,Robert D",7,3,3,2,3,1,,,,,,,1,20,3.267
Spring 2026,PHIL,3361,1,"Mag Uidhir,Christopher Domh",14,10,5,2,1,,,2,,,,2,,36,3.362
Spring 2026,PHIL,3358,1,"Werner,Andrew Timothy",12,8,3,,4,1,1,,,,,,6,35,2.953
Spring 2026,PHIL,3355,1,"Oliveira,Luis RG",19,7,5,,1,,,1,,,,,1,34,3.599
Spring 2026,PHIL,3332,1,"Vesga Plazas,Alejandro Jose",10,7,4,1,8,,,2,,,,,1,33,3.384
Spring 2026,PHIL,3333,1,"Loewenstein,Yael R",8,6,4,,7,1,1,1,,1,,,4,33,2.909
Spring 2026,PHIL,6395,2,"Sommers,Tamler S",13,,,,1,,,,,,,,,14,3.952
Spring 2026,PHIL,6395,3,"Vesga Plazas,Alejandro Jose",4,5,,,1,,,,,,,,,10,3.768
Spring 2026,PHIL,6395,1,"Phillips,David K",9,,,,,,,,,,,,,9,4.000
Spring 2026,PHIL,3346,1,"Weisberg,Joshua",11,4,3,1,6,3,,,,,,,,28,3.440
Spring 2026,PHIL,3388,1,"Morrison,Iain P D",7,3,3,1,4,,,,,,,,1,19,3.368
Spring 2026,PHIL,3354,01,"Gallagher,Colleen Mary",16,,,,1,,,,,,,,1,18,3.741
Spring 2026,PHIL,4398,02,"Vesga Plazas,Alejandro Jose",1,,,,,,,,,,,,,1,4.000
Spring 2026,PHIL,4398,04,"Phillips,David K",,,,1,,,,,,,,,,1,2.670
Spring 2026,PHIL,6398,01,"Coates,Daniel J",2,,,,,,,,,,,,,2,4.000
Spring 2026,PHIL,4399,01,"Vesga Plazas,Alejandro Jose",,,,1,,,,,,,,,,1,2.670
Spring 2026,PHLA,6100,01,"Varkey,Divya A",12,,1,,,,,,,,,,,13,3.923
Spring 2026,PHLA,6240,1,"Varkey,Divya A",7,,,,,,,,,,,,,7,4.000
Spring 2026,PHLA,6250,1,"Eubank,Taryn Ashley",6,,,,,,,1,,,,,,7,3.761
Spring 2026,PHLA,   7A20,1,"Varkey,Divya A",6,,,,,,,,,,,,,6,4.000
Spring 2026,PHLA,6213,1,"Varkey,Divya A",6,,,,,,,,,,,,,6,4.000
Spring 2026,PHLA,6120,1,"Varkey,Divya A",1,,,,,,,,,,,,,1,4.000
Spring 2026,PHLS,6370,02,"Smith,Nathaniel Lewis",12,,,,,,,,,,,,,12,4.000
Spring 2026,PHLS,6370,05,"Smith,Nathaniel Lewis",10,,,,,,,,,,,,,10,4.000
Spring 2026,PHLS,6370,03,"Smith,Nathaniel Lewis",8,,,,,,,,,,,,1,9,3.556
Spring 2026,PHLS,6352,01,"Lee,Jungeun",13,1,,,,,,,,,,,,14,3.976
Spring 2026,PHLS,6352,02,"Lee,Jungeun",13,1,,,,,,,,,,,,14,3.976
Spring 2026,PHLS,6391,01,"Whitaker,Rachael Gwin",10,,,,,,,,,,,,,10,4.000
Spring 2026,PHLS,6391,02,"Whitaker,Rachael Gwin",10,,,,,,,,,,,,,10,4.000
Spring 2026,PHLS,6391,03,"Whitaker,Rachael Gwin",8,,,,,,,,,,,,,8,4.000
Spring 2026,PHLS,6323,02,"Hurt,Kara Marie",13,,,,,,,,,,,,,13,4.000
Spring 2026,PHLS,6323,03,"Hurt,Kara Marie",10,,,,1,,,,,,,,,11,3.939
Spring 2026,PHLS,8322,02,"Wiesner,Margit F",14,2,2,,2,,,,,,,,,20,3.800
Spring 2026,PHLS,6332,01,"Viola,Shannon B",17,1,,,1,,,,,,,,,19,3.947
Spring 2026,PHLS,6312,02,"Lee,Jungeun",18,,,,,,,,,,,,,18,4.000
Spring 2026,PHLS,6315,01,"Whitaker,Rachael Gwin",18,,,,,,,,,,,,,18,4.000
Spring 2026,PHLS,6313,01,"Hurt,Kara Marie",8,,,,,,,,,,,,,8,4.000
Spring 2026,PHLS,6313,02,"Hurt,Kara Marie",7,,,,,,,,,,,,,7,4.000
Spring 2026,PHLS,8347,01,"Matta,Michael",6,3,1,,4,,,,,,,,1,15,3.422
Spring 2026,PHLS,6336,01,"Hendricker,Elise N",3,9,,,2,,,,,,,,,14,3.692
Spring 2026,PHLS,8300,01,"Fan,Weihua",12,,,,,,,,,,,,,12,4.000
Spring 2026,PHLS,8346,01,"Smith,Bradley",10,2,,,,,,,,,,,,12,3.945
Spring 2026,PHLS,7330,01,"McPherson,Robert Harlan",11,,,,,,,,,,,,,11,4.000
Spring 2026,PHLS,8335,01,"Master,Allison",11,,,,,,,,,,,,,11,4.000
Spring 2026,PHLS,8305,02,"McPherson,Robert Harlan",10,,,,,,,,,,,,,10,4.000
Spring 2026,PHLS,8310,01,"Master,Allison",10,,,,,,,,,,,,,10,4.000
Spring 2026,PHLS,8328,01,"Fan,Weihua",8,1,,,,,,,,,,,,9,3.963
Spring 2026,PHLS,7377,01,"Smith,Bradley",8,,,,,,,,,,,,,8,4.000
Spring 2026,PHLS,7393,03,"Viola,Shannon B",7,1,,,,,,,,,,,,8,3.959
Spring 2026,PHLS,8357,01,"Allan,Blake A",6,1,,,,,,,,,,,,7,3.953
Spring 2026,PHLS,8362,02,"Margulis,Milena A",7,,,,,,,,,,,,,7,4.000
Spring 2026,PHLS,8327,01,"Wiesner,Margit F",6,,,,,,,,,,,,,6,4.000
Spring 2026,PHLS,8334,01,"Arbona,Consuelo",6,,,,,,,,,,,,,6,4.000
Spring 2026,PHLS,8367,01,"Wang,Jiayi",6,,,,,,,,,,,,,6,4.000
Spring 2026,PHLS,8199,01,"Smith,Bradley",2,,,,,,,,,,,,1,3,2.667
Spring 2026,PHLS,8199,03,"Margulis,Milena A",1,,,,,,,,,,,,,1,4.000
Spring 2026,PHLS,8199,10,"Dunsmore,Julie C",1,,,,,,,,,,,,,1,4.000
Spring 2026,PHLS,8398,01,"Matta,Michael",1,2,,,1,,,,,,,,,4,3.668
Spring 2026,PHLS,8398,02,"Smith,Bradley",1,,,,,,,,,,,,,1,4.000
Spring 2026,PHLS,8394,01,"Master,Allison",2,,,,,,,,,,,,,2,4.000
Spring 2026,PHLS,8699,06,"Margulis,Milena A",1,,,,,,,,,,,,,1,4.000
Spring 2026,PHLS,8699,07,"Master,Allison",1,,,,,,,,,,,,,1,4.000
Spring 2026,PHLS,7193,01,"Smith,Bradley",1,,,,,,,,,,,,,1,4.000
Spring 2026,PHLS,8307,01,"Carmack,Chakema",1,,,,,,,,,,,,,1,4.000
Spring 2026,PHLS,8399,06,"Arbona,Consuelo",1,,,,,,,,,,,,,1,4.000
Spring 2026,PHOP,6198,10,"Matynia,Anna",2,,,,,,,,,,,,,2,4.000
Spring 2026,PHOP,6198,17,"Meier,Kimberly",2,,,,,,,,,,,,,2,4.000
Spring 2026,PHOP,6198,2,"Frishman,Laura J",2,,,,,,,,,,,,,2,4.000
Spring 2026,PHOP,6198,5,"Patel,Nimesh Bhikhu",2,,,,,,,,,,,,,2,4.000
Spring 2026,PHOP,6198,1,"O'Brien,John",1,,,,,,,,,,,,,1,4.000
Spring 2026,PHOP,6198,11,"Plaumann,Maureen Daley",1,,,,,,,,,,,,,1,4.000
Spring 2026,PHOP,6198,13,"Sapoznik,Kaitlyn Anne",1,,,,,,,,,,,,,1,4.000
Spring 2026,PHOP,6198,22,"Schill,Alexander W",,,1,,,,,,,,,,,1,3.000
Spring 2026,PHOP,6198,23,"Ribelayga,Christophe Pierre",1,,,,,,,,,,,,,1,4.000
Spring 2026,PHOP,6198,3,"Hildebrand,David",1,,,,,,,,,,,,,1,4.000
Spring 2026,PHOP,6198,4,"Della Santina,Luca",1,,,,,,,,,,,,,1,4.000
Spring 2026,PHOP,6198,7,"Walker,Maria Kelly",1,,,,,,,,,,,,,1,4.000
Spring 2026,PHOP,6198,8,"Ferreira,Tarsis Gesteira",1,,,,,,,,,,,,,1,4.000
Spring 2026,PHOP,6198,9,"Rump,Rachel",,1,,,,,,,,,,,,1,3.670
Spring 2026,PHOP,6371,3,"Burns,Alan R",4,5,2,2,3,,,,,,,,,16,3.480
Spring 2026,PHOP,7399,13,"Walker,Maria Kelly",2,,,,,,,,,,,,,2,4.000
Spring 2026,PHOP,7399,1,"Plaumann,Maureen Daley",1,,,,,,,,,,,,,1,4.000
Spring 2026,PHOP,7399,10,"Della Santina,Luca",1,,,,,,,,,,,,,1,4.000
Spring 2026,PHOP,7399,11,"Sayah,Diane Noel",1,,,,,,,,,,,,,1,4.000
Spring 2026,PHOP,7399,14,"Ferreira,Tarsis Gesteira",1,,,,,,,,,,,,,1,4.000
Spring 2026,PHOP,7399,2,"Cheng,Han",1,,,,,,,,,,,,,1,4.000
Spring 2026,PHOP,7399,4,"Twa,Michael D",,,1,,,,,,,,,,,1,3.000
Spring 2026,PHOP,7399,6,"Harrison,Wendy W",1,,,,,,,,,,,,,1,4.000
Spring 2026,PHOP,7399,7,"Marsack,Jason",1,,,,,,,,,,,,,1,4.000
Spring 2026,PHOP,7399,8,"Ostrin,Lisa",1,,,,,,,,,,,,,1,4.000
Spring 2026,PHOP,8199,04,"Ribelayga,Christophe Pierre",2,,,,,,,,,,,,,2,4.000
Spring 2026,PHOP,8199,11,"Ritchey,Eric R",1,,,,,,,,,,,,,1,4.000
Spring 2026,PHOP,8199,2,"Patel,Nimesh Bhikhu",1,,,,,,,,,,,,,1,4.000
Spring 2026,PHOP,8199,3,"Ostrin,Lisa",1,,,,,,,,,,,,,1,4.000
Spring 2026,PHOP,8199,6,"Das,Vallabh E",1,,,,,,,,,,,,,1,4.000
Spring 2026,PHOP,8199,8,"Rump,Rachel",1,,,,,,,,,,,,,1,4.000
Spring 2026,PHOP,8199,9,"Harrison,Wendy W",1,,,,,,,,,,,,,1,4.000
Spring 2026,PHOP,6257,10,"Ferreira,Tarsis Gesteira",1,,,,,,,,,,,,,1,4.000
Spring 2026,PHOP,6257,18,"Harrison,Wendy W",1,,,,,,,,,,,,,1,4.000
Spring 2026,PHOP,6257,3,"Ostrin,Lisa",1,,,,,,,,,,,,,1,4.000
Spring 2026,PHOP,6257,4,"Patel,Nimesh Bhikhu",1,,,,,,,,,,,,,1,4.000
Spring 2026,PHOP,6257,7,"Plaumann,Maureen Daley",1,,,,,,,,,,,,,1,4.000
Spring 2026,PHOP,6257,9,"Sapoznik,Kaitlyn Anne",1,,,,,,,,,,,,,1,4.000
Spring 2026,PHOP,7242,2,"Das,Vallabh E",5,,,,,,,,,,,,,5,4.000
Spring 2026,PHOP,8698,2,"Yoon,Geunyoung",1,1,,,,,,,,,,,,2,3.835
Spring 2026,PHOP,8698,1,"Patel,Nimesh Bhikhu",1,,,,,,,,,,,,,1,4.000
Spring 2026,PHOP,8698,3,"Harrison,Wendy W",1,,,,,,,,,,,,,1,4.000
Spring 2026,PHOP,6298,18,"Coulson-Thomas,Vivien J",3,,,,,,,,,,,,,3,4.000
Spring 2026,PHOP,6867,5,"Ferreira,Tarsis Gesteira",1,,,,,,,,,,,,,1,4.000
Spring 2026,PHOP,6867,6,"Porter,Jason",1,,,,,,,,,,,,,1,4.000
Spring 2026,PHOP,6867,7,"Ribelayga,Christophe Pierre",1,,,,,,,,,,,,,1,4.000
Spring 2026,PHOP,8198,06,"Della Santina,Luca",1,,,,,,,,,,,,,1,4.000
Spring 2026,PHOP,8198,2,"Sapoznik,Kaitlyn Anne",1,,,,,,,,,,,,,1,4.000
Spring 2026,PHOP,8198,7,"Ostrin,Lisa",1,,,,,,,,,,,,,1,4.000
Spring 2026,PHOP,8298,2,"Patel,Nimesh Bhikhu",1,,,,,,,,,,,,,1,4.000
Spring 2026,PHOP,8298,3,"Rump,Rachel",1,,,,,,,,,,,,,1,4.000
Spring 2026,PHOP,8298,4,"Ritchey,Eric R",1,,,,,,,,,,,,,1,4.000
Spring 2026,PHOP,8299,1,"Yoon,Geunyoung",,1,,,,,,,,,,,,1,3.670
Spring 2026,PHOP,8299,3,"Ostrin,Lisa",1,,,,,,,,,,,,,1,4.000
Spring 2026,PHOP,8299,7,"Patel,Nimesh Bhikhu",1,,,,,,,,,,,,,1,4.000
Spring 2026,PHOP,8598,01,"Ribelayga,Christophe Pierre",1,,,,,,,,,,,,,1,4.000
Spring 2026,PHOP,8598,02,"Yoon,Geunyoung",,1,,,,,,,,,,,,1,3.670
Spring 2026,PHOP,8598,08,"Ostrin,Lisa",1,,,,,,,,,,,,,1,4.000
Spring 2026,PHOP,8798,2,"Ribelayga,Christophe Pierre",2,,,,,,,,,,,,,2,4.000
Spring 2026,PHOP,8798,4,"Das,Vallabh E",1,,,,,,,,,,,,,1,4.000
Spring 2026,PHOP,6157,11,"Meier,Kimberly",1,,,,,,,,,,,,,1,4.000
Spring 2026,PHOP,6157,12,"Burns,Alan R",1,,,,,,,,,,,,,1,4.000
Spring 2026,PHOP,6167,1,"Coates,Daniel R",1,,,,,,,,,,,,,1,4.000
Spring 2026,PHOP,6167,6,"Walker,Maria Kelly",1,,,,,,,,,,,,,1,4.000
Spring 2026,PHOP,6367,1,"Ferreira,Tarsis Gesteira",1,,,,,,,,,,,,,1,4.000
Spring 2026,PHOP,6367,4,"Ritchey,Eric R",1,,,,,,,,,,,,,1,4.000
Spring 2026,PHOP,6567,12,"Sapoznik,Kaitlyn Anne",1,,,,,,,,,,,,,1,4.000
Spring 2026,PHOP,6567,13,"Porter,Jason",1,,,,,,,,,,,,,1,4.000
Spring 2026,PHOP,6767,3,"O'Brien,John",1,,,,,,,,,,,,,1,4.000
Spring 2026,PHOP,6767,7,"Ostrin,Lisa",1,,,,,,,,,,,,,1,4.000
Spring 2026,PHOP,7241,2,"Harrison,Wendy W",2,,,,,,,,,,,,,2,4.000
Spring 2026,PHOP,7243,2,"Dempsey,Robert L",2,,,,,,,,,,,,,2,4.000
Spring 2026,PHOP,7276,3,"Della Santina,Luca",2,,,,,,,,,,,,,2,4.000
Spring 2026,PHOP,8398,10,"Marsack,Jason",1,,,,,,,,,,,,,1,4.000
Spring 2026,PHOP,8398,15,"Yoon,Geunyoung",1,,,,,,,,,,,,,1,4.000
Spring 2026,PHOP,8399,02,"Ribelayga,Christophe Pierre",1,,,,,,,,,,,,,1,4.000
Spring 2026,PHOP,8399,12,"Ostrin,Lisa",1,,,,,,,,,,,,,1,4.000
Spring 2026,PHOP,6457,4,"Coulson-Thomas,Vivien J",1,,,,,,,,,,,,,1,4.000
Spring 2026,PHOP,6657,4,"Harrison,Wendy W",1,,,,,,,,,,,,,1,4.000
Spring 2026,PHOP,6667,1,"Meier,Kimberly",1,,,,,,,,,,,,,1,4.000
Spring 2026,PHOP,6757,4,"Rump,Rachel",1,,,,,,,,,,,,,1,4.000
Spring 2026,PHOP,8898,1,"Ribelayga,Christophe Pierre",1,,,,,,,,,,,,,1,4.000
Spring 2026,PHYS,2325,07,"Deng,Liangzi",33,36,69,,69,37,,,11,,,10,30,295,2.664
Spring 2026,PHYS,2325,01,"Wang,Dawei",7,8,20,26,35,19,16,24,3,8,13,16,44,239,1.881
Spring 2026,PHYS,2325,05,"Portillo Vazquez,Israel",9,3,5,4,6,7,17,10,8,,7,6,25,107,1.642
Spring 2026,PHYS,2325,03,"Forrest,Rebecca L",14,1,13,1,1,10,4,,3,,,1,2,50,2.687
Spring 2026,PHYS,1301,02,"Miller,John H",34,31,7,28,10,17,6,12,3,2,1,4,37,192,2.378
Spring 2026,PHYS,1301,04,"Mondaini,Rubem",11,15,12,27,5,12,11,11,14,,,14,53,185,1.653
Spring 2026,PHYS,1301,01,"Cardoso Barato,Andre",11,9,9,21,7,20,15,14,4,3,3,3,31,150,1.941
Spring 2026,PHYS,1301,05,"Renshaw,Andrew",4,6,11,6,3,9,9,10,12,2,7,5,7,91,1.934
Spring 2026,PHYS,1301,03,"Morrison,Gregory C",7,4,7,6,4,6,4,5,8,2,7,,10,70,2.029
Spring 2026,PHYS,1302,01,"Maric,Sladjana",17,28,39,28,29,16,3,20,2,,2,4,7,195,2.807
Spring 2026,PHYS,1302,02,"Curran,Seamus A",45,,30,,1,38,,,16,,,5,15,150,2.436
Spring 2026,PHYS,1302,03,"Portillo Vazquez,Israel",3,5,8,4,3,7,9,11,5,2,,6,8,71,1.916
Spring 2026,PHYS,1302,04,"Portillo Vazquez,Israel",6,5,2,7,5,6,3,1,3,5,2,5,8,58,1.932
Spring 2026,PHYS,1101,01,"Maric,Sladjana",1,1,1,11,3,2,1,1,,,,,2,23,2.523
Spring 2026,PHYS,1101,07,"Maric,Sladjana",,1,5,2,4,1,1,3,1,,,1,4,23,2.130
Spring 2026,PHYS,1101,08,"Maric,Sladjana",,,6,7,2,2,1,1,,,,1,3,23,2.233
Spring 2026,PHYS,1101,15,"Maric,Sladjana",1,,3,10,2,2,1,2,,,,,2,23,2.465
Spring 2026,PHYS,1101,16,"Maric,Sladjana",,,7,3,4,5,,2,1,,,,1,23,2.521
Spring 2026,PHYS,1101,03,"Maric,Sladjana",,2,7,,3,3,4,2,,,,,1,22,2.530
Spring 2026,PHYS,1101,05,"Maric,Sladjana",1,2,7,4,1,1,1,3,,,,1,1,22,2.591
Spring 2026,PHYS,1101,12,"Maric,Sladjana",1,1,4,2,6,2,1,4,,,,1,,22,2.726
Spring 2026,PHYS,1101,13,"Maric,Sladjana",,,6,,4,4,,6,,,,,2,22,2.423
Spring 2026,PHYS,1101,17,"Maric,Sladjana",1,1,4,4,3,3,3,2,,,,,1,22,2.546
Spring 2026,PHYS,1101,18,"Maric,Sladjana",2,,3,5,4,2,1,2,,,,1,2,22,2.455
Spring 2026,PHYS,1101,11,"Maric,Sladjana",,,9,4,1,3,,1,,,1,,2,21,2.413
Spring 2026,PHYS,1101,19,"Maric,Sladjana",3,2,5,1,1,2,1,3,1,1,,,1,21,2.603
Spring 2026,PHYS,1101,14,"Maric,Sladjana",1,1,6,3,2,2,1,2,,,1,,1,20,2.600
Spring 2026,PHYS,1101,10,"Maric,Sladjana",1,,4,3,4,2,1,1,,1,,,2,19,2.421
Spring 2026,PHYS,1101,09,"Maric,Sladjana",,1,2,,2,2,1,4,,,,,3,15,2.088
Spring 2026,PHYS,1101,02,"Maric,Sladjana",,1,3,2,2,2,1,1,,,,,2,14,2.334
Spring 2026,PHYS,1101,04,"Maric,Sladjana",,,3,3,2,,,3,,,,1,2,14,2.190
Spring 2026,PHYS,1101,06,"Maric,Sladjana",1,,1,5,2,1,2,1,,,,,1,14,2.477
Spring 2026,PHYS,1101,20,"Maric,Sladjana",2,,1,3,,2,1,3,,,,,1,13,2.436
Spring 2026,PHYS,2326,01,"Chen,Shuo",25,16,19,25,35,37,11,46,17,,,5,20,256,2.405
Spring 2026,PHYS,2326,5,"Chen,Xiaojia",5,5,11,16,12,3,2,6,,,,3,8,71,2.498
Spring 2026,PHYS,2326,03,"Su,Wu-Pei",3,1,2,1,2,5,5,4,2,,,,6,31,1.957
Spring 2026,PHYS,1102,01,"Maric,Sladjana",1,1,2,8,3,4,2,1,,,,,1,23,2.552
Spring 2026,PHYS,1102,04,"Maric,Sladjana",3,3,2,1,2,1,4,5,,,1,,1,23,2.609
Spring 2026,PHYS,1102,05,"Maric,Sladjana",1,,3,1,5,3,1,8,,,,,1,23,2.549
Spring 2026,PHYS,1102,12,"Maric,Sladjana",2,,7,9,1,1,2,1,,,,,,23,2.784
Spring 2026,PHYS,1102,14,"Maric,Sladjana",1,1,4,6,1,2,,7,,,,,1,23,2.580
Spring 2026,PHYS,1102,15,"Maric,Sladjana",1,3,2,2,3,3,,4,2,,,,3,23,2.333
Spring 2026,PHYS,1102,06,"Maric,Sladjana",2,3,1,7,2,6,,1,,,,,,22,2.804
Spring 2026,PHYS,1102,07,"Maric,Sladjana",,2,6,2,3,,,6,,1,,1,1,22,2.515
Spring 2026,PHYS,1102,09,"Maric,Sladjana",,,4,9,4,2,,1,,,,,2,22,2.531
Spring 2026,PHYS,1102,10,"Maric,Sladjana",1,3,3,1,4,2,1,3,,,1,1,2,22,2.454
Spring 2026,PHYS,1102,11,"Maric,Sladjana",2,,5,1,2,6,1,3,,,,,2,22,2.409
Spring 2026,PHYS,1102,13,"Maric,Sladjana",1,1,5,6,2,3,1,3,,,,,,22,2.728
Spring 2026,PHYS,1102,02,"Maric,Sladjana",,3,4,2,3,3,1,4,,,1,,,21,2.698
Spring 2026,PHYS,1102,03,"Maric,Sladjana",1,1,2,5,5,2,2,,,,1,,2,21,2.492
Spring 2026,PHYS,1102,08,"Maric,Sladjana",1,1,7,,2,3,3,3,,,,,1,21,2.540
Spring 2026,PHYS,1102,16,"Maric,Sladjana",1,1,,9,3,1,1,3,,,,,2,21,2.493
Spring 2026,PHYS,1304,01,"Li,Liming",93,102,18,16,38,,2,2,,,,4,5,280,3.491
Spring 2026,PHYS,2125,01,"Maric,Sladjana",1,1,6,1,4,,3,6,,,,,2,24,2.527
Spring 2026,PHYS,2125,02,"Maric,Sladjana",1,,5,2,5,3,,5,,1,,,1,23,2.579
Spring 2026,PHYS,2125,06,"Maric,Sladjana",,1,5,6,7,,2,,,1,,,1,23,2.696
Spring 2026,PHYS,2125,07,"Maric,Sladjana",1,2,6,6,2,2,,2,,,1,1,,23,2.696
Spring 2026,PHYS,2125,03,"Maric,Sladjana",1,2,8,4,1,3,2,,,,,,1,22,2.668
Spring 2026,PHYS,2125,04,"Maric,Sladjana",,,7,,6,1,,6,,,2,,,22,2.710
Spring 2026,PHYS,2125,05,"Maric,Sladjana",1,,5,2,6,1,,3,1,,,,2,21,2.586
Spring 2026,PHYS,2126,01,"Maric,Sladjana",1,,3,8,4,2,1,3,,,,,,22,2.743
Spring 2026,PHYS,2126,03,"Maric,Sladjana",2,2,1,2,4,3,,4,,1,,,3,22,2.409
Spring 2026,PHYS,2126,02,"Maric,Sladjana",,2,6,,3,1,2,6,,,,,1,21,2.602
Spring 2026,PHYS,2126,04,"Maric,Sladjana",1,,2,4,6,2,2,4,,,,,,21,2.730
Spring 2026,PHYS,2126,05,"Maric,Sladjana",3,,1,3,4,4,2,2,,,,,2,21,2.492
Spring 2026,PHYS,1303,01,"Timmins,Anthony Robert",30,21,7,4,8,,3,,,,1,3,12,89,2.941
Spring 2026,PHYS,3312,1,"Stokes,Donna",2,1,3,7,1,,4,3,1,,5,,5,32,2.000
Spring 2026,PHYS,4360,01,"Renshaw,Andrew",20,2,4,,,1,,,,,,1,2,30,3.378
Spring 2026,PHYS,3315,01,"Ratti,Claudia",7,7,6,2,3,2,,,,,,1,1,29,3.139
Spring 2026,PHYS,3316,01,"Gunaratne,Gemunu",3,2,3,5,4,1,,2,,1,,,1,22,2.834
Spring 2026,PHYS,3327,01,"Bittner,Eric R",8,4,2,,1,6,,,,,,,,21,3.239
Spring 2026,PHYS,6316,1,"Hosur,Pavan R",11,4,2,1,2,,,,,,,,,20,3.701
Spring 2026,PHYS,7397,02,"Varghese,Oomman K",7,3,1,,1,,,,,,,,,12,3.778
Spring 2026,PHYS,7397,01,"Ordonez,Carlos",4,4,,,,,,,,,,,,8,3.835
Spring 2026,PHYS,6327,01,"Vovchenko,Volodymyr",6,2,9,1,1,,,,,,,,,19,3.386
Spring 2026,PHYS,3313,01,"Forrest,Rebecca L",8,2,4,1,,,,,,,,1,2,18,3.001
Spring 2026,PHYS,4337,01,"Ting,Chin Sen",2,4,2,,4,1,,,,,,1,3,17,2.588
Spring 2026,PHYS,3110,1,"Forrest,Rebecca L",10,,1,,2,,,,1,,,,2,16,3.166
Spring 2026,PHYS,3214,01,"Freelon,Byron Kendall",16,,,,,,,,,,,,,16,4.000
Spring 2026,PHYS,4322,01,"Koerner,Lisa Whitehead",3,4,1,2,2,,2,1,,,,1,,16,2.959
Spring 2026,PHYS,6321,1,"Wood,Lowell T",3,5,1,,7,,,,,,,,,16,3.541
Spring 2026,PHYS,3112,01,"Stokes,Donna",2,4,3,1,3,1,,,,,,,,14,3.310
Spring 2026,PHYS,7356,01,"Cherdack,Daniel David",7,3,,,2,,,,,,,,,12,3.806
Spring 2026,PHYS,6363,01,"Ren,Zhifeng",5,4,,,1,,,,,,,,,10,3.801
Spring 2026,PHYS,4340,01,"Ekeoba,Jacqueline Njideka",4,2,,,2,1,,,,,,,,9,3.556
Spring 2026,PHYS,8999,15,"Hosur,Pavan R",2,,,,,,,,,,,,,2,4.000
Spring 2026,PHYS,8999,03,"Bellwied,Rene",1,,,,,,,,,,,,,1,4.000
Spring 2026,PHYS,8999,17,"Koerner,Lisa Whitehead",1,,,,,,,,,,,,,1,4.000
Spring 2026,PHYS,8999,26,"Ren,Zhifeng",,1,,,,,,,,,,,,1,3.670
Spring 2026,PHYS,8999,27,"Renshaw,Andrew",1,,,,,,,,,,,,,1,4.000
Spring 2026,PHYS,4398,01,"Miller,John H",2,,,,,,,,,,,,,2,4.000
Spring 2026,PHYS,4398,02,"Wood,Lowell T",1,,,,,,,,,,,,,1,4.000
Spring 2026,PHYS,4198,01,"Gunaratne,Gemunu",1,,,,,,,,,,,,,1,4.000
Spring 2026,PHYS,8399,32,"Timmins,Anthony Robert",1,,,,,,,,,,,,,1,4.000
Spring 2026,POLC,3341,1,"Holman,Mirya R",19,2,5,,1,2,,,1,,,3,7,40,2.667
Spring 2026,POLC,3314,1,"Witt,Lawrence A",21,,,1,2,,,,,,,3,2,29,3.218
Spring 2026,POLC,3322,1,"Heller,Blake Harrison",12,5,2,4,2,,,1,,,,1,1,28,3.286
Spring 2026,POLC,6330,1,"Engster,Daniel A",10,10,2,1,3,,,1,,,,,,27,3.618
Spring 2026,POLC,4390,1,"Ruland,Jessica Lynn",16,1,5,,,,,,,1,,1,,24,3.473
Spring 2026,POLC,4390,2,"Ruland,Jessica Lynn",1,,,,,,,,,,,,,1,4.000
Spring 2026,POLC,6315,1,"Buttorff,Gail J",9,7,2,1,5,,,,,,,,1,25,3.480
Spring 2026,POLC,3313,1,"Reikosky,Nora",5,4,4,1,6,1,,1,,,1,,1,24,3.125
Spring 2026,POLC,6320,1,"Pinto,Pablo M",5,12,,,5,,,,,,,,,22,3.668
Spring 2026,POLC,1311,1,"Hilliard,Stacy Michelle",8,8,,1,2,,,,1,,,,,20,3.585
Spring 2026,POLC,3315,1,"Yuasa,Toshiyuki",,4,2,2,4,,1,1,1,,,1,2,18,2.463
Spring 2026,POLC,2312,1,"Gilbert,Justin Valentine",2,2,3,3,2,,1,,,1,,2,1,17,2.432
Spring 2026,POLC,6317,1,"Buttorff,Gail J",15,1,,,1,,,,,,,,,17,3.941
Spring 2026,POLC,4325,1,"Yuasa,Toshiyuki",2,5,,4,1,1,1,,,1,,,1,16,2.794
Spring 2026,POLC,6397,1,"Holman,Mirya R",8,1,2,,,,,,,,,,1,12,3.473
Spring 2026,POLC,6397,2,"Holman,Mirya R",3,,,,1,,,,,,,,,4,3.833
Spring 2026,POLC,4342,2,"Granato,James S",5,1,3,,1,1,,,3,,,,1,15,2.733
Spring 2026,POLC,6311,1,"Witt,Lawrence A",13,,,,,,,,,,,,,13,4.000
Spring 2026,POLC,4397,1,"Gottlieb,Jessica Anne",1,2,1,,1,,,,,1,,3,,9,2.038
Spring 2026,POLC,4397,4,"Koelling,Peter",,,3,,,,,,,,,,,3,3.000
Spring 2026,POLC,4398,1,"Cross,Renee Danielle",6,,,1,,,,,,,,,,7,3.810
Spring 2026,POLC,6391,1,"Koelling,Peter",4,,,,1,,,,,,,,,5,3.866
Spring 2026,POLC,6342,1,"Granato,James S",3,,,,1,,,,,,,,,4,3.833
Spring 2026,POLC,4498,1,"Cross,Renee Danielle",3,,,,,,,,,,,,,3,4.000
Spring 2026,POLC,4598,1,"Ruland,Jessica Lynn",3,,,,,,,,,,,,,3,4.000
Spring 2026,POLC,6398,1,"Atsusaka,Yuki",1,,,,,,,,,,,,,1,4.000
Spring 2026,POLS,3310,05,"Ridge,Martin",11,6,5,3,2,4,1,5,1,1,,2,1,42,2.826
Spring 2026,POLS,3310,01,"Ridge,Martin",6,3,9,2,3,2,1,2,1,,,5,6,40,2.217
Spring 2026,POLS,3310,04,"Cooper,Carol B",11,8,7,2,3,,2,3,,1,,1,2,40,3.017
Spring 2026,POLS,3310,02,"Nathan,Charles",13,15,2,1,3,,,2,,1,,1,1,39,3.360
Spring 2026,POLS,3310,03,"Sack,Anton",21,12,1,3,1,,,1,,,,,,39,3.711
Spring 2026,POLS,3310,50,"Hallmark,Terrell L",7,2,1,,7,1,1,,,,,1,,20,3.266
Spring 2026,POLS,3313,02,"Chatagnier,John Tyson",29,11,20,10,11,1,2,3,1,2,1,4,5,100,2.957
Spring 2026,POLS,3313,01,"Soules,Michael",11,5,9,1,4,3,4,1,1,,,,1,40,3.034
Spring 2026,POLS,3313,04,"Fox,Amos Carl",15,4,3,4,4,3,2,,2,,,,3,40,2.976
Spring 2026,POLS,3313,03,"Kharmats,Polina Gennadievna",13,1,3,,,,,,,,,,1,18,3.593
Spring 2026,POLS,3311,01,"Pineda,Paula C",13,10,1,4,3,2,3,1,,,,,3,40,3.093
Spring 2026,POLS,3311,02,"Aleman,Eduardo",7,3,6,3,3,4,4,2,1,,4,,3,40,2.517
Spring 2026,POLS,3311,03,"Bagashka,Tanya G",4,4,2,10,2,2,3,2,1,3,,2,5,40,2.168
Spring 2026,POLS,3311,04,"Karimov,Samad",13,6,2,3,5,3,1,3,,1,,2,1,40,3.000
Spring 2026,POLS,3312,01,"Ollerenshaw,Trent",19,7,6,3,2,1,,1,,,,,1,40,3.467
Spring 2026,POLS,3312,03,"Kim,Hyeongmyeong",4,,7,2,1,6,,5,3,1,1,3,7,40,1.858
Spring 2026,POLS,3312,04,"Kim,Hyeongmyeong",1,3,2,1,2,11,,3,3,3,4,1,6,40,1.742
Spring 2026,POLS,3312,02,"Hanna,Tom Leard",32,,1,,,1,,,,,,1,4,39,3.410
Spring 2026,POLS,3344,01,"Fleming II,Robert B.",6,9,7,1,15,,,,,,,,2,40,3.266
Spring 2026,POLS,3344,02,"Tiede,Lydia B",6,4,7,2,2,5,4,1,,,2,3,4,40,2.334
Spring 2026,POLS,3316,02,"Hanna,Tom Leard",35,1,,,,,,,,,,3,,39,3.684
Spring 2026,POLS,3316,01,"Hanna,Tom Leard",35,1,,,,,,,,,,,1,37,3.883
Spring 2026,POLS,3395,2,"Sims,Nancy Lou",20,2,8,,2,3,,,,,,,1,36,3.444
Spring 2026,POLS,3395,1,"Nix,Kevin",9,3,2,1,2,2,2,2,,,1,2,3,29,2.609
Spring 2026,POLS,3396,01,"Lubotzky,Asher",21,4,5,2,2,,1,,,,,,,35,3.639
Spring 2026,POLS,3396,02,"Gottlieb,Jessica Anne",5,3,1,,1,1,,,,,,3,4,18,2.186
Spring 2026,POLS,3397,02,"Carpenter,Cristina",6,4,5,3,1,,1,3,,,,3,,26,2.834
Spring 2026,POLS,3397,01,"Watts,Jeffrey Allen",2,8,1,4,2,,1,,,1,,,,19,3.160
Spring 2026,POLS,3309,1,"Ozsut,Melda",34,5,,,1,,,,,,,,,40,3.942
Spring 2026,POLS,3318,01,"Casellas,Jason",3,2,3,7,5,3,3,6,,1,2,,5,40,2.300
Spring 2026,POLS,3326,01,"Contractor,Cyrus Ali",29,3,,2,,,,,1,1,,2,2,40,3.351
Spring 2026,POLS,3336,01,"Vardy,Ronald V",16,10,3,4,3,,,,,,,1,3,40,3.259
Spring 2026,POLS,3349,02,"Ridge,Martin",8,8,3,5,2,3,1,2,3,2,,,3,40,2.676
Spring 2026,POLS,3360,1,"Archer,Allison Michelle Nam",11,4,5,6,9,2,,1,,1,,,1,40,3.167
Spring 2026,POLS,3333,01,"Lubotzky,Asher",26,7,,1,3,,,,1,,,,1,39,3.676
Spring 2026,POLS,3322,01,"Aleman,Eduardo",11,2,8,1,5,2,,2,2,,1,1,3,38,2.807
Spring 2026,POLS,3355,1,"Tiede,Lydia B",9,4,4,2,2,3,1,4,2,1,1,2,3,38,2.518
Spring 2026,POLS,3367,01,"Cole,Jeffrey Bryan",5,9,5,3,6,3,2,2,,,,1,2,38,2.895
Spring 2026,POLS,3345,01,"Abbott Jr,Kenneth Wayne",24,5,2,2,4,,,,,,,,,37,3.757
Spring 2026,POLS,3346,01,"Fleming II,Robert B.",3,6,12,2,9,,1,,,,,,4,37,2.892
Spring 2026,POLS,3335,1,"Bagashka,Tanya G",8,9,4,6,4,,1,,,1,1,1,1,36,3.057
Spring 2026,POLS,3353,50,"Belco,Michelle Helene",24,,,,1,,,,,,,,,25,3.973
Spring 2026,POLS,3314,01,"Koelling,Peter",8,5,5,1,3,,,1,,1,,,,24,3.375
Spring 2026,POLS,3377,01,"Kistner,Michael",5,,10,2,2,2,,,1,,,,2,24,2.792
Spring 2026,POLS,4390,01,"Cross,Renee Danielle",20,1,1,,,1,,,,,,,1,24,3.695
Spring 2026,POLS,4346,50,"Gish,Dustin",7,5,3,,5,1,,,,,,,2,23,3.217
Spring 2026,POLS,4348,01,"Contractor,Cyrus Ali",7,3,2,,2,,,2,,,,,3,19,2.965
Spring 2026,POLS,6381,01,"Basinger,Scott J",12,1,,,,,,,,,,,,13,3.975
Spring 2026,POLS,6316,1,"Zhu,Ling",2,6,,,1,,,,,,,,,9,3.706
Spring 2026,POLS,6302,1,"Carroll,Royce A",7,1,,,,,,,,,,,,8,3.959
Spring 2026,POLS,6309,1,"Shor,Boris",1,3,1,,3,,,,,,,,,8,3.500
Spring 2026,POLS,6396,1,"Soules,Michael",4,4,,,,,,,,,,,,8,3.835
Spring 2026,POLS,6322,1,"Carroll,Royce A",5,2,,,,,,,,,,,,7,3.906
Spring 2026,POLS,4398,01,"Cross,Renee Danielle",5,,,,,,,,,,,,,5,4.000
Spring 2026,POLS,4398,07,"Belco,Michelle Helene",1,,,,,,,,,,,,,1,4.000
Spring 2026,POLS,6359,1,"Chatagnier,John Tyson",1,,,,,,,,,,,,,1,4.000
Spring 2026,POLS,6359,2,"Rottinghaus,Brandon J",1,,,,,,,,,,,,,1,4.000
Spring 2026,POLS,6359,3,"Soules,Michael",,1,,,,,,,,,,,,1,3.670
Spring 2026,POLS,6359,5,"Freed,Joshua",1,,,,,,,,,,,,,1,4.000
Spring 2026,POLS,6359,6,"Nathan,Charles",1,,,,,,,,,,,,,1,4.000
Spring 2026,POLS,6365,1,"Ollerenshaw,Trent",5,,,,,,,,,,,,,5,4.000
Spring 2026,POLS,4598,01,"Cross,Renee Danielle",3,,,,,,,,,,,,,3,4.000
Spring 2026,POLS,8399,02,"Nathan,Charles",1,,,,,,,,,,,,,1,4.000
Spring 2026,POLS,8399,04,"Zhu,Ling",1,,,,,,,,,,,,,1,4.000
Spring 2026,POLS,8399,6,"Chatagnier,John Tyson",1,,,,,,,,,,,,,1,4.000
Spring 2026,POLS,6348,1,"Freed,Joshua",2,,,,,,,,,,,,,2,4.000
Spring 2026,POLS,8999,10,"Freed,Joshua",1,,,,,,,,,,,,,1,4.000
Spring 2026,POLS,8999,11,"Scarrow,Susan E",1,,,,,,,,,,,,,1,4.000
Spring 2026,POLS,4391,01,"Davis,Jenna",1,,,,,,,,,,,,,1,4.000
Spring 2026,POLS,4399,03,"LeVeaux,Christine",1,,,,,,,,,,,,,1,4.000
Spring 2026,PSYC,2317,06,"Daly,Emily E",50,11,3,4,1,1,3,3,,,,3,1,80,3.467
Spring 2026,PSYC,2317,09,"Vahedi,Meisam",70,,6,1,,2,,1,,,,,,80,3.838
Spring 2026,PSYC,2317,10,"Vahedi,Meisam",65,1,4,1,2,2,,2,1,,,1,1,80,3.683
Spring 2026,PSYC,2317,07,"Kharitonova,Kseniia",26,,33,,,11,,,4,,,1,4,79,2.899
Spring 2026,PSYC,2317,11,"Vahedi,Meisam",66,2,4,,2,1,1,1,,,,,2,79,3.747
Spring 2026,PSYC,2317,05,"Pestilos,Cristy Cajeda",30,18,6,4,8,2,1,4,1,,,2,2,78,3.300
Spring 2026,PSYC,2317,08,"Nault,Evan Olivia-Arline",15,5,10,6,3,8,3,8,2,1,2,1,14,78,2.299
Spring 2026,PSYC,2317,12,"Saiyed,Amna Shabbir",18,22,10,10,5,2,2,1,,,1,3,3,77,3.079
Spring 2026,PSYC,2317,13,"Saiyed,Amna Shabbir",19,17,4,7,11,1,1,6,,,1,8,1,76,2.956
Spring 2026,PSYC,2317,01,"Steinberg,Lynne",4,,,,,8,,,4,,,9,19,44,0.818
Spring 2026,PSYC,2317,02,"Lai,Keke",2,,6,5,3,9,2,1,2,,,7,7,44,1.705
Spring 2026,PSYC,2317,04,"Lai,Keke",2,,3,2,2,2,3,2,,,,7,21,44,0.970
Spring 2026,PSYC,2305,28,"Harlan,Pamela Kay",69,2,3,,2,,,1,,,,3,,80,3.767
Spring 2026,PSYC,2305,12,"Senger,Amy",53,,1,,7,1,1,6,,2,,4,4,79,3.257
Spring 2026,PSYC,2305,18,"Vahedi,Meisam",64,3,3,,4,2,,2,1,,,,,79,3.785
Spring 2026,PSYC,2305,10,"Laughlin,Haley Marie",18,16,9,5,11,4,1,3,,1,3,5,2,78,2.936
Spring 2026,PSYC,2305,22,"Saiyed,Amna Shabbir",64,4,,2,,,2,,,,,3,2,77,3.628
Spring 2026,PSYC,2305,20,"Vahedi,Meisam",56,4,6,1,4,1,,1,,,,1,2,76,3.645
Spring 2026,PSYC,2305,30,"Harlan,Pamela Kay",58,3,,2,1,,,1,,2,2,5,1,75,3.440
Spring 2026,PSYC,2305,14,"Anderson,Jill Annette",50,9,1,,5,,,1,,,,3,3,72,3.542
Spring 2026,PSYC,2305,24,"Vahedi,Meisam",47,,2,3,4,2,1,,1,,2,5,2,69,3.256
Spring 2026,PSYC,2305,02,"Foss,Donald J",14,3,1,1,2,1,,1,2,,,6,8,39,2.197
Spring 2026,PSYC,2305,04,"Foss,Donald J",10,1,,1,6,3,,1,1,,,3,13,39,1.940
Spring 2026,PSYC,2305,26,"Vahedi,Meisam",23,1,,4,2,,2,2,,,,1,,35,3.457
Spring 2026,PSYC,2305,06,"Tamber-Rosenau,Benjamin J",7,5,2,2,4,4,4,,,1,,,1,30,2.879
Spring 2026,PSYC,4344,01,"Phillips,Morgan",47,,11,,10,3,,2,,,2,5,,80,3.345
Spring 2026,PSYC,4344,04,"Bautista,Ashley",54,,7,,7,2,,4,,,,2,4,80,3.420
Spring 2026,PSYC,4344,07,"Haddad,Sana",63,7,3,4,,1,1,,,,,,1,80,3.763
Spring 2026,PSYC,4344,08,"Haddad,Sana",53,10,5,1,4,1,,2,,1,,2,1,80,3.588
Spring 2026,PSYC,4344,02,"Murphy,Elijah Rayvon",63,,7,,5,1,,1,,,1,1,,79,3.738
Spring 2026,PSYC,4344,05,"Rodarte,Evelyn Dianne",11,8,11,6,7,6,2,2,2,1,,14,8,78,2.158
Spring 2026,PSYC,4344,09,"Haddad,Sana",40,6,5,2,6,2,2,5,3,,1,1,2,75,3.275
Spring 2026,PSYC,4344,03,"Cotton,Mallory R",54,,4,,4,1,,2,3,,1,4,1,74,3.410
Spring 2026,PSYC,4344,06,"Kilani,Mohamed Hechmi",2,3,4,2,3,1,1,1,,1,,,1,19,2.790
Spring 2026,PSYC,2301,01,"Agan,Herb W",64,30,25,13,22,10,6,12,2,2,,8,5,199,3.067
Spring 2026,PSYC,2301,02,"Agan,Herb W",85,16,18,11,33,4,3,18,2,2,,7,,199,3.268
Spring 2026,PSYC,2301,05,"Jaramillo,Kristen",59,4,2,,4,3,1,2,,,,1,4,80,3.529
Spring 2026,PSYC,2301,04,"Ge,Jacqueline L",60,5,2,2,6,,1,1,1,,1,,,79,3.747
Spring 2026,PSYC,2301,51,"Saiyed,Amna Shabbir",13,2,,1,1,1,,,,,,1,,19,3.544
Spring 2026,PSYC,2301,50,"Saiyed,Amna Shabbir",7,3,,,,,,,,,1,,,11,3.667
Spring 2026,PSYC,2316,03,"Shah,Tanya Vikram",25,9,4,7,10,3,1,7,3,,2,5,4,80,2.833
Spring 2026,PSYC,2316,05,"Harlan,Pamela Kay",54,15,3,,5,,,1,1,,,,1,80,3.750
Spring 2026,PSYC,2316,01,"Inman,Tonya N",36,12,9,3,4,5,,3,,,1,3,3,79,3.224
Spring 2026,PSYC,2316,02,"Quadri,Tobiloba",21,28,7,3,8,1,1,3,,1,,3,2,78,3.253
Spring 2026,PSYC,2316,06,"Harlan,Pamela Kay",51,16,4,,4,1,,,,,1,1,,78,3.736
Spring 2026,PSYC,2316,04,"Snyder,Anna G",17,8,15,8,10,4,1,1,,,,4,2,70,2.986
Spring 2026,PSYC,2316,07,"Damian,Rodica Ioana",21,12,1,2,4,2,2,,,,,,,44,3.569
Spring 2026,PSYC,3310,02,"Ortega,Alyssa",53,,11,,4,4,,2,1,,,2,3,80,3.400
Spring 2026,PSYC,3310,01,"Hsu,Chia-Hao",68,,1,,1,1,,,1,,1,2,3,78,3.624
Spring 2026,PSYC,3310,06,"Grossberg,Ivy Rae",44,,11,,8,3,,3,2,,3,3,1,78,3.264
Spring 2026,PSYC,3310,03,"Mehta,Nandini M",33,,7,,6,7,,7,,,1,5,3,69,2.966
Spring 2026,PSYC,3310,05,"Reyes,Denise Lucia",28,,6,,5,2,,3,,,,1,,45,3.503
Spring 2026,PSYC,3310,07,"Sabat,Isaac Emmanuel",22,5,4,,4,,,1,,,,,4,40,3.350
Spring 2026,PSYC,3310,08,"Sabat,Isaac Emmanuel",20,8,4,1,,,2,1,,,,2,2,40,3.243
Spring 2026,PSYC,3310,09,"Sabat,Isaac Emmanuel",17,7,4,1,,3,1,1,,,1,4,1,40,2.992
Spring 2026,PSYC,3310,10,"Sabat,Isaac Emmanuel",12,6,5,,2,2,,2,1,,1,3,4,38,2.702
Spring 2026,PSYC,2319,04,"Ayers,Zachary Scott",54,11,5,2,3,1,,2,,,,1,1,80,3.667
Spring 2026,PSYC,2319,03,"Amarneh,Dania Y",60,6,1,,5,1,1,1,,,1,2,1,79,3.658
Spring 2026,PSYC,2319,07,"Anderson,Jill Annette",51,20,1,1,3,,,,1,,,1,1,79,3.722
Spring 2026,PSYC,2319,06,"Boada,Cristina Elise",58,2,2,4,4,1,,1,,,,4,2,78,3.509
Spring 2026,PSYC,2319,05,"Baltes,Hannah G",29,13,2,2,4,3,1,3,,,,3,,60,3.384
Spring 2026,PSYC,2319,01,"Fetterman,Adam Kent",5,3,5,6,1,6,4,2,3,,2,4,8,49,1.926
Spring 2026,PSYC,2319,02,"Fetterman,Adam Kent",4,3,3,6,5,3,2,3,1,3,3,2,11,49,1.878
Spring 2026,PSYC,3350,04,"Paredes Raquel,Sara Abigail",47,13,3,3,6,,2,3,,1,,1,1,80,3.546
Spring 2026,PSYC,3350,06,"Racioppo,Keith",57,10,2,,7,1,,,,,,2,1,80,3.700
Spring 2026,PSYC,3350,07,"Le,Giang Xuan",61,6,6,,3,1,1,1,,,,1,,80,3.750
Spring 2026,PSYC,3350,09,"Xu,Yinan",38,6,7,6,1,3,3,4,,1,1,7,3,80,2.959
Spring 2026,PSYC,3350,01,"Yoshida,Hanako",35,8,5,,10,1,,,,,1,,,60,3.683
Spring 2026,PSYC,3350,08,"Griffin,Jason",13,10,5,3,3,1,,1,1,,2,1,5,45,2.882
Spring 2026,PSYC,3350,02,"Hernandez,Arturo E",12,7,5,4,2,3,,,,,,1,3,37,3.028
Spring 2026,PSYC,3334,03,"Inman,Tonya N",25,9,15,7,7,5,1,,,,2,3,4,78,3.005
Spring 2026,PSYC,3334,04,"Inman,Tonya N",28,8,4,3,10,7,2,5,1,,,1,9,78,2.880
Spring 2026,PSYC,3334,02,"Inman,Tonya N",41,13,3,2,5,1,,2,1,1,,4,3,76,3.303
Spring 2026,PSYC,3334,05,"Inman,Tonya N",21,8,11,2,4,3,5,1,6,2,1,6,6,76,2.505
Spring 2026,PSYC,3334,01,"Capuozzo,Kristen Irene",13,3,14,6,9,3,,4,1,,1,2,2,58,2.908
Spring 2026,PSYC,2330,03,"Franklin,Brooke",29,9,13,6,8,4,1,5,,1,,3,1,80,3.159
Spring 2026,PSYC,2330,04,"Gomez,Elliott Michael",25,11,10,7,8,4,4,3,,2,,3,1,78,3.060
Spring 2026,PSYC,2330,02,"Little,Kaitlyn Marie",28,6,11,2,13,3,,5,2,,1,4,2,77,3.073
Spring 2026,PSYC,2330,05,"Harlan,Pamela Kay",54,11,2,3,2,,,2,,,,1,,75,3.756
Spring 2026,PSYC,2330,01,"Kosten,Therese A",16,9,3,2,4,1,,2,1,1,,2,3,44,3.023
Spring 2026,PSYC,3347,01,"Anderson,Jill Annette",38,25,4,,11,,,1,,,,1,,80,3.684
Spring 2026,PSYC,3347,03,"Anderson,Jill Annette",42,21,5,,11,,,1,,,,,,80,3.738
Spring 2026,PSYC,3347,04,"Anderson,Jill Annette",35,28,2,5,7,,,,1,,1,1,,80,3.597
Spring 2026,PSYC,3347,02,"Anderson,Jill Annette",41,28,4,1,2,2,,,1,,,,,79,3.710
Spring 2026,PSYC,3331,03,"Snead,Alexandra L",30,25,4,2,15,1,1,,1,,,1,,80,3.546
Spring 2026,PSYC,3331,02,"Pathak,Neha",20,,22,,21,5,,5,,,3,2,1,79,3.058
Spring 2026,PSYC,3331,04,"Snead,Alexandra L",39,18,6,3,8,,,2,,,,1,1,78,3.582
Spring 2026,PSYC,3331,05,"Snead,Alexandra L",29,25,6,2,12,2,1,,,,,1,,78,3.548
Spring 2026,PSYC,4363,05,"Salentine,Cassidy",31,16,11,1,7,1,1,4,1,,,3,3,79,3.237
Spring 2026,PSYC,4363,02,"Vieira,Alyssa Marie",30,7,10,3,10,3,4,6,,,,2,3,78,3.124
Spring 2026,PSYC,4363,01,"Snead,Alexandra L",44,14,4,5,6,1,,2,,,,,,76,3.676
Spring 2026,PSYC,4363,06,"Wall,Juliana",44,15,5,2,6,2,,,,,,1,,75,3.672
Spring 2026,PSYC,3339,01,"Szafranski,Derek D",25,6,9,11,5,6,1,8,2,,,2,5,80,2.867
Spring 2026,PSYC,3339,04,"Szafranski,Derek D",15,7,5,3,3,5,5,6,2,,2,8,14,75,2.076
Spring 2026,PSYC,3339,02,"Szafranski,Derek D",18,8,5,7,1,7,1,5,3,1,3,6,9,74,2.343
Spring 2026,PSYC,3339,03,"Szafranski,Derek D",17,7,3,8,7,3,1,7,4,1,2,8,6,74,2.414
Spring 2026,PSYC,3335,01,"Anderson,Jill Annette",52,15,5,,5,,,1,,1,,1,,80,3.721
Spring 2026,PSYC,3335,02,"Anderson,Jill Annette",59,17,,1,1,,,,,,,1,1,80,3.805
Spring 2026,PSYC,2320,02,"Saiyed,Amna Shabbir",60,6,2,3,4,1,,,,,1,,3,80,3.659
Spring 2026,PSYC,2320,01,"Babcock,Julia",,14,3,5,4,2,,,,1,1,5,4,39,2.386
Spring 2026,PSYC,2307,01,"Martin,Rebecca B",44,6,11,4,3,1,,2,,,,4,1,76,3.399
Spring 2026,PSYC,4397,01,"Jou,Yu-wen Aka Cynthia",10,20,10,6,15,4,3,3,,,1,1,3,76,3.036
Spring 2026,PSYC,4308,01,"Leasure,Jennifer Leigh",2,4,5,5,5,5,2,,3,3,,6,2,42,2.048
Spring 2026,PSYC,4371,01,"St. Aubin,Allison Danielle",26,3,,2,5,,,1,,,,,3,40,3.483
Spring 2026,PSYC,2308,01,"Perkovich,Elizabeth Susan",24,5,,2,6,1,,,,,,1,,39,3.633
Spring 2026,PSYC,6397,02,"Yoshida,Hanako",15,,,,,,,,,,,,,15,4.000
Spring 2026,PSYC,6397,04,"Elnakouri,Abdelrahman",9,2,1,,,,,,,,,,,12,3.862
Spring 2026,PSYC,6397,01,"Bick,Johanna R",7,,,,,,,,,,,,,7,4.000
Spring 2026,PSYC,6397,03,"Tamber-Rosenau,Benjamin J",4,,,,,,,,,,,,,4,4.000
Spring 2026,PSYC,4355,01,"Williams,Michael W",12,8,,,3,1,2,1,1,,,,2,30,3.201
Spring 2026,PSYC,6302,01,"Litson,Kaylee",18,5,2,,2,,,,,,,1,,28,3.679
Spring 2026,PSYC,4315,01,"Knee,Clifford R",16,8,1,1,1,,,,,,,,,27,3.791
Spring 2026,PSYC,8399,24,"Gallagher,Matthew Ward",4,,,,,,,,,,,,,4,4.000
Spring 2026,PSYC,8399,02,"Alfano,Candice A",3,,,,,,,,,,,,,3,4.000
Spring 2026,PSYC,8399,03,"Venta,Amanda Cristina",3,,,,,,,,,,,,,3,4.000
Spring 2026,PSYC,8399,07,"Hernandez,Arturo E",2,,,,,,,,,,,,,2,4.000
Spring 2026,PSYC,8399,09,"Walker,Rheeda L",2,,,,,,,,,,,,,2,4.000
Spring 2026,PSYC,8399,29,"Viana,Andres G",2,,,,,,,,,,,,,2,4.000
Spring 2026,PSYC,8399,04,"Sharp,Carla",1,,,,,,,,,,,,,1,4.000
Spring 2026,PSYC,8399,13,"Tamber-Rosenau,Benjamin J",1,,,,,,,,,,,,,1,4.000
Spring 2026,PSYC,8399,16,"Sabat,Isaac Emmanuel",1,,,,,,,,,,,,,1,4.000
Spring 2026,PSYC,8399,17,"Knee,Clifford R",1,,,,,,,,,,,,,1,4.000
Spring 2026,PSYC,8399,18,"Bick,Johanna R",1,,,,,,,,,,,,,1,4.000
Spring 2026,PSYC,8399,28,"Brummel,Bradley James",1,,,,,,,,,,,,,1,4.000
Spring 2026,PSYC,6357,01,"Williams,Michael W",9,2,,,2,,,,,,,,,13,3.846
Spring 2026,PSYC,7392,08,"Griffin,Jason",3,,,,,,,,,,,,,3,4.000
Spring 2026,PSYC,7392,05,"Derrick,Jaye L",2,,,,,,,,,,,,,2,4.000
Spring 2026,PSYC,7392,07,"Neighbors,Clayton T",2,,,,,,,,,,,,,2,4.000
Spring 2026,PSYC,7392,01,"Fetterman,Adam Kent",1,,,,,,,,,,,,,1,4.000
Spring 2026,PSYC,7392,02,"Tamber-Rosenau,Benjamin J",1,,,,,,,,,,,,,1,4.000
Spring 2026,PSYC,7392,06,"Bick,Johanna R",1,,,,,,,,,,,,,1,4.000
Spring 2026,PSYC,7392,10,"Hernandez,Arturo E",1,,,,,,,,,,,,,1,4.000
Spring 2026,PSYC,7392,11,"Leasure,Jennifer Leigh",1,,,,,,,,,,,,,1,4.000
Spring 2026,PSYC,7392,12,"Grigorenko,Elena L",1,,,,,,,,,,,,,1,4.000
Spring 2026,PSYC,6393,09,"Sharp,Carla",3,,,,,,,,,,,,,3,4.000
Spring 2026,PSYC,6393,02,"Walker,Rheeda L",1,,,,,,,,,,,,,1,4.000
Spring 2026,PSYC,6393,03,"Gallagher,Matthew Ward",1,,,,,,,,,,,,,1,4.000
Spring 2026,PSYC,6393,04,"Zvolensky,Michael J",1,,,,,,,,,,,,,1,4.000
Spring 2026,PSYC,6393,05,"Viana,Andres G",1,,,,,,,,,,,,,1,4.000
Spring 2026,PSYC,6393,10,"Venta,Amanda Cristina",1,,,,,,,,,,,,,1,4.000
Spring 2026,PSYC,6393,12,"Babcock,Julia",1,,,,,,,,,,,,,1,4.000
Spring 2026,PSYC,6393,15,"Alfano,Candice A",1,,,,,,,,,,,,,1,4.000
Spring 2026,PSYC,6393,16,"Zvolensky,Michael J",1,,,,,,,,,,,,,1,4.000
Spring 2026,PSYC,6337,01,"Neighbors,Clayton T",7,,1,1,,,,,,,,,,9,3.741
Spring 2026,PSYC,6398,04,"Sabat,Isaac Emmanuel",3,,,,,,,,,,,,,3,4.000
Spring 2026,PSYC,6398,12,"Tamber-Rosenau,Benjamin J",2,,,,,,,,,,,,,2,4.000
Spring 2026,PSYC,6398,09,"Kosten,Therese A",1,,,,,,,,,,,,,1,4.000
Spring 2026,PSYC,6398,19,"Neighbors,Clayton T",1,,,,,,,,,,,,,1,4.000
Spring 2026,PSYC,6398,24,"Knee,Clifford R",1,,,,,,,,,,,,,1,4.000
Spring 2026,PSYC,7307,01,"Steinberg,Lynne",3,2,1,,2,,,,,,,,,8,3.625
Spring 2026,PSYC,7338,01,"Cirino,Paul",5,3,,,,,,,,,,,,8,3.876
Spring 2026,PSYC,7397,01,"Bick,Johanna R",6,,,,,,,,,,,,,6,4.000
Spring 2026,PSYC,7397,06,"Sharp,Carla",2,,,,,,,,,,,,,2,4.000
Spring 2026,PSYC,6365,02,"Griffin,Jason",3,,,,,,,,,,,,,3,4.000
Spring 2026,PSYC,6365,05,"Hernandez,Arturo E",2,,,,,,,,,,,,,2,4.000
Spring 2026,PSYC,6365,01,"Bick,Johanna R",1,,,,,,,,,,,,,1,4.000
Spring 2026,PSYC,6365,06,"Tamber-Rosenau,Benjamin J",1,,,,,,,,,,,,,1,4.000
Spring 2026,PSYC,7394,01,"Venta,Amanda Cristina",7,,,,,,,,,,,,,7,4.000
Spring 2026,PSYC,6304,01,"Borjon,Jeremy Isaac",6,,,,,,,,,,,,,6,4.000
Spring 2026,PSYC,6316,01,"Ratcliff,Chelsea Gilts",6,,,,,,,,,,,,,6,4.000
Spring 2026,PSYC,7305,01,"Mehta,Paras D",4,1,1,,,,,,,,,,,6,3.778
Spring 2026,PSYC,4398,01,"Derrick,Jaye L",2,,,,,,,,,,,,,2,4.000
Spring 2026,PSYC,4398,02,"Hernandez,Arturo E",1,,,,,,,,,,,,,1,4.000
Spring 2026,PSYC,4398,03,"Zvolensky,Michael J",1,,,,,,,,,,,,,1,4.000
Spring 2026,PSYC,4398,04,"Griffin,Jason",1,,,,,,,,,,,,,1,4.000
Spring 2026,PSYC,4399,02,"Venta,Amanda Cristina",1,,,,,,,,,,,,,1,4.000
Spring 2026,PSYC,4399,06,"Bick,Johanna R",1,,,,,,,,,,,,,1,4.000
Spring 2026,PSYC,4399,07,"Sharp,Carla",1,,,,,,,,,,,,,1,4.000
Spring 2026,PSYC,4399,08,"Knee,Clifford R",1,,,,,,,,,,,,,1,4.000
Spring 2026,PSYC,4399,09,"Yoshida,Hanako",1,,,,,,,,,,,,,1,4.000
Spring 2026,PSYC,6359,04,"Gallagher,Matthew Ward",2,,,,,,,,,,,,,2,4.000
Spring 2026,PSYC,6359,02,"Venta,Amanda Cristina",1,,,,,,,,,,,,,1,4.000
Spring 2026,PSYC,6359,05,"Zvolensky,Michael J",1,,,,,,,,,,,,,1,4.000
Spring 2026,PSYC,6359,10,"Babcock,Julia",1,,,,,,,,,,,,,1,4.000
Spring 2026,PSYC,7345,01,"Gallagher,Matthew Ward",5,,,,,,,,,,,,,5,4.000
Spring 2026,PSYC,7363,01,"Reyes,Denise Lucia",5,,,,,,,,,,,,,5,4.000
Spring 2026,PSYC,7399,02,"Kosten,Therese A",2,,,,,,,,,,,,,2,4.000
Spring 2026,PSYC,7399,04,"Leasure,Jennifer Leigh",1,,,,,,,,,,,,,1,4.000
Spring 2026,PSYC,7399,06,"Grigorenko,Elena L",1,,,,,,,,,,,,,1,4.000
Spring 2026,PSYC,7399,21,"Gallagher,Matthew Ward",1,,,,,,,,,,,,,1,4.000
Spring 2026,PSYC,6332,01,"Woods,Steven Paul",4,,,,,,,,,,,,,4,4.000
Spring 2026,PSYC,6336,03,"Neighbors,Clayton T",2,,,,,,,,,,,,,2,4.000
Spring 2026,PSYC,6336,01,"Derrick,Jaye L",1,,,,,,,,,,,,,1,4.000
Spring 2026,PSYC,6336,04,"Knee,Clifford R",1,,,,,,,,,,,,,1,4.000
Spring 2026,PSYC,6352,04,"Sabat,Isaac Emmanuel",3,,,,,,,,,,,,,3,4.000
Spring 2026,PSYC,6498,07,"Kosten,Therese A",1,,,,,,,,,,,,,1,4.000
Spring 2026,PSYC,6498,09,"Bick,Johanna R",1,,,,,,,,,,,,,1,4.000
Spring 2026,PSYC,8699,03,"Neighbors,Clayton T",1,,,,,,,,,,,,,1,4.000
Spring 2026,PSYC,8699,08,"Brummel,Bradley James",1,,,,,,,,,,,,,1,4.000
Spring 2026,PSYC,4198,01,"Sabat,Isaac Emmanuel",1,,,,,,,,,,,,,1,4.000
Spring 2026,PSYC,4298,01,"Zvolensky,Michael J",1,,,,,,,,,,,,,1,4.000
Spring 2026,PSYC,4306,01,"Kieffer,Suzanne C",,1,,,,,,,,,,,,1,3.670
Spring 2026,PSYC,6358,02,"Woods,Steven Paul",1,,,,,,,,,,,,,1,4.000
Spring 2026,PSYC,6399,13,"Fetterman,Adam Kent",1,,,,,,,,,,,,,1,4.000
Spring 2026,PSYC,6598,09,"Bick,Johanna R",1,,,,,,,,,,,,,1,4.000
Spring 2026,PUBL,6311,1,"Koelling,Peter",15,5,2,,,,,,1,,,,,23,3.711
Spring 2026,PUBL,6315,1,"Buttorff,Gail J",6,4,3,1,2,,1,1,,,,,,18,3.389
Spring 2026,PUBL,6349,1,"Branham,David P",9,4,1,,3,1,,,,,,,,18,3.648
Spring 2026,PUBL,6325,1,"Bronk,Robert C",14,,2,,,,,,,,,,,16,3.875
Spring 2026,PUBL,6350,1,"Thurmond,James H",5,4,2,,3,,,,,,,,1,15,3.378
Spring 2026,PUBL,6320,1,"Wong,Man Chiu",4,2,4,,3,,,,,,,1,,14,3.238
Spring 2026,QSS,4393,04,"Barrett,Thomas R",1,1,5,1,,,,,,,,,,8,3.168
Spring 2026,QSS,4393,05,"Szabo,Andrea",2,,,,,,,,,,,,,2,4.000
Spring 2026,QSS,4393,06,"Hirs,Edward A",,,,,,,,,,,,1,,1,0.000
Spring 2026,RELS,1301,02,"Eberhart,Christian",10,5,8,1,4,2,,2,,,1,2,2,37,2.928
Spring 2026,RELS,1301,03,"Borkataky-Varma,Sravana",16,7,3,2,3,1,,2,1,,,,,35,3.477
Spring 2026,RELS,3323,1,"Stephan,Corey John",29,5,4,3,3,1,1,2,,,1,1,,50,3.480
Spring 2026,RELS,3370,1,"Ott,Aaron Frederick",20,4,6,3,5,1,1,2,2,1,,3,2,50,2.967
Spring 2026,RELS,2360,01,"Borkataky-Varma,Sravana",17,10,5,1,2,3,2,2,,,,4,3,49,2.919
Spring 2026,RELS,3380,1,"Amos,Sophia",19,6,4,,4,2,1,2,,,,,4,42,3.183
Spring 2026,RELS,2311,01,"Eberhart,Christian",13,10,3,2,6,,,1,,1,,2,2,40,3.151
Spring 2026,RELS,2350,1,"Amos,Sophia",20,3,2,3,,2,1,2,,,,2,1,36,3.204
Spring 2026,RELS,2372,1,"Tamber-Rosenau,Caryn M",4,5,,,4,1,1,,,,,,,15,3.423
Spring 2026,SAER,8320,1,"Nguyen,An",10,1,,,,1,,,,,,,,12,3.806
Spring 2026,SAER,8321,01,"Ocumpaugh,Jaclyn",10,,,,,,,,,,,,,10,4.000
Spring 2026,SAER,8388,1,"Louis,Dave A",6,,,,,,,,,,,,,6,4.000
Spring 2026,SCLT,2380,30,"Hollis,Thomas Edward",51,22,7,2,6,2,2,,,,,,,92,3.678
Spring 2026,SCLT,2362,30,"Hollis,Thomas Edward",40,21,9,3,7,,1,,,,,1,1,83,3.579
Spring 2026,SCLT,3387,30,"Velarde,Jose Manuel",62,9,1,2,,,,1,,,,2,3,80,3.646
Spring 2026,SCLT,3389,30,"Blount,James",19,38,2,1,12,,,1,,,,,,73,3.650
Spring 2026,SCLT,4380,30,"Singh,Gulshan",1,11,24,7,16,3,,5,1,,,,2,70,2.957
Spring 2026,SCLT,4389,30,"Kennedy,Elizabeth Heyn",31,3,,,1,,,,,,,,,35,3.953
Spring 2026,SCLT,4389,32,"Chopra,Anuj",14,8,4,2,5,,,1,,,,,,34,3.579
Spring 2026,SCLT,4375,30,"Velarde,Jose Manuel",57,4,2,1,2,,,1,,,,,,67,3.886
Spring 2026,SCLT,3384,30,"Wang,Kailai",15,11,14,4,7,5,2,4,,,,3,1,66,3.015
Spring 2026,SCLT,3385,30,"Poisler,Marco A",20,16,6,6,6,,2,5,,2,1,2,,66,3.188
Spring 2026,SCLT,4312,30,"Kennedy,Elizabeth Heyn",44,15,,1,4,,,1,,,,,,65,3.836
Spring 2026,SCLT,4387,30,"Reyes,Jorge",23,9,4,6,14,1,3,3,,,,,1,64,3.339
Spring 2026,SCLT,3341,30,"Johnson,Patrick",22,9,4,5,6,,1,,1,,,,2,50,3.381
Spring 2026,SCLT,3381,31,"Kennedy,Elizabeth Heyn",24,10,,1,6,,,1,,,,1,,43,3.667
Spring 2026,SCLT,3376,30,"Crockett,Brianne",5,9,5,1,10,,1,1,,,1,,,33,3.313
Spring 2026,SCLT,3375,20,"Chopra,Anuj",10,10,1,1,4,,,2,,,,,,28,3.584
Spring 2026,SCLT,3340,30,"Reyes,Jorge",14,3,2,2,3,,,,,,,,,24,3.681
Spring 2026,SCLT,6314,1,"Bian,Zheyong",10,,,,5,1,,,,,,,,16,3.666
Spring 2026,SCLT,6314,40,"Bian,Zheyong",4,,,,,,,1,,,,,,5,3.666
Spring 2026,SCLT,6320,1,"Wang,Kailai",5,1,,,,,,,,,,,,6,3.945
Spring 2026,SCLT,6320,40,"Wang,Kailai",,,1,,,,,,,,,,,1,3.000
Spring 2026,SCM,3301,02,"Miller,Bradley D",113,57,87,26,50,34,17,37,19,7,9,15,21,492,2.798
Spring 2026,SCM,3301,04,"Miller,Bradley D",74,34,49,16,36,32,25,22,15,8,10,18,33,372,2.476
Spring 2026,SCM,3301,05,"Akshat,Shubham",37,9,14,4,10,5,1,1,2,3,1,,2,89,3.217
Spring 2026,SCM,3301,08,"Akshat,Shubham",7,2,2,4,1,6,2,2,1,1,,2,,30,2.567
Spring 2026,SCM,3301,10,"Jittamai,Amolwan",9,4,3,1,3,4,,1,,1,,1,1,28,2.976
Spring 2026,SCM,3301,01,"Armaghan,Milad",16,2,1,2,5,,,,,,,,,26,3.705
Spring 2026,SCM,3301,09,"Akshat,Shubham",2,3,1,2,5,4,2,3,,,,2,2,26,2.397
Spring 2026,SCM,4330,02,"Cossick,Kathy L",17,5,12,7,4,6,3,4,,,1,,,59,3.085
Spring 2026,SCM,4330,03,"Cossick,Kathy L",12,6,12,6,8,3,,2,1,,,,6,56,2.863
Spring 2026,SCM,4330,01,"Cossick,Kathy L",13,3,6,,2,5,,1,1,,1,,8,40,2.558
Spring 2026,SCM,4330,04,"Cossick,Kathy L",7,2,5,1,,1,1,,,,,,4,21,2.699
Spring 2026,SCM,4301,01,"Tibodeau,Dale",4,9,12,10,15,9,4,5,,,2,2,1,73,2.749
Spring 2026,SCM,4301,02,"Tibodeau,Dale",8,7,12,11,5,5,3,5,,,,1,1,58,2.868
Spring 2026,SCM,4301,03,"Aranda,Derek",9,3,,2,1,1,,,,,,,,16,3.605
Spring 2026,SCM,4350,01,"Schrage,Frances Marie",9,10,26,8,8,,,1,,,,,1,63,3.191
Spring 2026,SCM,4350,02,"Schrage,Frances Marie",3,7,13,9,13,1,,6,1,,,,,53,3.038
Spring 2026,SCM,4350,03,"Schrage,Frances Marie",7,2,2,,1,1,,,,,,,,13,3.590
Spring 2026,SCM,4367,02,"Miller,Bradley D",23,10,9,2,11,,3,1,,,1,,,60,3.439
Spring 2026,SCM,4367,01,"Miller,Bradley D",10,5,9,3,10,2,3,2,2,,2,1,,49,2.959
Spring 2026,SCM,4367,03,"Miller,Bradley D",5,3,,,2,,,1,,,,,,11,3.636
Spring 2026,SCM,4362,01,"Atadeniz,Sukran Nilvana",16,6,11,7,7,11,6,6,,,,,,70,2.957
Spring 2026,SCM,4362,02,"Atadeniz,Sukran Nilvana",4,4,8,1,7,7,,4,,,,,,35,2.971
Spring 2026,SCM,4362,03,"Dillibe,Onyinye",10,,4,,,,,,,,,,,14,3.714
Spring 2026,SCM,4390,01,"Smith,Gordon D",13,10,13,2,8,1,,2,,,,,1,50,3.327
Spring 2026,SCM,4390,02,"Smith,Gordon D",10,8,11,5,7,1,,6,1,,,,,49,3.184
Spring 2026,SCM,4390,03,"Smith,Gordon D",1,3,1,,3,,,,,,,,,8,3.500
Spring 2026,SCM,4311,01,"Tibodeau,Dale",7,16,11,2,30,1,,1,,2,,,1,71,3.248
Spring 2026,SCM,4311,2,"Tibodeau,Dale",4,2,4,,3,1,,3,,1,,,,18,3.055
Spring 2026,SCM,   6A01,02,"Hossain,Md Mahbub",27,5,2,,3,,,,,,,,,37,3.847
Spring 2026,SCM,   6A01,01,"Hossain,Md Mahbub",25,8,1,,2,,,,,,,,,36,3.862
Spring 2026,SCM,4302,01,"Kamal,Saiyid Zafar",31,21,4,6,6,,,,,,,,1,69,3.610
Spring 2026,SCM,4351,01,"McBride,Adam",34,3,,,,,,,,,,,,37,3.973
Spring 2026,SCM,4351,02,"McBride,Adam",7,,,,,,,,,,,,,7,4.000
Spring 2026,SCM,4380,01,"Schrage,Frances Marie",12,4,10,5,10,2,,,,,,,1,44,3.258
Spring 2026,SCM,7330,05,"Hosseinabadi Farahani,Mehdi",4,3,6,1,2,,,,,,,,1,17,3.196
Spring 2026,SCM,7330,03,"Hosseinabadi Farahani,Mehdi",3,1,2,1,2,,,1,,,,,,10,3.333
Spring 2026,SCM,7335,01,"Robinson Jr,Powell Ersell",9,2,1,1,3,,,,,,,,,16,3.688
Spring 2026,SCM,7335,02,"Sahin,Funda",2,3,3,,,,,,,,,,1,9,3.112
Spring 2026,SCM,   7A01,01,"Tibodeau,Dale",2,7,2,3,,,,,,,,,,14,3.407
Spring 2026,SCM,   7A01,02,"Tibodeau,Dale",6,1,1,1,,,,1,,,,,,10,3.567
Spring 2026,SCM,7320,01,"Murray,Michael J",4,2,2,3,3,,,,,,,,,14,3.381
Spring 2026,SCM,7320,02,"Murray,Michael J",,1,2,2,1,,,,,,,,,6,3.057
Spring 2026,SCM,4385,01,"Murray,Michael J",6,4,3,,1,,,2,,,,,,16,3.479
Spring 2026,SCM,7350,01,"Smith,Gordon D",1,1,3,1,4,2,,2,,,,1,,15,2.755
Spring 2026,SCM,7390,01,"Smith,Gordon D",5,3,,,1,,,,,,,,,9,3.816
Spring 2026,SCM,7390,02,"Smith,Gordon D",1,1,,,2,,,,,,,,,4,3.583
Spring 2026,SCM,8397,03,"Hosseinabadi Farahani,Mehdi",1,1,,1,1,,,,,,,,,4,3.418
Spring 2026,SCM,8397,01,"Li,Meng",3,,,,,,,,,,,,,3,4.000
Spring 2026,SEDE,7340,03,"Hutchison,Laveria F",10,,,,,,,,,,,,,10,4.000
Spring 2026,SEDE,7340,01,"Russell IV,Glen Curtis",3,,,1,2,1,,,,,,,,7,3.333
Spring 2026,SEDE,4311,01,"Ukandu,Leslie",7,,,,,1,,,,,,,,8,3.750
Spring 2026,SGNL,1301,2,"Brittain,Terrell",,3,3,1,,1,1,3,,1,1,,6,20,1.767
Spring 2026,SGNL,1301,5,"Brittain,Terrell",2,1,2,2,1,1,,1,,,,3,4,17,1.804
Spring 2026,SGNL,1301,3,"Brittain,Robyn Michelle",,1,,2,,1,,1,1,,1,2,7,16,0.979
Spring 2026,SGNL,1301,1,"Brittain,Terrell",,2,2,,1,2,2,,,1,,2,3,15,1.645
Spring 2026,SGNL,1302,4,"Brittain,Terrell",3,4,1,8,2,,,4,,,,,,22,3.046
Spring 2026,SGNL,1302,3,"Mann,Lyman Joseph",2,2,3,1,1,4,,4,1,,,,1,19,2.561
Spring 2026,SGNL,1302,5,"Brittain,Robyn Michelle",,1,1,4,4,,5,2,,,,2,,19,2.299
Spring 2026,SGNL,2302,02,"Brittain,Terrell",3,10,2,3,4,,,2,1,,,,1,26,3.142
Spring 2026,SGNL,2302,01,"Gietz,Merrilee Ruth",1,2,3,1,2,2,1,1,,,,,1,14,2.691
Spring 2026,SGNL,2301,1,"Mann,Lyman Joseph",1,3,5,2,1,3,,2,,,,,,17,2.902
Spring 2026,SGNL,2301,2,"Gietz,Merrilee Ruth",,,1,1,,,1,1,,,,,1,5,1.934
Spring 2026,SOC,3311,2,"Gallo,Joseph Ralph",33,,10,,,3,,,1,,,1,,48,3.521
Spring 2026,SOC,3311,1,"Gallo,Joseph Ralph",28,,4,,,3,,,2,,,1,2,40,3.300
Spring 2026,SOC,3300,2,"Smith,Chance Adam",29,4,1,,,3,,,2,,1,4,,44,3.250
Spring 2026,SOC,3300,1,"Grigorian,Stella",7,8,9,4,2,1,2,2,2,,,,2,39,2.915
Spring 2026,SOC,3344,2,"Davis,Mary A",24,3,7,1,1,1,,2,,,,1,1,41,3.431
Spring 2026,SOC,3344,1,"Davis,Mary A",13,8,8,,1,1,1,2,,,,1,4,39,3.001
Spring 2026,SOC,3382,1,"Adams,Jennifer Lauren",16,7,5,1,2,3,,1,1,1,1,1,2,41,3.057
Spring 2026,SOC,3382,2,"Gallo,Joseph Ralph",24,,3,,1,4,,,2,,,2,3,39,3.034
Spring 2026,SOC,3315,03,"Colbert,Sharla Stettnisch",12,10,4,3,3,1,2,1,,,,,2,38,3.220
Spring 2026,SOC,3315,1,"Brailey,Carla",28,2,1,1,,,,,,,,,5,37,3.379
Spring 2026,SOC,3314,1,"Gallo,Joseph Ralph",27,,7,,,5,,,,,,,1,40,3.475
Spring 2026,SOC,3314,2,"Gallo,Joseph Ralph",20,,9,,,3,,,1,,,,1,34,3.353
Spring 2026,SOC,3313,1,"Nelson,Steven M",11,8,9,5,1,5,,3,3,3,,1,1,50,2.781
Spring 2026,SOC,3360,1,"Grigorian,Stella",18,7,3,2,8,1,3,2,1,,1,1,2,49,3.116
Spring 2026,SOC,3371,1,"Lee,Shayne",18,12,5,4,7,,,1,2,,,,,49,3.456
Spring 2026,SOC,3397,1,"Purdum,Jordan Carlee",29,4,4,4,4,1,3,,,,,,,49,3.545
Spring 2026,SOC,3312,1,"Nelson,Steven M",14,5,7,1,4,6,2,2,1,,2,1,3,48,2.813
Spring 2026,SOC,3340,1,"Lee,Shayne",21,2,6,4,12,2,,1,,,,,,48,3.465
Spring 2026,SOC,3351,1,"Anderson,Kathryn",20,3,5,7,1,4,4,1,,,1,,2,48,3.049
Spring 2026,SOC,3327,1,"Smith,Chance Adam",41,2,1,,2,,,,,,1,,,47,3.879
Spring 2026,SOC,3363,1,"Katz,Sheila",18,8,1,4,6,1,,1,,1,,5,,45,3.112
Spring 2026,SOC,3337,1,"Colbert,Sharla Stettnisch",16,5,1,1,8,3,,2,1,2,2,,1,42,3.103
Spring 2026,SOC,3316,1,"Haltom,Trenton Matthews",9,6,5,3,6,1,3,3,,1,1,2,1,41,2.854
Spring 2026,SOC,3343,1,"Smith,Chance Adam",33,3,,,,1,,,,,,4,,41,3.537
Spring 2026,SOC,3352,1,"Baumle,Amanda K",14,3,6,2,5,3,1,1,2,,2,1,1,41,2.967
Spring 2026,SOC,3342,1,"Brailey,Carla",37,1,,,,,,1,,,,,1,40,3.850
Spring 2026,SOC,3375,1,"Brailey,Carla",37,,,1,,1,,,,,,,1,40,3.817
Spring 2026,SOC,3378,1,"Karner,Tracy Xavia",5,3,8,5,5,2,4,2,,,,2,4,40,2.509
Spring 2026,SOC,3335,1,"Adams,Jennifer Lauren",17,6,4,1,3,,,,,,,2,6,39,2.941
Spring 2026,SOC,3350,1,"Kwan,Samantha S",26,5,3,1,1,,,,,1,,1,1,39,3.539
Spring 2026,SOC,3338,1,"Colbert,Sharla Stettnisch",22,3,4,3,1,2,,,2,,,1,,38,3.378
Spring 2026,SOC,3365,1,"Quiroz,Pamela Anne",4,7,11,3,3,2,,,,,,1,2,33,2.930
Spring 2026,SOC,3400,4,"Baumle,Amanda K",9,3,1,,1,6,2,,1,1,,2,3,29,2.426
Spring 2026,SOC,6397,2,"Haltom,Trenton Matthews",4,6,2,,1,,,,,,,,2,15,3.157
Spring 2026,SOC,6397,1,"Monserud,Maria Aleksandrovna",8,,,,2,,,,,,,,2,12,3.222
Spring 2026,SOC,3301,1,"Kwan,Samantha S",5,4,3,2,3,5,,1,,,1,,,24,3.028
Spring 2026,SOC,3323,1,"Langa,Neema Michael",9,2,,,2,,,,,,1,,,14,3.666
Spring 2026,SOC,4394,1,"Karner,Tracy Xavia",5,,1,,,,1,,,,,,5,12,2.056
Spring 2026,SOC,6311,01,"Katz,Sheila",4,1,1,,,,,,,,,,2,8,2.834
Spring 2026,SOC,6306,2,"Savage,Scott Vandenburgh",1,2,1,,,,,,,,,,2,6,2.390
Spring 2026,SOC,7399,7,"Tuthill,Zelma",2,,,,,,,,,,,,,2,4.000
Spring 2026,SOC,7399,2,"Kwan,Samantha S",1,,,,,,,,,,,,,1,4.000
Spring 2026,SOC,7399,3,"Langa,Neema Michael",1,,,,,,,,,,,,,1,4.000
Spring 2026,SOC,7399,5,"Katz,Sheila",1,,,,,,,,,,,,,1,4.000
Spring 2026,SOC,7399,6,"Baumle,Amanda K",1,,,,,,,,,,,,,1,4.000
Spring 2026,SOC,6398,1,"Kwan,Samantha S",1,,,,,,,,,,,,,1,4.000
Spring 2026,SOC,7396,1,"Anderson,Kathryn",1,,,,,,,,,,,,,1,4.000
Spring 2026,SOCI,1301,01,"Smith,Chance Adam",37,2,8,5,4,,1,,1,,,,2,60,3.478
Spring 2026,SOCI,1301,05,"Cooper,Chelsey Wells",31,10,7,2,4,1,,,,,2,2,1,60,3.417
Spring 2026,SOCI,1301,06,"Cooper,Chelsey Wells",35,8,7,1,5,1,1,1,,,,1,,60,3.595
Spring 2026,SOCI,1301,09,"Nelson,Steven M",12,9,11,2,4,9,2,2,2,,,,7,60,2.678
Spring 2026,SOCI,1301,07,"Nelson,Steven M",11,7,6,1,4,11,4,1,,1,1,4,8,59,2.317
Spring 2026,SOCI,1301,10,"Adams,Jennifer Lauren",15,6,5,4,3,8,2,2,2,,,6,6,59,2.435
Spring 2026,SOCI,1301,02,"Smith,Chance Adam",32,6,4,3,,,1,,,,,2,3,51,3.367
Spring 2026,SOCI,1301,08,"Cooper,Chelsey Wells",35,4,3,3,2,,,1,,,1,1,,50,3.640
Spring 2026,SOCI,1301,11,"Cooper,Chelsey Wells",30,5,9,2,1,1,,,,,,1,1,50,3.520
Spring 2026,SOCI,1301,12,"Adams,Jennifer Lauren",14,7,9,3,2,5,1,2,1,,,,6,50,2.814
Spring 2026,SOCI,1301,13,"Davis,Mary A",32,10,1,2,1,2,,1,,,1,,,50,3.681
Spring 2026,SOCI,1301,14,"Adams,Jennifer Lauren",24,4,4,3,1,1,4,1,1,,,3,4,50,2.921
Spring 2026,SOCI,1301,15,"Cooper,Chelsey Wells",36,5,2,,1,3,,,,,,,2,49,3.626
Spring 2026,SOCI,1301,16,"Colbert,Sharla Stettnisch",29,,5,2,2,1,,2,,1,,1,1,44,3.417
Spring 2026,SOCW,7342,5,"Parks,Steven Lee",25,,3,,,,,,,,,,,28,3.893
Spring 2026,SOCW,7342,6,"Smith,Limor",26,,,,,1,,,,,,,,27,3.926
Spring 2026,SOCW,7342,4,"Parks,Steven Lee",23,,3,,,,,,,,,,,26,3.885
Spring 2026,SOCW,7342,7,"Campbell PhD,Rosalyn Denise",24,,,,,,,,,,,,,24,4.000
Spring 2026,SOCW,7342,2,"Boyd,Reiko K",21,,,,,,,,,,,,,21,4.000
Spring 2026,SOCW,7342,1,"Parks,Steven Lee",16,,2,,,1,,,,,,1,,20,3.600
Spring 2026,SOCW,7342,10,"Mollhagen,Amber Mayo",18,,2,,,,,,,,,,,20,3.900
Spring 2026,SOCW,7342,3,"Robinson,Demetria L",7,,8,,,2,,,,,,1,,18,3.111
Spring 2026,SOCW,7342,8,"Parks,Steven Lee",17,,,,,,,,,,,,,17,4.000
Spring 2026,SOCW,7342,9,"Campbell PhD,Rosalyn Denise",13,,2,,,,,,,,,,,15,3.867
Spring 2026,SOCW,7325,1,"Amtsberg,Donna K",27,,,,,,,,,,,,,27,4.000
Spring 2026,SOCW,7325,7,"O'neal,Vaughn P",27,,,,,,,,,,,,,27,4.000
Spring 2026,SOCW,7325,2,"Amtsberg,Donna K",24,,1,,,,,,,,,,,25,3.960
Spring 2026,SOCW,7325,3,"Windham,Amanda",25,,,,,,,,,,,,,25,4.000
Spring 2026,SOCW,7325,6,"Taylor,Patricia G",24,,,,,,,,,,,,,24,4.000
Spring 2026,SOCW,7325,4,"Jenkins,Danielle",20,,3,,,,,,,,,,,23,3.870
Spring 2026,SOCW,7325,10,"Norvell,Jeremiah Wesley",20,,1,,,,,,,,,,,21,3.952
Spring 2026,SOCW,7325,5,"Norvell,Jeremiah Wesley",19,,1,,,,,,,,,,,20,3.950
Spring 2026,SOCW,7325,9,"Viverette,April C",15,,1,,,,,,,,,,,16,3.938
Spring 2026,SOCW,7397,1,"Bagneris,Jessica Rene'",29,,,,,,,,,,,,,29,4.000
Spring 2026,SOCW,7397,2,"Amtsberg,Donna K",27,,1,,,,,,,,,,,28,3.964
Spring 2026,SOCW,7397,5,"Webb,Ann E",25,,1,,,,,,,,,1,1,28,3.679
Spring 2026,SOCW,7397,6,"Fernandez,Jason",25,,1,,,,,,,,,1,,27,3.815
Spring 2026,SOCW,7397,3,"Ruiz,Ashley Brown",22,,1,,,1,,,,,,1,,25,3.720
Spring 2026,SOCW,7397,7,"Bagneris,Jessica Rene'",14,,,,,,,,,,,,,14,4.000
Spring 2026,SOCW,6305,1,"Jacobs,Alexandra L",26,,2,,,3,,,,,,,,31,3.742
Spring 2026,SOCW,6305,2,"Boyd,Reiko K",29,,,,,1,,,,,,1,,31,3.806
Spring 2026,SOCW,6305,3,"Davies,Holly",8,,16,,,2,,,,,,,1,27,3.111
Spring 2026,SOCW,7343,2,"Miyawaki,Christina E",15,,10,,,,,,,,,,,25,3.600
Spring 2026,SOCW,7343,3,"McMorris,Saralyn Dionne",23,,,,,,,,,,,,,23,4.000
Spring 2026,SOCW,7343,4,"Miyawaki,Christina E",10,,12,,,1,,,,,,,,23,3.391
Spring 2026,SOCW,7343,6,"McMorris,Saralyn Dionne",16,,,,,,,,,,,,,16,4.000
Spring 2026,SOCW,6307,1,"Vogel,Alicia Nicole",27,,1,,,,,,,,,,1,29,3.828
Spring 2026,SOCW,6307,2,"Dettlaff,Alan J",29,,,,,,,,,,,,,29,4.000
Spring 2026,SOCW,6307,3,"Dettlaff,Alan J",26,,,,,,,,,,,,,26,4.000
Spring 2026,SOCW,7337,2,"Berger Cardoso,Jodi A",27,,1,,,,,,,,,,,28,3.964
Spring 2026,SOCW,7337,1,"Berger Cardoso,Jodi A",23,,3,,,,,,,,,,,26,3.885
Spring 2026,SOCW,7337,3,"Maldonado-Morales,Maria Ximena",26,,,,,,,,,,,,,26,4.000
Spring 2026,SOCW,7366,2,"Robinson,Demetria L",26,,2,,,,,,,,,,,28,3.929
Spring 2026,SOCW,7366,01,"Webb,Ann E",22,,,,,,,,,,,,,22,4.000
Spring 2026,SOCW,7367,1,"Ortiz,Lillian Aguirre",27,,,,,,,,,,,,,27,4.000
Spring 2026,SOCW,7367,2,"LaChapelle-Friday,Alicia Renee",17,,,,,,,,,,,,,17,4.000
Spring 2026,SOCW,7313,1,"Hartley,Jessica",28,,1,,,,,,,,,,,29,3.966
Spring 2026,SOCW,7329,2,"LaChapelle-Friday,Alicia Renee",15,,,,,,,,,,,,,15,4.000
Spring 2026,SOCW,7329,1,"Ortiz,Lillian Aguirre",13,,,,,,,,,,,,,13,4.000
Spring 2026,SOCW,7302,1,"Charles,Janea Nicole Adams",25,,2,,,,,,,,,,,27,3.926
Spring 2026,SOCW,7339,1,"Stagg,Helen Ruth",26,,,,,1,,,,,,,,27,3.926
Spring 2026,SOCW,7347,1,"Mendoza,Yvonne Anette",27,,,,,,,,,,,,,27,4.000
Spring 2026,SOCW,7303,1,"Berger Cardoso,Jodi A",20,,5,,,,,,,,,1,,26,3.654
Spring 2026,SOCW,7320,1,"Dettlaff,Alan J",26,,,,,,,,,,,,,26,4.000
Spring 2026,SOCW,7340,2,"Rivera,Jaime",24,,2,,,,,,,,,,,26,3.923
Spring 2026,SOCW,7371,1,"Boyd,Reiko K",24,,1,,,,,,,,,,,25,3.960
Spring 2026,SOCW,7378,1,"Arscott,Kristina",24,,,,,,,,,,,,,24,4.000
Spring 2026,SOCW,7330,1,"Guzman,Paola E",19,,1,,,,,,,,,,,20,3.950
Spring 2026,SOCW,7309,1,"Battle,Jennifer Alene",15,2,,,,,,,,,,,,17,3.961
Spring 2026,SOCW,7312,1,"Gearing,Robin Edward",14,,1,,,,,,,,,,1,16,3.688
Spring 2026,SOCW,7334,1,"LaChapelle-Friday,Alicia Renee",15,,,,,,,,,,,,,15,4.000
Spring 2026,SOCW,7344,1,"Barthelemy,Juan",12,,2,,,,,,,,,,,14,3.857
Spring 2026,SOCW,7310,1,"Rose,Alexis Lee",12,,,,,,,,,,,,,12,4.000
Spring 2026,SOCW,7319,1,"Foster,Charday D",12,,,,,,,,,,,,,12,4.000
Spring 2026,SOCW,7360,1,"Gearing,Robin Edward",12,,,,,,,,,,,,,12,4.000
Spring 2026,SOCW,8999,02,"Ali,Samira Bano",4,,,,,,,,,,,,,4,4.000
Spring 2026,SOCW,8999,01,"Walton,Quenette",3,,,,,,,,,,,,,3,4.000
Spring 2026,SOCW,8999,03,"Leung,Yuk-Hi Patrick",1,,,,,,,,,,,,,1,4.000
Spring 2026,SOCW,8999,04,"Berger Cardoso,Jodi A",1,,,,,,,,,,,,,1,4.000
Spring 2026,SOCW,8999,08,"Borja,Sharon G",1,,,,,,,,,,,,,1,4.000
Spring 2026,SOCW,8327,01,"Gearing,Robin Edward",9,,,,,,,,,,,,,9,4.000
Spring 2026,SOCW,7374,1,"Robbins,Susan P",8,,,,,,,,,,,,,8,4.000
Spring 2026,SOCW,8344,01,"Walton,Quenette",6,,1,,,,,,,,,,,7,3.857
Spring 2026,SOCW,7398,1,"Lucas,Virginia",1,,,,,,,,,,,,,1,4.000
Spring 2026,SOCW,7398,3,"Ortiz,Lillian Aguirre",1,,,,,,,,,,,,,1,4.000
Spring 2026,SOCW,7398,4,"Fernandez,Jason",1,,,,,,,,,,,,,1,4.000
Spring 2026,SOCW,7398,5,"Amtsberg,Donna K",1,,,,,,,,,,,,,1,4.000
Spring 2026,SOCW,7398,6,"Amtsberg,Donna K",1,,,,,,,,,,,,,1,4.000
Spring 2026,SOCW,7398,7,"LaChapelle-Friday,Alicia Renee",1,,,,,,,,,,,,,1,4.000
Spring 2026,SOCW,8425,01,"Torres,Isabel",6,,,,,,,,,,,,,6,4.000
Spring 2026,SOCW,6194,1,"Carter,Cynthia J",,,,,,,,,,,,,4,4,0.000
Spring 2026,SOCW,8398,02,"Ali,Samira Bano",1,,,,,,,,,,,,,1,4.000
Spring 2026,SOCW,8398,03,"Borja,Sharon G",1,,,,,,,,,,,,,1,4.000
Spring 2026,SOCW,8398,04,"Amtsberg,Donna K",1,,,,,,,,,,,,,1,4.000
Spring 2026,SOCW,8334,01,"Ali,Samira Bano",2,,,,,,,,,,,,,2,4.000
Spring 2026,SOCW,3330,01,"Guzman,Paola E",1,,,,,,,,,,,,,1,4.000
Spring 2026,SOCW,8322,01,"Davies,Holly",1,,,,,,,,,,,,,1,4.000
Spring 2026,SPAC,6203,01,"Toups,Larry David",12,,,,,,,,,,,,,12,4.000
Spring 2026,SPAC,7410,1,"Bell,Larry S",3,2,,3,3,,,,,,,,,11,3.395
Spring 2026,SPAC,6403,01,"Bannova,Olga",1,7,,,2,,,,,,,,,10,3.635
Spring 2026,SPAC,6298,1,"Bell,Larry S",3,3,,2,,,,,,,,,,8,3.544
Spring 2026,SPAC,6398,1,"Netti,Vittorio",4,2,1,,,,,,,,,,,7,3.763
Spring 2026,SPAC,6405,01,"Bannova,Olga",2,,,,,,,,,,,,,2,4.000
Spring 2026,SPAN,1501,13,"Herbas Loureiro,Florencia",1,6,4,6,3,2,,3,,,,,,25,3.001
Spring 2026,SPAN,1501,17,"Ruiz Rivera,Gaddiel Francisco",2,5,3,2,1,3,,2,1,,,3,3,25,2.227
Spring 2026,SPAN,1501,05,"Morales Utria,Yordanis",4,2,1,,4,2,3,3,1,,,3,1,24,2.361
Spring 2026,SPAN,1501,19,"Caula,Ana Maria",4,1,3,4,,4,1,1,1,,1,1,2,23,2.334
Spring 2026,SPAN,1501,07,"Obando Valbuena,Diana Lorena",4,1,4,,2,2,3,,1,,,1,3,21,2.302
Spring 2026,SPAN,1501,03,"Torres-Calle,Maria Jose",10,3,,1,1,1,1,2,,,,,1,20,3.267
Spring 2026,SPAN,1501,09,"Reyes Neira,Javier Alfonso",2,5,2,2,1,2,2,2,,,,,2,20,2.651
Spring 2026,SPAN,1501,15,"del Castillo Garza,Alejandro",3,1,,2,2,,2,1,2,1,1,1,3,19,1.965
Spring 2026,SPAN,1501,01,"Guimaraes Cardozo,Luiz Paulo",3,3,4,1,2,1,1,1,,,,1,,17,2.961
Spring 2026,SPAN,1502,21,"Fleecs,Sandra",2,3,4,2,4,1,,6,,,,,3,25,2.626
Spring 2026,SPAN,1502,19,"Bello Malagon,Ana Maribel",7,4,4,1,5,,,,,,,1,1,23,3.217
Spring 2026,SPAN,1502,09,"Hernandez,Estela",1,1,1,1,5,3,1,4,,,,4,,21,2.237
Spring 2026,SPAN,1502,25,"Chavez,Maria Margarita",2,3,3,3,2,,1,1,,,,4,2,21,2.223
Spring 2026,SPAN,1502,05,"Fernandez-Asenjo,Maria-Mercedes",4,2,2,3,1,2,1,,,1,,1,3,20,2.351
Spring 2026,SPAN,1502,11,"Iniguez Alba,Marco Octavio",2,2,7,3,1,2,,2,,,,,1,20,2.817
Spring 2026,SPAN,1502,01,"Jager Lopezllera,Valentina Kathe",3,1,1,1,3,3,3,1,,,1,,2,19,2.421
Spring 2026,SPAN,1502,07,"Martinez,Raquel",2,1,4,2,2,2,,2,1,,,1,2,19,2.386
Spring 2026,SPAN,1502,13,"Molina Vargas,Oscar Ivan",1,1,3,2,2,,2,1,,1,,2,2,17,2.059
Spring 2026,SPAN,2312,14,"Falahasl,Hamideh",,,5,2,2,4,4,3,2,1,2,,1,26,2.077
Spring 2026,SPAN,2312,09,"Borroto Lopez,Cecilia De La Caridad",1,1,6,2,1,6,2,3,,,1,2,,25,2.320
Spring 2026,SPAN,2312,06,"Borroto Lopez,Cecilia De La Caridad",,3,3,5,2,1,1,1,1,,,1,4,22,2.137
Spring 2026,SPAN,2312,02,"Campos Gonzalez,Lilia Cristina",1,2,4,3,1,3,2,3,1,,,,,20,2.601
Spring 2026,SPAN,2312,03,"Miranda Moreno,Sujaila Abigail",1,1,,3,3,6,1,,,,,3,2,20,1.967
Spring 2026,SPAN,2312,04,"Lumbierres Pallas,Maria Pilar",1,,4,3,4,3,1,2,1,,,,1,20,2.533
Spring 2026,SPAN,2312,05,"Miranda Moreno,Sujaila Abigail",2,1,1,3,1,4,4,3,,,,1,,20,2.384
Spring 2026,SPAN,2312,13,"Lumbierres Pallas,Maria Pilar",,2,2,4,2,3,2,2,,1,,1,1,20,2.268
Spring 2026,SPAN,2312,01,"Falahasl,Hamideh",,1,,1,2,1,2,1,1,,1,1,1,12,1.917
Spring 2026,SPAN,2311,06,"Cruz Lopez,Maria Elena",2,3,1,2,1,8,4,3,,,1,,1,26,2.372
Spring 2026,SPAN,2311,07,"Cruz Lopez,Maria Elena",5,3,4,2,2,4,,2,,,2,,1,25,2.813
Spring 2026,SPAN,2311,04,"Scalzo,Dillon S",5,,6,5,4,,,2,,,,,,22,3.151
Spring 2026,SPAN,2311,03,"Scalzo,Dillon S",,5,3,3,3,,,1,,,1,,4,20,2.451
Spring 2026,SPAN,2311,02,"Gellon,Sofia",1,1,,2,1,2,1,4,,,2,,5,19,1.789
Spring 2026,SPAN,2311,01,"Serrano,Paloma A",1,2,3,1,4,1,1,,,,1,2,2,18,2.296
Spring 2026,SPAN,1507,05,"Rodriguez Mora,Camilo Andres",10,2,1,,4,2,,,,,1,3,1,24,2.875
Spring 2026,SPAN,1507,03,"Ruiz,Eugenia Maria",,2,2,6,2,1,3,2,,,,4,1,23,2.073
Spring 2026,SPAN,1507,01,"Carrion Rivera,Lydiette",7,1,2,1,1,1,,,,2,,2,1,18,2.612
Spring 2026,SPAN,2307,03,"Sisk,Christina L",2,,3,8,2,1,1,2,,,,2,,21,2.540
Spring 2026,SPAN,2307,04,"Navarro,Elias David",9,,5,,,2,1,,,3,,,,20,2.934
Spring 2026,SPAN,2610,04,"Reyes Ferrufino,Diana Eufemia",,2,,4,1,3,1,,1,1,1,,4,18,1.779
Spring 2026,SPAN,2610,01,"Nieves Cabrera,Wendy",,,2,2,1,4,3,4,,,,1,,17,2.176
Spring 2026,SPAN,2308,04,"Ruiz,Eugenia Maria",2,5,1,1,3,1,3,2,1,,,1,,20,2.734
Spring 2026,SPAN,2308,1,"Malacara Sanchez,Jonathan Jorge",2,6,3,,1,1,,,,,,,,13,3.412
Spring 2026,SPAN,3339,01,"Zubiate,Maria Laura",11,2,4,2,2,2,,,,,,1,,24,3.306
Spring 2026,SPAN,2615,02,"Gutierrez,Pedro Revuelta",7,2,1,1,5,2,1,1,,,,,2,22,2.985
Spring 2026,SPAN,3305,01,"Gutierrez,Manuel J",13,,2,,1,,1,3,,1,,,1,22,3.212
Spring 2026,SPAN,3384,03,"Ruisanchez Serra,Jose Ramon",7,1,3,2,2,,,,,1,,2,1,19,2.807
Spring 2026,SPAN,3306,02,"Fairclough,Marta A",6,3,2,1,3,,,1,,,,,1,17,3.294
Spring 2026,SPAN,3308,02,"Hasbun,Rodrigo",6,2,1,,3,2,,,,,,,,14,3.452
Spring 2026,SPAN,3343,01,"Zubiate,Maria Laura",2,6,4,,1,,,,,,,,1,14,3.239
Spring 2026,SPAN,6396,2,"Zubiate,Maria Laura",8,1,,,,,,,,,,,,9,3.963
Spring 2026,SPAN,6396,1,"Solino,Maria Elena",3,1,1,,,,,,,,,,,5,3.734
Spring 2026,SPAN,3302,01,"Cuesta,Mabel",9,,,1,,1,,,,,,1,1,13,3.128
Spring 2026,SPAN,6353,1,"Gutierrez,Manuel J",10,1,,1,,,,,,,,,,12,3.862
Spring 2026,SPAN,3307,01,"Cuesta,Mabel",3,1,1,,1,2,1,,,,,1,1,11,2.515
Spring 2026,SPAN,6397,1,"Ventura,Gabriela Baeza",10,,1,,,,,,,,,,,11,3.909
Spring 2026,SPAN,4357,1,"Goodin-Mayeda,Carrie Elizabeth",4,,,,,1,1,1,,1,,,,8,2.834
Spring 2026,SPAN,7338,1,"Kanellos,Nicolas",8,,,,,,,,,,,,,8,4.000
Spring 2026,SPAN,6320,1,"Lopez Otero,Julio Cesar",5,2,,,,,,,,,,,,7,3.906
Spring 2026,SPAN,6398,02,"Kanellos,Nicolas",2,,,,,,,,,,,,,2,4.000
Spring 2026,SPAN,6398,01,"Chavez,Maria Margarita",,1,,,,,,,,,,,,1,3.670
Spring 2026,SPAN,6398,03,"Hasbun,Rodrigo",1,,,,,,,,,,,,,1,4.000
Spring 2026,SPAN,6398,04,"Rivera Garza,Cristina",1,,,,,,,,,,,,,1,4.000
Spring 2026,SPAN,6398,06,"Ventura,Gabriela Baeza",1,,,,,,,,,,,,,1,4.000
Spring 2026,SPAN,6398,07,"Lopez Otero,Julio Cesar",1,,,,,,,,,,,,,1,4.000
Spring 2026,SPAN,7301,1,"Solino,Maria Elena",7,,,,,,,,,,,,,7,4.000
Spring 2026,SPAN,6395,2,"Arboleda,Paola",4,1,,,,,,,,,,,1,6,3.278
Spring 2026,SPAN,8699,01,"Rivera Garza,Cristina",3,,,,,,,,,,,,,3,4.000
Spring 2026,SPAN,8699,02,"Sisk,Christina L",1,,,,,,,,,,,,,1,4.000
Spring 2026,SPAN,8699,03,"Ventura,Gabriela Baeza",1,,,,,,,,,,,,,1,4.000
Spring 2026,SPAN,8699,10,"Hasbun,Rodrigo",1,,,,,,,,,,,,,1,4.000
Spring 2026,SPAN,3301,01,"Sisk,Christina L",3,1,,,,,,,,,,,,4,3.918
Spring 2026,SPAN,4398,1,"Arboleda,Paola",2,1,,,1,,,,,,,,,4,3.750
Spring 2026,SPAN,8399,01,"Rivera Garza,Cristina",1,,,,,,,,,,,,,1,4.000
Spring 2026,SPAN,8399,02,"Sisk,Christina L",1,,,,,,,,,,,,,1,4.000
Spring 2026,SPAN,8399,06,"Kanellos,Nicolas",1,,,,,,,,,,,,,1,4.000
Spring 2026,SPAN,7391,1,"Zamora,Lois",,1,,,1,,,,,,,,,2,3.500
Spring 2026,SPAN,6399,1,"Gutierrez,Manuel J",1,,,,,,,,,,,,,1,4.000
Spring 2026,SPAN,7399,1,"Gutierrez,Manuel J",1,,,,,,,,,,,,,1,4.000
Spring 2026,SPCH,1318,2,"Uhrick,Jan",9,5,,1,5,1,1,,,2,,,1,25,3.147
Spring 2026,SPEC,4364,01,"Govan,Kordney J",27,2,3,3,3,,,1,,,,1,1,41,3.529
Spring 2026,SPEC,7392,01,"Rigby-Wills,Hope",6,7,,,1,,,,,,,,,14,3.787
Spring 2026,SPEC,7392,2,"Gomez,Mertie",10,,,,,,,,,,,,,10,4.000
Spring 2026,SPEC,8376,1,"Dulas,Heather",14,5,1,1,,,,,,,,,,21,3.810
Spring 2026,SPEC,8376,2,"Dulas,Heather",1,,,,,,,,,,,,,1,4.000
Spring 2026,SPEC,7343,01,"Santi,Kristi L",4,8,4,1,3,,,,,,1,,,21,3.398
Spring 2026,SPEC,6360,01,"Dulas,Heather",14,2,,1,,,,,,,,2,,19,3.474
Spring 2026,SPEC,3373,1,"Carp,Charlotte Lynn",9,4,2,,1,,1,,,,,,,17,3.628
Spring 2026,SPEC,2350,01,"Carp,Charlotte Lynn",2,4,2,2,3,,,1,,,,1,,15,3.089
Spring 2026,SPEC,4365,01,"Rigby-Wills,Hope",4,2,1,4,2,,,1,,,,,,14,3.286
Spring 2026,SPEC,6362,01,"Rigby-Wills,Hope",3,5,3,,2,,,1,,,,,,14,3.453
Spring 2026,SPEC,3372,1,"Carp,Charlotte Lynn",6,5,,,1,1,,,,,,,,13,3.668
Spring 2026,SPEC,4362,01,"Richardson,Amy Renee",5,6,1,,1,,,,,,,,,13,3.719
Spring 2026,SPEC,6365,01,"Rigby-Wills,Hope",3,3,2,2,1,,,2,,,,,,13,3.257
Spring 2026,SPEC,6373,1,"Carp,Charlotte Lynn",7,2,,,,,,,,,,2,,11,3.213
Spring 2026,SPEC,6370,1,"Hyde,Shelley Suzanne",1,5,,,1,,,,,,,2,,9,2.853
Spring 2026,SPEC,6372,1,"Carp,Charlotte Lynn",5,1,,,1,,,,,,,,,7,3.857
Spring 2026,STAT,3331,03,"Wiley,Briceon C",34,34,36,15,12,10,14,23,11,6,12,4,21,232,2.486
Spring 2026,STAT,3331,02,"Wiley,Briceon C",30,25,21,17,10,18,15,17,8,17,7,4,19,208,2.321
Spring 2026,STAT,3331,01,"Wiley,Briceon C",15,11,2,4,8,5,3,2,1,1,3,1,14,70,2.415
Spring 2026,SYSE,3340,01,"Larif,Oumaima",15,7,,,1,,1,,,,,,,24,3.779
Spring 2026,SYSE,3355,01,"Larif,Oumaima",10,,,,,,,,,,,,,10,4.000
Spring 2026,SYSE,4334,1,"Govindu,Nirathi Keerthi",3,2,2,,1,,,,,,,,,8,3.584
Spring 2026,SYSE,4111,1,"Peng,Jiming Ouyang",7,,,,,,,,,,,,,7,4.000
Spring 2026,TECH,1301,30,"Roberts,Phyllis Rayburn",19,5,5,3,3,3,,3,,,1,2,3,47,3.014
Spring 2026,TECH,1301,31,"Thornton,Brandon Latroy",28,1,1,,,1,,,,,,1,,32,3.771
Spring 2026,TECH,3365,31,"Thornton,Brandon Latroy",37,3,7,1,,5,,,1,2,,2,,58,3.362
Spring 2026,TECH,6360,30,"Thornton,Brandon Latroy",8,,1,,,,1,,,,,,,10,3.667
Spring 2026,TECH,6360,40,"Thornton,Brandon Latroy",3,,,1,,,,,,,,,,4,3.668
Spring 2026,TEPM,6301,40,"Sherman,Dennis Louis",13,,6,,,,,,,,,,,19,3.684
Spring 2026,TEPM,6301,20,"Sherman,Dennis Louis",8,,2,,,,,,,,,,,10,3.800
Spring 2026,TEPM,6395,1,"Carden,Lila L",9,2,,,,,,,,,,,,11,3.940
Spring 2026,TEPM,6395,20,"Carden,Lila L",8,,,,,,,,,,,,,8,4.000
Spring 2026,TEPM,6395,40,"Carden,Lila L",,2,,,,,,,,,,,,2,3.670
Spring 2026,TEPM,6303,20,"Hopkins,Ronald K",5,5,,,,,,,,,,,,10,3.835
Spring 2026,TEPM,6303,40,"Hopkins,Ronald K",3,1,2,,,,,,,,,,,6,3.612
Spring 2026,TEPM,6303,1,"Hopkins,Ronald K",,,,,1,,,,,,,,,1,3.330
Spring 2026,TEPM,6305,40,"Sherman,Dennis Louis",2,,,1,2,,,,,,,,,5,3.466
Spring 2026,TEPM,6305,1,"Sherman,Dennis Louis",4,,,,,,,,,,,,,4,4.000
Spring 2026,TEPM,6305,20,"Sherman,Dennis Louis",1,,1,,,,,,,,,,,2,3.500
Spring 2026,TEPM,6308,1,"Conover,Sharon Cecilia",8,,,,,,,,,,,,,8,4.000
Spring 2026,TEPM,6308,20,"Conover,Sharon Cecilia",2,,,,,,,,,,,,,2,4.000
Spring 2026,TEPM,6308,40,"Conover,Sharon Cecilia",1,,,,,,,,,,,,,1,4.000
Spring 2026,TEPM,6306,40,"Rypien,David V",5,,,,,,,,,,,,,5,4.000
Spring 2026,TEPM,6306,20,"Rypien,David V",4,,,,,,,,,,,,,4,4.000
Spring 2026,TEPM,6306,1,"Rypien,David V",1,,,,,,,,,,,,,1,4.000
Spring 2026,TEPM,6304,1,"Kovach,Jamison",4,,,,,,,,,,,,,4,4.000
Spring 2026,TEPM,6304,20,"Kovach,Jamison",4,,,,,,,,,,,,,4,4.000
Spring 2026,TEPM,6304,40,"Kovach,Jamison",1,,,,,,,,,,,,,1,4.000
Spring 2026,TEPM,6391,40,"Carden,Lila L",4,,,,,,,,,,,,,4,4.000
Spring 2026,TEPM,6391,1,"Carden,Lila L",2,,,,,1,,,,,,,,3,3.333
Spring 2026,TEPM,6391,20,"Carden,Lila L",2,,,,,,,,,,,,,2,4.000
Spring 2026,TEPM,6302,40,"Hopkins,Ronald K",5,,,,,,,,,,,,,5,4.000
Spring 2026,TEPM,6302,20,"Hopkins,Ronald K",3,,,,,,,,,,,,,3,4.000
Spring 2026,TEPM,6307,1,"Sherman,Dennis Louis",1,,,,,,,1,,,,,,2,3.165
Spring 2026,TEPM,6307,40,"Sherman,Dennis Louis",1,,,,,,,1,,,,,,2,3.165
Spring 2026,TEPM,6307,20,"Sherman,Dennis Louis",1,,,,,,,,,,,,,1,4.000
Spring 2026,THEA,1111,01,"Barker,Lee",28,2,2,1,1,,,,,,,2,,36,3.648
Spring 2026,THEA,1111,02,"Kenyon,Aurora Willow",13,1,,,,,,,,,,1,,15,3.711
Spring 2026,THEA,1340,02,"Weese,Micah",10,2,1,,1,2,1,,,,,,1,18,3.297
Spring 2026,THEA,1340,01,"Metusalem,Claire",6,,2,,,2,,,,,,,3,13,2.615
Spring 2026,THEA,2344,01,"Coen,Elizabeth Manya",10,7,,1,6,1,1,1,1,,1,1,,30,3.222
Spring 2026,THEA,3336,01,"Tyler,James Anthony",15,5,2,,2,1,,,,,,,,25,3.720
Spring 2026,THEA,2382,01,"Bush,Rachel R",9,2,4,,4,1,1,,,,,,,21,3.444
Spring 2026,THEA,2373,01,"Niederer,Barbara",10,4,1,1,2,1,1,,,,,,,20,3.534
Spring 2026,THEA,1113,01,"Pistorius,Allison Marie",17,,,,,,,,,,,1,,18,3.778
Spring 2026,THEA,6175,01,"Young,John M",,16,,,,,,,,,,,,16,3.670
Spring 2026,THEA,3364,01,"Willson,Paige A",10,2,,1,,,,,,,,,,13,3.847
Spring 2026,THEA,1112,01,"Kenyon,Aurora Willow",12,,,,,,,,,,,,,12,4.000
Spring 2026,THEA,3321,01,"Majkowski,Vivian",4,2,,1,3,,1,,,,,1,,12,3.139
Spring 2026,THEA,3333,01,"Watt,Sophia M",5,5,,,2,,,,,,,,,12,3.751
Spring 2026,THEA,3371,01,"Willson,Paige A",9,2,,1,,,,,,,,,,12,3.834
Spring 2026,THEA,4350,01,"Young,John M",,11,1,,,,,,,,,,,12,3.614
Spring 2026,THEA,4380,01,"Wetzel,Molly Elizabeth",4,5,,,2,,,,,,,1,,12,3.418
Spring 2026,THEA,3385,01,"Vintu,Tatiana",7,2,1,,,,,,,,,,,10,3.834
Spring 2026,THEA,4321,01,"Pistorius,Allison Marie",4,3,1,,2,,,,,,,,,10,3.667
Spring 2026,THEA,4390,01,"Pistorius,Allison Marie",9,1,,,,,,,,,,,,10,3.967
Spring 2026,THEA,4397,01,"Tyler,James Anthony",3,2,,,,,1,,,,,2,,8,2.626
Spring 2026,THEA,4397,02,"Niederer,Barbara",1,,,1,,,,,,,,,,2,3.335
Spring 2026,THEA,6323,01,"Coen,Elizabeth Manya",7,,2,1,,,,,,,,,,10,3.667
Spring 2026,THEA,6181,01,"Krouskop,Mark",9,,,,,,,,,,,,,9,4.000
Spring 2026,THEA,2321,01,"Pistorius,Allison Marie",3,1,1,2,,1,,,,,,,,8,3.251
Spring 2026,THEA,2350,01,"Clark,Kyle Richard",7,,1,,,,,,,,,,,8,3.875
Spring 2026,THEA,2380,01,"Majkowski,Vivian",1,2,1,2,,1,1,,,,,,,8,2.919
Spring 2026,THEA,6184,01,"Ferrarone,Jessica",7,,1,,,,,,,,,,,8,3.875
Spring 2026,THEA,6195,01,"Noble,Adam S",8,,,,,,,,,,,,,8,4.000
Spring 2026,THEA,7202,01,"Young,John M",,,6,,2,,,,,,,,,8,3.083
Spring 2026,THEA,7212,01,"Noble,Adam S",4,4,,,,,,,,,,,,8,3.835
Spring 2026,THEA,7214,01,"Noble,Adam S",5,3,,,,,,,,,,,,8,3.876
Spring 2026,THEA,7222,01,"Majkowski,Vivian",5,1,,,2,,,,,,,,,8,3.791
Spring 2026,THEA,7224,01,"Wetzel,Molly Elizabeth",2,6,,,,,,,,,,,,8,3.753
Spring 2026,THEA,7252,01,"Wetzel,Molly Elizabeth",3,4,,1,,,,,,,,,,8,3.669
Spring 2026,THEA,7304,01,"Pistorius,Allison Marie",8,,,,,,,,,,,,,8,4.000
Spring 2026,THEA,2100,01,"Hickman,Margo Louise",6,1,,,,,,,,,,,,7,3.953
Spring 2026,THEA,3375,01,"Kenyon,Aurora Willow",3,1,1,1,,,,,,,,1,,7,3.049
Spring 2026,THEA,3372,01,"Vintu,Tatiana",5,,,,,,,,,1,,,,6,3.445
Spring 2026,THEA,4283,01,"Bush,Rachel R",6,,,,,,,,,,,,,6,4.000
Spring 2026,THEA,6394,01,"Allen,Clint",5,,,,,,,,,,,,,5,4.000
Spring 2026,THEA,4313,01,"Damour,Lisa Jane",2,1,,,,,,,,,,,,3,3.890
Spring 2026,THEA,4600,01,"Hickman,Margo Louise",3,,,,,,,,,,,,,3,4.000
Spring 2026,THEA,6307,01,"Hawkes,Christopher",3,,,,,,,,,,,,,3,4.000
Spring 2026,THEA,6315,01,"Willson,Paige A",2,1,,,,,,,,,,,,3,3.890
Spring 2026,THEA,3393,01,"Bush,Rachel R",2,,,,,,,,,,,,,2,4.000
Spring 2026,THEA,4398,1,"Watt,Sophia M",1,1,,,,,,,,,,,,2,3.835
Spring 2026,THEA,4323,01,"Coen,Elizabeth Manya",1,,,,,,,,,,,,,1,4.000
Spring 2026,THEA,4352,01,"Damour,Lisa Jane",1,,,,,,,,,,,,,1,4.000
Spring 2026,THEA,6327,01,"Vintu,Tatiana",1,,,,,,,,,,,,,1,4.000
Spring 2026,THEA,6353,01,"Vintu,Tatiana",1,,,,,,,,,,,,,1,4.000
Spring 2026,THEA,6377,01,"Niederer,Barbara",1,,,,,,,,,,,,,1,4.000
Spring 2026,THEA,6379,01,"Niederer,Barbara",1,,,,,,,,,,,,,1,4.000
Spring 2026,THEA,7362,01,"Allen,Clint",1,,,,,,,,,,,,,1,4.000
Spring 2026,TLIM,3340,20,"Evans,Gerald S",122,69,1,1,7,2,5,1,,,,1,1,210,3.738
Spring 2026,TLIM,3340,30,"Cerna-Bell,Vicki",69,19,1,,6,,2,,,,,,2,99,3.758
Spring 2026,TLIM,3340,60,"Mehring,Brian George",,,4,7,7,2,2,3,1,,,3,1,30,2.311
Spring 2026,TLIM,3363,21,"Piercy,Penelope Junker",15,6,4,5,2,3,,1,1,,,,1,38,3.246
Spring 2026,TLIM,3363,22,"Piercy,Penelope Junker",16,4,5,5,3,1,2,,,,,,1,37,3.307
Spring 2026,TLIM,3363,23,"Piercy,Penelope Junker",16,7,2,2,9,,,,,,,1,,37,3.541
Spring 2026,TLIM,3363,24,"Tangeman,Anthony C",13,4,3,2,6,5,,1,,,,2,1,37,3.063
Spring 2026,TLIM,3363,30,"Tangeman,Anthony C",15,3,5,,4,3,1,1,1,,,3,1,37,2.982
Spring 2026,TLIM,3363,32,"Tangeman,Anthony C",15,6,1,,9,2,,2,,,,2,,37,3.342
Spring 2026,TLIM,3363,20,"Tangeman,Anthony C",14,3,4,2,3,4,1,2,,,1,1,1,36,3.056
Spring 2026,TLIM,3363,35,"Piercy,Penelope Junker",12,13,5,3,2,,,,,,,1,,36,3.483
Spring 2026,TLIM,3363,25,"Piercy,Penelope Junker",11,4,2,3,2,,1,2,,,,,2,27,3.173
Spring 2026,TLIM,3360,20,"Feriante,Chris",105,29,11,7,11,3,3,6,,1,,1,1,178,3.598
Spring 2026,TLIM,3360,30,"Feriante,Chris",28,8,4,2,13,1,4,3,,,,,1,64,3.401
Spring 2026,TLIM,4342,33,"O'kelley,Donna K",6,17,9,3,18,1,,1,,,,1,3,59,3.147
Spring 2026,TLIM,4342,31,"Chance,Michael Dean",19,13,3,1,7,2,2,3,,,,1,,51,3.393
Spring 2026,TLIM,4342,60,"Chance,Michael Dean",4,9,4,,3,1,1,,,1,,,,23,3.277
Spring 2026,TLIM,4341,30,"Cao,Shun",45,1,,,,,,,,,,,,46,3.993
Spring 2026,TLIM,4341,20,"Cao,Shun",37,2,,,,,,,1,,,,,40,3.909
Spring 2026,TLIM,4341,32,"Chance,Michael Dean",4,6,8,2,12,,2,1,,1,,,,36,3.157
Spring 2026,TLIM,4341,60,"Chance,Michael Dean",1,3,,,6,,,,,,,,,10,3.499
Spring 2026,TLIM,3355,30,"Moore,George P",45,21,1,3,8,1,,,,,,,,79,3.756
Spring 2026,TLIM,3355,60,"Moore,George P",2,6,1,,2,,,,,,,,1,12,3.307
Spring 2026,TLIM,3345,30,"Evans,Ruth Ann",64,,16,,,1,,,,,,2,2,85,3.600
Spring 2026,TLIM,3371,30,"Burns,Maria",54,,4,,3,1,,1,,,,1,1,65,3.728
Spring 2026,TLIM,3371,60,"Burns,Maria",10,,,,1,,1,,,,,1,,13,3.462
Spring 2026,TLIM,3330,34,"Crawley,David L",7,3,1,,3,1,1,1,,,1,,2,20,2.967
Spring 2026,TLIM,3330,30,"Crawley,David L",8,,2,1,1,1,1,1,,,,1,3,19,2.632
Spring 2026,TLIM,3330,31,"Zouridakis,George",4,3,4,2,4,,,1,1,,,,,19,3.211
Spring 2026,TLIM,3330,60,"Crawley,David L",2,,3,,,4,2,,,,,,1,12,2.362
Spring 2026,TLIM,4350,30,"Freedkin,Aaron Samuel",5,12,6,2,21,,,,,1,,2,1,50,3.160
Spring 2026,TLIM,3300,20,"Evans,Gerald S",4,27,,2,11,,1,1,,,,1,1,48,3.355
Spring 2026,TLIM,3365,30,"Feriante,Chris",12,12,6,,5,5,1,4,,,,,,45,3.282
Spring 2026,TLIM,3350,30,"Freedkin,Aaron Samuel",6,15,7,2,7,,1,,,,,,1,39,3.343
Spring 2026,TLIM,4371,31,"Mehring,Brian George",,4,4,6,7,3,,3,,,,3,1,31,2.548
Spring 2026,TLIM,4371,60,"Mehring,Brian George",,1,1,1,,1,,,,,,1,,5,2.268
Spring 2026,TLIM,4390,30,"Mehring,Brian George",2,10,3,3,9,1,,,,,,1,2,31,3.022
Spring 2026,TLIM,4372,20,"Thomas,Jamie Michelle",1,2,7,3,3,,,1,,,2,,1,20,2.767
Spring 2026,TLIM,3331,20,"Crawley,David L",6,,,,,2,4,,,,,4,1,17,2.040
Spring 2026,TLIM,4378,31,"Feriante,Chris",14,1,,,,,,,,,,,,15,3.978
Spring 2026,TLIM,4396,30,"Burns,Maria",2,,,,,,,,,,,,,2,4.000
Spring 2026,TMTH,3360,31,"Thornton,Brandon Latroy",32,6,2,2,,3,,,,1,,3,,49,3.429
Spring 2026,TMTH,3360,32,"Thornton,Brandon Latroy",28,1,9,5,,2,1,1,1,,,1,,49,3.368
Spring 2026,TMTH,3360,30,"Dick,Deanna L",1,3,6,2,5,3,1,2,1,,1,3,1,29,2.402
Spring 2026,VIET,1502,01,"DANG,THONG Q",16,4,,,,,,,,,,,,20,3.934
Spring 2026,VIET,2302,01,"DANG,THONG Q",19,1,,,,,,,,,,,,20,3.984
Spring 2026,WCL,3366,1,"Centeno,Daniel",9,8,5,8,9,,3,1,,3,2,2,1,51,2.818
Spring 2026,WCL,2352,01,"Centeno,Daniel",5,18,5,4,11,,1,2,,,,1,2,49,3.157
Spring 2026,WCL,2351,1,"Tiwari,Bhavya",7,3,1,4,,1,,6,6,,5,,2,35,2.323
Spring 2026,WCL,3355,1,"Tamber-Rosenau,Caryn M",15,4,1,1,4,,,1,,,,2,,28,3.429
Spring 2026,WCL,4355,1,"Tiwari,Bhavya",3,1,,5,,1,,,4,,1,,,15,2.423
Spring 2026,WCL,3360,1,"Ambikaipaker,Mohan",8,,,,1,,,,,,,1,1,11,3.212
Spring 2026,WCL,4396,1,"Zaretsky,Robert D",2,1,,1,,,,,,,,1,,5,2.868
Spring 2026,WCL,3397,4,"Quinn,Rachel Afi",1,,,,,,,,,,,,2,3,1.333
Spring 2026,WGSS,2350,02,"Fernandes,Bridget Yvonne Diggs",26,,2,,1,1,,,,,,,,30,3.844
Spring 2026,WGSS,2350,03,"Fernandes,Bridget Yvonne Diggs",28,1,,,,,1,,,,,,,30,3.911
Spring 2026,WGSS,2350,04,"Fernandes,Bridget Yvonne Diggs",25,2,,,3,,,,,,,,,30,3.911
Spring 2026,WGSS,2350,05,"Fernandes,Bridget Yvonne Diggs",25,2,2,,1,,,,,,,,,30,3.889
Spring 2026,WGSS,2350,06,"Fernandes,Bridget Yvonne Diggs",25,,2,2,,,,,1,,,,,30,3.745
Spring 2026,WGSS,2350,07,"Ford,Devan",21,4,2,2,1,,,,,,,,,30,3.778
Spring 2026,WGSS,2350,08,"Ford,Devan",23,3,2,,,,,1,,,1,,,30,3.756
Spring 2026,WGSS,2350,09,"Ford,Devan",28,,,1,,,1,,,,,,,30,3.878
Spring 2026,WGSS,2350,10,"Pegoda,Andrew Joseph",1,1,3,3,3,2,2,,,1,,4,10,30,1.423
Spring 2026,WGSS,2350,11,"Pegoda,Andrew Joseph",,,2,2,2,7,1,,,2,,6,8,30,1.167
Spring 2026,WGSS,2350,12,"Martinez,Itzel Areli",25,2,,1,,,,1,,,,1,,30,3.745
Spring 2026,WGSS,2350,13,"Deremer,Melissa Gale",19,7,,1,1,,,,,,,,2,30,3.590
Spring 2026,WGSS,2350,16,"Martinez,Itzel Areli",23,2,1,,2,1,,1,,,,,,30,3.778
Spring 2026,WGSS,2350,17,"Slatton,Brittany Chevon",17,5,2,1,4,,,1,,,,,,30,3.689
Spring 2026,WGSS,2350,18,"Slatton,Brittany Chevon",20,4,3,,2,,,1,,,,,,30,3.756
Spring 2026,WGSS,2350,19,"Deremer,Melissa Gale",25,2,,,2,,,,,,,,1,30,3.800
Spring 2026,WGSS,2350,01,"Fernandes,Bridget Yvonne Diggs",22,3,2,1,,1,,,,,,,,29,3.782
Spring 2026,WGSS,2350,15,"Bustillo,Anneliese Medellin",11,5,5,1,4,2,,1,,,,,,29,3.437
Spring 2026,WGSS,2360,1,"Pegoda,Andrew Joseph",4,1,2,,1,1,2,1,,,,3,15,30,1.222
Spring 2026,WGSS,2360,5,"Stone,Lauren Michelle",13,1,8,,3,1,1,,,,1,2,,30,3.155
Spring 2026,WGSS,2360,6,"Stone,Lauren Michelle",7,5,5,3,3,,,1,,,1,1,1,27,3.074
Spring 2026,WGSS,2360,3,"Boffone,Trevor James",19,1,2,1,1,,,1,,,,,,25,3.760
Spring 2026,WGSS,2360,4,"Yildirim,Ali",3,2,1,,2,1,,,,1,1,1,,12,2.750
Spring 2026,WGSS,3322,1,"Pegoda,Andrew Joseph",4,3,4,3,2,7,3,,,,,2,1,29,2.507
Spring 2026,WGSS,3322,2,"Pegoda,Andrew Joseph",1,,3,1,1,9,5,,,1,,1,6,28,1.644
Spring 2026,WGSS,3360,1,"Yildirim,Ali",2,1,1,,1,4,,,,1,,2,1,13,2.052
Spring 2026,WGSS,6301,1,"Tuthill,Zelma",13,,,,,,,,,,,,,13,4.000
Spring 2026,WGSS,4350,02,"Quinn,Rachel Afi",4,2,1,,2,,,,,,,1,1,11,3.000
Spring 2026,WGSS,3321,1,"Quinn,Rachel Afi",3,1,,,,,1,,,,,,1,6,2.890
Spring 2026,WGSS,4360,1,"Gregory,Elizabeth",6,,,,,,,,,,,,,6,4.000
Spring 2026,WGSS,3395,1,"Tamber-Rosenau,Caryn M",1,,,,1,,,,1,,,,,3,2.777
Spring 2026,WGSS,6398,1,"Gregory,Elizabeth",1,,,,,,,,,,,,,1,4.000
Summer 2025,PSYC,3350,02,"Paredes Raquel,Sara Abigail",39,3,,4,4,1,,2,1,,1,1,,56,3.571
Summer 2025,PSYC,3350,05,"Racioppo,Keith",21,17,5,4,8,,,,,,,,,55,3.613
Summer 2025,PSYC,3350,03,"Le,Giang Xuan",49,1,,,,,,3,,,,,,53,3.899
Summer 2025,PSYC,3350,04,"Rodarte,Evelyn Dianne",9,14,7,3,6,4,,2,2,,2,3,,52,2.956
Summer 2025,PSYC,4344,04,"Cotton,Mallory R",30,,5,,3,,,1,,,,2,1,42,3.508
Summer 2025,PSYC,4344,03,"Murphy,Elijah Rayvon",38,,1,,,,,,1,,,,,40,3.900
Summer 2025,PSYC,4344,07,"Bautista,Ashley",27,,6,,3,1,,1,,,1,,,39,3.632
Summer 2025,PSYC,4344,02,"Phillips,Morgan",23,,7,,3,1,,1,2,,,,1,38,3.403
Summer 2025,PSYC,4344,06,"Beltran-Najera,Ilex",10,,8,,7,6,,,1,,1,1,1,35,2.904
Summer 2025,PSYC,4344,01,"Kilani,Mohamed Hechmi",5,3,1,1,1,,,,,,,3,1,15,2.667
Summer 2025,PSYC,2305,09,"Rech,Megan Elizabeth",13,12,5,7,11,,1,,,1,,1,4,55,3.067
Summer 2025,PSYC,2305,01,"Anderson,Jill Annette",23,9,3,2,5,1,,,,,,1,1,45,3.512
Summer 2025,PSYC,2305,03,"Anderson,Jill Annette",33,5,1,1,4,,,,,,,,,44,3.849
Summer 2025,PSYC,2305,11,"Kennedy,Caitlin Grace",13,4,,1,3,,,,,,,2,1,24,3.306
Summer 2025,PSYC,2305,05,"Laughlin,Haley Marie",9,1,1,,1,1,,2,,,,1,1,17,3.098
Summer 2025,PSYC,2305,07,"Baltes,Hannah G",6,4,2,,1,1,,,,,,1,1,16,3.126
Summer 2025,PSYC,2330,03,"Lopez,Mariana Selene",35,17,2,2,3,,,,,,,,2,61,3.668
Summer 2025,PSYC,2330,01,"Myers,Annika Mariah",26,15,3,1,13,,,,1,,,1,,60,3.584
Summer 2025,PSYC,2330,02,"Jackson,Lillian Reed",18,17,7,3,3,1,,,,,,,1,50,3.508
Summer 2025,PSYC,2330,04,"Kosten,Therese A",5,5,1,1,3,,2,1,,2,,3,,23,2.653
Summer 2025,PSYC,2301,03,"Silva,Karina",26,15,2,4,8,,,2,1,,,1,1,60,3.467
Summer 2025,PSYC,2301,02,"Grossberg,Ivy Rae",40,8,1,1,4,1,1,1,,,,,,57,3.761
Summer 2025,PSYC,2301,01,"Senger,Amy",17,6,5,3,4,,2,5,1,2,,2,1,48,2.993
Summer 2025,PSYC,2301,04,"Henderson,Perla R",18,1,4,,1,,,,,,,1,,25,3.640
Summer 2025,PSYC,3331,01,"Pathak,Neha",29,,12,,14,3,,,,,,2,,60,3.410
Summer 2025,PSYC,3331,02,"Jaramillo,Kristen",42,4,8,1,2,,1,2,,,,,,60,3.706
Summer 2025,PSYC,3331,03,"Jewell,Rebecca D",23,,15,,9,5,,3,,,,3,1,59,3.118
Summer 2025,PSYC,2317,02,"Perkovich,Elizabeth Susan",33,6,4,5,7,2,3,,,,,,,60,3.528
Summer 2025,PSYC,2317,04,"Nguyen,My Viet Ha",29,8,3,1,7,2,1,1,1,,1,3,2,59,3.232
Summer 2025,PSYC,2317,03,"Nault,Evan Olivia-Arline",16,5,2,3,9,2,,4,1,2,,5,7,56,2.536
Summer 2025,PSYC,3310,01,"Thomas,Kalifa Nailah",23,,9,,3,4,,3,1,,1,2,2,48,3.048
Summer 2025,PSYC,3310,04,"Schoolfield,Lucy",32,1,2,,3,1,,2,2,,,4,,47,3.326
Summer 2025,PSYC,3310,03,"Hsu,Chia-Hao",24,,1,,5,1,,,,,,3,4,38,3.096
Summer 2025,PSYC,3310,02,"Mehta,Nandini M",18,,1,,5,1,,,,,,2,,27,3.469
Summer 2025,PSYC,3339,04,"Fogle,Brienna Meffert",24,16,5,3,9,2,,,,,,1,,60,3.528
Summer 2025,PSYC,3339,01,"Szafranski,Derek D",11,6,6,2,4,1,3,4,,,1,3,5,46,2.616
Summer 2025,PSYC,3339,02,"Szafranski,Derek D",3,,1,3,2,1,1,3,,1,,,1,16,2.563
Summer 2025,PSYC,2319,04,"Anderson,Jill Annette",19,11,5,1,5,,,,1,1,,,,43,3.543
Summer 2025,PSYC,2319,05,"Anderson,Jill Annette",15,9,3,,1,,1,,,1,,1,1,32,3.366
Summer 2025,PSYC,2319,03,"Boada,Cristina Elise",24,2,1,1,1,1,,,,,,,,30,3.811
Summer 2025,PSYC,2319,02,"Ayers,Zachary Scott",11,,,2,,,,,,,,,,13,3.795
Summer 2025,PSYC,3338,02,"Snead,Alexandra L",37,12,2,,6,,1,1,,,,,,59,3.763
Summer 2025,PSYC,3338,01,"Mustafa,Andrea Iman",50,2,3,,,,,1,,,,1,,57,3.836
Summer 2025,PSYC,4363,03,"Vieira,Alyssa Marie",41,5,3,1,6,,,2,,,1,1,,60,3.667
Summer 2025,PSYC,4363,04,"Salentine,Cassidy",24,8,6,1,2,2,1,3,1,,2,1,1,52,3.250
Summer 2025,PSYC,2316,02,"Quadri,Tobiloba",29,14,4,2,4,,,,,2,,3,,58,3.438
Summer 2025,PSYC,2316,01,"Allman,Madeleine E",12,2,2,5,3,,2,2,,,,1,1,30,3.089
Summer 2025,PSYC,2320,01,"Kim,Jinu",40,4,,1,1,1,1,1,1,,,2,2,54,3.476
Summer 2025,PSYC,2308,01,"Griep,Christina Diaz",28,5,2,1,3,1,,1,,,1,,,42,3.683
Summer 2025,PSYC,8399,17,"Gallagher,Matthew Ward",4,,,,,,,,,,,,,4,4.000
Summer 2025,PSYC,8399,01,"Grigorenko,Elena L",1,,,,,,,,,,,,,1,4.000
Summer 2025,PSYC,8399,02,"Hernandez,Arturo E",1,,,,,,,,,,,,,1,4.000
Summer 2025,PSYC,8399,07,"Babcock,Julia",1,,,,,,,,,,,,,1,4.000
Summer 2025,PSYC,8399,10,"Witt,Lawrence A",1,,,,,,,,,,,,,1,4.000
Summer 2025,PSYC,8399,16,"Alfano,Candice A",1,,,,,,,,,,,,,1,4.000
Summer 2025,PSYC,8399,22,"Sharp,Carla",1,,,,,,,,,,,,,1,4.000
Summer 2025,PSYC,8399,25,"Woods,Steven Paul",1,,,,,,,,,,,,,1,4.000
Summer 2025,PSYC,8399,29,"Fetterman,Adam Kent",1,,,,,,,,,,,,,1,4.000
Summer 2025,PSYC,8399,31,"Williams,Michael W",1,,,,,,,,,,,,,1,4.000
Summer 2025,PSYC,8399,32,"Medina,Luis Daniel",1,,,,,,,,,,,,,1,4.000
Summer 2025,PSYC,6399,01,"Leasure,Jennifer Leigh",1,,,,,,,,,,,,,1,4.000
Summer 2025,PSYC,6399,03,"Babcock,Julia",1,,,,,,,,,,,,,1,4.000
Summer 2025,PSYC,6399,06,"Gallagher,Matthew Ward",1,,,,,,,,,,,,,1,4.000
Summer 2025,PSYC,6399,08,"Zvolensky,Michael J",1,,,,,,,,,,,,,1,4.000
Summer 2025,PSYC,6399,09,"Viana,Andres G",1,,,,,,,,,,,,,1,4.000
Summer 2025,PSYC,6399,10,"Sharp,Carla",1,,,,,,,,,,,,,1,4.000
Summer 2025,PSYC,7399,12,"Alfano,Candice A",1,,,,,,,,,,,,,1,4.000
Summer 2025,PSYC,7399,18,"Yoshida,Hanako",1,,,,,,,,,,,,,1,4.000
Summer 2025,PSYC,7399,20,"Viana,Andres G",1,,,,,,,,,,,,,1,4.000
Summer 2025,PSYC,7399,21,"Zvolensky,Michael J",1,,,,,,,,,,,,,1,4.000
Summer 2025,PSYC,7399,22,"Sabat,Isaac Emmanuel",1,,,,,,,,,,,,,1,4.000
Summer 2025,PSYC,6352,05,"Reyes,Denise Lucia",2,,,,,,,,,,,,,2,4.000
Summer 2025,PSYC,6352,02,"Sabat,Isaac Emmanuel",1,,,,,,,,,,,,,1,4.000
Summer 2025,PSYC,6365,06,"Leasure,Jennifer Leigh",1,,,,,,,,,,,,,1,4.000
Summer 2025,PSYC,6365,07,"Grigorenko,Elena L",1,,,,,,,,,,,,,1,4.000
Summer 2025,PSYC,8199,04,"Sharp,Carla",1,,,,,,,,,,,,,1,4.000
Summer 2025,PSYC,8199,06,"Alfano,Candice A",,,1,,,,,,,,,,,1,3.000
Summer 2025,PSYC,4198,01,"Sabat,Isaac Emmanuel",1,,,,,,,,,,,,,1,4.000
Summer 2025,PSYC,4398,02,"Sabat,Isaac Emmanuel",1,,,,,,,,,,,,,1,4.000
Summer 2025,PSYC,6359,01,"Zvolensky,Michael J",1,,,,,,,,,,,,,1,4.000
Summer 2025,PSYC,6393,06,"Sharp,Carla",1,,,,,,,,,,,,,1,4.000
Summer 2025,PSYC,6398,16,"Sabat,Isaac Emmanuel",1,,,,,,,,,,,,,1,4.000
Summer 2025,MATH,3339,05,"Wang,Wenshuang",24,8,6,6,5,,3,4,1,,,1,1,59,3.243
Summer 2025,MATH,3339,04,"Haynes,Alan K",28,4,4,3,4,3,,3,3,,,2,4,58,3.034
Summer 2025,MATH,3339,01,"Niu,Yabo",17,2,3,5,1,3,2,2,,,,,,35,3.286
Summer 2025,MATH,1342,01,"Kim,Jae Youn",10,2,4,2,4,4,4,1,5,1,1,10,11,59,1.729
Summer 2025,MATH,1342,02,"Kartheiser,Abigail Louise",15,6,6,5,4,3,3,1,,3,2,6,4,58,2.495
Summer 2025,MATH,1342,04,"Kim,Jae Youn",8,3,4,2,,1,4,2,1,1,2,2,,30,2.601
Summer 2025,MATH,1324,01,"Constante,Beatrice",12,2,3,9,5,2,2,5,3,3,4,16,9,75,1.791
Summer 2025,MATH,1324,02,"Sosa,Moses",8,2,3,,5,2,2,2,,,3,10,,37,2.189
Summer 2025,MATH,1324,06,"Caglar,Atife",5,3,6,,3,5,,2,1,,,2,2,29,2.574
Summer 2025,MATH,2414,01,"Xhabli,Blerina",16,4,9,6,4,8,9,5,7,2,5,7,13,95,2.028
Summer 2025,MATH,2414,03,"May,Jennifer Ruhnow",6,2,4,1,1,4,7,2,4,2,,3,2,38,2.080
Summer 2025,MATH,1314,1,"Kartheiser,Abigail Louise",10,,1,1,3,6,5,3,3,4,4,18,18,76,1.237
Summer 2025,MATH,1314,04,"Caglar,Atife",9,1,1,2,,1,2,2,,1,4,3,6,32,2.000
Summer 2025,MATH,1314,05,"Xhabli,Blerina",4,,,2,1,,1,,,,1,2,9,20,1.384
Summer 2025,MATH,2413,01,"Perepelitsa,Irina",16,1,6,4,5,7,3,2,3,1,,23,19,90,1.559
Summer 2025,MATH,2413,03,"Sosa,Moses",5,1,3,2,1,1,2,,1,,,5,2,23,2.073
Summer 2025,MATH,2312,05,"Almus,Melahat",5,1,2,,4,2,2,,,2,,11,17,46,1.123
Summer 2025,MATH,2312,04,"Caglar,Atife",10,1,1,2,3,7,1,1,1,2,2,5,4,40,2.125
Summer 2025,MATH,4322,1,"Poliak,Cathy Dawn",42,10,7,1,7,1,1,1,,,,1,3,74,3.482
Summer 2025,MATH,2305,03,"Perepelitsa,Mikhail Antolyevic",1,4,3,2,2,6,4,3,1,6,4,2,,38,1.992
Summer 2025,MATH,2305,04,"Papadakis,Emanuel Ioannis",26,,,,,,,1,,,,,,27,3.938
Summer 2025,MATH,1351,02,"May,Jennifer Ruhnow",15,5,8,7,8,5,,2,4,1,,1,2,58,2.879
Summer 2025,MATH,1325,01,"Constante,Beatrice",7,3,5,5,6,2,3,1,2,,1,8,11,54,1.889
Summer 2025,MATH,3321,01,"Etgen,Garret J",9,2,8,3,,8,4,,9,,,1,3,47,2.277
Summer 2025,MATH,2415,01,"Pan,Tsorng-Whay",11,2,4,5,5,3,1,1,2,1,,3,3,41,2.586
Summer 2025,MATH,2318,01,"He,Jiwen",5,2,1,3,3,3,,1,,,1,1,2,22,2.636
Summer 2025,MATH,3338,02,"Deng,Xiaoxue",11,3,2,1,4,,,1,,,,,,22,3.606
Summer 2025,MATH,3333,01,"Kalantar,Mehrdad",5,,7,,4,,1,,,,,,4,21,2.666
Summer 2025,MATH,6386,01,"Shastri,Dvijesh J",3,7,8,1,1,,,,,,,,,20,3.385
Summer 2025,MATH,6315,01,"Jun,Mikyoung",12,,,,,,,,,,,,,12,4.000
Summer 2025,MATH,6315,7,"Etgen,Garret J",1,,,,,,,,,,,,,1,4.000
Summer 2025,MATH,6315,7,"Haynes,Alan K",1,,,,,,,,,,,,,1,4.000
Summer 2025,MATH,6315,8,"Ji,Shanyu",2,,,,,,,,,,,,,2,4.000
Summer 2025,MATH,6315,02,"He,Jiwen",1,,,,,,,,,,,,,1,4.000
Summer 2025,MATH,6315,5,"Morgan,Jeffrey",1,,,,,,,,,,,,,1,4.000
Summer 2025,MATH,6315,6,"Haynes,Alan K",1,,,,,,,,,,,,,1,4.000
Summer 2025,MATH,3325,01,"Leger,Nicholas M",4,,3,3,3,1,,2,,,1,1,,18,2.833
Summer 2025,MATH,5383,02,"Ru,Min",10,2,2,,2,,,,,,,,,16,3.750
Summer 2025,MATH,5341,01,"He,Jiwen",12,,,,,,,,,,,1,,13,3.692
Summer 2025,MATH,5389,02,"Etgen,Garret J",5,4,2,,2,,,,,,,,,13,3.642
Summer 2025,MATH,4377,01,"Perepelitsa,Mikhail Antolyevic",7,3,1,,,1,,,,,,,,12,3.668
Summer 2025,MATH,4378,01,"Papadakis,Emanuel Ioannis",9,,1,,,,,,,,,,,10,3.900
Summer 2025,MATH,4389,01,"Blecher,David P",3,,1,,2,,,2,,,,,1,9,2.924
Summer 2025,MATH,8399,06,"Labate,Demetrio",1,,,,,,,,,,,,,1,4.000
Summer 2025,MATH,8399,10,"Mang,Andreas",1,,,,,,,,,,,,,1,4.000
Summer 2025,MATH,8399,11,"Morgan,Jeffrey",1,,,,,,,,,,,,,1,4.000
Summer 2025,MATH,8399,12,"Jaramillo,Gabriela T",1,,,,,,,,,,,,,1,4.000
Summer 2025,MATH,8399,13,"Ott,William R",1,,,,,,,,,,,,,1,4.000
Summer 2025,MATH,6308,01,"Perepelitsa,Mikhail Antolyevic",1,,,,,,,,,,,,,1,4.000
Summer 2025,MATH,6309,01,"Papadakis,Emanuel Ioannis",1,,,,,,,,,,,,,1,4.000
Summer 2025,HLT,3325,03,"Burk,Kelly Ann",81,3,1,9,,1,,3,,,,,1,99,3.748
Summer 2025,HLT,3325,01,"Bloom,Joel A",85,4,1,,2,,1,2,,,,1,,96,3.861
Summer 2025,HLT,3325,02,"Bloom,Joel A",53,3,,,,,,1,,,,,,57,3.953
Summer 2025,HLT,1353,02,"Rafique,Kiran Sajid",52,24,6,2,10,,,4,,,,,1,99,3.657
Summer 2025,HLT,1353,05,"Rafique,Kiran Sajid",30,21,5,2,6,,,1,,,,,1,66,3.632
Summer 2025,HLT,2320,03,"Proctor,Robin Ann",34,26,3,,13,,1,1,,,2,,,80,3.630
Summer 2025,HLT,2320,04,"Proctor,Robin Ann",21,33,3,,10,2,2,,,,3,1,2,77,3.360
Summer 2025,HLT,3380,01,"Adams,Monica Nichole",34,18,3,,3,,,,,,1,,,59,3.769
Summer 2025,HLT,3380,02,"Adams,Monica Nichole",22,19,1,3,2,1,,,,,1,,,49,3.648
Summer 2025,HLT,3301,01,"Bennett,Kristin C",57,1,1,,1,,1,1,,,,1,2,65,3.723
Summer 2025,HLT,3301,03,"Hudson-Gillan,Gail",26,8,3,,2,,,,,,,,,39,3.821
Summer 2025,HLT,3381,02,"Shamblin,Angel Ann",46,7,1,2,2,,,1,1,2,,,,62,3.699
Summer 2025,HLT,3381,03,"Markowitz,Eliz",24,6,2,3,3,1,1,2,,,,,,42,3.580
Summer 2025,HLT,4310,01,"Markowitz,Eliz",12,6,4,3,4,,,1,,1,,1,1,33,3.223
Summer 2025,HLT,4310,03,"Haq,Arooba A",21,3,1,,,,1,1,,,,,,27,3.778
Summer 2025,HLT,4310,04,"Haq,Arooba A",13,4,2,3,1,,,,1,,,,,24,3.543
Summer 2025,HLT,4307,03,"Kamdar-Sharif,Amber",29,8,2,,1,,,,,,,,,40,3.867
Summer 2025,HLT,4307,01,"Kamdar-Sharif,Amber",28,5,,,2,,,,,,,,,35,3.915
Summer 2025,HLT,4320,02,"Behjat,Amirmohsen",2,10,11,9,14,2,4,3,1,,1,,,57,2.954
Summer 2025,HLT,4302,01,"Drenner,Kelli Linn",36,5,1,1,3,,,1,,,2,,1,50,3.660
Summer 2025,HLT,3304,01,"Drenner,Kelli Linn",24,9,2,4,3,1,3,1,,2,,,,49,3.396
Summer 2025,HLT,3300,01,"Ripperger-Suhler,Ken",24,15,,,2,,,,,,,,,41,3.847
Summer 2025,HLT,4392,03,"Proctor,Robin Ann",34,4,,1,1,,,,,,,,1,41,3.821
Summer 2025,HLT,3306,02,"Fedor Amador,Theresa Marie",31,2,1,,2,1,,1,,,,1,1,40,3.633
Summer 2025,MANA,3335,01,"Currie,Daniel David",38,72,5,3,27,1,1,1,1,1,,,2,152,3.532
Summer 2025,MANA,3335,02,"Currie,Daniel David",48,59,4,8,8,2,1,3,,,2,2,,137,3.532
Summer 2025,MANA,3335,03,"Babalola,Olusegun",5,3,1,,4,1,1,,,,1,,1,17,3.078
Summer 2025,MANA,4347,01,"Salaiz,Ashley",62,1,,,1,,,,,,,,,64,3.984
Summer 2025,MANA,4347,02,"Salaiz,Ashley",33,12,7,3,3,1,1,1,1,,1,1,,64,3.490
Summer 2025,MANA,4397,03,"Wengelnik,Dorothee-Catherine",47,7,3,1,2,,,,,,,,,60,3.867
Summer 2025,MANA,4397,01,"Salaiz,Ashley",16,6,3,1,2,1,1,2,,,1,1,3,37,3.081
Summer 2025,MANA,4355,02,"Bozeman,Dennis",24,,9,,9,3,1,1,,,2,,1,50,3.313
Summer 2025,MANA,4355,01,"Phillips,James S",22,,19,,,3,,,,,,1,,45,3.356
Summer 2025,MANA,7397,02,"Abbott,Jeanna L",23,6,1,,5,,,,,,,,,35,3.819
Summer 2025,MANA,7397,03,"Vera,Dusya M",31,3,,,,,,,,,,,,34,3.971
Summer 2025,MANA,7397,01,"Miljanic,Andra Olivia",8,7,2,,5,,,,,,,,,22,3.652
Summer 2025,MANA,4338,01,"Bozeman,Dennis",22,,20,,7,8,1,6,,,,,,64,3.171
Summer 2025,MANA,   6A25,02,"Carlin,Barbara A",17,5,4,2,5,,,,,,,,,33,3.647
Summer 2025,MANA,   6A25,01,"Carlin,Barbara A",8,14,,1,7,,,,,,,,,30,3.645
Summer 2025,MANA,4346,01,"Evans,Klavdia Markelova",31,,,1,,,,,,,,,,32,3.958
Summer 2025,MANA,4346,02,"Evans,Klavdia Markelova",24,1,,,2,,,,1,,,,,28,3.833
Summer 2025,MANA,4353,01,"Bozeman,Dennis",24,,18,,6,5,2,2,,,,,1,58,3.241
Summer 2025,MANA,4385,01,"Tabesh,Pooya",13,2,,1,2,,,,,,,,,18,3.815
Summer 2025,MANA,4385,02,"Tabesh,Pooya",10,4,,,3,,,,,,,,,17,3.804
Summer 2025,MANA,7340,01,"Wengelnik,Dorothee-Catherine",35,,,,,,,,,,,,,35,4.000
Summer 2025,MANA,7347,01,"Chiu,Shih-chi",24,8,1,,1,,,,,,,,,34,3.873
Summer 2025,MANA,4336,02,"Krylova,Ksenia O",9,7,,,2,,,,,,,,,18,3.797
Summer 2025,MANA,4336,01,"Krylova,Ksenia O",3,3,4,1,4,,,,,,,,,15,3.400
Summer 2025,MANA,   6A83,01,"Chiu,Shih-chi",24,6,1,,,,,1,,,,,,32,3.855
Summer 2025,MANA,   6A32,01,"Witt,Lawrence A",30,,,,,,,,,,,,,30,4.000
Summer 2025,MANA,4341,01,"Evans,Klavdia Markelova",22,,,,1,,,,,,,,,23,3.971
Summer 2025,MANA,4348,01,"Tabesh,Pooya",5,5,1,5,,1,,,,,,1,,18,3.150
Summer 2025,MANA,4350,02,"Pathak,Seemantini Madhukar",7,5,1,1,1,,,1,,,,,1,17,3.393
Summer 2025,MANA,4358,01,"Zamanipour,Tina",16,,1,,,,,,,,,,,17,3.941
Summer 2025,MANA,7346,01,"Werner,Steve",9,2,,,1,,,,,,,,1,13,3.590
Summer 2025,MANA,7343,01,"Abbott,Jeanna L",7,,,,,,,,,,,,,7,4.000
Summer 2025,KIN,1304,03,"Betts,Charles Raphael",46,6,4,2,1,4,,2,,,,1,,66,3.627
Summer 2025,KIN,1304,01,"Graham,Marilynn Hadassah",63,,1,,1,,,,,,,,,65,3.974
Summer 2025,KIN,1304,02,"Hughes,Lindsay",36,10,7,2,3,2,,,1,,,,,61,3.640
Summer 2025,KIN,1352,01,"Alastuey,Lisa L",25,5,4,3,6,1,,1,1,1,,1,1,49,3.354
Summer 2025,KIN,1352,03,"Harrison,Layci",29,12,,2,2,,2,1,,,,,1,49,3.627
Summer 2025,KIN,1352,02,"Alastuey,Lisa L",8,2,2,5,4,1,1,,1,,,1,1,26,2.949
Summer 2025,KIN,4310,01,"Park,Yoonjung",23,13,9,8,5,2,,5,,,,,4,69,3.194
Summer 2025,KIN,3306,02,"Breslin,Whitney L",41,16,3,1,4,2,,1,,,,,,68,3.736
Summer 2025,KIN,3305,01,"Graham,Marilynn Hadassah",40,8,1,1,9,1,1,,1,,,1,3,66,3.480
Summer 2025,KIN,3350,01,"Elliott,Ashlyne Paige",9,7,4,5,6,1,1,4,,,,,,37,3.244
Summer 2025,KIN,3350,02,"Paulson,Sally",8,5,5,2,4,,,1,,,,,,25,3.454
Summer 2025,KIN,4350,01,"Walsh,David W",5,10,21,2,10,2,,1,,,,1,,52,3.167
Summer 2025,KIN,4302,1,"Alastuey,Lisa L",16,11,2,7,4,3,,4,1,,,1,,49,3.239
Summer 2025,KIN,4300,1,"Alastuey,Lisa L",2,10,5,5,8,3,2,4,,,2,,1,42,2.881
Summer 2025,KIN,4315,1,"Layne,Charles S",4,5,10,6,10,4,1,1,,,,1,,42,2.992
Summer 2025,KIN,3301,01,"Betts,Charles Raphael",22,5,2,,4,,,,,,,,1,34,3.696
Summer 2025,KIN,4355,01,"Walsh,David W",19,1,2,1,2,2,2,1,,2,,1,,33,3.212
Summer 2025,KIN,3325,01,"Knoblauch,Mark Alan",8,2,2,4,5,1,,2,,1,1,,1,27,3.012
Summer 2025,KIN,4190,1,"Walsh,David W",14,3,2,2,1,,,2,,,,1,,25,3.454
Summer 2025,KIN,4691,01,"Walsh,David W",16,1,2,,1,,,,,,,,,20,3.850
Summer 2025,KIN,3304,01,"Breslin,Whitney L",3,,2,4,4,1,2,2,,,1,,,19,2.807
Summer 2025,KIN,4340,01,"Walsh,David W",3,1,7,2,2,1,,2,,,,,,18,3.074
Summer 2025,KIN,4690,1,"Walsh,David W",14,1,1,,1,,,,,,,,,17,3.882
Summer 2025,KIN,4345,01,"Lee,Dong Hun",13,,,,2,1,,,,,,,,16,3.791
Summer 2025,KIN,4360,1,"Cottingham,Michael",15,1,,,,,,,,,,,,16,3.979
Summer 2025,KIN,4390,01,"Betts,Randi Jill",4,1,1,,,,,,,,,,,6,3.778
Summer 2025,KIN,4398,2,"Cottingham,Michael",3,,,,,,,,,,,,,3,4.000
Summer 2025,KIN,4391,01,"Betts,Randi Jill",1,,,,,,,,,,,,,1,4.000
Summer 2025,COSC,4377,301,"Long,Kevin B",22,,63,,,24,,,3,,,3,7,122,2.689
Summer 2025,COSC,3340,101,"Singh,Raj Kumar",54,25,9,7,9,,2,,,,,,1,107,3.614
Summer 2025,COSC,4353,101,"Singh,Raj Kumar",61,14,3,,4,2,1,2,,,,,1,88,3.728
Summer 2025,COSC,4393,301,"Mantini,Pranav",34,12,10,5,19,,1,2,1,,,,1,85,3.459
Summer 2025,COSC,3380,201,"Hilford,Victoria",3,16,21,13,15,5,2,4,,,,,1,80,3.013
Summer 2025,COSC,4397,101,"Mukherjee,Arjun",17,12,5,3,10,,,1,1,,,,2,51,3.366
Summer 2025,COSC,4370,101,"Phan,Nguyen Kim Khoi",26,8,3,,3,3,,1,,,,,1,45,3.571
Summer 2025,COSC,1437,301,"Rincon Castro,Carlos Alberto",15,1,1,5,3,,3,1,,,,7,3,39,2.496
Summer 2025,COSC,3337,201,"Rizk,Nouhad J",4,4,3,,7,4,6,3,1,,,,7,39,2.282
Summer 2025,COSC,2436,201,"Rizk,Nouhad J",3,4,4,7,3,2,2,3,,,,2,5,35,2.334
Summer 2025,COSC,4351,201,"Hilford,Victoria",10,10,5,3,4,,,,,,,,,32,3.532
Summer 2025,COSC,3320,201,"Alipour,Mohammad Amin",13,4,1,3,2,2,,1,1,,,3,,30,3.056
Summer 2025,COSC,3360,301,"Rincon Castro,Carlos Alberto",3,,1,5,,3,6,,,,,5,2,25,1.775
Summer 2025,COSC,1336,201,"Yun,Changhoon",9,2,1,1,1,3,1,,,,,1,1,20,3.001
Summer 2025,COSC,8399,102,"Chen,Guoning",2,,,,,,,,,,,,,2,4.000
Summer 2025,COSC,8399,107,"Eick,Christoph F",1,,,,,,,,,,,,,1,4.000
Summer 2025,COSC,8399,122,"Pavlidis,Ioannis T",1,,,,,,,,,,,,,1,4.000
Summer 2025,COSC,8399,125,"Shi,Weidong",1,,,,,,,,,,,,,1,4.000
Summer 2025,COSC,6380,301,"Mantini,Pranav",3,,,,1,,,,,,,,,4,3.833
Summer 2025,COSC,6309,101,"Singh,Raj Kumar",,3,,,,,,,,,,,,3,3.670
Summer 2025,COSC,3399,101,"Eick,Christoph F",1,,,,,,,,,,,,,1,4.000
Summer 2025,COSC,4396,101,"Shah,Shishir",1,,,,,,,,,,,,,1,4.000
Summer 2025,COSC,6306,201,"Rizk,Nouhad J",,,,,1,,,,,,,,,1,3.330
Summer 2025,COSC,6310,301,"Rincon Castro,Carlos Alberto",,,,1,,,,,,,,,,1,2.670
Summer 2025,COSC,8699,117,"Merchant,Fatima Aziz",1,,,,,,,,,,,,,1,4.000
Summer 2025,PHYS,2325,03,"Chen,Shuo",38,49,35,46,37,14,10,26,3,,,3,,261,3.031
Summer 2025,PHYS,2325,01,"Bassler,Kevin E",7,4,8,3,10,,,4,,,,,2,38,3.087
Summer 2025,PHYS,2125,02,"Maric,Sladjana",1,26,35,15,17,8,1,8,1,,1,,,113,3.006
Summer 2025,PHYS,2125,01,"Maric,Sladjana",2,2,2,2,2,4,1,1,,,,,1,17,2.667
Summer 2025,PHYS,1301,01,"Cardoso Barato,Andre",24,6,4,5,10,10,6,5,7,1,2,2,11,93,2.459
Summer 2025,PHYS,1102,02,"Wood,Lowell T",,,5,5,6,1,1,1,1,,,,,20,2.767
Summer 2025,PHYS,1102,03,"Wood,Lowell T",2,,4,3,2,1,1,2,1,,,,,16,2.750
Summer 2025,PHYS,1102,01,"Maric,Sladjana",,1,1,2,4,,,3,1,,,,1,13,2.563
Summer 2025,PHYS,1102,05,"Maric,Sladjana",,2,2,,2,,,6,,,1,,,13,2.716
Summer 2025,PHYS,1102,04,"Wood,Lowell T",,,4,1,1,1,2,2,,,,,1,12,2.333
Summer 2025,PHYS,1101,02,"Maric,Sladjana",1,1,4,1,4,3,2,3,,,,,2,21,2.476
Summer 2025,PHYS,1101,01,"Maric,Sladjana",,2,3,5,5,,1,,,,,1,1,18,2.667
Summer 2025,PHYS,1101,03,"Maric,Sladjana",,4,1,5,,3,1,2,,,,,1,17,2.551
Summer 2025,PHYS,1101,05,"Wood,Lowell T",,,2,6,1,1,1,1,,,,,2,14,2.239
Summer 2025,PHYS,1302,01,"Curran,Seamus A",22,,11,,2,11,,5,2,,,2,6,61,2.677
Summer 2025,PHYS,2326,01,"Varghese,Oomman K",8,2,3,4,4,5,,3,,,1,,2,32,2.833
Summer 2025,PHYS,1304,01,"McElhenny,Brian Patrick",8,1,4,,3,1,,1,,,,,3,21,2.952
Summer 2025,PHYS,2126,01,"Maric,Sladjana",,,6,2,3,3,1,3,,,,,1,19,2.526
Summer 2025,PHYS,8399,04,"Bassler,Kevin E",2,,,,,,,,,,,,,2,4.000
Summer 2025,PHYS,8399,26,"Ratti,Claudia",1,,,,,,,,,,,,,1,4.000
Summer 2025,PHYS,4498,1,"Forrest,Rebecca L",,,1,,,,,,,,,,,1,3.000
Summer 2025,PHYS,7399,01,"Chu,Ching Wu",,,1,,,,,,,,,,,1,3.000
Summer 2025,BIOL,1306,01,"Farmer,Lisa M",24,12,15,8,12,8,13,12,2,,3,1,3,113,2.814
Summer 2025,BIOL,2102,02,"Gill,Tejendra",2,1,9,3,1,2,3,,,,1,,1,23,2.624
Summer 2025,BIOL,2102,01,"Gill,Tejendra",2,3,5,1,5,2,,,,1,,,1,20,2.900
Summer 2025,BIOL,2102,04,"Gill,Tejendra",4,1,8,3,2,,,,,1,1,,,20,3.017
Summer 2025,BIOL,2102,05,"Gill,Tejendra",5,4,2,1,1,1,1,,2,,,,,17,3.079
Summer 2025,BIOL,2102,03,"Gill,Tejendra",,,1,,2,,,,,,,1,,4,2.415
Summer 2025,BIOL,2101,03,"Gill,Tejendra",1,1,3,1,5,2,,2,1,,1,1,2,20,2.349
Summer 2025,BIOL,2101,01,"Gill,Tejendra",1,,5,2,4,1,,1,1,2,1,1,,19,2.403
Summer 2025,BIOL,2101,04,"Gill,Tejendra",5,2,3,4,2,1,1,,,1,,,,19,3.054
Summer 2025,BIOL,2101,05,"Gill,Tejendra",2,1,4,,3,1,,1,,1,,2,1,16,2.416
Summer 2025,BIOL,2101,02,"Gill,Tejendra",,,1,1,1,1,,,,,,,,4,2.750
Summer 2025,BIOL,1106,06,"Medrano,Ana I",8,5,7,1,,1,,1,,,,,1,24,3.265
Summer 2025,BIOL,1106,05,"Medrano,Ana I",17,4,1,,,,,,,,,1,,23,3.725
Summer 2025,BIOL,1106,01,"Medrano,Ana I",5,5,3,,3,,,,,,,,,16,3.584
Summer 2025,BIOL,1106,04,"Medrano,Ana I",12,,1,,,,,,,,,,,13,3.923
Summer 2025,BIOL,1107,04,"Hanke,Marc H",20,1,,,,,,,,,,1,,22,3.803
Summer 2025,BIOL,1107,01,"Hanke,Marc H",17,,2,,1,,1,,,,,,,21,3.762
Summer 2025,BIOL,1107,05,"Hanke,Marc H",15,1,,,,,,,,,,,3,19,3.351
Summer 2025,BIOL,1307,01,"Dimarco,Romina",11,11,13,6,6,1,,4,,,2,2,5,61,2.842
Summer 2025,BIOL,2302,01,"Ogletree-Hughes,Monique L",17,6,8,1,3,6,4,3,4,1,3,,3,59,2.729
Summer 2025,BIOL,2301,01,"Wayne,Chad M",4,1,4,13,2,4,3,3,1,,,2,5,42,2.239
Summer 2025,BIOL,4354,01,"Cheek,Ann Oliver",11,,7,,3,5,1,3,,1,3,,4,38,2.587
Summer 2025,BIOL,2321,01,"Medrano,Ana I",7,3,5,2,1,7,3,2,,,3,3,1,37,2.442
Summer 2025,BIOL,2121,02,"Knapp,Richard D",3,5,3,4,,1,,,,,,,,16,3.252
Summer 2025,BIOL,2121,03,"Knapp,Richard D",3,,4,2,2,,1,2,,,,,,14,3.024
Summer 2025,BIOL,1308,01,"Gifford,Jenifer",7,1,5,2,1,2,1,1,,,1,,,21,3.080
Summer 2025,BIOL,6352,01,"Lin,Chin-Yo",11,6,,1,2,,,,,,,,1,21,3.588
Summer 2025,BIOL,6355,01,"Valier,Helen K",14,5,,,,,,,,,,,,19,3.913
Summer 2025,BIOL,2120,02,"Knapp,Richard D",,,1,1,2,,,1,,,,,,5,2.932
Summer 2025,BIOL,2120,03,"Knapp,Richard D",,1,,1,,,,1,,,,,,3,2.890
Summer 2025,BIOL,3396,3,"Meisel,Richard P",1,,,,,,,,,,,,,1,4.000
Summer 2025,BIOL,4398,01,"Frankino,William A",1,,,,,,,,,,,,,1,4.000
Summer 2025,COMM,3300,1,"Yamasaki,Jill S",48,25,6,,11,2,,2,,,,,,94,3.692
Summer 2025,COMM,1307,6,"Olson,Beth M",3,22,4,1,8,1,,2,1,1,,4,3,50,2.848
Summer 2025,COMM,2356,1,"Kim,Jinsuk",30,1,2,,5,3,1,,,1,,4,2,49,3.156
Summer 2025,COMM,2311,01,"Radcliffe Andre,Jennifer",12,3,1,2,5,,,,,,,1,,24,3.500
Summer 2025,COMM,2311,5,"Radcliffe Andre,Jennifer",19,2,,,1,,,,,,,1,,23,3.768
Summer 2025,COMM,4303,1,"Bundage Juvane,Stephanie",29,6,3,1,8,,,,,,,,,47,3.752
Summer 2025,COMM,1303,1,"Lyn,Robyn",14,11,9,2,3,1,,,,1,,4,1,46,3.073
Summer 2025,COMM,3370,1,"Houk,Keith R",27,3,1,,3,,1,,,,1,,1,37,3.649
Summer 2025,COMM,2320,01,"Crowe,Craig Warren",21,6,3,2,2,,,,,,,,,34,3.736
Summer 2025,COMM,3376,1,"Olson,Beth M",10,10,4,1,4,,,1,,1,,,1,32,3.365
Summer 2025,COMM,3368,01,"Ashley,Laura B",19,1,2,3,5,,1,,,,,,,31,3.613
Summer 2025,COMM,3374,1,"Choi,Ho Joon",18,5,,2,1,1,,2,,,,1,1,31,3.409
Summer 2025,COMM,4355,01,"Xiao,Zhiwen",26,1,2,,,,,1,,,,,1,31,3.742
Summer 2025,COMM,3349,1,"Lee,Jaesub",11,6,2,4,4,1,,1,,,,,,29,3.460
Summer 2025,COMM,3353,01,"Liu,Youmei",18,,4,,,5,,,,,,1,,28,3.357
Summer 2025,COMM,4378,1,"Ashley,Laura B",22,,2,,1,1,,,1,,,1,,28,3.583
Summer 2025,COMM,3369,2,"Belton,Stephanie",13,4,1,1,1,,,,,1,,,1,22,3.470
Summer 2025,COMM,4357,1,"Huang,Yan",12,8,,,1,,,,,,,,1,22,3.668
Summer 2025,COMM,3311,3,"Crixell,Charles A",11,1,3,,2,,,,,,,,,17,3.725
Summer 2025,COMM,4365,02,"Choi,Ho Joon",15,,,1,,,,,,,,1,,17,3.686
Summer 2025,COMM,3303,1,"Xiao,Zhiwen",12,,2,,1,,,,,,,,,15,3.822
Summer 2025,COMM,4331,1,"Huang,Yan",10,3,,1,1,,,,,,,,,15,3.801
Summer 2025,COMM,4384,1,"Williams,Uniqua Janae",7,1,4,,,,,,,,,,,12,3.639
Summer 2025,COMM,4398,1,"Houk,Keith R",2,,,,,,,,,,,,,2,4.000
Summer 2025,COMM,4398,2,"Crowe,Craig Warren",2,,,,,,,,,,,,,2,4.000
Summer 2025,COMM,4398,3,"Ni,Lan",1,,,,,,,,,,,,,1,4.000
Summer 2025,COMM,6199,1,"Yamasaki,Jill S",1,,,,,,,,,,,,,1,4.000
Summer 2025,COMM,6199,2,"Huang,Yan",1,,,,,,,,,,,,,1,4.000
Summer 2025,COMM,6398,1,"Yamasaki,Jill S",2,,,,,,,,,,,,,2,4.000
Summer 2025,ACCT,2301,03,"Sykes,Mary Reeves",3,,8,,3,7,,6,3,,6,5,6,47,1.807
Summer 2025,ACCT,2301,02,"Sykes,Mary Reeves",12,,6,,2,3,,3,5,,3,3,1,38,2.491
Summer 2025,ACCT,2301,04,"Sykes,Mary Reeves",,,,,1,,,1,,,,,,2,2.830
Summer 2025,ACCT,3367,01,"Kuruvilla,Mohan",6,1,3,,5,6,,6,3,,,4,20,54,1.524
Summer 2025,ACCT,3367,02,"Kuruvilla,Mohan",9,2,,,1,1,,,1,,,2,3,19,2.614
Summer 2025,ACCT,3377,02,"Serrato,Darlene Marie  Bohac",15,3,13,2,2,6,1,5,2,,,2,4,55,2.715
Summer 2025,ACCT,3377,01,"Serrato,Darlene Marie  Bohac",1,,4,,2,1,,3,2,,,1,3,17,1.979
Summer 2025,ACCT,3368,02,"Liu,Zijun",9,8,11,3,,5,,,3,,,1,3,43,2.776
Summer 2025,ACCT,3368,01,"Ramaswamy,Vinita",10,2,3,3,4,1,1,3,,,,,,27,3.271
Summer 2025,ACCT,3371,02,"Seijas,Nuria S",23,7,3,1,6,2,1,,,,,,,43,3.605
Summer 2025,ACCT,3371,01,"Seijas,Nuria S",17,,2,3,1,,2,,,,,,,25,3.547
Summer 2025,ACCT,3366,01,"Serrato,Darlene Marie  Bohac",5,,13,3,,3,2,3,3,,,1,13,46,1.877
Summer 2025,ACCT,3366,02,"Serrato,Darlene Marie  Bohac",1,1,3,2,,,,3,1,,,,5,16,1.875
Summer 2025,ACCT,2302,01,"Weber,Catherine K",8,,8,,,5,,2,1,,,1,2,27,2.654
Summer 2025,ACCT,2302,02,"Weber,Catherine K",8,,8,,1,4,,,1,,,1,4,27,2.531
Summer 2025,ACCT,2302,03,"Weber,Catherine K",5,,,,,,,,,,,,,5,4.000
Summer 2025,ACCT,4335,02,"Kuruvilla,Mohan",11,5,6,2,3,2,,1,1,,,,4,35,2.943
Summer 2025,ACCT,4335,01,"Kuruvilla,Mohan",6,1,2,,,1,,2,1,,,1,,14,2.952
Summer 2025,ACCT,4331,01,"Zhu,Limin",5,,13,,,5,,,,,,,,23,3.000
Summer 2025,ACCT,4331,02,"Zhu,Limin",5,,7,,,1,,,,,,,,13,3.308
Summer 2025,ACCT,7320,01,"George,Jessie",8,4,3,,7,,,,,,,,,22,3.590
Summer 2025,ACCT,7320,02,"George,Jessie",4,1,2,1,,,,,,,,,,8,3.543
Summer 2025,ACCT,5301,01,"Serrato,Darlene Marie  Bohac",4,,2,,1,,1,3,2,,,1,5,19,1.894
Summer 2025,ACCT,5331,01,"Zhu,Limin",5,,7,,,4,,,1,,,,2,19,2.632
Summer 2025,ACCT,7375,01,"Russell,Daniel Snow",4,,6,,,,,,,,,,,10,3.400
Summer 2025,ACCT,7375,02,"Russell,Daniel Snow",,,4,,,,,,,,,,,4,3.000
Summer 2025,ACCT,5368,01,"Ramaswamy,Vinita",3,1,3,1,2,,,,,,,,,10,3.400
Summer 2025,ACCT,5371,01,"Seijas,Nuria S",3,2,,,2,2,1,,,,,,,10,3.167
Summer 2025,ACCT,5367,01,"Kuruvilla,Mohan",3,,,,,1,,,1,,,2,1,8,1.875
Summer 2025,ACCT,5335,01,"Kuruvilla,Mohan",2,2,1,1,,1,,,,,,,,7,3.287
Summer 2025,ACCT,5332,01,"Russell,Daniel Snow",3,,1,,,2,,,,,,,,6,3.167
Summer 2025,ACCT,5372,02,"George,Jessie",1,2,1,,2,,,,,,,,,6,3.500
Summer 2025,ACCT,4332,02,"Russell,Daniel Snow",2,,1,,,1,,,,,,,,4,3.250
Summer 2025,ACCT,4332,01,"Russell,Daniel Snow",,,1,,,,,,,,,,,1,3.000
Summer 2025,ACCT,5337,01,"Serrato,Darlene Marie  Bohac",,,2,,1,,,,,,,,,3,3.110
Summer 2025,ACCT,8399,02,"Lobo,Gerald",1,,,,,,,,,,,,,1,4.000
Summer 2025,ACCT,8399,03,"Lu,Tong",1,,,,,,,,,,,,,1,4.000
Summer 2025,ECON,2302,4,"Melendez Lugo,Joel",27,15,21,26,18,8,5,63,1,,1,3,3,191,2.769
Summer 2025,ECON,2302,1,"Hossain,Md Shahadath",11,12,18,6,13,5,4,3,2,,1,,3,78,2.928
Summer 2025,ECON,2302,2,"Nourozi,Ali",9,1,6,4,5,4,,1,,,,,2,32,2.979
Summer 2025,ECON,2302,3,"Singla,Henam",3,2,7,3,3,3,1,3,,,2,2,1,30,2.522
Summer 2025,ECON,2301,1,"Maden,Bitaran Jang",15,6,13,8,10,6,4,6,2,,1,2,3,76,2.785
Summer 2025,ECON,2301,3,"Rueda Rodriguez,Ruben Horacio",5,1,3,5,3,3,1,1,,,1,,2,25,2.694
Summer 2025,ECON,3332,1,"Troncoso,Pablo A",12,7,6,9,7,1,,2,,,1,1,,46,3.196
Summer 2025,ECON,3334,1,"Peru Durayalage,Dhanushka Arunasiri",5,4,7,6,8,5,1,3,1,,,3,2,45,2.622
Summer 2025,ECON,3320,1,"Troncoso,Pablo A",14,7,3,4,2,,2,1,,1,,,2,36,3.177
Summer 2025,ECON,3370,1,"Zhivan,Natalia A",6,3,1,2,2,2,2,,2,2,2,2,2,28,2.263
Summer 2025,ECON,3357,1,"Peru Durayalage,Dhanushka Arunasiri",12,4,6,,3,,,,1,1,,,,27,3.420
Summer 2025,ECON,4390,3,"Troncoso,Pablo A",4,6,,,1,,,,,,,,,11,3.759
Summer 2025,ECON,4390,2,"Pinto,Pablo M",8,,,,,,,,,,,,,8,4.000
Summer 2025,ECON,6394,1,"Zhivan,Natalia A",4,2,3,,2,,,,,,,,,11,3.545
Summer 2025,ECON,6394,3,"Nivievskyi,Oleg",2,,,,1,,,,,,,,1,4,2.833
Summer 2025,ECON,6394,2,"Obrizan,Maksym",1,,1,,1,,,,,,,,,3,3.443
Summer 2025,ECON,6693,2,"Obrizan,Maksym",6,,3,,,,,,,,,,,9,3.667
Summer 2025,ECON,6693,1,"Zhivan,Natalia A",2,5,,,,,,1,,,,,,8,3.585
Summer 2025,ECON,3368,1,"Arenberg,Samuel",12,2,,,,,,,,,,,1,15,3.689
Summer 2025,ECON,6691,2,"Verchenko,Olesia",5,7,,1,,,,,,,,,,13,3.720
Summer 2025,ECON,6691,1,"Thornton,Rebecca Achee",1,,,,,,,,,,,,,1,4.000
Summer 2025,ECON,4349,1,"Konstantin,Sonin",,1,,,4,,,,,,,,,5,3.398
Summer 2025,ECON,8399,1,"Yi,Kei-Mu",1,,,,,,,,,,,,,1,4.000
Summer 2025,ECON,8399,6,"Chin,Aimee",1,,,,,,,,,,,,,1,4.000
Summer 2025,ECON,8399,7,"Papell,David H",1,,,,,,,,,,,,,1,4.000
Summer 2025,ECON,8399,8,"Yi,Kei-Mu",1,,,,,,,,,,,,,1,4.000
Summer 2025,ENGL,1302,11,"Pogue,Donovan A",6,14,1,2,1,,,,,,,,1,25,3.482
Summer 2025,ENGL,1302,12,"Downey,Carlton M",21,,,,1,,,,,,,2,,24,3.639
Summer 2025,ENGL,1302,3,"Rolater,Sara C",11,4,1,1,1,1,1,1,1,,1,1,,24,3.167
Summer 2025,ENGL,1302,9,"Shen,Srisha",9,6,1,,2,,,,,,1,4,1,24,2.875
Summer 2025,ENGL,1302,4,"Stewart-Steele,Heather Marie",12,2,1,1,1,,,,,,,2,4,23,2.797
Summer 2025,ENGL,1302,7,"Raza,Iqra",13,4,,,2,,,,,1,,,3,23,3.218
Summer 2025,ENGL,1302,2,"Salome,Melanie Rebecca",6,4,1,2,3,,,1,,,1,1,3,22,2.758
Summer 2025,ENGL,1302,10,"Ademoroti,Adeniyi Ayodeji",10,5,1,2,,,1,,,,,2,,21,3.255
Summer 2025,ENGL,1302,8,"Islam,Muhammad Nurul",11,3,,1,,,,,,,,2,,17,3.393
Summer 2025,ENGL,1302,14,"Downey,Carlton M",9,,2,1,2,1,,,,,,,1,16,3.333
Summer 2025,ENGL,2305,1,"Moore,Kelly L",21,3,,,2,1,,,,,,,1,28,3.703
Summer 2025,ENGL,2305,2,"Kunasek,Caleb",14,4,1,1,2,1,1,1,,,,3,,28,3.179
Summer 2025,ENGL,1301,2,"Rolater,Sara C",9,3,3,4,1,3,,1,,,,,,24,3.265
Summer 2025,ENGL,1301,6,"Arayilakath Mohammed,Ibrahim Badshah",6,7,1,,3,,,1,,,,3,2,23,2.827
Summer 2025,ENGL,2315,2,"Sicinski,Michael J",14,4,2,,2,1,1,,,,,,1,25,3.480
Summer 2025,ENGL,2315,1,"Pegoda,Andrew Joseph",5,1,,,1,4,,,,1,,2,7,21,1.699
Summer 2025,ENGL,2307,2,"Khalil,Rand Omar",18,6,,,2,,,,,,,,,26,3.872
Summer 2025,ENGL,2307,1,"Pogue,Donovan A",7,6,1,,2,,,1,,,,1,1,19,3.264
Summer 2025,ENGL,3351,1,"Ehlers,Sarah E",13,6,4,,,1,1,1,1,,,2,1,30,3.101
Summer 2025,ENGL,3328,01,"Bass,Kasey Dawn",18,,2,,,,,,,,,3,6,29,2.690
Summer 2025,ENGL,3350,1,"Berger,Jason",15,5,1,3,2,,,1,,,,,1,28,3.513
Summer 2025,ENGL,2306,1,"Murray,Christopher Brean",17,5,,,1,,,,,,,1,1,25,3.587
Summer 2025,ENGL,4300,1,"Zentz,Lauren R",15,3,,,3,1,,,,,,2,,24,3.458
Summer 2025,ENGL,4322,1,"Zentz,Lauren R",13,2,2,,3,,,2,,,,1,,23,3.478
Summer 2025,ENGL,3352,1,"Pogue,Donovan A",7,4,,,2,,1,1,,,,6,,21,2.540
Summer 2025,ENGL,2330,1,"Zachow,Alix V",3,5,1,2,3,,1,1,1,1,,,2,20,2.718
Summer 2025,ENGL,3301,1,"Wingard,Jennifer L",12,3,1,,1,,,,1,,,,1,19,3.492
Summer 2025,ENGL,4310,1,"Zentz,Lauren R",9,,,1,1,1,1,1,,,1,,,15,3.289
Summer 2025,ENGL,4385,1,"Budhwar,Kartika",12,,,1,,,,,1,,,,,14,3.691
Summer 2025,ENGL,7396,1,"Wingard,Jennifer L",6,,,,,,,,,,,,,6,4.000
Summer 2025,ENGL,8399,1,"Lee,Eunjeong",1,,,,,,,,,,,,,1,4.000
Summer 2025,ENGL,8399,6,"Majumder,Auritro",1,,,,,,,,,,,,,1,4.000
Summer 2025,ENGL,7399,3,"Ellis,Amanda",1,,,,,,,,,,,,,1,4.000
Summer 2025,PHAR,5493,01,"Hatfield,Catherine L",86,,23,,,1,,,,,,1,,111,3.739
Summer 2025,PHAR,4280,01,"Varkey,Divya A",106,,3,,,1,,,,,,,,110,3.955
Summer 2025,PHAR,5457,1,"Hatfield,Catherine L",69,,26,,,,,,,,,,,95,3.726
Summer 2025,PHAR,5297,1,"Asias-Dinh,Bernadette De Leon",33,,14,,,,,,,,,,,47,3.702
Summer 2025,PHAR,5297,2,"Wollen,Joshua T",16,,,,,,,,,,,,,16,4.000
Summer 2025,PHAR,5297,3,"Rosario,Natalie",10,,,,,,,,,,,,,10,4.000
Summer 2025,PHAR,5297,5,"Rosario,Natalie",2,,,,,,,,,,,,,2,4.000
Summer 2025,PHAR,5297,6,"De La Cruz,Austin Isaac",1,,,,,,,,,,,,,1,4.000
Summer 2025,PHAR,5297,7,"Abughosh,Susan M",1,,,,,,,,,,,,,1,4.000
Summer 2025,PHAR,5297,8,"Eubank,Taryn Ashley",1,,,,,,,,,,,,,1,4.000
Summer 2025,PHAR,5297,9,"Aparasu,Rajender R",1,,,,,,,,,,,,,1,4.000
Summer 2025,PHAR,5693,01,"Tolleson,Shane Russell",32,,5,,,,,,,,,,,37,3.865
Summer 2025,PHAR,5217,1,"Rogers,Elizabeth Coyle",30,,5,,,,,,,,,,,35,3.857
Summer 2025,PHAR,5692,01,"Truong,Mabel",27,,8,,,,,,,,,,,35,3.771
Summer 2025,PHAR,5690,01,"Truong,Mabel",14,,8,,,,,,,,,,,22,3.636
Summer 2025,PHAR,5690,02,"Sherer,Jeffrey T",2,,,,,,,,,,,,,2,4.000
Summer 2025,PHAR,5675,01,"Tolleson,Shane Russell",13,,6,,,,,,,,,1,,20,3.500
Summer 2025,PHAR,5675,02,"Gee,Jodie Sue",3,,,,,,,,,,,,,3,4.000
Summer 2025,PHAR,5206,1,"Hatfield,Catherine L",10,,9,,,2,,,,,,,,21,3.381
Summer 2025,PHAR,5670,01,"Tolleson,Shane Russell",12,,,,,1,,,,,,,,13,3.846
Summer 2025,PHAR,5644,1,"Tolleson,Shane Russell",9,,1,,,1,,,,,,,,11,3.727
Summer 2025,PHAR,5681,2,"Truong,Mabel",6,,2,,,,,,,,,,,8,3.750
Summer 2025,PHAR,5681,03,"Jo,Jinhee",2,,,,,,,,,,,,,2,4.000
Summer 2025,PHAR,5663,02,"Truong,Mabel",4,,1,,,,,,,,,,,5,3.800
Summer 2025,PHAR,5663,01,"Tolleson,Shane Russell",4,,,,,,,,,,,,,4,4.000
Summer 2025,PHAR,5685,01,"Truong,Mabel",7,,,,,,,,,,,,,7,4.000
Summer 2025,PHAR,5642,01,"Truong,Mabel",5,,1,,,,,,,,,,,6,3.833
Summer 2025,PHAR,5680,01,"Truong,Mabel",6,,,,,,,,,,,,,6,4.000
Summer 2025,PHAR,5683,01,"Truong,Mabel",5,,,,,,,,,,,1,,6,3.333
Summer 2025,PHAR,5695,01,"Tolleson,Shane Russell",2,,2,,,,,,,,,,,4,3.500
Summer 2025,PHAR,5695,2,"Truong,Mabel",2,,,,,,,,,,,,,2,4.000
Summer 2025,PHAR,5694,01,"Truong,Mabel",3,,1,,,,,,,,,,,4,3.750
Summer 2025,PHAR,5660,01,"Tolleson,Shane Russell",3,,,,,,,,,,,,,3,4.000
Summer 2025,PHAR,5672,2,"Eubank,Taryn Ashley",2,,,,,,,,,,,,,2,4.000
Summer 2025,PHAR,5672,01,"Tolleson,Shane Russell",1,,,,,,,,,,,,,1,4.000
Summer 2025,PHAR,5686,2,"Truong,Mabel",3,,,,,,,,,,,,,3,4.000
Summer 2025,PHAR,5645,1,"Truong,Mabel",1,,,,,,,,,,,,,1,4.000
Summer 2025,PHAR,5659,1,"Tolleson,Shane Russell",1,,,,,,,,,,,,,1,4.000
Summer 2025,PHAR,5664,01,"Tolleson,Shane Russell",1,,,,,,,,,,,,,1,4.000
Summer 2025,PHAR,5668,01,"Tolleson,Shane Russell",1,,,,,,,,,,,,,1,4.000
Summer 2025,PHAR,5678,01,"Truong,Mabel",1,,,,,,,,,,,,,1,4.000
Summer 2025,PHAR,5691,01,"Tolleson,Shane Russell",1,,,,,,,,,,,,,1,4.000
Summer 2025,PHAR,5696,5,"Tolleson,Shane Russell",,,,,,,,,,,,1,,1,0.000
Summer 2025,ENTR,3310,03,"Ortega,Carlos Alberto",30,45,6,1,14,3,,,,,,1,,100,3.584
Summer 2025,ENTR,3310,01,"Wilbur,Stephen",33,44,1,7,13,,,,,,,,1,99,3.621
Summer 2025,ENTR,3310,02,"Ortega,Carlos Alberto",31,37,3,,24,1,,1,,,,1,,98,3.602
Summer 2025,ENTR,3310,04,"Ortega,Carlos Alberto",25,44,7,,14,6,1,1,,,,,,98,3.521
Summer 2025,ENTR,4397,02,"McCormick,Kelly",27,5,4,1,6,2,1,,,,,,2,48,3.472
Summer 2025,ENTR,4397,04,"McCormick,Kelly",25,6,2,2,2,2,1,,1,,,1,1,43,3.411
Summer 2025,ENTR,4397,03,"Ortega,Carlos Alberto",27,1,,1,,,,1,,,,,,30,3.889
Summer 2025,ENTR,3312,01,"Karonika,John R",28,6,5,5,3,1,,,,,,,,48,3.633
Summer 2025,ENTR,3312,02,"Karonika,John R",20,8,3,3,8,,1,2,,,,1,,46,3.464
Summer 2025,ENTR,7397,01,"McCormick,Kelly",10,,,,,,,,,,,,,10,4.000
Summer 2025,ENTR,7394,01,"Gonzalez,Liana",2,,,,,,,,,,,,,2,4.000
Summer 2025,ENTR,4394,01,"Gonzalez,Liana",1,,,,,,,,,,,,,1,4.000
Summer 2025,ENTR,4398,01,"Gonzalez,Liana",1,,,,,,,,,,,,,1,4.000
Summer 2025,MARK,3336,01,"Zahn,William J",83,,27,,24,11,,11,2,,,3,3,164,3.308
Summer 2025,MARK,3337,01,"Suki,Yara D",47,15,3,4,8,,,,,,,2,,79,3.663
Summer 2025,MARK,3337,02,"Suki,Yara D",36,18,3,2,9,3,2,1,,,,2,1,77,3.455
Summer 2025,MARK,3365,01,"Zahn,William J",35,,3,,8,,,,1,,,1,1,49,3.605
Summer 2025,MARK,4332,01,"Noriega,Jaime L",17,10,2,3,6,,1,,,,1,3,1,44,3.220
Summer 2025,MARK,3338,01,"Praveen,FNU",4,8,7,5,7,1,,1,,,,1,1,35,3.067
Summer 2025,MARK,4389,02,"Lish,Alan D",2,2,9,4,4,2,2,6,1,,,,2,34,2.608
Summer 2025,MARK,4362,01,"Noriega,Jaime L",4,14,3,2,5,1,,,,,,1,,30,3.346
Summer 2025,MARK,4379,02,"Richards,Sean Wesley",3,26,,,,,,,,,,,1,30,3.581
Summer 2025,MARK,7376,02,"Koch,Steven F",22,4,,,,,,,,,,,,26,3.949
Summer 2025,MARK,7373,01,"Kamal,Saiyid Zafar",5,10,1,,3,,,,,,,,1,20,3.485
Summer 2025,MARK,6361,1,"Koch,Steven F",9,,,,,,,,,,,,,9,4.000
Summer 2025,MARK,6361,2,"Koch,Steven F",6,,,,,,,,,,,,,6,4.000
Summer 2025,MARK,   7A97,01,"Kelly,Robert J",6,,,,,,,,,,,,,6,4.000
Summer 2025,MARK,   7A97,02,"Kelly,Robert J",6,,,,,,,,,,,,,6,4.000
Summer 2025,MARK,6398,01,"Herman,Carl",6,,,,,,,,,,,,,6,4.000
Summer 2025,MARK,7399,01,"Koch,Steven F",1,1,,,,,,,,,,,,2,3.835
Summer 2025,CHEM,2323,1,"Young,Crystal Ann",20,2,26,4,5,29,5,,25,1,,16,20,153,1.861
Summer 2025,CHEM,1312,1,"Czader,Arkadiusz",12,6,8,10,10,10,8,9,3,4,5,25,7,117,1.886
Summer 2025,CHEM,1112,15,"Zaitsev,Vladimir G",,7,9,1,3,,,,,,,,,20,3.268
Summer 2025,CHEM,1112,07,"Zaitsev,Vladimir G",,2,5,2,7,1,,,1,,,,1,19,2.842
Summer 2025,CHEM,1112,17,"Zaitsev,Vladimir G",,3,8,2,4,1,,,,,,,,18,3.093
Summer 2025,CHEM,1112,18,"Zaitsev,Vladimir G",1,5,5,2,2,,1,2,,,,,,18,3.093
Summer 2025,CHEM,1112,19,"Zaitsev,Vladimir G",2,1,2,4,5,,,1,,,,1,1,17,2.784
Summer 2025,CHEM,1112,08,"Zaitsev,Vladimir G",,2,9,,2,,,2,,,,,,15,3.044
Summer 2025,CHEM,1311,1,"Czader,Arkadiusz",1,2,5,7,5,10,15,8,4,3,3,10,8,81,1.671
Summer 2025,CHEM,1111,1,"Zaitsev,Vladimir G",,7,2,2,2,2,,1,,,,1,1,18,2.779
Summer 2025,CHEM,1111,02,"Zaitsev,Vladimir G",,3,5,2,4,,,1,,,,1,,16,2.938
Summer 2025,CHEM,1111,09,"Zaitsev,Vladimir G",,1,6,2,4,,,1,,,,,,14,3.047
Summer 2025,CHEM,1111,14,"Zaitsev,Vladimir G",,1,5,1,6,,,,,,,,,13,3.178
Summer 2025,CHEM,1111,3,"Zaitsev,Vladimir G",1,1,5,1,1,,,1,,,,,,10,3.100
Summer 2025,CHEM,2123,03,"Zaitsev,Vladimir G",1,3,6,1,5,,,,,,,1,,17,3.078
Summer 2025,CHEM,2123,02,"Zaitsev,Vladimir G",2,2,4,,5,1,,,,,,,,14,3.285
Summer 2025,CHEM,2123,01,"Zaitsev,Vladimir G",1,2,4,1,2,,,2,,,,,,12,3.111
Summer 2025,CHEM,2125,03,"Zaitsev,Vladimir G",,4,2,1,10,,,,,,,,,17,3.332
Summer 2025,CHEM,1305,1,"St Hill,Lydia Ruth",2,1,,,1,,1,,1,,,3,4,13,1.359
Summer 2025,CHEM,8399,02,"Lee,T Randall",2,,,,,,,,,,,,,2,4.000
Summer 2025,CHEM,8399,23,"Comito,Robert Joseph",2,,,,,,,,,,,,,2,4.000
Summer 2025,CHEM,8399,20,"Zastrow,Melissa L",1,,,,,,,,,,,,,1,4.000
Summer 2025,CHEM,8399,24,"Gilbertson,Scott R",1,,,,,,,,,,,,,1,4.000
Summer 2025,CHEM,4396,1,"Lubchenko,Vassiliy",1,,,,,,,,,,,,,1,4.000
Summer 2025,CHEM,6399,07,"Chiang,Naihao",1,,,,,,,,,,,,,1,4.000
Summer 2025,BUSI,4350,01,"Williams,John M",145,50,16,1,12,,,,,,1,3,4,232,3.687
Summer 2025,BUSI,4350,05,"Currie,Daniel David",66,28,4,5,15,3,,3,,,,1,,125,3.640
Summer 2025,BUSI,1301,01,"Thompson,Joseph Lee",88,4,,1,2,,,,,,,,2,97,3.876
Summer 2025,BUSI,3300,03,"Munchbach,Jim",18,8,3,3,,4,,,1,,,3,9,49,2.599
Summer 2025,BUSI,3300,01,"Harvey,Danny",34,8,2,,1,,,,,,,,1,46,3.798
Summer 2025,BUSI,2305,01,"Wiley,Briceon C",3,2,6,3,1,6,3,5,1,4,1,2,10,47,1.752
Summer 2025,BUSI,4305,02,"Newman,Michael Ray",1,,2,,,,,,,,,,,3,3.333
Summer 2025,BUSI,4305,01,"Newman,Michael Ray",1,,,,,,,,,,,,,1,4.000
Summer 2025,HIST,1301,1,"McDonald,Eric John",159,40,23,3,16,5,,5,,1,,10,1,263,3.557
Summer 2025,HIST,1302,2,"Johnson,Michele R",87,28,18,16,16,1,9,16,3,4,6,16,14,234,2.858
Summer 2025,HIST,1302,50,"Vale,Timothy Eli",15,2,,,1,,,,,,,,,18,3.926
Summer 2025,HIST,2366,1,"Klieman,Kairn",6,5,1,4,2,2,4,6,,,,1,2,33,2.647
Summer 2025,HIST,2313,3,"Johnson,Michele R",11,2,,6,2,2,,2,1,1,,2,1,30,2.812
Summer 2025,HIST,3311,1,"Clavin,Matthew J",5,3,2,1,3,3,,,,1,1,,1,20,2.884
Summer 2025,HIST,4391,1,"Young,Nancy Beck",1,,,,,,,,,,,,,1,4.000
Summer 2025,HIST,6398,01,"Golubev,Alexey Valeryevich",1,,,,,,,,,,,,,1,4.000
Summer 2025,NUTR,2332,01,"Svendsen-Sanchez,Ann Carol",24,21,5,4,5,,1,2,1,1,,,,64,3.491
Summer 2025,NUTR,2332,03,"Scott,Claudia W",21,14,5,10,4,1,1,2,,,,2,4,64,3.105
Summer 2025,NUTR,2332,04,"Scott,Claudia W",10,7,6,2,5,1,,1,,,,,2,34,3.236
Summer 2025,NUTR,2332,02,"Ferrell,Carla Denise",7,7,2,1,2,2,1,2,,,,1,1,26,3.052
Summer 2025,NUTR,4334,1,"Svendsen-Sanchez,Ann Carol",25,26,14,6,18,2,,1,,1,,1,2,96,3.337
Summer 2025,NUTR,4352,1,"Vollrath,Kirstin",3,18,3,18,11,6,2,4,1,,2,,1,69,2.900
Summer 2025,NUTR,3334,01,"Svendsen-Sanchez,Ann Carol",16,18,7,4,6,1,,,,,,,,52,3.533
Summer 2025,NUTR,4351,1,"Svendsen-Sanchez,Ann Carol",13,12,7,6,6,,,,,,,,,44,3.478
Summer 2025,NUTR,4346,1,"Ferrell,Carla Denise",20,7,4,1,11,,,,,,,,,43,3.651
Summer 2025,NUTR,3336,01,"Haubrick,Kevin",25,10,,1,4,1,,,,,,,1,42,3.683
Summer 2025,NUTR,6301,1,"Ferrell,Carla Denise",19,6,1,,3,,,,,,,,,29,3.828
Summer 2025,NUTR,6311,1,"Haubrick,Kevin",11,13,1,,3,,,,,,,,,28,3.739
Summer 2025,FINA,3332,01,"Chisholm,Darla",4,3,7,13,5,7,6,3,7,5,6,3,4,73,2.037
Summer 2025,FINA,3332,02,"Chisholm,Darla",17,11,2,1,7,1,3,3,,1,2,1,2,51,3.092
Summer 2025,FINA,4330,01,"Suleymanov,Masim",8,10,12,3,5,6,,2,2,,,1,,49,3.021
Summer 2025,FINA,4330,02,"Hashad,Mai Nabil Antar Ahmed",11,4,4,3,2,1,,2,1,,,,,28,3.322
Summer 2025,FINA,4397,02,"Kapatos,Nick Gus",8,7,6,3,4,1,,2,,,,,1,32,3.240
Summer 2025,FINA,4397,03,"Kapatos,Nick Gus",6,5,3,1,4,,,1,,,,,1,21,3.318
Summer 2025,FINA,4397,01,"Stewart,Marcus",3,1,1,,,,,,,,,,1,6,3.112
Summer 2025,FINA,4320,01,"Doshi,Hitesh B",16,7,7,3,7,,1,1,1,,,,,43,3.419
Summer 2025,FINA,4320,02,"Chan,Yu-Hsuan",7,2,2,,1,,,1,,,,,,13,3.615
Summer 2025,FINA,4323,01,"Caire,Matthew",19,3,,,1,,,,,,,,,23,3.928
Summer 2025,FINA,4323,02,"Caire,Matthew",18,,,,2,,,,,,,,,20,3.933
Summer 2025,FINA,7377,01,"Gasca,Amparo Amy",16,14,,,,,,,,,,,,30,3.846
Summer 2025,FINA,7361,02,"Hogan,Kenneth David",20,,,,,,,,,,,,,20,4.000
Summer 2025,FINA,7361,01,"Hogan,Kenneth David",9,,,,,,,,,,,,,9,4.000
Summer 2025,FINA,7364,01,"Miljanic,Andra Olivia",9,6,,,5,,,,,,,,,20,3.734
Summer 2025,FINA,7374,01,"Ownby,Daniel Gil",20,,,,,,,,,,,,,20,4.000
Summer 2025,FINA,4328,01,"Coleman,Alfred G",9,3,2,,3,,,,,,,,,17,3.706
Summer 2025,FINA,4360,02,"Susmel,Raul",3,3,3,2,,,,2,,,,,3,16,2.626
Summer 2025,FINA,6335,1,"Wu,Guojun",9,,,,,,,,,,,,,9,4.000
Summer 2025,FINA,6335,02,"Patwardhan,Ashutosh Anant",6,,,,,,,,,,,,,6,4.000
Summer 2025,FINA,7323,02,"George,Thomas J",12,,,,,,,,,,,,,12,4.000
Summer 2025,FINA,7397,05,"Levy,Clayton V",4,2,,,,,,,,,,,,6,3.890
Summer 2025,FINA,7397,03,"Richards,Keith Allen",2,1,,1,,,,,,,,,,4,3.585
Summer 2025,FINA,7397,04,"Levy,Clayton V",2,,,,,,,,,,,,,2,4.000
Summer 2025,FINA,7327,01,"Stewart,Marcus",4,1,,,,,,,,,,,,5,3.934
Summer 2025,FINA,7384,01,"Richards,Keith Allen",3,,,1,1,,,,,,,,,5,3.600
Summer 2025,FINA,   7A97,01,"Caire,Matthew",2,,,,,,,,,,,,,2,4.000
Summer 2025,FINA,8399,03,"Liu,Zesong",1,,,,,,,,,,,,,1,4.000
Summer 2025,GOVT,2306,01,"Cole,Jeffrey Bryan",87,24,22,7,24,4,6,4,2,1,2,8,3,194,3.265
Summer 2025,GOVT,2306,02,"Cole,Jeffrey Bryan",16,4,12,4,4,,1,1,,1,1,1,1,46,3.145
Summer 2025,GOVT,2306,04,"Abbott Jr,Kenneth Wayne",5,14,4,5,7,1,,4,,2,,1,2,45,2.949
Summer 2025,GOVT,2305,01,"Littlepage,Kelley G",111,7,2,,2,1,1,,,,,,3,127,3.827
Summer 2025,GOVT,2305,02,"Abbott Jr,Kenneth Wayne",31,20,10,7,5,6,8,4,4,7,2,1,6,111,2.782
Summer 2025,GOVT,2305,03,"Kumar,Shiladitya",14,,,,,,,,,,,,,14,4.000
Summer 2025,MECE,3245,1,"Chen,Xuemei",11,11,15,5,4,3,,6,,,,,,55,3.200
Summer 2025,MECE,3245,01,"Hammami,Farah",14,6,3,5,9,,,3,,,,1,,41,3.350
Summer 2025,MECE,3360,5,"Chen,Xuemei",12,10,8,10,5,2,1,4,,,,,,52,3.212
Summer 2025,MECE,3360,01,"Chang,Christiana",5,2,7,2,3,4,,7,,,,,,30,2.933
Summer 2025,MECE,3336,01,"Hammami,Farah",18,6,4,4,11,4,2,2,2,,,2,4,59,2.904
Summer 2025,MECE,5388,01,"Song,Gangbing",8,8,11,4,8,2,,4,,,,,4,49,2.959
Summer 2025,MECE,2334,01,"Love,Holley Carole",13,5,3,8,6,3,1,,3,,,1,5,48,2.737
Summer 2025,MECE,3381,1,"Joshi,Shailendra Pramod",3,2,2,16,9,1,1,7,1,,,,,42,2.834
Summer 2025,MECE,5397,01,"Franchek,Matthew",24,1,,,1,,,,,,,,7,33,3.121
Summer 2025,MECE,3400,1,"Hallai,Julian",21,,3,,,,,,,,,,2,26,3.577
Summer 2025,MECE,3338,01,"Hammami,Farah",9,2,3,4,2,1,1,2,,,,,,24,3.250
Summer 2025,MECE,6397,01,"Franchek,Matthew",21,1,,,1,,,,,,,,,23,3.957
Summer 2025,MECE,3363,01,"Nejad,Alireza Mahdavi",16,,,1,3,,,,,,,,,20,3.833
Summer 2025,MECE,6387,01,"Song,Gangbing",6,5,1,,3,,,,,,,,1,16,3.459
Summer 2025,MECE,7399,1,"Song,Gangbing",1,,,,,,,,,,,,,1,4.000
Summer 2025,MECE,7399,10,"Song,Gangbing",1,,,,,,,,,,,,,1,4.000
Summer 2025,MECE,4398,02,"Huang,Yi-Chun",1,,,,,,,,,,,,,1,4.000
Summer 2025,DRAM,1310,06,"Young,Courtney Leigh",49,1,1,,1,,1,,,,,,2,55,3.776
Summer 2025,DRAM,1310,07,"Young,Courtney Leigh",52,1,,,1,,,,,,,,1,55,3.909
Summer 2025,DRAM,1310,14,"Hinkel,Heidi Anne",28,10,2,1,3,,,1,,,,2,,47,3.610
Summer 2025,DRAM,1310,13,"Hinkel,Heidi Anne",27,8,6,2,2,,,,,,,1,,46,3.638
Summer 2025,DRAM,1310,12,"Hinkel,Heidi Anne",22,13,2,3,,1,2,1,,,,1,,45,3.498
Summer 2025,DRAM,1310,15,"Egging,Jon Leo",24,3,2,2,5,1,,2,,,1,1,2,43,3.325
Summer 2025,DRAM,1310,11,"Hinkel,Heidi Anne",20,7,4,2,2,,3,,,,,2,,40,3.368
Summer 2025,DRAM,1310,01,"Brincks,Alan",12,11,2,1,4,1,2,,1,,,2,2,38,3.071
Summer 2025,DRAM,1310,03,"Young,Courtney Leigh",31,4,1,,,,,1,1,,,,,38,3.816
Summer 2025,DRAM,1310,04,"Brincks,Alan",21,7,2,2,4,,,,,,,2,,38,3.536
Summer 2025,DRAM,1310,10,"Hinkel,Heidi Anne",16,4,6,5,2,,1,1,1,,2,,,38,3.272
Summer 2025,DRAM,1310,08,"Young,Courtney Leigh",21,,,,1,,,,,,,1,,23,3.797
Summer 2025,TLIM,3363,21,"Peterson,Kathryn Marie",21,,,,1,,,,,,,,1,23,3.797
Summer 2025,TLIM,3363,22,"Piercy,Penelope Junker",9,5,3,1,1,,,,,1,1,,2,23,3.102
Summer 2025,TLIM,3363,23,"Tangeman,Anthony C",10,1,,,7,2,,,,,,2,1,23,3.086
Summer 2025,TLIM,3363,34,"Tangeman,Anthony C",9,2,5,,4,,,1,,,,1,1,23,3.217
Summer 2025,TLIM,3363,20,"Piercy,Penelope Junker",12,3,2,1,1,,,1,,2,,,,22,3.395
Summer 2025,TLIM,3340,20,"Merrifield,Warren",69,,,,,,,,,,,,,69,4.000
Summer 2025,TLIM,3345,30,"Mehring,Brian George",3,19,8,4,11,,2,3,,,,,,50,3.267
Summer 2025,TLIM,3350,30,"Freedkin,Aaron Samuel",26,16,,,3,,1,2,,,,1,,49,3.654
Summer 2025,TLIM,4350,30,"Freedkin,Aaron Samuel",6,13,10,3,11,,,,1,1,3,,1,49,3.102
Summer 2025,TLIM,4342,30,"O'kelley,Donna K",6,10,5,3,8,,,,,,,,6,38,2.904
Summer 2025,TLIM,4341,20,"Chance,Michael Dean",2,4,6,3,15,,1,4,,,1,,1,37,2.999
Summer 2025,TLIM,3330,30,"Zouridakis,George",18,2,,1,2,,1,1,,,1,1,4,31,3.032
Summer 2025,TLIM,3355,20,"Moore,George P",15,8,4,1,,1,,,,,,,1,30,3.534
Summer 2025,TLIM,4390,30,"Mehring,Brian George",3,5,1,1,3,,1,2,1,,,,1,18,2.963
Summer 2025,GEOL,1340,01,"Lytwyn,Jennifer N",55,10,12,15,16,7,6,11,,,6,4,5,147,3.018
Summer 2025,GEOL,1303,01,"Lytwyn,Jennifer N",33,9,8,6,19,5,5,8,6,2,6,6,15,128,2.505
Summer 2025,GEOL,1302,01,"Griggs,Philip Travis",66,16,4,1,8,,,,,,,,,95,3.832
Summer 2025,GEOL,3360,01,"Weber,John",3,,5,,2,1,,,,,,,,11,3.242
Summer 2025,GEOL,3360,03,"Lindline,Jennifer",5,2,1,1,1,,,,,,,,,10,3.634
Summer 2025,GEOL,3355,01,"Robinson,Alexander C",,4,2,1,3,,1,,,,,,,11,3.183
Summer 2025,GEOL,3355,03,"Kalakay,Thomas J",1,2,1,2,3,,,,,,,,,9,3.297
Summer 2025,GEOL,4397,02,"Sager,William W",17,2,,,,,,,,,,,,19,3.965
Summer 2025,GEOL,1103,03,"Hauptvogel,Daniel William",10,,,,,,,,,,,,2,12,3.333
Summer 2025,GEOL,1103,04,"Hauptvogel,Daniel William",2,1,1,1,,,,,,,,,,5,3.468
Summer 2025,GEOL,7336,01,"Sager,William W",8,,,,,,,,,,,,,8,4.000
Summer 2025,GEOL,1102,02,"Griggs,Philip Travis",6,,,1,,,,,,,,,,7,3.810
Summer 2025,GEOL,8699,5,"Choi,Yunsoo",6,,,,,,,,,,,,,6,4.000
Summer 2025,GEOL,6351,01,"Van Wijk,Jolante W",2,,,,,,,,,,,,,2,4.000
Summer 2025,GEOL,6351,02,"Van Wijk,Jolante W",,,,,1,,,,,,,,,1,3.330
Summer 2025,GEOL,6379,01,"Van Nieuwenhuise,Donald S",1,1,,,,,,,,,,,,2,3.835
Summer 2025,GEOL,6379,02,"Van Nieuwenhuise,Donald S",,1,,,,,,,,,,,,1,3.670
Summer 2025,GEOL,7330,01,"Bird,Dale E",,,1,,,,,,,,,,,1,3.000
Summer 2025,GEOL,7330,02,"Bird,Dale E",1,,,,,,,,,,,,,1,4.000
Summer 2025,GEOL,7333,01,"Thomsen,Leon A",,1,,,,,,,,,,,,1,3.670
Summer 2025,GEOL,7333,02,"Thomsen,Leon A",,,1,,,,,,,,,,,1,3.000
Summer 2025,GEOL,7341,01,"Zhou,Hua-Wei",1,,,,,,,,,,,,,1,4.000
Summer 2025,GEOL,7341,03,"Zhou,Hua-Wei",1,,,,,,,,,,,,,1,4.000
Summer 2025,GEOL,7399,12,"Castagna,John P",1,,,,,,,,,,,,,1,4.000
Summer 2025,GEOL,8399,15,"Mann,Paul",1,,,,,,,,,,,,,1,4.000
Summer 2025,CNST,3185,1,"Lyon,Eva Yaneth",26,26,1,4,6,1,,,,,,,1,65,3.617
Summer 2025,CNST,4341,20,"Bouhou,Nour-El Imane",20,19,3,4,3,,,1,,,,,1,51,3.563
Summer 2025,CNST,4315,01,"Chang,Chi Chung",14,12,7,2,7,,,,,,,,,42,3.564
Summer 2025,CNST,2360,2,"Escobar,C Mauricio",4,10,,5,4,2,1,1,,,,,2,29,3.013
Summer 2025,CNST,2360,1,"Sheppard,Travis",4,,6,,,,,,,,,,,10,3.400
Summer 2025,CNST,4331,1,"Menendez,Daniel",4,1,19,4,8,,,,,,,,1,37,3.081
Summer 2025,CNST,3355,1,"Hossain,Sk Amjad",14,,13,,,4,,,1,,,,1,33,3.152
Summer 2025,CNST,3155,1,"Meyer,Joseph Ray",19,5,,,3,1,1,,,,,,,29,3.724
Summer 2025,CNST,3265,1,"Lupher,Jacob John",4,5,6,3,7,1,,2,,,,,1,29,3.115
Summer 2025,CNST,3331,1,"Lyon,Eva Yaneth",5,12,3,5,2,,,,,,,,,27,3.446
Summer 2025,CNST,4345,1,"Chang,Chi Chung",5,7,7,4,4,,,,,,,,,27,3.359
Summer 2025,CNST,3372,1,"Meyer,Joseph Ray",17,5,,,2,,,,,,,,,24,3.875
Summer 2025,CNST,3205,1,"Hart,Lee J",18,,3,,,1,,,,,,,,22,3.773
Summer 2025,CNST,4302,1,"Ducran,Denis George",5,4,5,1,3,1,,1,,,,,1,21,3.175
Summer 2025,CNST,6370,1,"Gao,Lu",14,,,,,,,,,,,,,14,4.000
Summer 2025,CNST,6370,40,"Gao,Lu",2,,,,,,,,,,,,,2,4.000
Summer 2025,ENGI,2304,02,"Ellis,Kelly Ann",11,5,,5,,,1,3,,,,,,25,3.374
Summer 2025,ENGI,2304,07,"Khalil,Rand Omar",18,1,1,,2,,,,1,,,2,,25,3.453
Summer 2025,ENGI,2304,2,"Wilson,Chad A",19,3,1,1,1,,,,,,,,,25,3.840
Summer 2025,ENGI,2304,08,"Estrada,Carl",5,4,4,2,5,,1,1,,,,1,1,24,3.028
Summer 2025,ENGI,2304,3,"Wilson,Chad A",12,6,2,2,1,,,,,,,1,,24,3.529
Summer 2025,ENGI,2304,1,"Estrada,Carl",6,6,1,,2,,,2,1,,,3,2,23,2.667
Summer 2025,ENGI,2304,10,"Ellis,Kelly Ann",11,5,3,,2,1,,,,,,1,,23,3.479
Summer 2025,ENGI,2304,13,"Downey,Carlton M",19,3,,,,1,,,,,,,,23,3.870
Summer 2025,ENGI,2304,4,"Wilson,Chad A",15,1,2,,1,2,1,,,,,1,,23,3.420
Summer 2025,ENGI,2304,04,"Downey,Carlton M",18,3,,,1,,,,,,,,,22,3.925
Summer 2025,ENGI,2304,05,"Ellis,Kelly Ann",10,1,2,1,4,1,1,1,,,,1,,22,3.257
Summer 2025,ENGI,2304,11,"O'Bryan,Ann Patricia",16,4,2,,,,,,,,,,,22,3.849
Summer 2025,ENGI,2304,03,"Wilson,Chad A",8,3,5,,5,,,,,,,,,21,3.555
Summer 2025,ENGI,2304,14,"Contos,Ashlie Meghan",7,4,2,2,4,,,1,,,,1,,21,3.318
Summer 2025,ENGI,2304,01,"Pushaw,Stephanie",10,7,1,,2,,,,,,,,,20,3.768
Summer 2025,ENGI,2304,12,"O'Bryan,Ann Patricia",13,2,2,,,,,,,,,,,17,3.844
Summer 2025,ENGI,1331,04,"Zelisko,Matthew Raymond",17,4,4,5,6,5,3,7,,1,,2,,54,2.963
Summer 2025,ENGI,1331,03,"Chang,Christiana",5,2,4,2,3,6,5,3,5,,2,,6,43,2.085
Summer 2025,ENGI,2397,01,"Henderson,Jerrod A",1,,,,,,,,,,,,,1,4.000
Summer 2025,ENGI,2397,2,"Henderson,Jerrod A",1,,,,,,,,,,,,,1,4.000
Summer 2025,ENGI,2397,3,"Cirino,Patrick C",1,,,,,,,,,,,,,1,4.000
Summer 2025,MIS,3371,01,"Messinger,Jacob Nelson",29,5,3,1,3,,1,1,,,,,3,46,3.478
Summer 2025,MIS,3371,02,"Messinger,Jacob Nelson",6,1,,,,,,,,,,,3,10,2.767
Summer 2025,MIS,   6A41,01,"Silva,Leiser O",48,,,,,,,,,,,,,48,4.000
Summer 2025,MIS,   6A41,02,"Silva,Leiser O",7,,,,,,,,,,,,,7,4.000
Summer 2025,MIS,3360,01,"Porra,Jaana",25,20,,,8,,,,,,,,2,55,3.637
Summer 2025,MIS,4397,02,"Netzel,Andrew",21,6,1,3,4,,,1,,,,1,2,39,3.402
Summer 2025,MIS,4397,01,"Messinger,Jacob Nelson",4,1,1,1,,,1,,,,,,,8,3.376
Summer 2025,MIS,4397,03,"Messinger,Jacob Nelson",1,1,1,1,,,,,,,,,2,6,2.223
Summer 2025,MIS,4374,01,"Campbell,Phillip James",25,5,3,,8,3,,,,,,,,44,3.636
Summer 2025,MIS,4378,01,"Porra,Jaana",21,14,,,7,,,,,,,,,42,3.778
Summer 2025,MIS,4378,02,"Kniffen,Richard Chad",2,,,,,,,,,,,,,2,4.000
Summer 2025,MIS,3370,01,"Ingram,Barry",11,,2,,,7,,,4,,,3,4,31,2.194
Summer 2025,MIS,7397,03,"Netzel,Andrew",12,4,,,,,,,,,,,,16,3.918
Summer 2025,MIS,7397,01,"Campbell,Phillip James",8,,,,2,,,,,,,,,10,3.866
Summer 2025,MIS,7397,02,"Khan,Hina F",4,,,,,,,,,,,,,4,4.000
Summer 2025,MIS,4477,01,"Khan,Hina F",13,3,1,,1,,,,,,,,1,19,3.649
Summer 2025,MIS,3376,01,"Chandler,Carol Lee",5,,5,,,2,,,,,,,,12,3.250
Summer 2025,MIS,7378,01,"Kniffen,Richard Chad",4,,,,,,,,,,,,,4,4.000
Summer 2025,MIS,8399,01,"Chin,Wynne W",1,,,,,,,,,,,,,1,4.000
Summer 2025,SCM,3301,01,"Khumawala,Basheer M",150,37,14,2,11,,,4,,,,,,218,3.803
Summer 2025,SCM,4311,01,"Johnson,Norman A",57,33,6,4,15,1,1,1,,,,1,,119,3.645
Summer 2025,SCM,4362,01,"Dillibe,Onyinye",34,,5,,1,,,,,,,,,40,3.858
Summer 2025,SCM,   6A01,01,"Sahin,Funda",10,4,5,,2,2,,,,,,,1,24,3.348
Summer 2025,SOCW,7397,2,"Mendoza,Yvonne Anette",28,,,,,,,,1,,,,,29,3.897
Summer 2025,SOCW,7397,6,"Parker,Jamie Lynne",24,,1,,,,,,,,,1,,26,3.808
Summer 2025,SOCW,7397,4,"Ruiz,Ashley Brown",12,,,,,,,,,,,,1,13,3.692
Summer 2025,SOCW,7373,2,"Fernandez,Jason",27,,,,,,,,,,,,,27,4.000
Summer 2025,SOCW,7373,01,"Gracely,Jill Marie",4,,,,,,,,,,,,,4,4.000
Summer 2025,SOCW,7302,1,"Charles,Janea Nicole Adams",28,,,,,,,,,,,,,28,4.000
Summer 2025,SOCW,7303,01,"Berger Cardoso,Jodi A",24,,4,,,,,,,,,,,28,3.857
Summer 2025,SOCW,7320,2,"Boyd,Reiko K",28,,,,,,,,,,,,,28,4.000
Summer 2025,SOCW,7334,1,"Hartley,Jessica",28,,,,,,,,,,,,,28,4.000
Summer 2025,SOCW,7339,1,"Stagg,Helen Ruth",26,,1,,,1,,,,,,,,28,3.893
Summer 2025,SOCW,7366,2,"Webb,Ann E",28,,,,,,,,,,,,,28,4.000
Summer 2025,SOCW,7378,01,"Eisenbaum,Stephanie",26,,2,,,,,,,,,,,28,3.929
Summer 2025,SOCW,7361,1,"Miyawaki,Christina E",21,,2,,,2,,,,,,,,25,3.760
Summer 2025,SOCW,7360,1,"Leung,Yuk-Hi Patrick",20,,,,,,,,,,,,,20,4.000
Summer 2025,SOCW,7368,1,"Amtsberg,Donna K",18,,1,,,,,,,,,,,19,3.947
Summer 2025,SOCW,7326,01,"Torres,Isabel",15,,2,,,,,,,,,,1,18,3.667
Summer 2025,SOCW,7301,1,"Shepherd,Donisha Shanice",8,,,,,,,,,,,,,8,4.000
Summer 2025,SOCW,7365,01,"Battle,Jennifer Alene",7,,,,,,,,,,,,,7,4.000
Summer 2025,SOCW,8336,01,"Walton,Quenette",5,,,,,,,,,,,,,5,4.000
Summer 2025,SOCW,8398,01,"Pritzker,Suzanne",1,,,,,,,,,,,,,1,4.000
Summer 2025,SOCW,8398,02,"Acquati,Chiara",1,,,,,,,,,,,,,1,4.000
Summer 2025,INDE,2333,3,"Wang,Yaping",23,12,18,11,10,10,3,8,8,3,5,2,,113,2.770
Summer 2025,INDE,2333,4,"Wang,Yaping",10,7,7,11,4,1,2,9,5,3,5,,,64,2.646
Summer 2025,INDE,2333,01,"Diaz Martinez,Neil Orlando",6,5,3,4,4,4,4,3,2,,1,,2,38,2.641
Summer 2025,INDE,2333,2,"Govindu,Nirathi Keerthi",9,5,2,,4,,,,,,,,,20,3.684
Summer 2025,INDE,3333,01,"Diaz Martinez,Neil Orlando",6,7,11,5,7,3,,5,,,,1,1,46,2.978
Summer 2025,INDE,3333,02,"Govindu,Nirathi Keerthi",4,2,2,1,3,,,1,,,,,,13,3.410
Summer 2025,INDE,3330,01,"Govindu,Nirathi Keerthi",4,3,2,5,5,,,1,,,,,1,21,3.111
Summer 2025,INDE,6332,01,"Rypien,David V",10,1,,,4,,,,,,,,,15,3.799
Summer 2025,INDE,6332,2,"Rypien,David V",1,,,,,,,,,,,,,1,4.000
Summer 2025,INDE,4372,01,"Hu,Minxiang",10,3,,,,,,,,,,,,13,3.924
Summer 2025,INDE,4315,01,"Diaz Martinez,Neil Orlando",1,3,3,,2,,,1,,1,,,1,12,2.806
Summer 2025,INDE,6333,01,"Govindu,Nirathi Keerthi",9,,1,,,,,,,,,2,,12,3.250
Summer 2025,INDE,6334,01,"Wang,Wenshuang",7,1,,,,,,,,,,,,8,3.959
Summer 2025,INDE,6336,01,"Keedy,Elias",2,3,1,1,,,,,,,,,,7,3.526
Summer 2025,INDE,6365,01,"Govindu,Nirathi Keerthi",3,,,,1,,,,,,,,,4,3.833
Summer 2025,INDE,7390,01,"Diaz Martinez,Neil Orlando",1,,,,1,,1,,,,,1,,4,2.250
Summer 2025,INDE,6361,1,"Hu,Minxiang",,2,,,,,,,,,,,,2,3.670
Summer 2025,INDE,4364,01,"Wang,Wenshuang",1,,,,,,,,,,,,,1,4.000
Summer 2025,INDE,7399,08,"Xiang,Yisha",1,,,,,,,,,,,,,1,4.000
Summer 2025,INDE,8699,08,"Xiang,Yisha",1,,,,,,,,,,,,,1,4.000
Summer 2025,SPAN,2312,01,"Carrera Quiroga,Emilio Vicente",1,3,3,2,2,1,3,2,,,1,,1,19,2.579
Summer 2025,SPAN,2312,06,"Miranda Moreno,Sujaila Abigail",2,1,5,1,2,,2,3,,,,1,1,18,2.574
Summer 2025,SPAN,2312,12,"Falahasl,Hamideh",2,,3,2,1,1,,5,1,1,,1,1,18,2.277
Summer 2025,SPAN,2312,3,"Benalcazar Astudillo,Diana Salome",1,2,6,1,3,,1,2,,,1,,1,18,2.759
Summer 2025,SPAN,2312,2,"Hernandez,Yanina",1,3,1,3,2,2,,4,,,1,,,17,2.784
Summer 2025,SPAN,2311,01,"Bello Malagon,Ana Maribel",4,2,2,3,10,,,,,,,,1,22,3.211
Summer 2025,SPAN,2311,03,"Scalzo,Dillon S",5,3,6,1,2,1,,3,,,,,1,22,3.060
Summer 2025,SPAN,2311,04,"Rodriguez Mora,Camilo Andres",3,1,2,1,4,3,2,,1,,1,2,1,21,2.349
Summer 2025,SPAN,2311,5,"del Castillo Garza,Alejandro",2,1,5,4,4,,1,2,,,1,,1,21,2.778
Summer 2025,SPAN,1502,5,"Malacara Sanchez,Jonathan Jorge",2,4,2,4,3,1,,2,,,,3,1,22,2.546
Summer 2025,SPAN,1502,01,"Nieves Cabrera,Wendy",3,6,4,3,3,,1,1,,,,,,21,3.239
Summer 2025,SPAN,1502,03,"Guimaraes Cardozo,Luiz Paulo",5,6,2,2,3,1,1,1,,,,,,21,3.302
Summer 2025,SPAN,1501,05,"Molina Vargas,Oscar Ivan",3,3,2,2,5,,2,1,1,,,1,1,21,2.746
Summer 2025,SPAN,1501,01,"Borroto Lopez,Cecilia De La Caridad",3,4,4,3,2,1,,1,1,,1,,,20,3.001
Summer 2025,SPAN,1501,03,"Cruz Lopez,Maria Elena",4,3,3,3,3,,,2,,,,,1,19,3.088
Summer 2025,SPAN,3375,02,"Cuesta,Mabel",16,4,1,,1,1,,,,,,1,3,27,3.223
Summer 2025,SPAN,2308,01,"Carrion Rivera,Lydiette",8,,1,,2,,1,2,,,,2,2,18,2.666
Summer 2025,SPAN,3307,01,"Burgess,Miguel",16,,,,,,,,,,,,,16,4.000
Summer 2025,SPAN,3308,01,"Leon,Maredil Josefina",8,3,,,5,,,,,,,,,16,3.729
Summer 2025,SPAN,2307,01,"Nevarez,Sandra Yadira",5,2,,,,,,1,,,,,,8,3.709
Summer 2025,SPAN,6398,10,"Gutierrez,Manuel J",1,,,,,,,,,,,,,1,4.000
Summer 2025,HDFS,3300,01,"Conston,Toya",41,5,,2,4,,1,,,,1,,,54,3.778
Summer 2025,HDFS,3300,03,"Conston,Toya",40,4,,6,1,,,2,,,,1,,54,3.679
Summer 2025,HDFS,2314,01,"Conston,Toya",39,6,,,2,,1,2,,1,,,2,53,3.617
Summer 2025,HDFS,2314,03,"Conston,Toya",40,5,1,2,4,,,1,,,,,,53,3.818
Summer 2025,HDFS,1300,03,"Jordan,Erica F",28,8,2,1,,,,,,,,,,39,3.847
Summer 2025,HDFS,1300,01,"Jordan,Erica F",33,,2,,1,,1,,,,,,,37,3.865
Summer 2025,HDFS,4316,01,"Schroder,Kathleen Anne",23,2,1,,2,,1,,,,,1,,30,3.689
Summer 2025,HDFS,3318,01,"Storch,Jill Frenchman",14,3,2,1,3,,,2,1,,,,,26,3.513
Summer 2025,HDFS,3350,01,"Schroder,Kathleen Anne",20,2,,,,,,,,,,1,,23,3.797
Summer 2025,SOC,3311,1,"Nelson,Steven M",8,7,5,3,5,2,1,2,,,1,1,3,38,2.869
Summer 2025,SOC,3311,2,"Gallo,Joseph Ralph",26,,4,2,,1,,1,,,,4,,38,3.307
Summer 2025,SOC,3315,1,"Adams,Jennifer Lauren",12,6,6,2,3,6,1,,1,,,,,37,3.190
Summer 2025,SOC,3315,2,"Colbert,Sharla Stettnisch",12,6,3,1,5,3,,,,,,,,30,3.478
Summer 2025,SOC,3313,1,"Nelson,Steven M",10,9,7,7,5,6,,3,,,1,1,3,52,2.879
Summer 2025,SOC,3349,1,"Adams,Jennifer Lauren",22,5,7,2,2,1,1,1,,,,2,3,46,3.160
Summer 2025,SOC,3344,2,"Davis,Mary A",27,8,3,,,,,1,,,,,1,40,3.717
Summer 2025,SOC,3342,1,"Brailey,Carla",28,2,,,1,,,,,,,2,1,34,3.608
Summer 2025,SOC,3343,1,"Smith,Chance Adam",18,6,3,1,1,1,1,,,,,1,,32,3.522
Summer 2025,SOC,3397,1,"Grigorian,Stella",5,3,,,,,1,1,,,1,,1,12,3.028
Summer 2025,SOC,7399,1,"Anderson,Kathryn",1,,,,,,,,,,,,,1,4.000
Summer 2025,SOC,7399,4,"Savage,Scott Vandenburgh",1,,,,,,,,,,,,,1,4.000
Summer 2025,SOC,3398,1,"Purdum,Jordan Carlee",1,,,,,,,,,,,,,1,4.000
Summer 2025,SOC,7199,1,"Baumle,Amanda K",1,,,,,,,,,,,,,1,4.000
Summer 2025,MUSI,1307,01,"Smerud,Aidan J",26,6,7,1,8,4,,1,2,,1,,,56,3.393
Summer 2025,MUSI,1307,02,"Smerud,Aidan J",20,3,3,,2,,,,,,,2,,30,3.556
Summer 2025,MUSI,2302,02,"Hubley,Robert L",25,2,,2,3,,,1,,,,1,1,35,3.571
Summer 2025,MUSI,2302,01,"Marmolejo,Noe J",27,,,,,3,,,,,,,1,31,3.677
Summer 2025,MUSI,3301,01,"Hubley,Robert L",16,4,,,3,,,,,,,,4,27,3.284
Summer 2025,MUSI,3301,02,"Hubley,Robert L",13,4,,,,,,1,,,,1,1,20,3.451
Summer 2025,MUSI,3303,01,"Garza,Paul Victor",23,,,,,,1,1,,,,1,2,28,3.429
Summer 2025,MUSI,3303,02,"Garza,Paul Victor",8,2,1,1,,1,,,,,,,1,14,3.358
Summer 2025,MUSI,1312,01,"Garza,Paul Victor",18,2,2,,1,1,2,,,,,,,26,3.616
Summer 2025,MUSI,1117,01,"Garza,Paul Victor",14,1,1,,3,,3,2,,,,1,,25,3.293
Summer 2025,MUSI,1182,01,"Murphy,Hanna Lim",8,4,1,,1,1,,,,,,,,15,3.667
Summer 2025,MUSI,8296,02,"Dirst,Matthew C",1,,,,,,,,,,,,,1,4.000
Summer 2025,MUSI,8296,03,"Caton,Kathryn L.",1,,,,,,,,,,,,,1,4.000
Summer 2025,MUSI,8199,01,"Meals,Cory Dewitt",1,,,,,,,,,,,,,1,4.000
Summer 2025,CIS,3320,30,"Ratner,Edward",19,22,18,8,15,6,,5,1,,,5,,99,3.098
Summer 2025,CIS,2368,20,"Peddoju,Suresh Kumar",44,6,,1,5,,,1,1,,,1,1,60,3.678
Summer 2025,CIS,2334,20,"Ratner,Edward",18,5,6,3,2,4,,1,1,,,2,3,45,2.986
Summer 2025,CIS,4355,20,"Peddoju,Suresh Kumar",32,,6,,,2,,,1,,,1,,42,3.595
Summer 2025,CIS,2337,20,"Peddoju,Suresh Kumar",2,1,6,4,2,5,,3,,,1,,2,26,2.513
Summer 2025,CIS,4375,20,"Martinez,Jose C",,,10,1,,8,,,,,,,,19,2.562
Summer 2025,CIS,6355,40,"Conklin,William A",6,1,1,1,,,,,,,,,1,10,3.334
Summer 2025,CIS,6355,20,"Conklin,William A",5,1,,,,,,,,,,,,6,3.945
Summer 2025,NURS,3634,1,"Schrader,Patricia K",11,,21,,,,,,,,,,9,41,2.610
Summer 2025,NURS,3636,1,"Simon-Campbell,E'Loria",12,,18,,,,,,2,,,,9,41,2.537
Summer 2025,NURS,3337,1,"Edwards-Maddox,Shermel Vinese",4,,31,,,,,,2,,,,,37,3.000
Summer 2025,NURS,4322,1,"Simon-Campbell,E'Loria",15,,19,,,1,,,,,,,,35,3.429
Summer 2025,NURS,4218,1,"Valencia Agudelo,Andres",29,,,,,,,,,,,,,29,4.000
Summer 2025,NURS,4220,1,"Simon-Campbell,E'Loria",4,,6,,,10,,,,,,,,20,3.200
Summer 2025,NURS,4212,1,"Edwards-Maddox,Shermel Vinese",15,,,,,,,,,,,,,15,4.000
Summer 2025,NURS,4216,1,"Moore,Ryan",13,,,,,,,,,,,,,13,4.000
Summer 2025,NURS,4297,1,"Kleinhans,Alicia Diane",8,,2,,,,,,,,,,,10,3.800
Summer 2025,NURS,6320,1,"Smith,Deborah Ann",6,,,,,,,,,,,,1,7,3.429
Summer 2025,NURS,6345,1,"Ecby,Chanique",3,,2,,,,,,,,,,,5,3.600
Summer 2025,NURS,6366,1,"Tahmasbi,Sherin",3,,1,,,,,,,,,,,4,3.750
Summer 2025,NURS,8207,1,"Edwards-Maddox,Shermel Vinese",2,,1,,,1,,,,,,,,4,3.250
Summer 2025,NURS,4520,1,"Smith,Deborah Ann",3,,,,,,,,,,,,,3,4.000
Summer 2025,NURS,6313,1,"Schrader,Patricia K",3,,,,,,,,,,,,,3,4.000
Summer 2025,NURS,6230,1,"Bayliss,Debra Lee",1,,,,,,,,,,,,,1,4.000
Summer 2025,NURS,8304,1,"Edwards-Maddox,Shermel Vinese",1,,,,,,,,,,,,,1,4.000
Summer 2025,WGSS,2350,1,"Ford,Devan",29,,,,1,,,,,,,,,30,3.978
Summer 2025,WGSS,2350,2,"Ford,Devan",25,1,1,,3,,,,,,,,,30,3.889
Summer 2025,WGSS,2350,6,"Fernandes,Bridget Yvonne Diggs",23,4,2,,,1,,,,,,,,30,3.823
Summer 2025,WGSS,2350,3,"Fernandes,Bridget Yvonne Diggs",25,1,,,2,,1,,,,,,,29,3.862
Summer 2025,WGSS,2350,5,"Fernandes,Bridget Yvonne Diggs",20,4,1,2,,,,,,,,,1,28,3.679
Summer 2025,WGSS,2350,4,"Martinez,Itzel Areli",14,5,1,1,2,,,1,1,1,,1,,27,3.359
Summer 2025,WGSS,2360,1,"Boffone,Trevor James",20,1,1,1,3,,,1,,,,1,,28,3.631
Summer 2025,WGSS,2360,2,"Stone,Lauren Michelle",2,3,4,3,4,,,2,,,,,,18,3.167
Summer 2025,WGSS,3322,3,"De Los Reyes Heredia,Jose Guillermo",20,2,,,3,,,1,,,,1,,27,3.691
Summer 2025,WGSS,3322,2,"Pegoda,Andrew Joseph",1,,2,4,1,4,1,,,,,,5,18,1.871
Summer 2025,WGSS,4360,1,"Gregory,Elizabeth",1,,,,,,,,,,,,,1,4.000
Summer 2025,GHL,4310,1,"Morosan,Cristian",11,5,6,,8,,,3,1,,1,,,35,3.323
Summer 2025,GHL,4360,1,"Kenyan,Erin Oeser",24,4,,,1,,,,,,,1,,30,3.800
Summer 2025,GHL,3336,1,"Taylor,David C",22,1,,,3,1,,1,,,,1,,29,3.655
Summer 2025,GHL,4352,1,"Doudna,Simone P",11,,3,1,3,2,,,1,3,,,3,27,2.691
Summer 2025,GHL,4353,1,"Maneethai,Dustin",9,5,2,1,1,,1,1,,1,,,1,22,3.228
Summer 2025,GHL,4343,1,"Koh,Yoon",3,10,3,1,2,,1,,,,,,,20,3.435
Summer 2025,GHL,3352,1,"Guchait,Priyanko",11,1,1,1,2,3,,,,,,,,19,3.474
Summer 2025,GHL,2160,1,"Shepherd,Ashley",15,,1,1,,,,,,,,,1,18,3.648
Summer 2025,GHL,3154,01,"Hight,Stephen Kyle",10,,,,,1,,,,,,,,11,3.818
Summer 2025,GHL,2350,01,"Haskell,Rebecca Erin",6,2,,1,,,,,,,1,,,10,3.534
Summer 2025,GHL,6397,1,"Morosan,Cristian",4,2,,,1,,,,,,,,,7,3.810
Summer 2025,GHL,3341,1,"Johnson,Tucker A",2,2,1,,,1,,,,,,,,6,3.390
Summer 2025,GHL,6197,02,"Padilla,Magdalena Manzano",5,,,,,,,,,,,,,5,4.000
Summer 2025,GHL,6197,01,"Hight,Stephen Kyle",1,,,,,,,,,,,,,1,4.000
Summer 2025,GHL,6343,1,"Taylor,David C",5,,,,,1,,,,,,,,6,3.667
Summer 2025,GHL,6360,01,"Back,KiJoon",6,,,,,,,,,,,,,6,4.000
Summer 2025,GHL,7337,1,"Madera,Juan Manuel",5,,,,,,,,,,,,,5,4.000
Summer 2025,GHL,7361,1,"Taylor,David C",5,,,,,,,,,,,,,5,4.000
Summer 2025,GHL,6364,1,"Johnson,Tucker A",1,,,,,,1,,,,,,,2,2.835
Summer 2025,ECE,3340,1,"Mayerich,David Matthew",25,25,9,7,11,3,4,8,,,1,1,,94,3.263
Summer 2025,ECE,2100,2,"Claydon,Frank J",9,3,3,,2,,1,,,,,1,1,20,3.217
Summer 2025,ECE,2100,01,"Claydon,Frank J",9,1,3,,2,1,,2,,,,,,18,3.444
Summer 2025,ECE,2201,01,"Ruchhoeft,Paul",10,,5,,,6,3,2,,2,4,2,1,35,2.381
Summer 2025,ECE,3337,01,"Bopardikar,Ajit Shyamsunder",1,3,4,11,7,2,1,2,3,,,,,34,2.736
Summer 2025,ECE,3441,1,"Sheth,Bhavin R",12,3,2,1,6,,,,1,,,1,1,27,3.284
Summer 2025,ECE,3355,1,"Meh Chu,Chu",3,3,,2,3,,,,,,,,1,12,3.195
Summer 2025,ECE,3155,1,"Meh Chu,Chu",8,,,,,,,,,,,,1,9,3.556
Summer 2025,ECE,8399,05,"Mayerich,David Matthew",1,,,,,,,,,,,,,1,4.000
Summer 2025,ECE,8399,10,"Pan,Miao",1,,,,,,,,,,,,,1,4.000
Summer 2025,ECE,8399,11,"Yao,Yan",1,,,,,,,,,,,,,1,4.000
Summer 2025,ECE,8399,15,"Han,Zhu",1,,,,,,,,,,,,,1,4.000
Summer 2025,ECE,8399,20,"Krishnamoorthy,Harish Sarma",1,,,,,,,,,,,,,1,4.000
Summer 2025,ECE,4198,1,"Chen,Yuhua",1,,,,,,,,,,,,,1,4.000
Summer 2025,ECE,4398,1,"Ruchhoeft,Paul",1,,,,,,,,,,,,,1,4.000
Summer 2025,ECE,8699,04,"Pan,Miao",1,,,,,,,,,,,,,1,4.000
Summer 2025,OPTO,7150,01,"Chandler,Moriah Adine",73,,10,,,3,,,,,,1,,87,3.770
Summer 2025,OPTO,6115,2,"Gostovic,Anita Ticak",23,,,,,,,,,,,,,23,4.000
Summer 2025,OPTO,6115,3,"Gostovic,Anita Ticak",22,,,,,,,,,,,,,22,4.000
Summer 2025,OPTO,6115,1,"Gostovic,Anita Ticak",21,,,,,,,,,,,,,21,4.000
Summer 2025,OPTO,6115,4,"Gostovic,Anita Ticak",20,,,,,,,,,,,,,20,4.000
Summer 2025,OPTO,8384,01,"Davis,Mark K",22,12,,,1,,,,,,,,,35,3.868
Summer 2025,OPTO,8338,01,"Wheat,Joe L",6,5,8,7,7,,,,,,,,,33,3.283
Summer 2025,OPTO,5250,1,"Frishman,Laura J",3,,,,,,,,,,,,,3,4.000
Summer 2025,OPTO,5315,01,"Porter,Jason",,,3,,,,,,,,,,,3,3.000
Summer 2025,OPTO,6333,01,"Marrelli,Danica J",,1,,,,,,,,,,,,1,3.670
Summer 2025,LAW,6321,1,"Knake,Renee N",1,13,7,,18,,,,,,,,,39,3.401
Summer 2025,LAW,5303,01,"Thompson,Sandra Guerra",5,8,6,6,10,,,2,,,,,,37,3.279
Summer 2025,LAW,5378,01,"Bush,Darren",7,6,8,3,6,,,,,,,,,30,3.400
Summer 2025,LAW,5120,1,"Morris,Brittany Noel Delaney",4,1,2,2,5,,,,,,,,,14,3.404
Summer 2025,LAW,5383,1,"Brown,Maleaha L",2,2,4,,5,,,,,,,,,13,3.384
Summer 2025,LAW,7339,1,"Swift,Kenneth Richard",1,3,3,,5,,,,,,,,,12,3.388
Summer 2025,LAW,7335,1,"Morath,Sarah",1,3,3,,4,,,,,,,,,11,3.394
Summer 2025,LAW,7397,1,"Knake,Renee N",,5,,,5,,,1,,,,,,11,3.394
Summer 2025,LAW,5297,1,"Robinson,Cawlyn Bruce",,3,1,,6,,,,,,,,,10,3.399
Summer 2025,LAW,5357,01,"Brem,Katherine B",1,3,,1,3,1,,1,,,,,,10,3.200
Summer 2025,LAW,5385,01,"Willis,Tasha L",,,,,6,,,,,,,,,6,3.330
Summer 2025,LAW,6230,1,"Foteh,Samir Jabra",,1,,,5,,,,,,,,,6,3.387
Summer 2025,LAW,5200,1,"Chung,Jennifer",,2,1,,2,,,,,,,,,5,3.400
Summer 2025,LAW,5470,01,"Dow,David R",,1,,,4,,,,,,,,,5,3.398
Summer 2025,LAW,5233,1,"Davis,Megan Leigh-Wilson",,2,2,,,,,,,,,,,4,3.335
Summer 2025,LAW,6217,01,"Kelly,Tara Kay",,1,,,3,,,,,,,,,4,3.415
Summer 2025,LAW,6338,1,"Hasan,Qaraman M",,2,2,,,,,,,,,,,4,3.335
Summer 2025,LAW,5350,1,"Willis,Tasha L",,,,,3,,,,,,,,,3,3.330
Summer 2025,LAW,6335,1,"Barks,Justen S",,,,,2,,,,,,,,,2,3.330
Summer 2025,LAW,5198,01,"Vetter,Greg R",1,,,,,,,,,,,,,1,4.000
Summer 2025,LAW,5298,02,"Vetter,Greg R",,1,,,,,,,,,,,,1,3.670
Summer 2025,LAW,5398,02,"Vetter,Greg R",,1,,,,,,,,,,,,1,3.670
Summer 2025,LAW,5416,1,"Marquez,Ryan Michael",,1,,,,,,,,,,,,1,3.670
Summer 2025,LAW,5472,1,"Newberry,Jeffrey R",,1,,,,,,,,,,,,1,3.670
Summer 2025,HRD,3351,01,"Pereira-Leon,Maura Josefina",6,23,1,2,3,1,2,3,,,,2,,43,3.234
Summer 2025,HRD,3310,01,"Polesello,Daiane",23,3,,,3,1,,,,,,2,,32,3.594
Summer 2025,HRD,3340,01,"Hattier,Beth",28,2,1,,,,,,,,1,,,32,3.865
Summer 2025,HRD,4396,20,"Owens-Shepard,Toya",18,1,,1,,,,,,,,,1,21,3.730
Summer 2025,HRD,4344,20,"Bennett,LaTasha",8,1,,2,2,1,,,,,,,1,15,3.311
Summer 2025,HRD,4301,1,"Lopez,Johana",4,3,2,2,1,,,1,,,,,,13,3.385
Summer 2025,HRD,4350,20,"Clancy,James Patrick",5,2,,1,4,,,,,,,,,12,3.611
Summer 2025,HRD,4352,20,"Polesello,Daiane",5,3,1,1,,,,,,,,,1,11,3.335
Summer 2025,HRD,6303,30,"Alston,Carmen M",9,,,,,,,,,,,,,9,4.000
Summer 2025,HRD,6354,20,"Pereira-Leon,Maura Josefina",7,1,,,1,,,,,,,,,9,3.889
Summer 2025,HRD,6355,30,"Hausmann,Robert Carl",9,,,,,,,,,,,,,9,4.000
Summer 2025,HRD,6358,30,"Waight,Consuelo L",9,,,,,,,,,,,,,9,4.000
Summer 2025,HRD,6396,01,"Shirmohammadi,Melika",,1,,,,,,,,,,,,1,3.670
Summer 2025,INTB,3355,01,"Carvalho,Emilia Barreto",131,21,6,2,7,1,3,,,,,,,171,3.829
Summer 2025,INTB,3355,02,"Carvalho,Emilia Barreto",30,3,2,1,1,,1,1,,,,1,,40,3.675
Summer 2025,CUIN,7389,03,"Dogan,Bulent",22,,,,,,,,,,,1,,23,3.826
Summer 2025,CUIN,7389,01,"Dogan,Bulent",14,,,,,,,,,,,,,14,4.000
Summer 2025,CUIN,7305,03,"Dogan,Bulent",19,,,,,,,,,,,,,19,4.000
Summer 2025,CUIN,7305,01,"McNeil,Sara G",15,1,,,,,,,,,,,,16,3.979
Summer 2025,CUIN,3302,05,"Thomas,Dustine J",13,,,,1,,,,,,,,,14,3.952
Summer 2025,CUIN,7301,01,"Brower,Samuel Richard",13,,,,,,,,,,,,1,14,3.714
Summer 2025,CUIN,1350,05,"Burris,Justin T",9,3,,,,,,1,,,,,,13,3.795
Summer 2025,CUIN,8397,01,"Harris,Shauna Hemingway",9,1,,1,2,,,,,,,,,13,3.769
Summer 2025,CUIN,6375,05,"Castillo,Bernadette Marie",8,3,,,,,,,,,,,,11,3.910
Summer 2025,CUIN,7339,01,"Brower,Samuel Richard",10,,,,,,,,,,,,,10,4.000
Summer 2025,CUIN,4375,01,"Thompson,Alan M",4,2,1,,2,,,,,,,,,9,3.667
Summer 2025,CUIN,8690,01,"Hutchison,Laveria F",9,,,,,,,,,,,,,9,4.000
Summer 2025,CUIN,6341,01,"Cutler,Carrie Sybil",7,,,,,,,,,,,,,7,4.000
Summer 2025,CUIN,7303,01,"James III,Lebon Daniel",6,,,1,,,,,,,,,,7,3.810
Summer 2025,CUIN,6319,03,"Leon,Maredil Josefina",4,,,1,,1,,,,,,,,6,3.445
Summer 2025,CUIN,8365,01,"Hausmann,Robert Carl",5,1,,,,,,,,,,,,6,3.945
Summer 2025,CUIN,8310,05,"Thomas,Dustine J",4,,,,,,,,,,,,,4,4.000
Summer 2025,CUIN,7375,01,"Hale,Margaret Ann",2,,,,,,,,,,,,,2,4.000
Summer 2025,CUIN,8393,03,"Chung,Sheng Kuan",1,,,,,,,,,,,,,1,4.000
Summer 2025,CUIN,8393,04,"Hutchison,Laveria F",1,,,,,,,,,,,,,1,4.000
Summer 2025,CUIN,7392,01,"Li,Miao",1,,,,,,,,,,,,,1,4.000
Summer 2025,CUIN,8390,02,"McNeil,Sara G",1,,,,,,,,,,,,,1,4.000
Summer 2025,SCLT,2380,30,"Kidd,Margaret A",3,3,9,5,7,1,,1,,1,1,,1,32,2.906
Summer 2025,SCLT,2362,20,"Kidd,Margaret A",3,7,,4,4,2,4,2,,,1,2,2,31,2.528
Summer 2025,SCLT,4385,20,"Kidd,Margaret A",3,8,1,8,3,1,,3,,,,,2,29,2.921
Summer 2025,SCLT,3384,30,"Blount,James",5,7,1,1,7,,,,1,,,,,22,3.440
Summer 2025,SCLT,3385,30,"Henson,Alfred Bernard",3,12,1,,6,,,,,,,,,22,3.592
Summer 2025,SCLT,4397,30,"Singh,Gulshan",4,3,2,2,3,,,2,,,,,1,17,3.118
Summer 2025,SCLT,3387,20,"Velarde,Jose Manuel",5,3,3,,,,,1,1,,,,1,14,3.096
Summer 2025,SCLT,3389,30,"Henson,Alfred Bernard",4,8,,1,1,,,,,,,,,14,3.669
Summer 2025,SCLT,4389,20,"Kidd,Margaret A",11,,,,,,,,,,,,1,12,3.667
Summer 2025,ARTS,1304,01,"Kubala,Jessica Taylor",24,19,15,8,12,4,1,2,1,1,2,1,4,94,3.093
Summer 2025,ARTS,4387,01,"Meza,Abinadi",19,,4,,,4,,,,,,1,,28,3.429
Summer 2025,ARTS,3384,01,"Meza,Abinadi",22,,3,,,1,,,,,,1,,27,3.667
Summer 2025,ARTS,3374,01,"Chen,Shang-Yee Mark",7,4,,2,2,,,,,,,,2,17,3.216
Summer 2025,ARTS,2311,01,"Williams,Celeste",6,4,3,,2,,,,,,,,,15,3.623
Summer 2025,SPEC,6367,01,"Rigby-Wills,Hope",6,7,1,2,1,,,,,,,,,17,3.609
Summer 2025,SPEC,6367,4,"Malechuk,Brian Edward",17,,,,,,,,,,,,,17,4.000
Summer 2025,SPEC,7341,01,"Cole,Jana Belinda",24,,,,,,,1,,,,,1,26,3.782
Summer 2025,SPEC,7341,2,"Cole,Jana Belinda",1,,,,,,,,,,,,,1,4.000
Summer 2025,SPEC,8391,2,"McCormick,Marina",9,4,,1,,,,,,,,1,,15,3.557
Summer 2025,SPEC,8391,1,"McCormick,Marina",8,,1,,2,,,,,,,1,,12,3.472
Summer 2025,SPEC,7391,01,"Carp,Charlotte Lynn",16,4,,,1,,,,,,,,,21,3.905
Summer 2025,SPEC,4367,01,"Carp,Charlotte Lynn",12,6,,1,1,,,,,,,,,20,3.801
Summer 2025,SPEC,6327,01,"Cole,Jana Belinda",17,,,,,,,,,,,,,17,4.000
Summer 2025,SPEC,4353,01,"Goodrich,Elizabeth A",7,,3,,2,,,,,,,,2,14,3.119
Summer 2025,SPEC,8360,1,"Rigby-Wills,Hope",5,1,,1,1,2,,,,,,,,10,3.367
Summer 2025,SPEC,6353,01,"Goodrich,Elizabeth A",5,1,1,,,,,,,,,,,7,3.810
Summer 2025,PHIL,1301,2,"Haaga,Curtis W",30,10,2,1,3,1,,2,,,,,1,50,3.640
Summer 2025,PHIL,1301,01,"Weisberg,Joshua",10,5,2,,,2,,1,1,,,1,1,23,3.117
Summer 2025,PHIL,1321,1,"Haaga,Curtis W",6,6,5,3,5,3,3,5,,,1,3,6,46,2.384
Summer 2025,PHIL,1361,3,"Drapela,Nick Gerard",3,,,2,,5,3,1,1,,1,3,8,27,1.371
Summer 2025,PHIL,3388,1,"Weisberg,Joshua",8,3,6,2,3,,1,,,,,,1,24,3.250
Summer 2025,POLS,3313,01,"Vardy,Ronald V",25,4,5,1,3,,,,,,,,2,40,3.559
Summer 2025,POLS,3309,01,"Khayat,Racha",17,5,1,6,4,1,2,,,,,1,,37,3.352
Summer 2025,POLS,3311,02,"Vardy,Ronald V",2,7,9,,8,1,,,4,,1,,1,33,2.868
Summer 2025,POLS,3312,01,"Justus,Billy",5,5,3,2,6,3,1,1,,,,1,1,28,2.953
Summer 2025,POLS,3396,01,"Kimondo,Gathoni Anne",4,6,1,,3,1,,2,,1,,1,,19,3.071
Summer 2025,POLS,6312,1,"Zhu,Ling",4,1,,,,,,,,,,,,5,3.934
Summer 2025,POLS,4398,1,"Contractor,Cyrus Ali",1,,,,,,,,,,,,,1,4.000
Summer 2025,POLS,4398,2,"Cross,Renee Danielle",1,,,,,,,,,,,,,1,4.000
Summer 2025,POLS,8399,14,"Casellas,Jason",1,,,,,,,,,,,,,1,4.000
Summer 2025,POLS,8399,9,"Zhu,Ling",1,,,,,,,,,,,,,1,4.000
Summer 2025,POLS,6359,1,"Basinger,Scott J",,,,,1,,,,,,,,,1,3.330
Summer 2025,ATP,6191,1,"Harrison,Layci",18,,1,,,2,,,,,,,,21,3.762
Summer 2025,ATP,6301,1,"Harrison,Layci",6,,13,,,2,,,,,,,,21,3.190
Summer 2025,ATP,6302,1,"Knoblauch,Mark Alan",12,,9,,,,,,,,,,,21,3.571
Summer 2025,ATP,6303,1,"Elliott,Ashlyne Paige",19,,2,,,,,,,,,,,21,3.905
Summer 2025,ATP,7101,1,"Elliott,Ashlyne Paige",14,,,,,,,,,,,,,14,4.000
Summer 2025,ATP,7194,1,"Elliott,Ashlyne Paige",14,,,,,,,,,,,,,14,4.000
Summer 2025,ATP,7301,1,"Elliott,Ashlyne Paige",13,,1,,,,,,,,,,,14,3.929
Summer 2025,ATP,7302,1,"Knoblauch,Mark Alan",11,,3,,,,,,,,,,,14,3.786
Summer 2025,PHLS,8351,01,"Reyna,Ronda",25,,,,,,,,,,,,,25,4.000
Summer 2025,PHLS,6335,02,"Whitaker,Rachael Gwin",13,,,,,,,,,,,,,13,4.000
Summer 2025,PHLS,6335,01,"Whitaker,Rachael Gwin",11,,,,,,,,,,,,,11,4.000
Summer 2025,PHLS,8364,01,"Reyna,Ronda",23,,,,,,,,,,,,,23,4.000
Summer 2025,PHLS,6310,01,"Lee,Jungeun",9,1,,,,,,,,,,,,10,3.967
Summer 2025,PHLS,6310,02,"Lee,Jungeun",6,1,1,,,,,,,,,,,8,3.834
Summer 2025,PHLS,6398,01,"Hurt,Kara Marie",14,,,,,,,,,,,,,14,4.000
Summer 2025,PHLS,7327,01,"Hurt,Kara Marie",7,,,,,,,,,,,,1,8,3.500
Summer 2025,PHLS,8357,01,"Blassingame,Jonathan C",6,,,,,,,,,,,,,6,4.000
Summer 2025,PHLS,8398,01,"Fan,Weihua",3,,,,,,,,,,,,,3,4.000
Summer 2025,PHLS,8199,05,"Allan,Blake A",1,,,,,,,,,,,,,1,4.000
Summer 2025,CHEE,3369,01,"Zerze,Hasan",29,6,1,,2,,,,,,,,,38,3.886
Summer 2025,CHEE,3369,02,"Zerze,Hasan",5,1,,,,,,,,,,,,6,3.945
Summer 2025,CHEE,3321,01,"Malamataris,Nikolaos",14,1,4,,1,,1,1,,,3,,1,26,3.192
Summer 2025,CHEE,3321,02,"Malamataris,Nikolaos",1,,,,,,,,,,,,1,2,2.000
Summer 2025,CHEE,2332,01,"Fleischer,Miguel T",2,1,1,,,6,4,1,1,,,,6,22,1.667
Summer 2025,CHEE,6379,02,"Smith,Christopher Michael",3,2,,,1,,,,,,,,,6,3.778
Summer 2025,CHEE,6379,01,"Smith,Christopher Michael",3,1,,,,,,,,,,,,4,3.918
Summer 2025,CHEE,5379,01,"Smith,Christopher Michael",3,1,1,,1,,,,,,,,,6,3.667
Summer 2025,CHEE,8399,06,"Rimer,Jeffrey",2,,,,,,,,,,,,,2,4.000
Summer 2025,CHEE,8399,07,"Palmer,Jeremy",1,,,,,,,,,,,,,1,4.000
Summer 2025,CHEE,8399,08,"Orman,Mehmet",1,,,,,,,,,,,,,1,4.000
Summer 2025,CHEE,8399,14,"Donnelly,Vincent M",1,,,,,,,,,,,,,1,4.000
Summer 2025,SOCI,1301,3,"Cooper,Chelsey Wells",24,6,5,1,2,,,,,,,,1,39,3.650
Summer 2025,SOCI,1301,5,"Cooper,Chelsey Wells",22,6,4,,1,4,1,,,,,,1,39,3.462
Summer 2025,SOCI,1301,1,"Adams,Jennifer Lauren",19,3,4,,1,2,2,1,2,,,,3,37,3.081
Summer 2025,HDCS,1300,02,"Rifai,Rana Ihsan",25,2,3,,2,1,,1,,,1,,,35,3.676
Summer 2025,HDCS,3384,01,"Mudd,Blake Stevens",23,,1,3,,,1,,1,,,,1,30,3.523
Summer 2025,HDCS,4302,01,"Gatterson,Beverly",15,4,1,,4,,,,,,,,,24,3.792
Summer 2025,HDCS,4393,01,"Mudd,Blake Stevens",11,2,,,,,,,,,,,,13,3.949
Summer 2025,HDCS,4372,01,"Breaux,James William",11,,,,,,,,,,,1,,12,3.667
Summer 2025,DIGM,1376,30,"Rodwell,Elizabeth Ann",17,2,,,2,,,,,1,,2,1,25,3.307
Summer 2025,DIGM,2376,30,"Rodwell,Elizabeth Ann",14,7,,2,,1,,,,,,,,24,3.710
Summer 2025,DIGM,3354,30,"Molina,Carlos",1,8,3,,5,1,1,1,,,1,,,21,3.159
Summer 2025,DIGM,2353,30,"De Vega,Jaime M",9,3,1,1,3,,1,,,,,2,,20,3.217
Summer 2025,DIGM,1350,30,"Beyl,Charles Eugene",5,1,,,2,1,,,,,,2,,11,2.939
Summer 2025,DIGM,3152,31,"Dawson,Michael John",6,,1,,,,,,,,,,,7,3.857
Summer 2025,DIGM,4396,30,"Liao,Tony Chung-Li",,,1,,,,,,,,,,1,2,1.500
Summer 2025,THEA,6286,01,"Ferrarone,Jessica",24,,,,,,,,,,,,,24,4.000
Summer 2025,THEA,6381,01,"Krouskop,Mark",10,,,,,,,,,,,,,10,4.000
Summer 2025,THEA,6280,01,"Ferrarone,Jessica",8,,,,1,,,,,,,,,9,3.926
Summer 2025,THEA,6281,01,"Majkowski,Vivian",9,,,,,,,,,,,,,9,4.000
Summer 2025,THEA,6287,01,"Clark,Kyle Richard",9,,,,,,,,,,,,,9,4.000
Summer 2025,THEA,6382,01,"Wernig,Amy Steele",9,,,,,,,,,,,,,9,4.000
Summer 2025,THEA,6383,01,"Giannelli,Christina Rose",8,1,,,,,,,,,,,,9,3.963
Summer 2025,THEA,6384,01,"Cook,Rena R",9,,,,,,,,,,,,,9,4.000
Summer 2025,THEA,6284,01,"Allen,Robert Scott",6,,,,,,,,,,,,,6,4.000
Summer 2025,THEA,6386,01,"Miller,Destyne",6,,,,,,,,,,,,,6,4.000
Summer 2025,THEA,6396,01,"Hickman,Margo Louise",6,,,,,,,,,,,,,6,4.000
Summer 2025,THEA,6198,1,"Noble,Adam S",1,,,,,,,,,,,,,1,4.000
Summer 2025,ARCH,6360,1,"Taylor,Rives",12,6,1,,4,,,,,,,,,23,3.754
Summer 2025,ARCH,2327,1,"Taylor,Rives",7,4,,3,1,1,,1,,,,1,2,20,2.918
Summer 2025,ARCH,3397,3,"Lander,Lawrence Farnham",17,,,,,,,,,,,,1,18,3.778
Summer 2025,ARCH,2350,1,"Ramaswamy,Deepa",5,1,1,2,1,,,1,,,,1,,12,3.139
Summer 2025,ARCH,6602,01,"Peters,Patrick A",6,4,1,,,,,,,,,,,11,3.789
Summer 2025,ARCH,6303,03,"Olwi,Asmaa",6,1,,2,1,,,,,,,,,10,3.634
Summer 2025,ARCH,4328,1,"Taylor,Rives",,,,,,,,,,,,1,,1,0.000
Summer 2025,ELCS,6330,1,"Horner,Glenda Sue",15,,,,,,,,,,,,,15,4.000
Summer 2025,ELCS,6330,2,"Lewis-Skinner,Dametra N",6,1,,,,,,,,,,,,7,3.953
Summer 2025,ELCS,8371,01,"Goree,Tonya",7,1,,1,,,,,,,,,,9,3.816
Summer 2025,ELCS,8371,3,"Goree,Tonya",4,1,,,,,,,,,,,,5,3.934
Summer 2025,ELCS,8371,2,"Goree,Tonya",3,,,,,,,,,,,,,3,4.000
Summer 2025,ELCS,8338,1,"Amason,Tori",11,1,,,,,,,,,,,,12,3.973
Summer 2025,ELCS,8350,1,"Mayers,Onica L",2,3,,,1,,,,,1,,,,7,3.287
Summer 2025,ELCS,8350,2,"Mayers,Onica L",3,1,,,,,,,,,,,,4,3.918
Summer 2025,ELCS,8330,01,"Pettersson Cobb,Jennifer",5,1,2,,1,,,,,,,,,9,3.667
Summer 2025,ELCS,8361,1,"Shockley,Gerald",7,,,,,,,,,,,,,7,4.000
Summer 2025,ELCS,6301,1,"Stewart,Cedric Benjamin",3,,,,,,,,,,,,,3,4.000
Summer 2025,ELCS,6370,1,"Snodgrass Rangel,Virginia Walker",,2,1,,,,,,,,,,,3,3.447
Summer 2025,ELCS,8198,1,"Horn,Catherine Lynn",1,,,,,,,,,,,,,1,4.000
Summer 2025,ELCS,8198,2,"Carales,Vincent D",1,,,,,,,,,,,,,1,4.000
Summer 2025,ELCS,8398,2,"Snodgrass Rangel,Virginia Walker",,2,,,,,,,,,,,,2,3.670
Summer 2025,ELCS,6393,01,"Davis,Tiffany J",1,,,,,,,,,,,,,1,4.000
Summer 2025,ELCS,8395,1,"Santi,Kristi L",1,,,,,,,,,,,,,1,4.000
Summer 2025,ELCS,8399,1,"Horn,Catherine Lynn",1,,,,,,,,,,,,,1,4.000
Summer 2025,COMD,7391,4,"Schaff,Carrie Allyson",,3,,,,,,,,,,,,3,3.670
Summer 2025,COMD,7391,02,"Eckert,Janet F",1,1,,,,,,,,,,,,2,3.835
Summer 2025,COMD,7391,03,"Andrade,Michelle Lee",,1,,1,,,,,,,,,,2,3.170
Summer 2025,COMD,7391,06,"Guerra,Teresa Evangelina",,2,,,,,,,,,,,,2,3.670
Summer 2025,COMD,7391,07,"Lebrun,Nathalie",,2,,,,,,,,,,,,2,3.670
Summer 2025,COMD,7391,11,"Gordon,Shelley",,2,,,,,,,,,,,,2,3.670
Summer 2025,COMD,7391,12,"Ermgodts,Katherine Natalie",,2,,,,,,,,,,,,2,3.670
Summer 2025,COMD,7391,5,"Devore,Danielle R",,2,,,,,,,,,,,,2,3.670
Summer 2025,COMD,7391,10,"Kazhuro,Katsiaryna",1,,,,,,,,,,,,,1,4.000
Summer 2025,COMD,7391,23,"Schaff,Carrie Allyson",,,,,1,,,,,,,,,1,3.330
Summer 2025,COMD,7391,6,"Trevino,Alexandra Hanson",1,,,,,,,,,,,,,1,4.000
Summer 2025,COMD,3385,1,"Hein Machado,Sofia",11,2,,2,3,,,,,,,,1,19,3.509
Summer 2025,COMD,4489,1,"Ermgodts,Katherine Natalie",15,,,,,,,,,,,,,15,4.000
Summer 2025,COMD,6397,1,"Cizek,Laura S",9,,,,,,,,,,,,,9,4.000
Summer 2025,COMD,6397,2,"Cizek,Laura S",6,,,,,,,,,,,,,6,4.000
Summer 2025,COMD,6399,1,"Mills,Monique T",1,,,,,,,,,,,,,1,4.000
Summer 2025,COMD,6399,3,"Dial,Heather Raye",1,,,,,,,,,,,,,1,4.000
Summer 2025,COMD,7192,01,"Blake,Margaret T",1,,,,,,,,,,,,,1,4.000
Summer 2025,COMD,7392,01,"Blake,Margaret T",1,,,,,,,,,,,,,1,4.000
Summer 2025,COMD,7399,01,"Mills,Monique T",1,,,,,,,,,,,,,1,4.000
Summer 2025,COMD,8398,01,"Ivey,Michelle L",1,,,,,,,,,,,,,1,4.000
Summer 2025,AAS,2320,3,"Shakir,Ameenah",11,10,1,,3,1,,,,,,,1,27,3.544
Summer 2025,AAS,2320,1,"Williams III,El",18,1,,3,2,,1,,,,,,,25,3.680
Summer 2025,AAS,2320,2,"Muhammad Murphy,Wilma Denae",4,9,3,,,,,,1,,,,,17,3.472
Summer 2025,STAT,3331,01,"Wiley,Briceon C",7,8,8,7,6,10,2,8,4,2,2,1,4,69,2.464
Summer 2025,INDS,2500,1,"Wells,Adam C",1,6,2,3,3,1,,2,,,,,2,20,2.834
Summer 2025,INDS,2360,1,"Wells,Adam C",,1,12,1,3,,,,,,,1,,18,2.907
Summer 2025,INDS,1360,2,"Kimbrough,Mark S",2,6,1,3,1,1,,1,,,,,,15,3.246
Summer 2025,INDS,3397,1,"Cambronero,Gerardo",2,3,1,1,,,,,,,,,,7,3.526
Summer 2025,INDS,3398,1,"Feng,Jeff Feng",2,,,,,,,,,,,,,2,4.000
Summer 2025,INDS,6398,2,"Morshedzadeh,Elham",1,,,,,,,,,,,,,1,4.000
Summer 2025,ANTH,2304,1,"Morales Forte,Ruben Francisco de Jesus",12,16,2,3,1,1,,1,,,1,,1,38,3.414
Summer 2025,ANTH,3381,1,"Borkataky-Varma,Sravana",3,4,2,1,1,,,2,,2,1,1,1,18,2.556
Summer 2025,ANTH,4498,1,"Hannaford,Dinah Rebecca",1,,,,,,,,,,,,,1,4.000
Summer 2025,ANTH,7399,2,"Routon,Erin Danielle",1,,,,,,,,,,,,,1,4.000
Summer 2025,CIVE,4337,7,"Phatak,Tejasree Mohan",4,6,10,4,5,1,,5,,,1,2,,38,2.903
Summer 2025,CIVE,7397,01,"Norris,Debra B",2,1,,,1,,1,2,1,,,,,8,2.791
Summer 2025,CIVE,5397,01,"Norris,Debra B",2,1,,,,,,,,,,,,3,3.890
Summer 2025,CIVE,8399,08,"Ballarini,Roberto",1,,,,,,,,,,,,,1,4.000
Summer 2025,CIVE,8399,09,"Milillo,Pietro",1,,,,,,,,,,,,,1,4.000
Summer 2025,CIVE,8399,10,"Rodrigues,Debora Frigi",1,,,,,,,,,,,,,1,4.000
Summer 2025,CIVE,6399,01,"Rifai,Hanadi S",1,,,,,,,,,,,,,1,4.000
Summer 2025,CIVE,6399,02,"Vipulanandan,Cumaraswamy",1,,,,,,,,,,,,,1,4.000
Summer 2025,CIVE,4398,01,"Rahimi,Mohammad",,,,,,,,,,,,,1,1,0.000
Summer 2025,CIVE,6396,01,"Rifai,Hanadi S",1,,,,,,,,,,,,,1,4.000
Summer 2025,CIVE,7399,06,"Zhang,Ruda",1,,,,,,,,,,,,,1,4.000
Summer 2025,CIVE,8699,09,"Mo,Larry Yi-Lung",1,,,,,,,,,,,,,1,4.000
Summer 2025,GENB,7304,01,"Newman,Michael Ray",12,,,,,,,,,,,,,12,4.000
Summer 2025,GENB,7304,02,"Newman,Michael Ray",9,,,,1,,,,,,,,,10,3.933
Summer 2025,GENB,7303,01,"Newman,Michael Ray",9,,,,1,,,,,,,,,10,3.933
Summer 2025,GENB,7303,02,"Newman,Michael Ray",6,,,,1,,,,,,,,,7,3.904
Summer 2025,GENB,7397,1,"Carlin,Barbara A",8,,,,1,,,,,,,,,9,3.926
Summer 2025,GENB,7397,2,"Carlin,Barbara A",6,,,,,,,,,,,,,6,4.000
Summer 2025,GENB,5303,01,"Newman,Michael Ray",2,,,,,,,,,,,,,2,4.000
Summer 2025,GENB,5304,01,"Newman,Michael Ray",1,,,,1,,,,,,,,,2,3.665
Summer 2025,BCIS,1305,01,"Felvegi,Emese",44,,3,,1,5,,2,,,,,1,56,3.625
Summer 2025,MECT,3330,30,"Basaran,Burak",14,9,2,6,3,,2,2,,,,,1,39,3.309
Summer 2025,MECT,4275,30,"Afrin,Samia",11,3,,,,,,,,,,,,14,3.929
Summer 2025,MECT,4276,30,"Afrin,Samia",1,,,,,,,,,,,,,1,4.000
Summer 2025,ELED,4320,01,"Carr,Bianca Shaunte",21,1,,,,,,,,,,,,22,3.985
Summer 2025,ELED,3320,01,"Tyson,Eleanore S",6,8,,,1,,,,,,,,,15,3.779
Summer 2025,ELED,6335,01,"Burris,Justin T",10,,,1,,,,,,,,,,11,3.879
Summer 2025,ELED,4310,11,"Christensen,Caroline",1,,,,,,,,,,,,,1,4.000
Summer 2025,ELED,4315,11,"Shelton,Laura",1,,,,,,,,,,,,,1,4.000
Summer 2025,ELED,7315,02,"Hutchison,Laveria F",1,,,,,,,,,,,,,1,4.000
Summer 2025,CHIN,2312,1,"Zhang,Jing",11,1,,,,,,,,,,,,12,3.973
Summer 2025,CHIN,2311,1,"Zhang,Jing",3,3,2,,3,,,,,,,,,11,3.545
Summer 2025,CHIN,3301,1,"Zhang,Jing",5,2,2,,,,,,,,1,,,10,3.467
Summer 2025,CHIN,3302,1,"Zhang,Jing",5,1,3,,1,,,,,,,,,10,3.600
Summer 2025,CHIN,3359,1,"Zhang,Jing",,2,,,,,,,,,,,,2,3.670
Summer 2025,CHIN,4301,1,"Zhang,Jing",1,,,,1,,,,,,,,,2,3.665
Summer 2025,CHIN,3198,1,"Zhang,Jing",,,1,,,,,,,,,,,1,3.000
Summer 2025,EDBA,8323,1,"Horner,Amy C",10,9,1,2,3,,,,,,,,,25,3.654
Summer 2025,EDBA,8321,01,"Horner,Amy C",13,5,,,2,,,,,,,1,,21,3.667
Summer 2025,POLC,2312,1,"Wong,Man Chiu",3,4,2,,3,,,2,2,,,,,16,3.083
Summer 2025,POLC,6391,1,"Koelling,Peter",7,,,,,,,,,,,,,7,4.000
Summer 2025,POLC,6391,2,"Cubas Norando,German",5,,,,,,,,,,,,,5,4.000
Summer 2025,POLC,3314,1,"Witt,Lawrence A",3,,,,,,,,,,,2,,5,2.400
Summer 2025,POLC,4398,1,"Ruland,Jessica Lynn",3,,1,,,,,,,,,,,4,3.750
Summer 2025,POLC,4390,2,"Cubas Norando,German",3,,,,,,,,,,,,,3,4.000
Summer 2025,POLC,4598,1,"Ruland,Jessica Lynn",2,,,,1,,,,,,,,,3,3.777
Summer 2025,POLC,4498,1,"Ruland,Jessica Lynn",1,,,,1,,,,,,,,,2,3.665
Summer 2025,POLC,4198,1,"Ruland,Jessica Lynn",1,,,,,,,,,,,,,1,4.000
Summer 2025,EDUC,2301,01,"Carp,Charlotte Lynn",14,5,1,2,1,1,,,,,,,1,25,3.521
Summer 2025,EDUC,2301,02,"Carp,Charlotte Lynn",16,1,1,,1,1,,,,,,,,20,3.800
Summer 2025,HISP,2374,1,"De Los Reyes Heredia,Jose Guillermo",14,3,3,2,2,,1,1,,,,1,,27,3.408
Summer 2025,HISP,2387,1,"Arboleda,Paola",6,4,1,,6,,,1,,,,,,18,3.555
Summer 2025,PHOP,6257,4,"Walker,Maria Kelly",2,,,,,,,,,,,,,2,4.000
Summer 2025,PHOP,6257,6,"Harrison,Wendy W",2,,,,,,,,,,,,,2,4.000
Summer 2025,PHOP,6257,1,"Marsack,Jason",1,,,,,,,,,,,,,1,4.000
Summer 2025,PHOP,6257,12,"Sapoznik,Kaitlyn Anne",1,,,,,,,,,,,,,1,4.000
Summer 2025,PHOP,6257,17,"Della Santina,Luca",1,,,,,,,,,,,,,1,4.000
Summer 2025,PHOP,6257,2,"Plaumann,Maureen Daley",1,,,,,,,,,,,,,1,4.000
Summer 2025,PHOP,6257,3,"Twa,Michael D",1,,,,,,,,,,,,,1,4.000
Summer 2025,PHOP,6257,5,"Coulson-Thomas,Vivien J",1,,,,,,,,,,,,,1,4.000
Summer 2025,PHOP,6257,7,"Sayah,Diane Noel",1,,,,,,,,,,,,,1,4.000
Summer 2025,PHOP,6257,8,"Ostrin,Lisa",1,,,,,,,,,,,,,1,4.000
Summer 2025,PHOP,6372,01,"Ribelayga,Christophe Pierre",2,8,,1,1,,,,,,,,,12,3.613
Summer 2025,PHOP,6167,2,"Porter,Jason",1,,,,,,,,,,,,,1,4.000
Summer 2025,PHOP,6167,4,"Ostrin,Lisa",1,,,,,,,,,,,,,1,4.000
Summer 2025,PHOP,6167,5,"Sapoznik,Kaitlyn Anne",1,,,,,,,,,,,,,1,4.000
Summer 2025,PHOP,6167,6,"Della Santina,Luca",1,,,,,,,,,,,,,1,4.000
Summer 2025,PHOP,6357,1,"Ritchey,Eric R",1,,,,,,,,,,,,,1,4.000
Summer 2025,PHOP,6357,2,"Harrison,Wendy W",1,,,,,,,,,,,,,1,4.000
Summer 2025,PHOP,6357,6,"Rump,Rachel",1,,,,,,,,,,,,,1,4.000
Summer 2025,PHOP,6198,1,"Ostrin,Lisa",1,,,,,,,,,,,,,1,4.000
Summer 2025,PHOP,6198,3,"Frishman,Laura J",1,,,,,,,,,,,,,1,4.000
Summer 2025,PHOP,6467,2,"Ostrin,Lisa",2,,,,,,,,,,,,,2,4.000
Summer 2025,PHOP,6567,1,"Ferreira,Tarsis Gesteira",1,,,,,,,,,,,,,1,4.000
Summer 2025,PHOP,6567,2,"Rump,Rachel",,1,,,,,,,,,,,,1,3.670
Summer 2025,PHOP,6667,1,"Marsack,Jason",1,,,,,,,,,,,,,1,4.000
Summer 2025,PHOP,6667,2,"Ferreira,Tarsis Gesteira",1,,,,,,,,,,,,,1,4.000
Summer 2025,PHOP,8698,1,"Yoon,Geunyoung",,1,,,,,,,,,,,,1,3.670
Summer 2025,PHOP,8698,2,"Twa,Michael D",1,,,,,,,,,,,,,1,4.000
Summer 2025,PHOP,6157,1,"Coates,Daniel R",1,,,,,,,,,,,,,1,4.000
Summer 2025,PHOP,6457,1,"Ribelayga,Christophe Pierre",1,,,,,,,,,,,,,1,4.000
Summer 2025,PHOP,8299,1,"Walker,Maria Kelly",1,,,,,,,,,,,,,1,4.000
Summer 2025,PHOP,8498,2,"Walker,Maria Kelly",1,,,,,,,,,,,,,1,4.000
Summer 2025,LST,3354,01,"Littlepage,Kelley G",14,6,2,5,7,2,1,3,,,,,,40,3.334
Summer 2025,LSAF,2301,6,,3,2,2,3,1,,,,,,,,,11,3.335
Summer 2025,LSAF,2301,7,,3,2,,,4,,,,,,,,,9,3.629
Summer 2025,LSAF,2301,116,,,1,,,,,,,,,,,,1,3.670
Summer 2025,LSAF,2301,4,,1,,,,,,,,,,,,,1,4.000
Summer 2025,LSAF,3301,2,,3,,1,,,,,,,,,,,4,3.750
Summer 2025,LSAF,3301,200,,2,,,,,,,,,,,,,2,4.000
Summer 2025,LSAF,3301,119,,,,,,1,,,,,,,,,1,3.330
Summer 2025,LSAF,3301,127,,1,,,,,,,,,,,,,1,4.000
Summer 2025,LSAF,3301,128,,1,,,,,,,,,,,,,1,4.000
Summer 2025,LSAF,4301,23,,2,,,,,,,,,,,,,2,4.000
Summer 2025,LSAF,4301,24,,2,,,,,,,,,,,,,2,4.000
Summer 2025,LSAF,1101,7,,,1,,,,,,,,,,,,1,3.670
Summer 2025,LSAF,1501,37,,1,,,,,,,,,,,,,1,4.000
Summer 2025,SGNL,1302,01,"Brittain,Terrell",,1,1,5,4,1,,1,,,,1,,14,2.691
Summer 2025,SGNL,1301,1,"Brittain,Robyn Michelle",,1,1,1,2,1,,,1,,,2,1,10,1.900
Summer 2025,SGNL,2301,1,"Brittain,Terrell",2,3,,2,2,,,1,,,,,,10,3.334
Summer 2025,FORE,6397,40,"Hines,Andrew Lewis",14,,,,,,,,,,,,1,15,3.733
Summer 2025,FORE,6397,20,"Hines,Andrew Lewis",7,2,1,,1,,,,,,,,,11,3.788
Summer 2025,FORE,6395,40,"Hines,Andrew Lewis",3,,,,,,,,,,,,,3,4.000
Summer 2025,FORE,6395,01,"Hines,Andrew Lewis",2,,,,,,,,,,,,,2,4.000
Summer 2025,FORE,6398,40,"Hines,Andrew Lewis",1,,,,,,,,,,,,,1,4.000
Summer 2025,WCL,3366,02,"Centeno,Daniel",2,11,3,5,5,,,2,,1,,1,1,31,2.990
Summer 2025,TMTH,3360,01,"Thornton,Brandon Latroy",18,1,3,,2,2,,1,,,,,1,28,3.488
Summer 2025,FREN,2312,1,"Giacchetti,Claudine A",3,,,1,1,,,2,,,,,,7,3.237
Summer 2025,FREN,3316,1,"Giacchetti,Claudine A",5,2,,,,,,,,,,,,7,3.906
Summer 2025,FREN,2311,1,"Giacchetti,Claudine A",1,1,,1,1,,,2,,,,,,6,3.055
Summer 2025,FREN,3312,1,"Giacchetti,Claudine A",3,2,1,,,,,,,,,,,6,3.723
Summer 2025,FREN,4396,1,"Giacchetti,Claudine A",1,,,,,,,,,,,,,1,4.000
Summer 2025,DANC,2303,01,"Bobet,Jacqueline A",5,2,1,,1,,,2,,,,1,1,13,2.948
Summer 2025,DANC,2303,02,"Bobet,Jacqueline A",3,3,1,,1,1,1,1,,,,1,1,13,2.718
Summer 2025,ENGR,2301,01,"Krakowiak,Konrad",4,,8,,,4,,,2,,,3,3,24,2.083
Summer 2025,IEEM,6360,01,"Hu,Minxiang",6,8,2,,1,,,,,,,,,17,3.688
Summer 2025,IEEM,6335,01,"Hu,Minxiang",6,,,,,,,,,,,,,6,4.000
Summer 2025,PHED,1306,01,"Brown,Korey J",12,4,1,3,,,1,,,1,,,,22,3.456
Summer 2025,TECH,3365,01,"Thornton,Brandon Latroy",17,2,2,,,,,1,,,,,,22,3.803
Summer 2025,SPCH,1318,1,"Uhrick,Jan",10,4,,3,1,1,1,1,,,,,,21,3.430
Summer 2025,PEP,6309,01,"Hawkins,Billy J",5,3,1,,3,,,,,,,2,,14,3.143
Summer 2025,PEP,7393,01,"Walsh,David W",3,,,,,,,,,,,,,3,4.000
Summer 2025,PEP,8399,2,"LaVoy,Emily Claire-Pyle",2,,,,,,,,,,,,,2,4.000
Summer 2025,PEP,8399,3,"Cottingham,Michael",1,,,,,,,,,,,,,1,4.000
Summer 2025,ARLD,3300,01,"Wilson,Paula Michelle",4,7,1,,4,,,1,,,,,1,18,3.352
Summer 2025,ARLD,6691,01,"Fernando,Fleurette S",1,,,,,,,,,,,,,1,4.000
Summer 2025,MAS,3340,1,"Pino,Diana",9,7,1,,1,,,,,,,,,18,3.779
Summer 2025,BTEC,3321,30,"Aghoghovbia-Pugh,Alero",,,2,1,,4,2,,1,1,,2,2,15,1.445
Summer 2025,BTEC,6399,30,"Khan,Abdul Latif",1,,,,,,,,,,,,,1,4.000
Summer 2025,BTEC,6399,31,"Balan,Venkatesh",,1,,,,,,,,,,,,1,3.670
Summer 2025,CUST,8378,1,"Barnes,Yolanda Michelle",10,,,,,,,,,,,,,10,4.000
Summer 2025,CUST,6370,1,"Amason,Tori",5,1,,,,,,,,,,,,6,3.945
Summer 2025,PUBL,6333,1,"Koelling,Peter",5,2,,,1,,,,,,,,,8,3.834
Summer 2025,PUBL,6321,1,"Thurmond,James H",4,2,,,1,,,,,,,,,7,3.810
Summer 2025,RELS,3381,01,"Borkataky-Varma,Sravana",3,3,1,1,3,,,1,,,,,1,13,3.154
Summer 2025,PHLA,6220,1,"Varkey,Divya A",6,,,,,,,,,,,,,6,4.000
Summer 2025,PHLA,6260,1,"Varkey,Divya A",6,,,,,,,,,,,,,6,4.000
Summer 2025,BTIS,3300,1,"Burns,Maria",9,,,,,,,,,,,,2,11,3.273
Summer 2025,EDS,6345,1,"Nwosu,Lucy",8,,,,,,,,,,,,,8,4.000
Summer 2025,EDS,7399,1,"Hoskere,Vedhus",1,,,,,,,,,,,,,1,4.000
Summer 2025,ELET,3425,1,"Moges,Mequanint A",1,3,,1,2,1,1,,,,,,,9,3.112
Summer 2025,BCHS,6231,02,"Widger,William R",3,,1,,,,,,,,,,,4,3.750
Summer 2025,BCHS,6231,01,"Widger,William R",1,,,,,,,,,,,,,1,4.000
Summer 2025,BCHS,8399,09,"Wang,Yuhong",1,,,,,,,,,,,,,1,4.000
Summer 2025,BCHS,8399,10,"Willson,Richard",1,,,,,,,,,,,,,1,4.000
Summer 2025,PCOL,8398,4,"Statsyuk,Alexander V",2,,,,,,,,,,,,,2,4.000
Summer 2025,PCOL,6298,7,"Darabi,Radbod",1,,,,,,,,,,,,,1,4.000
Summer 2025,PCOL,6398,10,"Das,Joydip",1,,,,,,,,,,,,,1,4.000
Summer 2025,PCOL,6498,7,"Darabi,Radbod",1,,,,,,,,,,,,,1,4.000
Summer 2025,PCOL,8698,7,"Wu,Mingfu",1,,,,,,,,,,,,,1,4.000
Summer 2025,BUAF,4301,12,,1,,,,,,,,,,,,,1,4.000
Summer 2025,BUAF,4301,4,,1,,,,,,,,,,,,,1,4.000
Summer 2025,BUAF,4301,40,,1,,,,,,,,,,,,,1,4.000
Summer 2025,BUAF,3301,13,,1,,,,,,,,,,,,,1,4.000
Summer 2025,BUAF,3301,19,,1,,,,,,,,,,,,,1,4.000
Summer 2025,PHCA,8398,4,"Thornton,James D",2,,,,,,,,,,,,,2,4.000
Summer 2025,PHCA,8398,2,"Abughosh,Susan M",1,,,,,,,,,,,,,1,4.000
Summer 2025,PHCA,6198,1,"Varkey,Divya A",1,,,,,,,,,,,,,1,4.000
Summer 2025,PHCA,6398,4,"Chen,Hua",1,,,,,,,,,,,,,1,4.000
Summer 2025,CAAF,1301,6,,2,,,,,,,,,,,,,2,4.000
Summer 2025,CAAF,2301,4,,1,,,,,,,,,,,,,1,4.000
Summer 2025,CAAF,3301,8,,,,,1,,,,,,,,,,1,2.670
Summer 2025,MEDI,   6M02,1,"Patel,Pooja Rani",,,,,,,,,,,,1,,1,0.000
Summer 2025,MEDI,   6M03,1,"Zebda,Mohamed Awni",,,,,,,,,,,,1,,1,0.000
Summer 2025,MEDI,   6M05,1,"Sowards,Kendell Jean",,,,,,,,,,,,1,,1,0.000
Summer 2025,MEDI,5675,1,"Leugers,Camille Marie",,,,,,,,,,,,,1,1,0.000
Summer 2025,NSRE,3301,1,,,,,,1,,,,,,,,,1,3.330
Summer 2025,NSRE,3301,2,,,,,,1,,,,,,,,,1,3.330
Summer 2025,NSRE,3301,3,,1,,,,,,,,,,,,,1,4.000
Summer 2025,NSRE,3301,4,,1,,,,,,,,,,,,,1,4.000
Summer 2025,PETR,8399,03,"Myers,Michael Tolbert",1,,,,,,,,,,,,,1,4.000
Summer 2025,PETR,8399,06,"Hatzignatiou,Dimitrios Georgios",1,,,,,,,,,,,,,1,4.000
Summer 2025,PETR,8399,10,"Sakhaee Pour,Ahmad",,1,,,,,,,,,,,,1,3.670
Summer 2025,PETR,7399,03,"Qin,Guan",1,,,,,,,,,,,,,1,4.000
Summer 2025,BIOE,7399,04,"Roh,Jinsook",1,,,,,,,,,,,,,1,4.000
Summer 2025,BIOE,8198,22,"Akay,Yasemin M",,,,,,,,,,,,,1,1,0.000
Summer 2025,BIOE,8399,13,"Shevkoplyas,Sergey",1,,,,,,,,,,,,,1,4.000
Summer 2025,EDAF,3301,11,,1,,,,,,,,,,,,,1,4.000
Summer 2025,EDAF,4301,9,,1,,,,,,,,,,,,,1,4.000
Summer 2025,PCEU,8298,2,"Hao,Jiukuan",1,,,,,,,,,,,,,1,4.000
Summer 2026,MANA,3335,01,"Currie,Daniel David",84,47,3,6,9,,2,1,,,,,,152,3.744
Summer 2026,MANA,3335,02,"Currie,Daniel David",69,35,2,3,4,,,1,1,,1,,1,117,3.730
Summer 2026,MANA,4346,01,"Evans,Klavdia Markelova",44,,,,,,,3,,,,1,,48,3.812
Summer 2026,MANA,4346,02,"Evans,Klavdia Markelova",32,,,,,1,,,,,,,,33,3.939
Summer 2026,MANA,4347,01,"Salaiz,Ashley",37,4,2,,8,1,,1,,,,,,53,3.767
Summer 2026,MANA,4347,03,"Zyung,Jinyong",4,1,2,,1,,,,,,,,,8,3.625
Summer 2026,MANA,4355,01,"Phillips,James S",10,8,14,1,,,,,,,,,,33,3.455
Summer 2026,MANA,4355,02,"Bozeman,Dennis",12,,9,1,2,2,1,,,,,,,27,3.333
Summer 2026,MANA,4350,01,"Pathak,Seemantini Madhukar",27,6,2,2,,,1,2,,,,1,,41,3.602
Summer 2026,MANA,4350,02,"Pathak,Seemantini Madhukar",6,3,1,,2,1,,1,,,,,,14,3.500
Summer 2026,MANA,4341,01,"Evans,Klavdia Markelova",44,,,,,,,,,1,2,3,,50,3.587
Summer 2026,MANA,4330,01,"Demirag Burak,Elif G",10,23,3,1,11,,,,,,,1,,49,3.525
Summer 2026,MANA,4337,01,"Smith,Shona G",40,,7,,,,,,1,,,,,48,3.792
Summer 2026,MANA,7397,2,"Abbott,Jeanna L",15,6,6,3,1,,,2,,,,,,33,3.516
Summer 2026,MANA,7397,01,"Miljanic,Andra Olivia",5,2,,,4,,,,,,,,,11,3.696
Summer 2026,MANA,4385,01,"Tabesh,Pooya",8,5,2,1,3,,,,,,,,,19,3.632
Summer 2026,MANA,4385,02,"Tabesh,Pooya",7,4,,,7,,,1,,,,,,19,3.596
Summer 2026,MANA,7375,01,"Sauerwald,Steve",30,2,,,3,,,,,,,,,35,3.924
Summer 2026,MANA,7340,01,"Wengelnik,Dorothee-Catherine",34,,,,,,,,,,,,,34,4.000
Summer 2026,MANA,   6A25,01,"Carlin,Barbara A",12,10,2,,6,,,1,,,,,,31,3.645
Summer 2026,MANA,   6A32,02,"Krylova,Ksenia O",20,2,,,2,,,,,,,,,24,3.917
Summer 2026,MANA,4336,02,"Krylova,Ksenia O",11,2,,,,,,,1,,,,,14,3.739
Summer 2026,MANA,4336,01,"Krylova,Ksenia O",3,3,,1,1,,,,,,,1,,9,3.223
Summer 2026,MANA,4358,01,"Zamanipour,Tina",17,,,,4,,,,,,,,,21,3.872
Summer 2026,MANA,4348,01,"Tabesh,Pooya",3,3,4,,4,,,,,,,1,,15,3.222
Summer 2026,MANA,4353,02,"Thompson,Monica",10,,,,,,,,,,,1,,11,3.636
Summer 2026,MANA,4353,01,"Bozeman,Dennis",,,,,,,,,,,,,1,1,0.000
Summer 2026,MANA,4338,01,"Bozeman,Dennis",,,,,,,,,,,,,2,2,0.000
Summer 2026,PSYC,2301,01,"Senger,Amy",43,5,1,1,1,,,,,,,,1,52,3.834
Summer 2026,PSYC,2301,05,"Bautista,Ashley",20,6,5,3,11,,2,2,,,,1,2,52,3.263
Summer 2026,PSYC,2301,03,"Ge,Jacqueline L",25,5,,4,1,1,1,1,,,,,,38,3.641
Summer 2026,PSYC,4344,02,"Phillips,Morgan",36,,5,,6,6,,2,1,,,2,,58,3.390
Summer 2026,PSYC,4344,03,"Murphy,Elijah Rayvon",50,,5,,1,1,,,,,,1,,58,3.799
Summer 2026,PSYC,3331,01,"Pathak,Neha",34,,10,,11,3,,1,,,,1,,60,3.516
Summer 2026,PSYC,3331,02,"Armenti,Nicholas Anthony",9,8,2,,5,1,3,1,1,,,,3,33,2.980
Summer 2026,PSYC,3350,03,"Racioppo,Keith",34,7,4,1,5,1,1,,1,,,1,,55,3.594
Summer 2026,PSYC,3350,02,"Paredes Raquel,Sara Abigail",17,6,1,1,2,,,1,,,,,,28,3.739
Summer 2026,PSYC,2305,01,"Anderson,Jill Annette",36,5,1,,2,,,,,,,,,44,3.909
Summer 2026,PSYC,2305,09,"Laughlin,Haley Marie",12,5,4,2,2,2,1,3,1,1,,2,,35,2.991
Summer 2026,PSYC,2317,04,"Nault,Evan Olivia-Arline",8,1,3,1,5,1,,1,1,1,1,1,1,25,2.853
Summer 2026,PSYC,2317,02,"Penheiro,Romeo Alex",18,1,,,,,,,,,,1,2,22,3.440
Summer 2026,PSYC,2317,05,"Bajwa,Navrose Kaur",5,2,3,1,3,3,2,1,,,,1,1,22,2.758
Summer 2026,PSYC,2317,03,"Daly,Emily E",,,,,,,,,,,,,3,3,0.000
Summer 2026,PSYC,2317,01,"Pestilos,Cristy Cajeda",,,,,,,,,,,,,2,2,0.000
Summer 2026,PSYC,2330,02,"Snead,Alexandra L",41,1,9,1,1,3,,,1,,,,1,58,3.581
Summer 2026,PSYC,2330,01,"Little,Kaitlyn Marie",,,,,,,,,,,,,2,2,0.000
Summer 2026,PSYC,3310,02,"Mehta,Nandini M",19,,3,,5,,,,,,1,,,28,3.678
Summer 2026,PSYC,3310,03,"Ortega,Alyssa",17,,5,,1,1,,1,,,,,,25,3.626
Summer 2026,PSYC,3310,01,"Hsu,Chia-Hao",,,,,,,,,,,,,1,1,0.000
Summer 2026,PSYC,3335,01,"Anderson,Jill Annette",37,14,1,,2,,,,,,,,,54,3.871
Summer 2026,PSYC,2316,02,"Quadri,Tobiloba",35,3,2,,1,,,,,1,,4,,46,3.500
Summer 2026,PSYC,4363,08,"Salentine,Cassidy",10,3,5,,3,,,,,,,,,21,3.619
Summer 2026,PSYC,4363,06,"Cervantes,Breana Rachelle",19,,1,,,,,,,,,,,20,3.950
Summer 2026,PSYC,4363,03,"Barry,Kelly",,,,,,,,,,,,,1,1,0.000
Summer 2026,PSYC,4363,07,"Wall,Juliana",,,,,,,,,,,,,1,1,0.000
Summer 2026,PSYC,2308,01,"Perkovich,Elizabeth Susan",8,7,2,,4,3,,1,1,,1,1,,28,3.131
Summer 2026,PSYC,2308,02,"Snead,Alexandra L",,,,,,,,,,,,,1,1,0.000
Summer 2026,PSYC,2319,02,"Ayers,Zachary Scott",13,3,1,,3,,,1,,,,,,21,3.730
Summer 2026,PSYC,2320,01,"Armenti,Nicholas Anthony",9,1,2,3,1,,,1,,,,1,1,19,3.123
Summer 2026,PSYC,3339,01,"Szafranski,Derek D",,,,,,,,,,,,,2,2,0.000
Summer 2026,PSYC,3339,02,"Szafranski,Derek D",,,,,,,,,,,,,2,2,0.000
Summer 2026,PSYC,3347,01,"Armenti,Nicholas Anthony",,,,,,,,,,,,,1,1,0.000
Summer 2026,PSYC,8399,26,"Sabat,Isaac Emmanuel",1,,,,,,,,,,,,,1,4.000
Summer 2026,HLT,2320,03,"Proctor,Robin Ann",40,28,1,2,8,,,,,,,1,,80,3.722
Summer 2026,HLT,2320,04,"Proctor,Robin Ann",62,8,1,1,4,,,,,,,1,2,79,3.751
Summer 2026,HLT,1353,02,"Rafique,Kiran Sajid",19,18,11,2,6,,,2,,,,,,58,3.535
Summer 2026,HLT,1353,05,"Rafique,Kiran Sajid",20,20,4,1,6,,,1,,,,,1,53,3.592
Summer 2026,HLT,1353,01,"Shamblin,Angel Ann",,,,,,,,,,,,,1,1,0.000
Summer 2026,HLT,3380,03,"Kamdar-Sharif,Amber",35,6,1,4,2,,5,2,,,3,1,,59,3.379
Summer 2026,HLT,3380,04,"Adams,Monica Nichole",13,18,1,,1,,,,,,,1,,34,3.659
Summer 2026,HLT,3301,02,"Proctor,Robin Ann",45,8,,1,4,2,,,,,,,,60,3.823
Summer 2026,HLT,3301,03,"Proctor,Robin Ann",27,2,,1,1,,,,,,,,1,32,3.792
Summer 2026,HLT,4306,01,"Adams,Monica Nichole",14,20,3,1,7,,3,1,,1,,,,50,3.448
Summer 2026,HLT,4306,02,"Adams,Monica Nichole",9,18,1,2,2,,,1,,,,,,33,3.618
Summer 2026,HLT,4310,05,"Bennett,Kristin C",32,,1,,3,,1,1,,,,,,38,3.816
Summer 2026,HLT,4310,01,"Markowitz,Eliz",9,5,3,2,4,1,2,1,1,,1,3,4,36,2.556
Summer 2026,HLT,3381,03,"Markowitz,Eliz",52,5,1,,,,,,,,,,,58,3.954
Summer 2026,HLT,3381,02,"Markowitz,Eliz",,,,,,,,,,,,,2,2,0.000
Summer 2026,HLT,3306,02,"Fedor Amador,Theresa Marie",30,4,,1,,,,1,,,,,,36,3.880
Summer 2026,HLT,3306,01,"Fedor Amador,Theresa Marie",20,,,1,,,,,,,,,,21,3.937
Summer 2026,HLT,3300,01,"Ripperger-Suhler,Ken",24,10,2,,3,,,,,,,,,39,3.813
Summer 2026,HLT,4307,01,"Kamdar-Sharif,Amber",22,4,2,,1,6,1,1,,,,2,,39,3.282
Summer 2026,HLT,4302,01,"Drenner,Kelli Linn",21,8,2,,2,,,1,,,,1,,35,3.667
Summer 2026,HLT,3304,01,"Drenner,Kelli Linn",7,13,2,1,3,1,1,3,1,,,,,32,3.313
Summer 2026,HLT,4392,04,"Scherer,Rhonda",,,,,,,,,,,,,4,4,0.000
Summer 2026,HLT,4392,02,"Scherer,Rhonda",,,,,,,,,,,,,1,1,0.000
Summer 2026,HLT,3325,03,"Burk,Kelly Ann",,,,,,,,,,,,,2,2,0.000
Summer 2026,HLT,3325,04,"Burk,Kelly Ann",,,,,,,,,,,,,1,1,0.000
Summer 2026,HLT,3325,05,"Burk,Kelly Ann",,,,,,,,,,,,,1,1,0.000
Summer 2026,HLT,4320,02,"Behjat,Amirmohsen",,,,,,,,,,,,,1,1,0.000
Summer 2026,MATH,1324,06,"Constante,Beatrice",6,1,2,2,1,3,2,5,1,4,4,7,2,40,1.808
Summer 2026,MATH,1324,02,"Sosa,Moses",4,3,8,2,3,2,2,2,1,1,,7,2,37,2.162
Summer 2026,MATH,1324,01,"Constante,Beatrice",,,,,,,,,,,,,10,10,0.000
Summer 2026,MATH,1342,03,"Kim,Jae Youn",8,4,3,6,2,3,5,2,2,3,,11,7,56,1.810
Summer 2026,MATH,1342,02,"Kim,Jae Youn",7,,,1,4,1,2,1,2,,,3,1,22,2.439
Summer 2026,MATH,1342,01,"Kartheiser,Abigail Louise",,,,,,,,,,,,,8,8,0.000
Summer 2026,MATH,3321,02,"Etgen,Garret J",6,,6,,,11,,1,8,,,3,1,36,2.065
Summer 2026,MATH,3321,04,"West,James David",3,,7,,,5,2,,7,1,2,5,4,36,1.574
Summer 2026,MATH,3321,03,"West,James David",1,1,1,,,1,,1,2,,,3,,10,1.700
Summer 2026,MATH,3339,05,"Wang,Wenshuang",13,3,1,3,5,3,2,2,1,,,3,1,37,2.856
Summer 2026,MATH,3339,02,"Niu,Yabo",14,1,5,1,2,1,,,1,,,,,25,3.480
Summer 2026,MATH,3339,01,"Cao,Jian",,,,,,,,,,,,,2,2,0.000
Summer 2026,MATH,2414,06,"West,James David",3,1,3,1,,7,1,,11,1,,16,6,50,1.094
Summer 2026,MATH,2414,01,"Xhabli,Blerina",,,,,,,,,,,,,5,5,0.000
Summer 2026,MATH,2414,03,"Haynes,Alan K",,,,,,,,,,,,,1,1,0.000
Summer 2026,MATH,1314,05,"Xhabli,Blerina",6,,2,,2,3,1,,,3,2,6,8,33,1.485
Summer 2026,MATH,1314,03,"Caglar,Atife",,,,,,,,,,,,,16,16,0.000
Summer 2026,MATH,2413,03,"Sosa,Moses",6,2,3,1,,4,2,,4,,2,5,1,30,2.034
Summer 2026,MATH,2413,01,"Perepelitsa,Irina",,,,,,,,,,,,,15,15,0.000
Summer 2026,MATH,2415,01,"Pan,Tsorng-Whay",18,1,7,3,3,4,3,1,,,,2,1,43,3.023
Summer 2026,MATH,2312,05,"Almus,Melahat",3,1,1,,,2,1,1,2,,,9,10,30,0.956
Summer 2026,MATH,2312,01,"Kartheiser,Abigail Louise",,,,,,,,,,,,,10,10,0.000
Summer 2026,MATH,2312,04,"Caglar,Atife",,,,,,,,,,,,,2,2,0.000
Summer 2026,MATH,4322,1,"Poliak,Cathy Dawn",26,6,3,,2,,1,,,1,,,1,40,3.601
Summer 2026,MATH,2305,03,"Perepelitsa,Mikhail Antolyevic",4,1,4,,1,4,6,3,4,,1,1,8,37,1.766
Summer 2026,MATH,2318,01,"He,Jiwen",4,3,1,4,,1,1,5,1,,,2,6,28,2.036
Summer 2026,MATH,6386,01,"Shastri,Dvijesh J",4,9,5,1,2,,,1,,,,,,22,3.440
Summer 2026,MATH,5341,01,"He,Jiwen",19,,,,,,,,,,,1,,20,3.800
Summer 2026,MATH,5383,02,"Ru,Min",9,2,,4,2,,,,,,,,,17,3.569
Summer 2026,MATH,3325,01,"Leger,Nicholas M",3,,2,,1,2,3,1,,,,,,12,2.723
Summer 2026,MATH,3363,01,"Deng,Xiaoxue",,,,,,,,,,,,,7,7,0.000
Summer 2026,MATH,1325,01,"Constante,Beatrice",,,,,,,,,,,,,3,3,0.000
Summer 2026,MATH,4377,01,"Perepelitsa,Mikhail Antolyevic",2,,,,,1,,,,,,,,3,3.333
Summer 2026,MATH,8399,09,"Olshanskiy,Maxim Alexandrovich",1,,,,,,,,,,,,,1,4.000
Summer 2026,MATH,8399,10,"Haynes,Alan K",1,,,,,,,,,,,,,1,4.000
Summer 2026,MATH,8399,12,"Timofeyev,Ilya",1,,,,,,,,,,,,,1,4.000
Summer 2026,MATH,1351,02,"May,Jennifer Ruhnow",,,,,,,,,,,,,2,2,0.000
Summer 2026,MATH,6308,01,"Perepelitsa,Mikhail Antolyevic",2,,,,,,,,,,,,,2,4.000
Summer 2026,MATH,3338,04,"Papadakis,Emanuel Ioannis",,,,,,,,,,,,,1,1,0.000
Summer 2026,MATH,8699,08,"Zhong,Ming",1,,,,,,,,,,,,,1,4.000
Summer 2026,KIN,1304,01,"Alastuey,Lisa L",52,26,5,5,14,2,4,2,1,1,,3,1,116,3.409
Summer 2026,KIN,1352,01,"Harrison,Layci",89,4,1,1,2,,,1,,,1,1,,100,3.867
Summer 2026,KIN,3305,01,"Hawkins,Billy J",13,22,3,9,9,3,6,2,2,,2,,1,72,3.071
Summer 2026,KIN,3306,01,"Paulson,Sally",31,14,5,4,5,2,1,2,1,,,1,2,68,3.368
Summer 2026,KIN,3306,02,"Breslin,Whitney L",,,,,,,,,,,,,3,3,0.000
Summer 2026,KIN,4310,01,"Thrasher,Timothy Adam",17,19,1,3,7,,2,,1,,1,2,,53,3.353
Summer 2026,KIN,3360,01,"Walsh,David W",19,6,7,3,8,1,,1,,,,1,,46,3.435
Summer 2026,KIN,4350,01,"Lee,Dong Hun",14,17,1,2,4,1,1,2,,,,1,,43,3.451
Summer 2026,KIN,4300,1,"Alastuey,Lisa L",9,9,8,5,3,,1,1,,,,2,1,39,3.086
Summer 2026,KIN,3350,01,"Elliott,Ashlyne Paige",21,6,1,,4,,,,,1,,1,1,35,3.515
Summer 2026,KIN,4302,1,"Alastuey,Lisa L",,,,,,,,,,,,,2,2,0.000
Summer 2026,KIN,4355,01,"Walsh,David W",,,,,,,,,,,,,1,1,0.000
Summer 2026,COSC,4370,301,"Biediger,Daniel Edward",64,6,3,1,4,1,1,2,2,,,1,,85,3.686
Summer 2026,COSC,3320,301,"Biediger,Daniel Edward",14,9,6,10,9,2,1,3,1,,,2,7,64,2.771
Summer 2026,COSC,4397,304,"Mukherjee,Arjun",5,11,2,1,12,2,,1,1,,,1,1,37,3.144
Summer 2026,COSC,4397,303,"Mukherjee,Arjun",8,5,5,2,1,,,1,,,,,1,23,3.320
Summer 2026,COSC,3380,201,"Hilford,Victoria",7,10,10,7,14,3,,3,,,,,,54,3.204
Summer 2026,COSC,4368,202,"Sarbajna,Raunak",27,9,,,8,1,2,1,,,,1,1,50,3.507
Summer 2026,COSC,3360,301,"Rincon Castro,Carlos Alberto",3,1,1,4,3,6,,4,3,,3,4,3,35,1.933
Summer 2026,COSC,4393,301,"Mantini,Pranav",12,5,3,7,4,1,,,,,,,,32,3.418
Summer 2026,COSC,2436,201,"Rizk,Nouhad J",5,4,2,3,2,3,,,1,,3,3,5,31,2.140
Summer 2026,COSC,4351,201,"Hilford,Victoria",9,3,3,5,8,,,3,,,,,,31,3.322
Summer 2026,COSC,4377,201,"Sarbajna,Raunak",8,6,3,,4,,,2,,,,,,23,3.522
Summer 2026,COSC,1437,301,"Rincon Castro,Carlos Alberto",9,2,,1,2,1,1,,,,,3,,19,2.965
Summer 2026,COSC,3337,201,"Rizk,Nouhad J",1,1,,,2,2,,1,,,,2,2,11,1.878
Summer 2026,COSC,1336,201,"Yun,Changhoon",3,,,1,1,1,1,1,,,,,,8,3.000
Summer 2026,COSC,6380,301,"Mantini,Pranav",5,,,,3,,,,,,,,,8,3.749
Summer 2026,COSC,3340,101,"Singh,Raj Kumar",,,,,,,,,,,,,3,3,0.000
Summer 2026,COSC,4353,101,"Singh,Raj Kumar",,,,,,,,,,,,,1,1,0.000
Summer 2026,COSC,6310,301,"Rincon Castro,Carlos Alberto",1,,,,,,,,,,,,,1,4.000
Summer 2026,GOVT,2306,01,"Cole,Jeffrey Bryan",59,14,19,7,19,7,2,7,6,,2,7,5,154,3.043
Summer 2026,GOVT,2306,02,"Cole,Jeffrey Bryan",19,4,6,1,6,3,1,6,,,4,3,3,56,2.827
Summer 2026,GOVT,2306,04,"Suh,Jeongkyu",18,5,5,1,1,,1,1,,,1,1,1,35,3.334
Summer 2026,GOVT,2306,50,"LeVeaux,Christine",18,4,,,1,,,,,,,,,23,3.913
Summer 2026,GOVT,2305,01,"Cho,EunHye Grace",51,22,21,9,13,5,2,8,2,7,,5,4,149,3.045
Summer 2026,GOVT,2305,02,"Heintz,Karl Roland",14,15,8,4,11,1,,,4,,,2,4,63,2.990
Summer 2026,GOVT,2305,03,"Abbott Jr,Kenneth Wayne",18,6,3,,4,3,,1,,,,,1,36,3.463
Summer 2026,MARK,3336,01,"Zahn,William J",75,,32,1,,22,,,4,,,2,3,139,3.213
Summer 2026,MARK,3337,01,"Suki,Yara D",44,12,,,5,,,,,,1,,,62,3.839
Summer 2026,MARK,3337,03,"Suki,Yara D",57,,1,,1,,,1,,,,,,60,3.944
Summer 2026,MARK,3365,01,"Zahn,William J",41,,7,,,2,,,,,,,1,51,3.706
Summer 2026,MARK,4332,01,"Noriega,Jaime L",10,12,4,4,4,3,1,2,,1,,1,,42,3.168
Summer 2026,MARK,3338,01,"Khorshidi,Masoud",16,6,3,1,4,,,,,,,1,1,32,3.469
Summer 2026,MARK,4362,01,"Noriega,Jaime L",14,6,1,5,,1,,,,,,,,27,3.569
Summer 2026,MARK,7373,01,"Kamal,Saiyid Zafar",9,9,,1,3,,,,,,,,,22,3.713
Summer 2026,MARK,4396,01,"Krishnamurthy,Parthasarathy",,,,,,,,,,,,,1,1,0.000
Summer 2026,HIST,1302,2,"Johnson,Michele R",84,20,18,11,20,5,7,16,5,3,7,17,35,248,2.559
Summer 2026,HIST,1301,1,"Johnson,Michele R",62,9,7,9,16,8,5,9,1,2,6,10,24,168,2.589
Summer 2026,HIST,3311,1,"Clavin,Matthew J",4,2,1,4,1,,,2,,,,,1,15,3.001
Summer 2026,BIOL,2101,03,"Gill,Tejendra",4,1,8,,1,1,,1,,,,4,3,23,2.232
Summer 2026,BIOL,2101,04,"Gill,Tejendra",1,,9,2,1,5,2,,,,,1,,21,2.524
Summer 2026,BIOL,2101,01,"Gill,Tejendra",1,3,5,4,1,3,1,1,,,,,,19,2.843
Summer 2026,BIOL,2101,05,"Gill,Tejendra",1,1,4,1,1,3,,1,,,3,1,,16,2.374
Summer 2026,BIOL,2101,02,"Gill,Tejendra",2,,2,1,2,4,,,1,1,,,,13,2.538
Summer 2026,BIOL,1106,01,"Dimarco,Romina",17,,,,1,2,,1,,,,,,21,3.698
Summer 2026,BIOL,1106,02,"Dimarco,Romina",11,1,2,1,4,,,,,,,,,19,3.666
Summer 2026,BIOL,1106,03,"Dimarco,Romina",3,5,3,,3,1,,,1,,,,,16,3.271
Summer 2026,BIOL,1106,05,"Dimarco,Romina",4,3,4,1,2,,1,,,,,,1,16,3.126
Summer 2026,BIOL,1106,04,"Dimarco,Romina",10,,,,,,,,,,,1,,11,3.636
Summer 2026,BIOL,1306,01,"Jaffery,Roshni Trujillo",27,9,8,8,5,8,1,6,,1,2,2,1,78,3.052
Summer 2026,BIOL,2301,01,"Wayne,Chad M",3,4,5,8,13,5,3,7,1,,,9,4,62,2.236
Summer 2026,BIOL,2321,01,"Medrano,Ana I",7,4,15,3,2,10,4,,,1,,,2,48,2.702
Summer 2026,BIOL,2121,02,"Knapp,Richard D",2,4,2,6,3,1,,,,,,1,,19,2.984
Summer 2026,BIOL,2121,03,"Knapp,Richard D",7,4,4,1,1,,,1,,,,,1,19,3.316
Summer 2026,BIOL,2102,04,"Gill,Tejendra",,,,,,,,,,,,,4,4,0.000
Summer 2026,BIOL,2102,02,"Gill,Tejendra",,,,,,,,,,,,,3,3,0.000
Summer 2026,BIOL,2120,02,"Knapp,Richard D",1,,2,1,,,,,,,,,,4,3.168
Summer 2026,BIOL,2120,03,"Knapp,Richard D",1,,,,,,,,,,,,,1,4.000
Summer 2026,BIOL,1307,01,"Kramer,Marianne Catherine",,,,,,,,,,,,,3,3,0.000
Summer 2026,BIOL,2302,01,"Ziburkus,Jokubas",,,,,,,,,,,,,3,3,0.000
Summer 2026,BIOL,4340,1,"Ekeoba,Jacqueline Njideka",1,,,,1,,,,,,,,,2,3.665
Summer 2026,BIOL,4354,01,"Cheek,Ann Oliver",,,,,,,,,,,,,2,2,0.000
Summer 2026,BIOL,8699,04,"O'Brien,John",1,,,,,,,,,,,,,1,4.000
Summer 2026,SCM,3301,01,"Khumawala,Basheer M",235,19,6,,10,,,2,,,,2,1,275,3.875
Summer 2026,SCM,3301,02,"Khumawala,Basheer M",36,2,1,,1,,,,,,,1,,41,3.846
Summer 2026,SCM,   6A01,01,"Sahin,Funda",15,2,4,,,2,,1,,,,,,24,3.570
Summer 2026,ENTR,3310,04,"Ortega,Carlos Alberto",24,39,10,,22,1,,3,,,,,,99,3.549
Summer 2026,ENTR,3310,05,"Ortega,Carlos Alberto",20,40,6,,21,3,1,2,,,,3,2,98,3.337
Summer 2026,ENTR,3310,03,"Wilbur,Stephen",30,45,3,1,13,4,,1,,,,,,97,3.613
Summer 2026,ENTR,3310,2,"Wilbur,Stephen",13,2,,,,,,1,,,,1,2,19,3.246
Summer 2026,ENTR,3310,06,"Ortega,Carlos Alberto",,,,,,,,,,,,,1,1,0.000
Summer 2026,ENTR,3312,02,"Karonika,John R",,,,,,,,,,,,,2,2,0.000
Summer 2026,ENTR,3312,01,"Karonika,John R",,,,,,,,,,,,,1,1,0.000
Summer 2026,ENGL,1302,11,"Salome,Melanie Rebecca",5,5,1,2,2,,2,1,,,,3,4,25,2.361
Summer 2026,ENGL,1302,12,"Downey,Carlton M",17,3,3,,1,,,,,,,,,24,3.806
Summer 2026,ENGL,1302,3,"Pogue,Donovan A",9,2,1,,4,1,,1,,,,3,3,24,2.666
Summer 2026,ENGL,1302,8,"Zachow,Alix V",5,2,1,,1,2,4,,,3,,2,1,21,2.208
Summer 2026,ENGL,1302,4,"Islam,Muhammad Nurul",,,,,,,,,,,,,2,2,0.000
Summer 2026,ENGL,1302,7,"Shen,Srisha",,,,,,,,,,,,,2,2,0.000
Summer 2026,ENGL,1302,2,"Feizbakhsh Tavana,Zahra",,,,,,,,,,,,,1,1,0.000
Summer 2026,ENGL,1301,2,"O'Bryan,Ann Patricia",14,4,,,1,1,,,1,,,2,1,24,3.209
Summer 2026,ENGL,1301,3,"Rolater,Sara C",8,6,,,1,2,,1,,,,4,1,23,2.769
Summer 2026,ENGL,1301,4,"Ayegboyin,Omolola Dorcas",,,,,,,,,,,,,1,1,0.000
Summer 2026,ENGL,3350,1,"Berger,Jason",20,2,2,,3,,,,1,,,2,,30,3.478
Summer 2026,ENGL,2305,1,"Kunasek,Caleb",7,4,1,2,2,3,,1,,,,4,1,25,2.640
Summer 2026,ENGL,2315,2,"Sicinski,Michael J",14,1,1,1,5,,,1,,,,1,,24,3.513
Summer 2026,ENGL,3351,1,"Ehlers,Sarah E",12,2,4,1,3,,,,,,,2,,24,3.333
Summer 2026,ENGL,3327,1,"Bass,Kasey Dawn",12,2,,,3,,1,,,1,,2,1,22,3.076
Summer 2026,ENGL,2306,1,"Murray,Christopher Brean",10,5,3,,1,,,,,,,,1,20,3.534
Summer 2026,ENGL,8395,1,"Wingard,Jennifer L",8,,,,,,,,,,,,,8,4.000
Summer 2026,ENGL,2307,1,"Pogue,Donovan A",,,,,,,,,,,,,1,1,0.000
Summer 2026,ENGL,7398,2,"Bass,Kasey Dawn",1,,,,,,,,,,,,,1,4.000
Summer 2026,FINA,3332,02,"Chisholm,Darla",15,16,4,9,7,5,2,6,1,,,,2,67,3.080
Summer 2026,FINA,3332,01,"Chisholm,Darla",4,2,2,4,3,5,6,5,2,3,2,4,6,48,1.841
Summer 2026,FINA,4397,02,"Kapatos,Nick Gus",9,7,4,2,4,3,,3,,,,,1,33,3.192
Summer 2026,FINA,4397,03,"Kapatos,Nick Gus",6,8,6,1,5,1,,1,,,,,,28,3.393
Summer 2026,FINA,4320,01,"Doshi,Hitesh B",18,10,4,7,10,4,1,4,,1,,,,59,3.260
Summer 2026,FINA,4360,02,"Susmel,Raul",8,5,6,2,2,2,,1,1,,1,1,4,33,2.697
Summer 2026,FINA,7377,01,"Gasca,Amparo Amy",13,1,1,,,,,,,,,,,15,3.911
Summer 2026,FINA,4323,03,"Balogu,Dikemba",,,,,,,,,,,,,2,2,0.000
Summer 2026,FINA,4328,01,"Coleman,Alfred G",,,,,,,,,,,,,1,1,0.000
Summer 2026,MIS,3371,01,"Messinger,Jacob Nelson",17,6,5,1,1,,1,3,,,,1,2,37,3.235
Summer 2026,MIS,3371,02,"Messinger,Jacob Nelson",4,1,4,1,,1,1,,,,,,,12,3.168
Summer 2026,MIS,   6A41,01,"Silva,Leiser O",22,6,,,1,,,,,,,,,29,3.909
Summer 2026,MIS,   6A41,02,"Silva,Leiser O",12,3,,,1,,,1,,,,,,17,3.804
Summer 2026,MIS,4374,01,"Campbell,Phillip James",19,10,4,4,3,1,,1,,,2,1,,45,3.386
Summer 2026,MIS,4378,01,"Porra,Jaana",10,6,5,,9,,,,,,,,,30,3.566
Summer 2026,MIS,4477,03,"Messinger,Jacob Nelson",16,2,4,1,,1,,,,,,,,24,3.667
Summer 2026,MIS,3370,01,"Abduvaliyev,Davlatbek",9,4,5,,2,,,1,,,,,,21,3.556
Summer 2026,MIS,7397,1,"Campbell,Phillip James",7,3,1,1,3,,,,,,,1,,16,3.417
Summer 2026,MIS,7397,05,"Messinger,Jacob Nelson",4,,1,,,,,,,,,,,5,3.800
Summer 2026,MIS,3360,01,"Porra,Jaana",18,,,,,,,,,,,,,18,4.000
Summer 2026,MIS,3376,01,"Kniffen,Richard Chad",6,,1,,,2,,,,,,1,1,11,2.818
Summer 2026,MIS,7378,01,"Porra,Jaana",2,,3,,,,,,,,,,,5,3.400
Summer 2026,MIS,4397,2,"Netzel,Andrew",,,,,,,,,,,,,3,3,0.000
Summer 2026,MIS,4397,04,"Li,Chuanjun",,,,,,,,,,,,,1,1,0.000
Summer 2026,ECON,2301,1,"Maden,Bitaran Jang",21,6,8,8,5,9,2,8,1,1,2,1,4,76,2.794
Summer 2026,ECON,2302,1,"Singh,Swati",17,9,8,8,14,6,5,3,2,,,2,1,75,2.965
Summer 2026,ECON,3332,1,"Troncoso,Pablo A",9,2,4,6,4,,3,1,2,1,,,,32,2.959
Summer 2026,ECON,3320,1,"Troncoso,Pablo A",5,2,2,2,2,2,3,3,1,,,5,2,29,2.150
Summer 2026,ECON,3370,1,"Zhivan,Natalia A",3,4,1,1,2,3,1,2,,5,1,4,2,29,1.932
Summer 2026,ECON,3334,2,"Callicott,Erika",3,1,2,1,4,1,1,3,2,2,2,2,1,25,2.173
Summer 2026,ECON,3357,1,"Peru Durayalage,Dhanushka Arunasiri",,,,,,,,,,,,,2,2,0.000
Summer 2026,ECON,8699,6,"Chin,Aimee",1,,,,,,,,,,,,,1,4.000
Summer 2026,MECE,3336,01,"Hammami,Farah",21,5,8,7,9,5,4,9,1,,1,,2,72,2.986
Summer 2026,MECE,3381,1,"Chen,Xuemei",3,2,5,4,4,1,2,8,2,2,1,,,34,2.559
Summer 2026,MECE,4373,01,"Hammami,Farah",14,10,5,1,,,,1,,,,,,31,3.635
Summer 2026,MECE,3338,01,"Hammami,Farah",10,2,3,3,2,2,2,4,,,,1,,29,3.023
Summer 2026,MECE,3360,01,"Chen,Xuemei",3,4,6,5,1,3,1,6,,,,,,29,2.862
Summer 2026,MECE,3400,1,"Hallai,Julian",20,,4,,,1,,,,,,1,,26,3.615
Summer 2026,MECE,3345,01,"Pouladi,Sara",6,2,1,,2,,,,,,,,3,14,2.929
Summer 2026,MECE,6397,03,"Chivukula,Venkat Keshav",5,,3,,,,,,,,,,,8,3.625
Summer 2026,MECE,6397,01,"Chivukula,Venkat Keshav",2,,1,,,2,,,,,,,,5,3.000
Summer 2026,MECE,5397,01,"Chivukula,Venkat Keshav",10,,,,,1,,,,,,,,11,3.818
Summer 2026,MECE,5397,03,"Franchek,Matthew",,,,,,,,,,,,,1,1,0.000
Summer 2026,MECE,2334,01,"Love,Holley Carole",,,,,,,,,,,,,1,1,0.000
Summer 2026,MECE,3363,01,"Love,Holley Carole",,,,,,,,,,,,,1,1,0.000
Summer 2026,BUSI,4350,01,"Williams,John M",57,10,5,3,7,2,1,2,,,,1,,88,3.652
Summer 2026,BUSI,4350,03,"Williams,John M",51,6,,1,2,,1,3,,,,,1,65,3.754
Summer 2026,BUSI,1301,02,"Carvalho,Diogo",17,3,2,1,1,,,2,,,,,2,28,3.417
Summer 2026,BUSI,1301,3,"Carvalho,Diogo",20,,,,2,1,,,,,,1,1,25,3.546
Summer 2026,BUSI,1301,01,"Thompson,Joseph Lee",,,,,,,,,,,,,1,1,0.000
Summer 2026,BUSI,2305,01,"Wiley,Briceon C",2,3,9,4,4,9,3,7,4,2,,,6,53,2.164
Summer 2026,BUSI,3300,01,"Fellers,Vanessa",,,,,,,,,,,,,1,1,0.000
Summer 2026,COMM,1307,1,"Olson,Beth M",18,8,2,4,1,4,3,4,,1,1,,1,47,3.100
Summer 2026,COMM,1303,1,"Lyn,Robyn",21,4,,1,6,,2,1,1,,,,1,37,3.459
Summer 2026,COMM,3368,01,"Ashley,Laura B",20,3,1,,3,2,,,,,,1,,30,3.600
Summer 2026,COMM,4355,01,"Xiao,Zhiwen",20,,,,8,1,,1,,,,,,30,3.699
Summer 2026,COMM,3353,01,"Liu,Youmei",21,,,,,1,,,1,,,1,3,27,3.222
Summer 2026,COMM,2311,01,"Radcliffe Andre,Jennifer",22,,2,,,,1,,,,,,,25,3.827
Summer 2026,COMM,3360,01,"Choi,Ho Joon",16,3,1,1,,2,1,,1,,,,,25,3.494
Summer 2026,COMM,4365,02,"Choi,Ho Joon",10,3,,,2,1,,,1,,,,,17,3.569
Summer 2026,COMM,3326,1,"Economou-Clarke,Ann M",6,2,,,1,,,,,,,,,9,3.852
Summer 2026,COMM,1302,01,"Lee,Jaesub",,,,,,,,,,,,,1,1,0.000
Summer 2026,COMM,2320,01,"Crowe,Craig Warren",,,,,,,,,,,,,1,1,0.000
Summer 2026,COMM,2356,1,"Neal,Allyson Ward",,,,,,,,,,,,,1,1,0.000
Summer 2026,COMM,3300,1,"Yamasaki,Jill S",,,,,,,,,,,,,1,1,0.000
Summer 2026,COMM,3311,3,"Radcliffe Andre,Jennifer",,,,,,,,,,,,,1,1,0.000
Summer 2026,COMM,3328,1,"Crowe,Craig Warren",,,,,,,,,,,,,1,1,0.000
Summer 2026,COMM,3370,1,"Houk,Keith R",,,,,,,,,,,,,1,1,0.000
Summer 2026,COMM,4378,1,"Ashley,Laura B",,,,,,,,,,,,,1,1,0.000
Summer 2026,COMM,4392,01,"Ashley,Laura B",,,,,,,,,,,,,1,1,0.000
Summer 2026,CHEM,1111,09,"Zaitsev,Vladimir G",,4,6,1,4,,,1,,,1,2,1,20,2.617
Summer 2026,CHEM,1111,5,"Zaitsev,Vladimir G",1,1,10,4,4,,,,,,,,,20,3.084
Summer 2026,CHEM,1111,14,"Zaitsev,Vladimir G",,4,7,,8,,,,,,,,,19,3.280
Summer 2026,CHEM,1111,02,"Zaitsev,Vladimir G",,4,4,3,2,,,,,,,1,1,15,2.757
Summer 2026,CHEM,1111,4,"Zaitsev,Vladimir G",,3,4,2,2,,1,1,,,1,1,,15,2.689
Summer 2026,CHEM,1111,1,"Zaitsev,Vladimir G",3,,4,2,3,1,,,,,1,,,14,3.047
Summer 2026,CHEM,1111,3,"Zaitsev,Vladimir G",2,2,4,2,1,1,,1,,,,,,13,3.103
Summer 2026,CHEM,2123,03,"Zaitsev,Vladimir G",,3,9,,3,,,,,,,,,15,3.200
Summer 2026,CHEM,2123,2,"Zaitsev,Vladimir G",,4,2,2,5,,,,,,,1,1,15,2.845
Summer 2026,CHEM,2123,4,"Zaitsev,Vladimir G",3,3,2,2,3,1,,1,,,,,,15,3.245
Summer 2026,CHEM,2123,01,"Zaitsev,Vladimir G",,3,7,2,2,,,,,,,,,14,3.144
Summer 2026,CHEM,1305,1,"St Hill,Lydia Ruth",3,2,1,1,3,4,3,,2,1,,8,11,39,1.299
Summer 2026,CHEM,2323,1,"Young,Crystal Ann",,,,,,,,,,,,,10,10,0.000
Summer 2026,CHEM,1312,1,"Czader,Arkadiusz",,,,,,,,,,,,,5,5,0.000
Summer 2026,CHEM,1312,2,"St Hill,Lydia Ruth",,,,,,,,,,,,,2,2,0.000
Summer 2026,CHEM,1311,1,"Czader,Arkadiusz",,,,,,,,,,,,,6,6,0.000
Summer 2026,CHEM,1112,19,"Zaitsev,Vladimir G",,,,,,,,,,,,,1,1,0.000
Summer 2026,CHEM,1112,2,"Zaitsev,Vladimir G",,,,,,,,,,,,,1,1,0.000
Summer 2026,CHEM,4340,1,"Ekeoba,Jacqueline Njideka",2,,,,,,,,,,,,,2,4.000
Summer 2026,SOC,3311,2,"Gallo,Joseph Ralph",25,,3,,3,4,,,2,,,2,1,40,3.225
Summer 2026,SOC,3311,3,"Gallo,Joseph Ralph",16,,10,,4,5,,,,,,2,1,38,3.087
Summer 2026,SOC,3311,1,"Nelson,Steven M",,,,,,,,,,,,,1,1,0.000
Summer 2026,SOC,3315,1,"Colbert,Sharla Stettnisch",10,3,5,5,3,3,4,,1,1,1,,2,38,2.764
Summer 2026,SOC,3315,2,"Colbert,Sharla Stettnisch",,,,,,,,,,,,,6,6,0.000
Summer 2026,SOC,3349,1,"Adams,Jennifer Lauren",15,2,6,1,4,1,1,1,2,,,1,6,40,2.733
Summer 2026,SOC,3344,2,"Davis,Mary A",14,12,2,1,6,,,,,1,1,1,1,39,3.351
Summer 2026,SOC,3357,1,"Brailey,Carla",20,1,3,2,,,,1,1,1,,2,2,33,3.091
Summer 2026,SOC,3313,1,"Nelson,Steven M",,,,,,,,,,,,,1,1,0.000
Summer 2026,SOC,3313,2,"Smith,Chance Adam",,,,,,,,,,,,,1,1,0.000
Summer 2026,ENGI,1331,03,"Zelisko,Matthew Raymond",13,1,7,5,5,3,2,3,3,,2,,,44,2.924
Summer 2026,ENGI,1331,1,"Ledesma,Elmer Banas",20,4,6,4,2,1,,3,,,,1,1,42,3.310
Summer 2026,ENGI,1331,04,"Zelisko,Matthew Raymond",11,7,6,5,3,1,1,4,,,,3,,41,3.025
Summer 2026,ENGI,2304,1,"Salvo,Deborah C",20,3,,,,1,,,,,,,1,25,3.720
Summer 2026,ENGI,2304,1,"Naqvi,Ali Mohammad",,,,,,,,,,,,,1,1,0.000
Summer 2026,ENGI,2304,03,"Wilson,Chad A",13,2,3,1,3,1,,,,,,1,,24,3.458
Summer 2026,ENGI,2304,07,"Lopez,Reese",14,1,,2,2,,1,,,,,2,2,24,3.056
Summer 2026,ENGI,2304,4,"Ettelson,Jennifer Jane",11,1,2,,,1,,,1,,,1,,17,3.334
Summer 2026,ENGI,2304,08,"Pushaw,Stephanie",,,,,,,,,,,,,1,1,0.000
Summer 2026,SPAN,1501,05,"Ruiz Rivera,Gaddiel Francisco",3,,2,2,1,,1,1,1,,,,5,16,1.979
Summer 2026,SPAN,1501,01,"Herbas Loureiro,Florencia",4,1,3,,1,3,,,,2,,1,,15,2.623
Summer 2026,SPAN,1501,07,"Borroto Lopez,Cecilia De La Caridad",4,2,1,1,1,,1,3,,,,,1,14,2.929
Summer 2026,SPAN,1501,03,"Obando Valbuena,Diana Lorena",1,1,3,1,1,1,1,,,,,1,2,12,2.195
Summer 2026,SPAN,3307,01,"Burgess,Miguel",34,,1,1,,,,,,,,1,,37,3.829
Summer 2026,SPAN,2311,04,"Molina Vargas,Oscar Ivan",3,2,1,3,,5,1,,,,1,,2,18,2.408
Summer 2026,SPAN,2311,03,"Rojas Pardo,Diana Carolina",,,4,2,1,2,,4,,,,2,,15,2.266
Summer 2026,SPAN,2311,5,"Javierre Londono,Juliana",,,,,,,,,,,,,2,2,0.000
Summer 2026,SPAN,1502,03,"Malacara Sanchez,Jonathan Jorge",1,1,2,1,,4,2,,,,,3,4,18,1.538
Summer 2026,SPAN,1502,07,"Guimaraes Cardozo,Luiz Paulo",3,,3,2,2,2,,1,1,,,1,,15,2.689
Summer 2026,SPAN,1502,01,"Reyes Neira,Javier Alfonso",,,,,,,,,,,,,1,1,0.000
Summer 2026,SPAN,2307,01,"Cardenas,Gerardo Felipe",11,1,1,1,,2,3,,,,,1,,20,3.118
Summer 2026,SPAN,3375,02,"Zubiate,Maria Laura",11,4,,,1,1,,2,,,,,,19,3.614
Summer 2026,SPAN,2312,01,"Jager Lopezllera,Valentina Kathe",,1,6,2,1,1,1,,,,,,2,14,2.429
Summer 2026,SPAN,2312,02,"Falahasl,Hamideh",,,,,,,,,,,,,2,2,0.000
Summer 2026,SPAN,2308,01,"Carrion Rivera,Lydiette",,,,,,,,,,,,,1,1,0.000
Summer 2026,PHYS,1301,01,"Mondaini,Rubem",19,7,14,11,2,1,5,7,3,,,3,7,79,2.650
Summer 2026,PHYS,1101,01,"Maric,Sladjana",,1,7,,4,1,3,2,,,,,,18,2.759
Summer 2026,PHYS,1101,02,"Maric,Sladjana",4,2,2,3,,2,,4,,,,,,17,2.981
Summer 2026,PHYS,1101,03,"Maric,Sladjana",,,,4,8,,1,,,,,1,,14,2.785
Summer 2026,PHYS,1101,04,"Maric,Sladjana",2,,3,1,2,1,,2,,,,1,1,13,2.538
Summer 2026,PHYS,1101,05,"Maric,Sladjana",1,,1,2,4,2,1,,,,,,,11,2.848
Summer 2026,PHYS,2325,01,"Maric,Sladjana",4,5,6,5,5,8,3,,1,,,,6,43,2.427
Summer 2026,PHYS,2125,01,"Maric,Sladjana",4,1,1,2,1,4,2,2,,,,,,17,2.785
Summer 2026,PHYS,2326,01,"Varghese,Oomman K",,,,,,,,,,,,,3,3,0.000
Summer 2026,PHYS,1302,01,"Cardoso Barato,Andre",,,,,,,,,,,,,1,1,0.000
Summer 2026,PHYS,1304,01,"Chen,Shuo",,,,,,,,,,,,,1,1,0.000
Summer 2026,PHYS,2126,01,"Maric,Sladjana",,,,,,,,,,,,,1,1,0.000
Summer 2026,SOCW,7366,1,"Webb,Ann E",26,,,,,,,,,,,,,26,4.000
Summer 2026,SOCW,7320,2,"Rabo,Amber L",23,,1,,,,,,,,,,,24,3.958
Summer 2026,SOCW,7378,01,"Arscott,Kristina",23,,1,,,,,,,,,,,24,3.958
Summer 2026,SOCW,7373,2,"Fernandez,Jason",23,,,,,,,,,,,,,23,4.000
Summer 2026,SOCW,7301,2,"Sanchez,Chelsea Marie",19,,1,,,,,,,,,,,20,3.950
Summer 2026,SOCW,7368,1,"Amtsberg,Donna K",19,,,,,,,,,,,,,19,4.000
Summer 2026,SOCW,7377,4,"Paulk,Isabel Rose Guihama",16,2,,,,,,,,,,,1,19,3.755
Summer 2026,SOCW,7361,1,"Miyawaki,Christina E",11,,3,,,1,,,,,,,,15,3.667
Summer 2026,SOCW,7365,01,"Battle,Jennifer Alene",11,,,,,,,,,,,,2,13,3.385
Summer 2026,SOCW,7397,1,"Parker,Jamie Lynne",12,,,,,,,,,,,,,12,4.000
Summer 2026,SOCW,7360,1,"Leung,Yuk-Hi Patrick",11,,,,,,,,,,,,,11,4.000
Summer 2026,SOCW,7334,1,"Powell,Torey Ian",9,,,,,,,,,,,,,9,4.000
Summer 2026,SOCW,6194,1,"Carter,Cynthia J",,,,,,,,,,,,,1,1,0.000
Summer 2026,SOCW,7342,2,"Parks,Steven Lee",,,1,,,,,,,,,,,1,3.000
Summer 2026,ECE,3337,01,"Bopardikar,Ajit Shyamsunder",3,2,7,9,2,4,4,6,2,,,,,39,2.607
Summer 2026,ECE,3355,1,"Meh Chu,Chu",11,,13,,1,5,1,3,,,,,1,35,3.000
Summer 2026,ECE,2100,02,"Claydon,Frank J",6,,5,,3,1,,,,,,1,,16,3.187
Summer 2026,ECE,2100,01,"Claydon,Frank J",5,1,4,,1,3,,,,,,,,14,3.214
Summer 2026,ECE,2202,03,"Doe,Daniel Mawunyo",28,,2,,,,,,,,,,,30,3.933
Summer 2026,ECE,2201,01,"Ruchhoeft,Paul",7,,1,,3,5,4,4,1,1,1,,,27,2.592
Summer 2026,ECE,3155,1,"Meh Chu,Chu",17,,,,2,1,,,,,,,1,21,3.650
Summer 2026,ECE,3441,1,"Sheth,Bhavin R",6,3,,,1,,,1,,,,,,11,3.697
Summer 2026,ECE,3457,2,"Bao,Jiming",2,1,2,,5,1,,,,,,,,11,3.302
Summer 2026,ECE,8298,06,"Mayerich,David Matthew",,,,,,,,,,,,,1,1,0.000
Summer 2026,ECE,8298,36,"Lin,Qin",,,,,,,,,,,,,1,1,0.000
Summer 2026,TLIM,3340,20,"Evans,Gerald S",58,10,1,,,2,3,,,,,1,,75,3.743
Summer 2026,TLIM,3363,20,"Piercy,Penelope Junker",14,4,1,,,1,1,1,1,,,,,23,3.508
Summer 2026,TLIM,3363,34,"Tangeman,Anthony C",6,4,2,,6,,,1,,,,4,,23,2.913
Summer 2026,TLIM,4371,20,"Evans,Gerald S",12,22,,,5,,,,,,,1,,40,3.635
Summer 2026,TLIM,3345,30,"Mehring,Brian George",9,12,2,3,5,1,,1,,,,,,33,3.486
Summer 2026,TLIM,3360,30,"Feriante,Chris",,,,,,,,,,,,,3,3,0.000
Summer 2026,TLIM,4342,21,"Chance,Michael Dean",,,,,,,,,,,,,3,3,0.000
Summer 2026,TLIM,3371,20,"Feriante,Chris",,,,,,,,,,,,,2,2,0.000
Summer 2026,TLIM,4378,1,"Molina,Carlos",1,,1,,,,,,,,,,,2,3.500
Summer 2026,NUTR,4352,1,"Vollrath,Kirstin",12,18,8,14,12,,1,3,1,,,,,69,3.262
Summer 2026,NUTR,4334,1,"Svendsen-Sanchez,Ann Carol",25,20,5,2,7,,1,1,,,,,,61,3.624
Summer 2026,NUTR,2332,01,"Ferrell,Carla Denise",9,6,2,4,1,1,,2,1,1,,4,2,33,2.617
Summer 2026,NUTR,2332,02,"Scott,Claudia W",,,,,,,,,,,,,5,5,0.000
Summer 2026,NUTR,3336,01,"Haubrick,Kevin",21,4,,,3,,,,,,,,,28,3.881
Summer 2026,NUTR,1332,01,"Haubrick,Kevin",,,,,,,,,,,,,4,4,0.000
Summer 2026,NUTR,4351,1,"Svendsen-Sanchez,Ann Carol",,,,,,,,,,,,,1,1,0.000
Summer 2026,PHIL,1301,03,"Oliveira,Luis RG",20,7,5,3,4,2,,1,,,,2,3,47,3.156
Summer 2026,PHIL,1301,02,"Haaga,Curtis W",8,2,3,6,13,1,,1,1,1,1,3,6,46,2.500
Summer 2026,PHIL,1301,01,"Weisberg,Joshua",,,,,,,,,,,,,1,1,0.000
Summer 2026,PHIL,1361,01,"Drapela,Nick Gerard",3,5,3,5,4,3,2,5,4,,,1,3,38,2.395
Summer 2026,PHIL,1361,02,"Drapela,Nick Gerard",,,,,,,,,,,,,1,1,0.000
Summer 2026,PHIL,1321,1,"Haaga,Curtis W",2,1,5,5,,3,2,1,6,2,3,,4,34,1.854
Summer 2026,PHIL,3388,1,"Weisberg,Joshua",9,,4,2,1,,,,,,,1,1,18,3.148
Summer 2026,MUSI,2302,01,"Marmolejo,Noe J",48,,,,,,,,,,,,1,49,3.918
Summer 2026,MUSI,1307,01,"Smerud,Aidan J",18,5,4,,3,2,,1,,,,,3,36,3.296
Summer 2026,MUSI,1307,02,"Smerud,Aidan J",,,,,,,,,,,,,1,1,0.000
Summer 2026,MUSI,3301,01,"Hubley,Robert L",30,1,1,1,1,,,,,,,,1,35,3.791
Summer 2026,MUSI,3301,02,"Hubley,Robert L",,,,,,,,,,,,,1,1,0.000
Summer 2026,MUSI,3303,01,"Garza,Paul Victor",11,2,,2,,,,,,,1,2,,18,3.223
Summer 2026,MUSI,3303,02,"Garza,Paul Victor",,,,,,,,,,,,,1,1,0.000
Summer 2026,MUSI,1117,01,"Garza,Paul Victor",11,1,2,,2,1,1,,,,,,,18,3.556
Summer 2026,MUSI,1312,01,"Garza,Paul Victor",12,,3,,1,,,,,,,1,,17,3.549
Summer 2026,GEOL,1302,01,"Griggs,Philip Travis",59,4,5,,2,,1,1,,,,,,72,3.838
Summer 2026,GEOL,4397,01,"Sager,William W",19,,,,,,,,,,,,,19,4.000
Summer 2026,GEOL,4397,02,"Stewart,Robert R",3,2,,,2,,,,,,,,,7,3.714
Summer 2026,GEOL,3360,01,"Robinson,Alexander C",4,2,1,,2,,1,1,,,,,,11,3.364
Summer 2026,GEOL,3360,03,"Lindline,Jennifer",,2,1,1,1,,,1,,,,,,6,3.112
Summer 2026,GEOL,3355,01,"Thacker,Jacob Oliver",1,3,,2,1,1,2,1,,,,,,11,2.850
Summer 2026,GEOL,3355,03,"Kalakay,Thomas J",,,1,1,1,1,1,,,,,,,5,2.534
Summer 2026,GEOL,1303,01,"Lytwyn,Jennifer N",,,,,,,,,,,,,11,11,0.000
Summer 2026,GEOL,7336,01,"Sager,William W",6,,,,,,,,,,,,,6,4.000
Summer 2026,GEOL,1340,01,"Lytwyn,Jennifer N",,,,,,,,,,,,,5,5,0.000
Summer 2026,GEOL,1102,02,"Griggs,Philip Travis",2,,,,,,,,,,,,,2,4.000
Summer 2026,GEOL,6397,03,"Stewart,Robert R",1,,,,,,,,,,,,,1,4.000
Summer 2026,ACCT,2301,03,"Newman,Michael Ray",15,,5,,11,4,,12,1,,5,2,2,57,2.724
Summer 2026,ACCT,2301,02,"Sykes,Mary Reeves",5,,2,,1,5,,4,3,,,3,2,25,2.066
Summer 2026,ACCT,3367,01,"Kuruvilla,Mohan",,,,,,,,,,,,,11,11,0.000
Summer 2026,ACCT,3367,02,"Kuruvilla,Mohan",,,,,,,,,,,,,10,10,0.000
Summer 2026,ACCT,3366,01,"Serrato,Darlene Marie  Bohac",,,,,,,,,,,,,6,6,0.000
Summer 2026,ACCT,3366,02,"Newman,Michael Ray",,,,,,,,,,,,,4,4,0.000
Summer 2026,ACCT,3366,03,"Serrato,Darlene Marie  Bohac",,,,,,,,,,,,,3,3,0.000
Summer 2026,ACCT,3377,02,"Serrato,Darlene Marie  Bohac",,,,,,,,,,,,,8,8,0.000
Summer 2026,ACCT,3377,01,"Serrato,Darlene Marie  Bohac",,,,,,,,,,,,,3,3,0.000
Summer 2026,ACCT,2302,01,"Weber,Catherine K",,,,,,,,,,,,,3,3,0.000
Summer 2026,ACCT,5367,01,"Kuruvilla,Mohan",,,,,,,,,,,,,2,2,0.000
Summer 2026,ACCT,4335,02,"Kuruvilla,Mohan",,,,,,,,,,,,,1,1,0.000
Summer 2026,ACCT,5331,01,"Colon,Ricardo",,,,,,,,,,,,,1,1,0.000
Summer 2026,ACCT,5372,02,"George,Jessie",,,,,,,,,,,,,1,1,0.000
Summer 2026,SOCI,1301,2,"Smith,Chance Adam",39,7,,1,,,1,,,,1,,1,50,3.747
Summer 2026,SOCI,1301,5,"Cooper,Chelsey Wells",24,10,2,1,2,2,1,2,,,,,3,47,3.369
Summer 2026,SOCI,1301,1,"Cooper,Chelsey Wells",21,7,5,,2,,,,,,,1,1,37,3.550
Summer 2026,SOCI,1301,6,"Smith,Chance Adam",,,,,,,,,,,,,1,1,0.000
Summer 2026,HDFS,1300,03,"Jordan,Erica F",23,9,3,,1,1,,,,,,,,37,3.766
Summer 2026,HDFS,1300,01,"Jordan,Erica F",23,6,1,,3,1,1,1,,,,,,36,3.695
Summer 2026,HDFS,4316,01,"Schroder,Kathleen Anne",16,8,1,3,1,1,,,,,,,,30,3.657
Summer 2026,HDFS,3350,01,"Schroder,Kathleen Anne",12,5,2,2,1,1,,2,,,,,,25,3.507
Summer 2026,HDFS,2314,03,"Conston,Toya",,,,,,,,,,,,,2,2,0.000
Summer 2026,HDFS,2314,01,"Conston,Toya",,,,,,,,,,,,,1,1,0.000
Summer 2026,GHL,2343,1,"Haskell,Rebecca Erin",13,7,2,,1,,,,1,,1,,,25,3.574
Summer 2026,GHL,3336,1,"Taylor,David C",14,2,1,2,1,2,,,,,,1,,23,3.435
Summer 2026,GHL,4350,1,"Morosan,Cristian",6,5,4,1,2,1,,1,,,,,,20,3.401
Summer 2026,GHL,3341,1,"Johnson,Tucker A",2,1,4,3,2,,1,,2,1,,,1,17,2.511
Summer 2026,GHL,3352,1,"Madera,Juan Manuel",16,1,,,,,,,,,,,,17,3.981
Summer 2026,GHL,6343,1,"Taylor,David C",6,,,,,,,,,,,,,6,4.000
Summer 2026,GHL,3154,01,"Haskell,Rebecca Erin",4,,,,,,,,,,,,,4,4.000
Summer 2026,GHL,6364,1,"Johnson,Tucker A",3,,,,,,,,,,,,,3,4.000
Summer 2026,GHL,4353,1,"Guchait,Priyanko",,,,,,,,,,,,,2,2,0.000
Summer 2026,GHL,7337,1,"Madera,Juan Manuel",2,,,,,,,,,,,,,2,4.000
Summer 2026,GHL,6197,1,"Haskell,Rebecca Erin",1,,,,,,,,,,,,,1,4.000
Summer 2026,DRAM,1310,06,"Young,Courtney Leigh",39,10,1,,1,,1,,,,,,,52,3.860
Summer 2026,DRAM,1310,07,"Young,Courtney Leigh",16,11,,,2,,,,,,1,1,,31,3.625
Summer 2026,DRAM,1310,08,"Young,Courtney Leigh",13,2,,,,,1,,,,1,,1,18,3.463
Summer 2026,DRAM,1310,04,"Brincks,Alan",7,1,,,1,,,1,,1,,2,1,14,2.714
Summer 2026,DRAM,1310,03,"Young,Courtney Leigh",,,,,,,,,,,,,2,2,0.000
Summer 2026,LST,3354,01,"Littlepage,Kelley G",17,5,4,3,2,3,,6,,,,1,,41,3.244
Summer 2026,LST,3354,02,"Littlepage,Kelley G",10,3,11,1,7,1,,2,,,,5,,40,2.916
Summer 2026,LST,3356,01,"Abbott Jr,Kenneth Wayne",13,3,,,,,,,,,,,1,17,3.706
Summer 2026,LST,3385,01,"Abbott Jr,Kenneth Wayne",12,3,1,1,,,,,,,,,,17,3.805
Summer 2026,INTB,3355,02,"Wengelnik,Dorothee-Catherine",78,15,6,,9,,1,,,,,1,3,113,3.688
Summer 2026,INTB,3355,01,"Farah,Elena",,,,,,,,,,,,,1,1,0.000
Summer 2026,POLS,3309,01,"Khayat,Racha",15,4,5,1,4,,,1,1,,,4,2,37,2.946
Summer 2026,POLS,3313,01,"Zwald,Zachary J",4,5,2,3,7,1,2,1,2,,1,,2,30,2.756
Summer 2026,POLS,3336,01,"Vardy,Ronald V",26,1,,,1,,,,,,,,2,30,3.700
Summer 2026,POLS,3312,01,"Austin,Amanda T",4,3,2,,1,,,1,,,,1,2,14,2.762
Summer 2026,CUIN,7356,03,"Dogan,Bulent",17,,,,,,,,,,,,,17,4.000
Summer 2026,CUIN,7356,04,"Dogan,Bulent",14,,,,1,,,,,,,,,15,3.955
Summer 2026,CUIN,7356,01,"Ahlf,Michael",11,,,,,,,,,,,,,11,4.000
Summer 2026,CUIN,7356,05,"McNeil,Sara G",10,,,,,,,,,,,,,10,4.000
Summer 2026,CUIN,3302,01,"Burris,Justin T",11,1,,,,1,,1,,,,,1,15,3.467
Summer 2026,CUIN,3302,05,"Ukandu,Leslie",10,1,,,1,,,,,,,,,12,3.917
Summer 2026,CUIN,6341,01,"Cutler,Carrie Sybil",8,,,,,,,,,,,,,8,4.000
Summer 2026,CUIN,7303,01,"Maalouf,Rania",2,1,1,1,3,,,,,,,,,8,3.416
Summer 2026,CUIN,4375,05,"Thompson,Alan M",6,,,,,,,,,,,,,6,4.000
Summer 2026,CUIN,4397,01,"Burris,Justin T",2,1,,,,,,,,,,,,3,3.890
Summer 2026,CUIN,7397,01,"Burris,Justin T",3,,,,,,,,,,,,,3,4.000
Summer 2026,CUIN,8398,03,"McNeil,Sara G",2,,,,,,,,,,,,,2,4.000
Summer 2026,THEA,6282,01,"Ferrarone,Jessica",25,,,,,,,,,,,,,25,4.000
Summer 2026,THEA,6287,01,"Clark,Kyle Richard",9,,,,,,,,,,,,,9,4.000
Summer 2026,THEA,6383,01,"Allen,Clint",9,,,,,,,,,,,,,9,4.000
Summer 2026,THEA,6384,01,"Miller,Destyne",9,,,,,,,,,,,,,9,4.000
Summer 2026,THEA,6280,01,"Ferrarone,Jessica",6,2,,,,,,,,,,,,8,3.918
Summer 2026,THEA,6281,01,"Wetzel,Molly Elizabeth",7,1,,,,,,,,,,,,8,3.959
Summer 2026,THEA,6284,01,"Springfield,Travis",7,1,,,,,,,,,,,,8,3.959
Summer 2026,THEA,6381,01,"Krouskop,Mark",8,,,,,,,,,,,,,8,4.000
Summer 2026,THEA,6382,01,"Wernig,Amy Steele",8,,,,,,,,,,,,,8,4.000
Summer 2026,THEA,6386,01,"Miller,Destyne",8,,,,,,,,,,,,,8,4.000
Summer 2026,THEA,6396,01,"Minor,Blake",8,,,,,,,,,,,,,8,4.000
Summer 2026,PHLS,8351,01,"Allan,Blake A",23,3,,,,,,,,,,,,26,3.962
Summer 2026,PHLS,7327,01,"Hurt,Kara Marie",10,,,,,1,,,,,,,,11,3.818
Summer 2026,PHLS,7327,02,"Hurt,Kara Marie",10,,,,,,,,,,,,,10,4.000
Summer 2026,PHLS,6320,01,"Smith,Nathaniel Lewis",16,,,,,,,,,,,,,16,4.000
Summer 2026,PHLS,6331,01,"Hendricker,Elise N",13,,1,,,,,,,,,,,14,3.929
Summer 2026,PHLS,6342,01,"Viola,Shannon B",8,2,,2,2,,,,,,,,,14,3.667
Summer 2026,PHLS,6398,01,"Hurt,Kara Marie",9,,,,,,,,,,,,,9,4.000
Summer 2026,NURS,4216,1,"Moore,Ryan",35,,,,,1,,,,,,,,36,3.972
Summer 2026,NURS,4218,1,"Fitzwater,Cameron Lance",22,,,,,,,,,,,,1,23,3.826
Summer 2026,NURS,4220,1,"Simon-Campbell,E'Loria",2,,11,,,3,,,,,,,,16,3.125
Summer 2026,NURS,4212,1,"Edwards-Maddox,Shermel Vinese",8,,3,,,,,,,,,,2,13,3.154
Summer 2026,NURS,3310,1,"Heath-Pena,Rosalyn L",,,,,,,,,,,,,1,1,0.000
Summer 2026,NURS,3337,1,"Edwards-Maddox,Shermel Vinese",1,,,,,,,,,,,,,1,4.000
Summer 2026,NURS,3534,1,"Simon-Campbell,E'Loria",,,,,,,,,,,,,1,1,0.000
Summer 2026,NURS,3636,1,"Simon-Campbell,E'Loria",,,,,,,,,,,,,1,1,0.000
Summer 2026,NURS,4322,1,"Simon-Campbell,E'Loria",,,,,,,,,,,,,1,1,0.000
Summer 2026,SPEC,6327,01,"Christensen,Caroline",21,1,,,,,,,,,,,,22,3.985
Summer 2026,SPEC,7391,01,"Hyde,Shelley Suzanne",16,3,1,,,,,1,,,,,,21,3.826
Summer 2026,SPEC,7341,01,"Rigby-Wills,Hope",9,5,1,,4,,,,,,,1,,20,3.534
Summer 2026,SPEC,4374,1,"Carp,Charlotte Lynn",12,3,,,,,1,,,,,,,16,3.793
Summer 2026,SPEC,4367,01,"Hyde,Shelley Suzanne",6,4,,,,,1,,,,,,,11,3.668
Summer 2026,LAW,5378,01,"Bush,Darren",6,6,6,3,8,,,,,,,,,29,3.402
Summer 2026,LAW,5200,1,"Daw,Willie",3,3,6,,3,,,,,,,,,15,3.400
Summer 2026,LAW,6220,1,"Hunt,Lee Burton",1,2,2,2,2,,,,,,,,,9,3.260
Summer 2026,LAW,5355,1,"Wells,Douglas",1,,2,,5,,,,,,,,,8,3.331
Summer 2026,LAW,5385,01,"Willis,Tasha L",,1,,,7,,,,,,,,,8,3.373
Summer 2026,LAW,6200,1,"Lawrence,Jim E",1,1,2,,2,,,,,,,,,6,3.388
Summer 2026,LAW,6217,01,"Block,Nathan Matthew",,2,1,,3,,,,,,,,,6,3.388
Summer 2026,LAW,6230,1,"Foteh,Samir Jabra",1,1,,,3,,,,,,,,,5,3.532
Summer 2026,WGSS,2350,1,"Ford,Devan",26,,,1,1,,1,,1,,,,,30,3.756
Summer 2026,WGSS,2350,3,"Fernandes,Bridget Yvonne Diggs",25,1,,,1,1,,,,,,,,28,3.893
Summer 2026,WGSS,2350,6,"Fernandes,Bridget Yvonne Diggs",19,,1,,,,,,,,,,2,22,3.591
Summer 2026,WGSS,3322,2,"Pegoda,Andrew Joseph",,,,,,,,,,,,,3,3,0.000
Summer 2026,HRD,3310,30,"Edwards,Malaika",4,5,2,1,2,,2,,,,,1,,17,3.119
Summer 2026,HRD,3351,30,"Pereira-Leon,Maura Josefina",4,4,1,,,,,3,,,,,,12,3.389
Summer 2026,HRD,4344,20,"Bennett,LaTasha",10,1,,,,,,,,,,,,11,3.970
Summer 2026,HRD,6358,50,"Waight,Consuelo L",11,,,,,,,,,,,,,11,4.000
Summer 2026,HRD,6303,50,"Alston,Carmen M",7,2,,,1,,,,,,,,,10,3.867
Summer 2026,HRD,6355,50,"Hausmann,Robert Carl",10,,,,,,,,,,,,,10,4.000
Summer 2026,HRD,4352,30,"Clancy,James Patrick",7,1,,,,,,,,,,,,8,3.959
Summer 2026,DIGM,2376,30,"Rodwell,Elizabeth Ann",8,6,2,5,3,2,2,2,,1,,,,31,3.098
Summer 2026,DIGM,3354,30,"Molina,Carlos",3,1,,3,2,,2,1,,,1,,,13,2.872
Summer 2026,DIGM,1376,30,"Rodwell,Elizabeth Ann",8,1,,1,2,,,,,,,,,12,3.750
Summer 2026,DIGM,2353,30,"De Vega,Jaime M",8,,,1,,,,,,,,1,,10,3.467
Summer 2026,DIGM,4378,1,"Molina,Carlos",3,,1,1,,,,,,,,,,5,3.534
Summer 2026,COMD,6397,1,"Cizek,Laura S",20,,,,,,,,,,,,,20,4.000
Summer 2026,COMD,6397,2,"Cizek,Laura S",14,,,,,,,,,,,,,14,4.000
Summer 2026,COMD,3385,1,"Hein Machado,Sofia",10,6,3,1,5,,,,,,,1,,26,3.475
Summer 2026,COMD,4489,1,"Ermgodts,Katherine Natalie",7,1,,,1,,,,,,,,,9,3.889
Summer 2026,BCIS,1305,01,"Felvegi,Emese",36,7,9,,4,3,,,,1,1,4,1,66,3.303
Summer 2026,ARTS,3384,01,"Meza,Abinadi",30,,,,,,,,,,,,1,31,3.871
Summer 2026,ARTS,4387,01,"Meza,Abinadi",13,,3,,,2,,,,,,,,18,3.611
Summer 2026,ARTS,6394,01,"Suber,Anthony",5,,,1,,,,,,,,,,6,3.778
Summer 2026,ARTS,6397,02,"Suber,Anthony",5,,,1,,,,,,,,,,6,3.778
Summer 2026,AAS,2320,2,"Muhammad Murphy,Wilma Denae",15,8,,1,5,1,,,,,,1,1,32,3.459
Summer 2026,AAS,2320,3,"Shakir,Ameenah",11,5,,,5,,1,2,,,,,,24,3.555
Summer 2026,STAT,3331,01,"Wiley,Briceon C",11,3,8,6,5,5,1,5,4,3,1,2,2,56,2.542
Summer 2026,MECT,3330,30,"Basaran,Burak",9,8,,3,5,,,,,,,,,25,3.601
Summer 2026,MECT,3342,30,"Mohan,Gowtham",2,,5,3,1,3,,4,,,,,,18,2.759
Summer 2026,MECT,4275,30,"Afrin,Samia",6,1,,,,,,,,,,,,7,3.953
Summer 2026,INDS,2360,1,"Wells,Adam C",,,11,4,7,1,,3,,,,,,26,2.922
Summer 2026,INDS,1360,2,"Kimbrough,Mark S",5,2,6,,1,2,,,,,1,,,17,3.176
Summer 2026,INDS,2500,1,"Jackson,Megan H",,,,,,,,,,,,,1,1,0.000
Summer 2026,CHEE,2332,01,"Kourentzi,Ekaterini D",8,2,4,3,1,,,1,,,,1,2,22,2.955
Summer 2026,CHEE,3369,01,"Zerze,Hasan",,,,,,,,,,,,,6,6,0.000
Summer 2026,CHEE,3321,01,"Grabow,Lars C",,,,,,,,,,,,,5,5,0.000
Summer 2026,CHEE,2331,01,"Cirino,Patrick C",,,,,,,,,,,,,3,3,0.000
Summer 2026,ELCS,8397,1,"Messa,Emily Alice",17,,,,,,,,,,,,,17,4.000
Summer 2026,ELCS,8397,2,"Harris,Shauna Hemingway",15,,1,,,,,1,,,,,,17,3.843
Summer 2026,ELCS,7391,1,"Butcher,Keith",1,,,,,,,,,,,,,1,4.000
Summer 2026,GENB,7304,02,"Newman,Michael Ray",14,1,,,,,,,,,,,,15,3.978
Summer 2026,GENB,7304,01,"Newman,Michael Ray",12,1,,,1,,,,,,,,,14,3.929
Summer 2026,GENB,5304,01,"Newman,Michael Ray",2,,,,,,,,,,,,,2,4.000
Summer 2026,BIOE,6303,2,"Abidian,Mohammad Reza",9,2,,,,,,,,,,,,11,3.940
Summer 2026,BIOE,6303,1,"Abidian,Mohammad Reza",1,,,,,,,,,,,,,1,4.000
Summer 2026,BIOE,4303,2,"Abidian,Mohammad Reza",6,1,,,,,,,,,,,,7,3.953
Summer 2026,BIOE,4309,2,"Abidian,Mohammad Reza",6,,,,,,,,,,,,,6,4.000
Summer 2026,BIOE,6309,2,"Abidian,Mohammad Reza",1,2,,,,,,,,,,,,3,3.780
Summer 2026,SPCH,1318,1,"Uhrick,Jan",17,6,2,,1,1,1,,,,,,,28,3.679
Summer 2026,CIS,1376,1,"Rodwell,Elizabeth Ann",14,4,1,,1,,,,,,,,2,22,3.500
Summer 2026,CIS,2334,20,"Ratner,Edward",,,,,,,,,,,,,3,3,0.000
Summer 2026,CIS,2336,1,"Aly,Heba",,,,,,,,,,,,,1,1,0.000
Summer 2026,CIS,3320,30,"Ratner,Edward",,,,,,,,,,,,,1,1,0.000
Summer 2026,FORE,6397,20,"Spearman,Simeon",10,1,,,,,,,,,,1,,12,3.639
Summer 2026,FORE,6397,40,"Spearman,Simeon",9,,2,,,,,,,,,,,11,3.818
Summer 2026,ANTH,3381,1,"Borkataky-Varma,Sravana",10,3,2,1,,1,,,,,,2,1,20,3.084
Summer 2026,ANTH,2304,1,"Majumder,Sarasij",,,,,,,,,,,,,1,1,0.000
Summer 2026,SGNL,1301,1,"Brittain,Robyn Michelle",,3,2,2,1,,1,1,,,,,2,12,2.473
Summer 2026,SGNL,2301,1,"Gietz,Merrilee Ruth",1,,1,,1,2,1,2,,,,,,8,2.583
Summer 2026,SGNL,1302,01,"Brittain,Terrell",,,,,,,,,,,,,1,1,0.000
Summer 2026,DANC,2303,02,"Bobet,Jacqueline A",7,1,2,1,2,1,1,,,1,,1,,17,3.020
Summer 2026,DANC,2303,01,"Bobet,Jacqueline A",,,,,,,,,,,,,2,2,0.000
Summer 2026,EDUC,2301,01,"Carp,Charlotte Lynn",13,1,1,,2,,,1,,1,,,,19,3.596
Summer 2026,PHED,1306,01,"Brown,Korey J",12,2,1,1,,,,1,1,,,,1,19,3.386
Summer 2026,HISP,2374,1,"De Los Reyes Heredia,Jose Guillermo",11,,2,,1,,,1,,,,1,,16,3.479
Summer 2026,HISP,2387,1,"Arboleda,Paola",,,,,,,,,,,,,1,1,0.000
Summer 2026,MAS,3340,1,"Pino,Diana",4,8,,,3,,,,,,,,,15,3.690
Summer 2026,MAS,2340,1,"Lira,Karla Aisen",,,,,,,,,,,,,1,1,0.000
Summer 2026,POLC,2312,1,"Mohtadi,Soran",1,1,1,,1,2,,,,,,,,6,3.000
Summer 2026,POLC,3315,1,"Wong,Man Chiu",3,1,2,,,,,,,,,,,6,3.612
Summer 2026,POLC,3313,1,"Williams,Brandon",,,,,,,,,,,,,2,2,0.000
Summer 2026,POLC,4390,3,"Padilla,Magdalena Manzano",1,,,,,,,,,,,,,1,4.000
Summer 2026,PEP,6309,01,"Hawkins,Billy J",5,4,2,1,1,,,,,,,,,13,3.591
Summer 2026,ELET,3425,30,"Moges,Mequanint A",2,,3,,2,3,,,,,,,,10,2.966
Summer 2026,LSAF,2301,6,,1,2,,,,,,,,,,,,3,3.780
Summer 2026,LSAF,2301,7,,1,,,1,1,,,,,,,,,3,3.333
Summer 2026,LSAF,3301,38,,1,,,,,,,,,,,,,1,4.000
Summer 2026,LSAF,4301,23,,1,,,,,,,,,,,,,1,4.000
Summer 2026,RELS,3381,01,"Borkataky-Varma,Sravana",5,,,1,1,,,,,,,1,,8,3.250
Summer 2026,CNST,2360,1,"Presley,Christopher",,,,,,,,,,,,,1,1,0.000
Summer 2026,CNST,3185,60,"Beadle,Dwight D",,,,,,,,,,,,,1,1,0.000
Summer 2026,CNST,4302,1,"Ducran,Denis George",,,,,,,,,,,,,1,1,0.000
Summer 2026,CNST,4315,01,"Hossain,Sk Amjad",,,,,,,,,,,,,1,1,0.000
Summer 2026,CNST,4345,1,"Chang,Chi Chung",,,,,,,,,,,,,1,1,0.000
Summer 2026,SCLT,3387,20,"Velarde,Jose Manuel",,,,,,,,,,,,,5,5,0.000
Summer 2026,HDCS,1300,30,"Rifai,Rana Ihsan",,,,,,,,,,,,,1,1,0.000
Summer 2026,HDCS,1300,31,"Gatterson,Beverly",,,,,,,,,,,,,1,1,0.000
Summer 2026,HDCS,1300,33,"Rifai,Rana Ihsan",,,,,,,,,,,,,1,1,0.000
Summer 2026,HDCS,4303,30,"Johnson,Olivia",,,,,,,,,,,,,1,1,0.000
Summer 2026,PUBL,6321,1,"Thurmond,James H",2,1,1,,,,,,,,,,,4,3.668
Summer 2026,ARCH,2350,1,"Ramaswamy,Deepa",,,,,,,,,,,,,3,3,0.000
Summer 2026,ENGR,2301,01,"Krakowiak,Konrad",,,,,,,,,,,,,3,3,0.000
Summer 2026,ARLD,6301,01,"Vang,Abel",,,,,,,,,,,,,1,1,0.000
Summer 2026,ARLD,6302,01,"Carter,Nestor Gregory",,,,,,,,,,,,,1,1,0.000
Summer 2026,INDE,3333,01,"Govindu,Nirathi Keerthi",,,,,,,,,,,,,1,1,0.000
Summer 2026,INDE,4315,01,"Wang,Yaping",,,,,,,,,,,,,1,1,0.000
Summer 2026,BTEC,3317,30,"Flavier,Albert B",,,,,,,,,,,,,1,1,0.000
Summer 2026,EDS,6397,02,"Rajan,Karthik",,,,,,,,,,,,,1,1,0.000
Summer 2026,IEEM,6360,01,"Hu,Minxiang",,,,,,,,,,,,,1,1,0.000
Summer 2026,MEDI,7297,8,"Ackerman,Lani Kay",,,,,,,,,,,,,1,1,0.000
Summer 2026,TECH,1301,30,"Thornton,Brandon Latroy",,,,,,,,,,,,,1,1,0.000
